algorithm,n,type,domain,sample,rep,batch,time_ms,peak_heap_bytes,peak_rss_bytes,correct
std_sort,10,aleatorio,D1,a,1,2000,4.005e-05,40,5009408,1
std_sort,10,aleatorio,D1,a,2,2000,4e-05,40,5009408,1
std_sort,10,aleatorio,D1,a,3,2000,3.97e-05,40,5009408,1
std_sort,10,aleatorio,D1,a,4,2000,4.04e-05,40,5009408,1
std_sort,10,aleatorio,D1,a,5,2000,3.98e-05,40,5009408,1
std_sort,10,aleatorio,D1,a,6,2000,3.97e-05,40,5009408,1
std_sort,10,aleatorio,D1,a,7,2000,3.975e-05,40,5009408,1
std_sort,10,aleatorio,D1,a,8,2000,3.965e-05,40,5009408,1
std_sort,10,aleatorio,D1,a,9,2000,4.09e-05,40,5009408,1
std_sort,10,aleatorio,D1,a,10,2000,3.975e-05,40,5009408,1
std_sort,10,aleatorio,D1,a,11,2000,3.985e-05,40,5009408,1
std_sort,10,aleatorio,D1,a,12,2000,3.955e-05,40,5009408,1
std_sort,10,aleatorio,D1,a,13,2000,3.975e-05,40,5009408,1
std_sort,10,aleatorio,D1,a,14,2000,3.97e-05,40,5009408,1
std_sort,10,aleatorio,D1,a,15,2000,3.945e-05,40,5009408,1
merge_sort,10,aleatorio,D1,a,1,2000,8.955e-05,80,5275648,1
merge_sort,10,aleatorio,D1,a,2,2000,8.96e-05,80,5275648,1
merge_sort,10,aleatorio,D1,a,3,2000,8.985e-05,80,5275648,1
merge_sort,10,aleatorio,D1,a,4,2000,8.89e-05,80,5275648,1
merge_sort,10,aleatorio,D1,a,5,2000,8.91e-05,80,5275648,1
merge_sort,10,aleatorio,D1,a,6,2000,8.91e-05,80,5275648,1
merge_sort,10,aleatorio,D1,a,7,2000,8.94e-05,80,5275648,1
merge_sort,10,aleatorio,D1,a,8,2000,9.11e-05,80,5275648,1
merge_sort,10,aleatorio,D1,a,9,2000,8.965e-05,80,5275648,1
merge_sort,10,aleatorio,D1,a,10,2000,9.23e-05,80,5275648,1
merge_sort,10,aleatorio,D1,a,11,2000,8.93e-05,80,5275648,1
merge_sort,10,aleatorio,D1,a,12,2000,0.00010205,80,5275648,1
merge_sort,10,aleatorio,D1,a,13,2000,8.965e-05,80,5275648,1
merge_sort,10,aleatorio,D1,a,14,2000,8.995e-05,80,5275648,1
merge_sort,10,aleatorio,D1,a,15,2000,0.00010015,80,5275648,1
quick_sort,10,aleatorio,D1,a,1,2000,6.51e-05,40,5275648,1
quick_sort,10,aleatorio,D1,a,2,2000,6.405e-05,40,5275648,1
quick_sort,10,aleatorio,D1,a,3,2000,6.425e-05,40,5275648,1
quick_sort,10,aleatorio,D1,a,4,2000,6.96e-05,40,5275648,1
quick_sort,10,aleatorio,D1,a,5,2000,6.43e-05,40,5275648,1
quick_sort,10,aleatorio,D1,a,6,2000,6.525e-05,40,5275648,1
quick_sort,10,aleatorio,D1,a,7,2000,6.39e-05,40,5275648,1
quick_sort,10,aleatorio,D1,a,8,2000,6.51e-05,40,5275648,1
quick_sort,10,aleatorio,D1,a,9,2000,6.37e-05,40,5275648,1
quick_sort,10,aleatorio,D1,a,10,2000,6.415e-05,40,5275648,1
quick_sort,10,aleatorio,D1,a,11,2000,6.385e-05,40,5275648,1
quick_sort,10,aleatorio,D1,a,12,2000,6.425e-05,40,5275648,1
quick_sort,10,aleatorio,D1,a,13,2000,6.395e-05,40,5275648,1
quick_sort,10,aleatorio,D1,a,14,2000,6.405e-05,40,5275648,1
quick_sort,10,aleatorio,D1,a,15,2000,6.41e-05,40,5275648,1
patience_sort,10,aleatorio,D1,a,1,2000,0.00022585,360,5275648,1
patience_sort,10,aleatorio,D1,a,2,2000,0.0001713,360,5275648,1
patience_sort,10,aleatorio,D1,a,3,2000,0.00017085,360,5275648,1
patience_sort,10,aleatorio,D1,a,4,2000,0.00016875,360,5275648,1
patience_sort,10,aleatorio,D1,a,5,2000,0.00017305,360,5275648,1
patience_sort,10,aleatorio,D1,a,6,2000,0.00016805,360,5275648,1
patience_sort,10,aleatorio,D1,a,7,2000,0.0001728,360,5275648,1
patience_sort,10,aleatorio,D1,a,8,2000,0.00016855,360,5275648,1
patience_sort,10,aleatorio,D1,a,9,2000,0.00016905,360,5275648,1
patience_sort,10,aleatorio,D1,a,10,2000,0.0001696,360,5275648,1
patience_sort,10,aleatorio,D1,a,11,2000,0.00017315,360,5275648,1
patience_sort,10,aleatorio,D1,a,12,2000,0.0001686,360,5275648,1
patience_sort,10,aleatorio,D1,a,13,2000,0.0001709,360,5275648,1
patience_sort,10,aleatorio,D1,a,14,2000,0.0001696,360,5275648,1
patience_sort,10,aleatorio,D1,a,15,2000,0.0001702,360,5275648,1
std_sort,10,aleatorio,D1,b,1,2000,3.795e-05,40,5275648,1
std_sort,10,aleatorio,D1,b,2,2000,4.54e-05,40,5275648,1
std_sort,10,aleatorio,D1,b,3,2000,4.5e-05,40,5275648,1
std_sort,10,aleatorio,D1,b,4,2000,4.52e-05,40,5275648,1
std_sort,10,aleatorio,D1,b,5,2000,4.48e-05,40,5275648,1
std_sort,10,aleatorio,D1,b,6,2000,4.485e-05,40,5275648,1
std_sort,10,aleatorio,D1,b,7,2000,4.47e-05,40,5275648,1
std_sort,10,aleatorio,D1,b,8,2000,4.92e-05,40,5275648,1
std_sort,10,aleatorio,D1,b,9,2000,4.485e-05,40,5275648,1
std_sort,10,aleatorio,D1,b,10,2000,4.47e-05,40,5275648,1
std_sort,10,aleatorio,D1,b,11,2000,4.475e-05,40,5275648,1
std_sort,10,aleatorio,D1,b,12,2000,4.475e-05,40,5275648,1
std_sort,10,aleatorio,D1,b,13,2000,5.685e-05,40,5275648,1
std_sort,10,aleatorio,D1,b,14,2000,4.495e-05,40,5275648,1
std_sort,10,aleatorio,D1,b,15,2000,3.605e-05,40,5275648,1
merge_sort,10,aleatorio,D1,b,1,2000,8.835e-05,80,5283840,1
merge_sort,10,aleatorio,D1,b,2,2000,9.405e-05,80,5283840,1
merge_sort,10,aleatorio,D1,b,3,2000,8.86e-05,80,5283840,1
merge_sort,10,aleatorio,D1,b,4,2000,8.805e-05,80,5283840,1
merge_sort,10,aleatorio,D1,b,5,2000,8.805e-05,80,5283840,1
merge_sort,10,aleatorio,D1,b,6,2000,8.82e-05,80,5283840,1
merge_sort,10,aleatorio,D1,b,7,2000,8.985e-05,80,5283840,1
merge_sort,10,aleatorio,D1,b,8,2000,8.71e-05,80,5283840,1
merge_sort,10,aleatorio,D1,b,9,2000,8.705e-05,80,5283840,1
merge_sort,10,aleatorio,D1,b,10,2000,8.705e-05,80,5283840,1
merge_sort,10,aleatorio,D1,b,11,2000,8.93e-05,80,5283840,1
merge_sort,10,aleatorio,D1,b,12,2000,8.72e-05,80,5283840,1
merge_sort,10,aleatorio,D1,b,13,2000,8.74e-05,80,5283840,1
merge_sort,10,aleatorio,D1,b,14,2000,8.925e-05,80,5283840,1
merge_sort,10,aleatorio,D1,b,15,2000,8.925e-05,80,5283840,1
quick_sort,10,aleatorio,D1,b,1,2000,6.535e-05,40,5283840,1
quick_sort,10,aleatorio,D1,b,2,2000,6.595e-05,40,5283840,1
quick_sort,10,aleatorio,D1,b,3,2000,6.58e-05,40,5283840,1
quick_sort,10,aleatorio,D1,b,4,2000,6.575e-05,40,5283840,1
quick_sort,10,aleatorio,D1,b,5,2000,6.545e-05,40,5283840,1
quick_sort,10,aleatorio,D1,b,6,2000,6.565e-05,40,5283840,1
quick_sort,10,aleatorio,D1,b,7,2000,6.565e-05,40,5283840,1
quick_sort,10,aleatorio,D1,b,8,2000,6.55e-05,40,5283840,1
quick_sort,10,aleatorio,D1,b,9,2000,6.57e-05,40,5283840,1
quick_sort,10,aleatorio,D1,b,10,2000,6.575e-05,40,5283840,1
quick_sort,10,aleatorio,D1,b,11,2000,6.56e-05,40,5283840,1
quick_sort,10,aleatorio,D1,b,12,2000,6.595e-05,40,5283840,1
quick_sort,10,aleatorio,D1,b,13,2000,6.55e-05,40,5283840,1
quick_sort,10,aleatorio,D1,b,14,2000,6.575e-05,40,5283840,1
quick_sort,10,aleatorio,D1,b,15,2000,6.575e-05,40,5283840,1
patience_sort,10,aleatorio,D1,b,1,2000,0.0001714,360,5283840,1
patience_sort,10,aleatorio,D1,b,2,2000,0.00016775,360,5283840,1
patience_sort,10,aleatorio,D1,b,3,2000,0.00016805,360,5283840,1
patience_sort,10,aleatorio,D1,b,4,2000,0.00016825,360,5283840,1
patience_sort,10,aleatorio,D1,b,5,2000,0.00016845,360,5283840,1
patience_sort,10,aleatorio,D1,b,6,2000,0.0001696,360,5283840,1
patience_sort,10,aleatorio,D1,b,7,2000,0.00016785,360,5283840,1
patience_sort,10,aleatorio,D1,b,8,2000,0.0001685,360,5283840,1
patience_sort,10,aleatorio,D1,b,9,2000,0.0001679,360,5283840,1
patience_sort,10,aleatorio,D1,b,10,2000,0.0001695,360,5283840,1
patience_sort,10,aleatorio,D1,b,11,2000,0.0001676,360,5283840,1
patience_sort,10,aleatorio,D1,b,12,2000,0.00017035,360,5283840,1
patience_sort,10,aleatorio,D1,b,13,2000,0.00016905,360,5283840,1
patience_sort,10,aleatorio,D1,b,14,2000,0.00016895,360,5283840,1
patience_sort,10,aleatorio,D1,b,15,2000,0.0001703,360,5283840,1
std_sort,10,aleatorio,D1,c,1,2000,4.21e-05,40,5283840,1
std_sort,10,aleatorio,D1,c,2,2000,4.2e-05,40,5283840,1
std_sort,10,aleatorio,D1,c,3,2000,4.15e-05,40,5283840,1
std_sort,10,aleatorio,D1,c,4,2000,4.13e-05,40,5283840,1
std_sort,10,aleatorio,D1,c,5,2000,4.19e-05,40,5283840,1
std_sort,10,aleatorio,D1,c,6,2000,4.2e-05,40,5283840,1
std_sort,10,aleatorio,D1,c,7,2000,4.2e-05,40,5283840,1
std_sort,10,aleatorio,D1,c,8,2000,4.17e-05,40,5283840,1
std_sort,10,aleatorio,D1,c,9,2000,4.175e-05,40,5283840,1
std_sort,10,aleatorio,D1,c,10,2000,4.175e-05,40,5283840,1
std_sort,10,aleatorio,D1,c,11,2000,4.145e-05,40,5283840,1
std_sort,10,aleatorio,D1,c,12,2000,4.185e-05,40,5283840,1
std_sort,10,aleatorio,D1,c,13,2000,4.14e-05,40,5283840,1
std_sort,10,aleatorio,D1,c,14,2000,4.135e-05,40,5283840,1
std_sort,10,aleatorio,D1,c,15,2000,4.14e-05,40,5283840,1
merge_sort,10,aleatorio,D1,c,1,2000,9.01e-05,80,5283840,1
merge_sort,10,aleatorio,D1,c,2,2000,8.795e-05,80,5283840,1
merge_sort,10,aleatorio,D1,c,3,2000,8.79e-05,80,5283840,1
merge_sort,10,aleatorio,D1,c,4,2000,8.8e-05,80,5283840,1
merge_sort,10,aleatorio,D1,c,5,2000,8.83e-05,80,5283840,1
merge_sort,10,aleatorio,D1,c,6,2000,8.83e-05,80,5283840,1
merge_sort,10,aleatorio,D1,c,7,2000,8.965e-05,80,5283840,1
merge_sort,10,aleatorio,D1,c,8,2000,8.805e-05,80,5283840,1
merge_sort,10,aleatorio,D1,c,9,2000,8.885e-05,80,5283840,1
merge_sort,10,aleatorio,D1,c,10,2000,8.855e-05,80,5283840,1
merge_sort,10,aleatorio,D1,c,11,2000,9.315e-05,80,5283840,1
merge_sort,10,aleatorio,D1,c,12,2000,9.05e-05,80,5283840,1
merge_sort,10,aleatorio,D1,c,13,2000,8.86e-05,80,5283840,1
merge_sort,10,aleatorio,D1,c,14,2000,9e-05,80,5283840,1
merge_sort,10,aleatorio,D1,c,15,2000,8.79e-05,80,5283840,1
quick_sort,10,aleatorio,D1,c,1,2000,6.47e-05,40,5283840,1
quick_sort,10,aleatorio,D1,c,2,2000,6.39e-05,40,5283840,1
quick_sort,10,aleatorio,D1,c,3,2000,6.465e-05,40,5283840,1
quick_sort,10,aleatorio,D1,c,4,2000,6.405e-05,40,5283840,1
quick_sort,10,aleatorio,D1,c,5,2000,6.525e-05,40,5283840,1
quick_sort,10,aleatorio,D1,c,6,2000,6.49e-05,40,5283840,1
quick_sort,10,aleatorio,D1,c,7,2000,6.63e-05,40,5283840,1
quick_sort,10,aleatorio,D1,c,8,2000,6.5e-05,40,5283840,1
quick_sort,10,aleatorio,D1,c,9,2000,6.535e-05,40,5283840,1
quick_sort,10,aleatorio,D1,c,10,2000,6.505e-05,40,5283840,1
quick_sort,10,aleatorio,D1,c,11,2000,6.505e-05,40,5283840,1
quick_sort,10,aleatorio,D1,c,12,2000,6.455e-05,40,5283840,1
quick_sort,10,aleatorio,D1,c,13,2000,6.79e-05,40,5283840,1
quick_sort,10,aleatorio,D1,c,14,2000,6.63e-05,40,5283840,1
quick_sort,10,aleatorio,D1,c,15,2000,6.505e-05,40,5283840,1
patience_sort,10,aleatorio,D1,c,1,2000,0.0001679,352,5283840,1
patience_sort,10,aleatorio,D1,c,2,2000,0.0001663,352,5283840,1
patience_sort,10,aleatorio,D1,c,3,2000,0.0001717,352,5283840,1
patience_sort,10,aleatorio,D1,c,4,2000,0.0001672,352,5283840,1
patience_sort,10,aleatorio,D1,c,5,2000,0.000167,352,5283840,1
patience_sort,10,aleatorio,D1,c,6,2000,0.0001675,352,5283840,1
patience_sort,10,aleatorio,D1,c,7,2000,0.0001666,352,5283840,1
patience_sort,10,aleatorio,D1,c,8,2000,0.0001686,352,5283840,1
patience_sort,10,aleatorio,D1,c,9,2000,0.00016815,352,5283840,1
patience_sort,10,aleatorio,D1,c,10,2000,0.00017655,352,5283840,1
patience_sort,10,aleatorio,D1,c,11,2000,0.0001672,352,5283840,1
patience_sort,10,aleatorio,D1,c,12,2000,0.00016675,352,5283840,1
patience_sort,10,aleatorio,D1,c,13,2000,0.00016655,352,5283840,1
patience_sort,10,aleatorio,D1,c,14,2000,0.00016665,352,5283840,1
patience_sort,10,aleatorio,D1,c,15,2000,0.000169,352,5283840,1
std_sort,10,aleatorio,D7,a,1,2000,3.465e-05,40,5283840,1
std_sort,10,aleatorio,D7,a,2,2000,3.445e-05,40,5283840,1
std_sort,10,aleatorio,D7,a,3,2000,3.705e-05,40,5283840,1
std_sort,10,aleatorio,D7,a,4,2000,3.435e-05,40,5283840,1
std_sort,10,aleatorio,D7,a,5,2000,3.44e-05,40,5283840,1
std_sort,10,aleatorio,D7,a,6,2000,3.445e-05,40,5283840,1
std_sort,10,aleatorio,D7,a,7,2000,3.455e-05,40,5283840,1
std_sort,10,aleatorio,D7,a,8,2000,3.435e-05,40,5283840,1
std_sort,10,aleatorio,D7,a,9,2000,3.41e-05,40,5283840,1
std_sort,10,aleatorio,D7,a,10,2000,3.435e-05,40,5283840,1
std_sort,10,aleatorio,D7,a,11,2000,3.445e-05,40,5283840,1
std_sort,10,aleatorio,D7,a,12,2000,3.445e-05,40,5283840,1
std_sort,10,aleatorio,D7,a,13,2000,3.435e-05,40,5283840,1
std_sort,10,aleatorio,D7,a,14,2000,3.445e-05,40,5283840,1
std_sort,10,aleatorio,D7,a,15,2000,3.45e-05,40,5283840,1
merge_sort,10,aleatorio,D7,a,1,2000,8.955e-05,80,5283840,1
merge_sort,10,aleatorio,D7,a,2,2000,8.785e-05,80,5283840,1
merge_sort,10,aleatorio,D7,a,3,2000,8.805e-05,80,5283840,1
merge_sort,10,aleatorio,D7,a,4,2000,8.76e-05,80,5283840,1
merge_sort,10,aleatorio,D7,a,5,2000,8.74e-05,80,5283840,1
merge_sort,10,aleatorio,D7,a,6,2000,8.79e-05,80,5283840,1
merge_sort,10,aleatorio,D7,a,7,2000,8.805e-05,80,5283840,1
merge_sort,10,aleatorio,D7,a,8,2000,8.9e-05,80,5283840,1
merge_sort,10,aleatorio,D7,a,9,2000,8.74e-05,80,5283840,1
merge_sort,10,aleatorio,D7,a,10,2000,8.81e-05,80,5283840,1
merge_sort,10,aleatorio,D7,a,11,2000,8.775e-05,80,5283840,1
merge_sort,10,aleatorio,D7,a,12,2000,8.74e-05,80,5283840,1
merge_sort,10,aleatorio,D7,a,13,2000,8.76e-05,80,5283840,1
merge_sort,10,aleatorio,D7,a,14,2000,8.835e-05,80,5283840,1
merge_sort,10,aleatorio,D7,a,15,2000,8.795e-05,80,5283840,1
quick_sort,10,aleatorio,D7,a,1,2000,5.995e-05,40,5283840,1
quick_sort,10,aleatorio,D7,a,2,2000,5.97e-05,40,5283840,1
quick_sort,10,aleatorio,D7,a,3,2000,5.98e-05,40,5283840,1
quick_sort,10,aleatorio,D7,a,4,2000,5.99e-05,40,5283840,1
quick_sort,10,aleatorio,D7,a,5,2000,5.95e-05,40,5283840,1
quick_sort,10,aleatorio,D7,a,6,2000,5.98e-05,40,5283840,1
quick_sort,10,aleatorio,D7,a,7,2000,6.23e-05,40,5283840,1
quick_sort,10,aleatorio,D7,a,8,2000,5.935e-05,40,5283840,1
quick_sort,10,aleatorio,D7,a,9,2000,5.965e-05,40,5283840,1
quick_sort,10,aleatorio,D7,a,10,2000,5.955e-05,40,5283840,1
quick_sort,10,aleatorio,D7,a,11,2000,6.015e-05,40,5283840,1
quick_sort,10,aleatorio,D7,a,12,2000,5.96e-05,40,5283840,1
quick_sort,10,aleatorio,D7,a,13,2000,5.995e-05,40,5283840,1
quick_sort,10,aleatorio,D7,a,14,2000,5.975e-05,40,5283840,1
quick_sort,10,aleatorio,D7,a,15,2000,5.955e-05,40,5283840,1
patience_sort,10,aleatorio,D7,a,1,2000,0.0001879,376,5283840,1
patience_sort,10,aleatorio,D7,a,2,2000,0.00018545,376,5283840,1
patience_sort,10,aleatorio,D7,a,3,2000,0.0001844,376,5283840,1
patience_sort,10,aleatorio,D7,a,4,2000,0.00018625,376,5283840,1
patience_sort,10,aleatorio,D7,a,5,2000,0.00021815,376,5283840,1
patience_sort,10,aleatorio,D7,a,6,2000,0.00018355,376,5283840,1
patience_sort,10,aleatorio,D7,a,7,2000,0.0001843,376,5283840,1
patience_sort,10,aleatorio,D7,a,8,2000,0.00018335,376,5283840,1
patience_sort,10,aleatorio,D7,a,9,2000,0.0001854,376,5283840,1
patience_sort,10,aleatorio,D7,a,10,2000,0.0001846,376,5283840,1
patience_sort,10,aleatorio,D7,a,11,2000,0.0001841,376,5283840,1
patience_sort,10,aleatorio,D7,a,12,2000,0.00019315,376,5283840,1
patience_sort,10,aleatorio,D7,a,13,2000,0.0001838,376,5283840,1
patience_sort,10,aleatorio,D7,a,14,2000,0.00018495,376,5283840,1
patience_sort,10,aleatorio,D7,a,15,2000,0.0001837,376,5283840,1
std_sort,10,aleatorio,D7,b,1,2000,3.3e-05,40,5283840,1
std_sort,10,aleatorio,D7,b,2,2000,3.32e-05,40,5283840,1
std_sort,10,aleatorio,D7,b,3,2000,3.295e-05,40,5283840,1
std_sort,10,aleatorio,D7,b,4,2000,3.805e-05,40,5283840,1
std_sort,10,aleatorio,D7,b,5,2000,3.31e-05,40,5283840,1
std_sort,10,aleatorio,D7,b,6,2000,3.31e-05,40,5283840,1
std_sort,10,aleatorio,D7,b,7,2000,3.325e-05,40,5283840,1
std_sort,10,aleatorio,D7,b,8,2000,3.32e-05,40,5283840,1
std_sort,10,aleatorio,D7,b,9,2000,3.31e-05,40,5283840,1
std_sort,10,aleatorio,D7,b,10,2000,3.49e-05,40,5283840,1
std_sort,10,aleatorio,D7,b,11,2000,3.29e-05,40,5283840,1
std_sort,10,aleatorio,D7,b,12,2000,3.285e-05,40,5283840,1
std_sort,10,aleatorio,D7,b,13,2000,3.29e-05,40,5283840,1
std_sort,10,aleatorio,D7,b,14,2000,3.305e-05,40,5283840,1
std_sort,10,aleatorio,D7,b,15,2000,3.29e-05,40,5283840,1
merge_sort,10,aleatorio,D7,b,1,2000,8.955e-05,80,5283840,1
merge_sort,10,aleatorio,D7,b,2,2000,8.9e-05,80,5283840,1
merge_sort,10,aleatorio,D7,b,3,2000,8.985e-05,80,5283840,1
merge_sort,10,aleatorio,D7,b,4,2000,8.905e-05,80,5283840,1
merge_sort,10,aleatorio,D7,b,5,2000,9.05e-05,80,5283840,1
merge_sort,10,aleatorio,D7,b,6,2000,8.945e-05,80,5283840,1
merge_sort,10,aleatorio,D7,b,7,2000,8.95e-05,80,5283840,1
merge_sort,10,aleatorio,D7,b,8,2000,8.88e-05,80,5283840,1
merge_sort,10,aleatorio,D7,b,9,2000,8.905e-05,80,5283840,1
merge_sort,10,aleatorio,D7,b,10,2000,8.905e-05,80,5283840,1
merge_sort,10,aleatorio,D7,b,11,2000,9.12e-05,80,5283840,1
merge_sort,10,aleatorio,D7,b,12,2000,8.925e-05,80,5283840,1
merge_sort,10,aleatorio,D7,b,13,2000,8.92e-05,80,5283840,1
merge_sort,10,aleatorio,D7,b,14,2000,8.915e-05,80,5283840,1
merge_sort,10,aleatorio,D7,b,15,2000,9.02e-05,80,5283840,1
quick_sort,10,aleatorio,D7,b,1,2000,6.235e-05,40,5283840,1
quick_sort,10,aleatorio,D7,b,2,2000,6.215e-05,40,5283840,1
quick_sort,10,aleatorio,D7,b,3,2000,6.225e-05,40,5283840,1
quick_sort,10,aleatorio,D7,b,4,2000,6.29e-05,40,5283840,1
quick_sort,10,aleatorio,D7,b,5,2000,6.145e-05,40,5283840,1
quick_sort,10,aleatorio,D7,b,6,2000,6.15e-05,40,5283840,1
quick_sort,10,aleatorio,D7,b,7,2000,6.14e-05,40,5283840,1
quick_sort,10,aleatorio,D7,b,8,2000,6.205e-05,40,5283840,1
quick_sort,10,aleatorio,D7,b,9,2000,7.21e-05,40,5283840,1
quick_sort,10,aleatorio,D7,b,10,2000,6.145e-05,40,5283840,1
quick_sort,10,aleatorio,D7,b,11,2000,6.155e-05,40,5283840,1
quick_sort,10,aleatorio,D7,b,12,2000,6.175e-05,40,5283840,1
quick_sort,10,aleatorio,D7,b,13,2000,6.135e-05,40,5283840,1
quick_sort,10,aleatorio,D7,b,14,2000,6.165e-05,40,5283840,1
quick_sort,10,aleatorio,D7,b,15,2000,6.13e-05,40,5283840,1
patience_sort,10,aleatorio,D7,b,1,2000,0.0001805,368,5283840,1
patience_sort,10,aleatorio,D7,b,2,2000,0.00017835,368,5283840,1
patience_sort,10,aleatorio,D7,b,3,2000,0.0001789,368,5283840,1
patience_sort,10,aleatorio,D7,b,4,2000,0.00017885,368,5283840,1
patience_sort,10,aleatorio,D7,b,5,2000,0.0001866,368,5283840,1
patience_sort,10,aleatorio,D7,b,6,2000,0.0001785,368,5283840,1
patience_sort,10,aleatorio,D7,b,7,2000,0.0001804,368,5283840,1
patience_sort,10,aleatorio,D7,b,8,2000,0.00017835,368,5283840,1
patience_sort,10,aleatorio,D7,b,9,2000,0.0001788,368,5283840,1
patience_sort,10,aleatorio,D7,b,10,2000,0.00017795,368,5283840,1
patience_sort,10,aleatorio,D7,b,11,2000,0.0001819,368,5283840,1
patience_sort,10,aleatorio,D7,b,12,2000,0.00017945,368,5283840,1
patience_sort,10,aleatorio,D7,b,13,2000,0.00017965,368,5283840,1
patience_sort,10,aleatorio,D7,b,14,2000,0.0001788,368,5283840,1
patience_sort,10,aleatorio,D7,b,15,2000,0.0001794,368,5283840,1
std_sort,10,aleatorio,D7,c,1,2000,3.515e-05,40,5283840,1
std_sort,10,aleatorio,D7,c,2,2000,3.52e-05,40,5283840,1
std_sort,10,aleatorio,D7,c,3,2000,3.49e-05,40,5283840,1
std_sort,10,aleatorio,D7,c,4,2000,3.5e-05,40,5283840,1
std_sort,10,aleatorio,D7,c,5,2000,3.49e-05,40,5283840,1
std_sort,10,aleatorio,D7,c,6,2000,3.8e-05,40,5283840,1
std_sort,10,aleatorio,D7,c,7,2000,3.47e-05,40,5283840,1
std_sort,10,aleatorio,D7,c,8,2000,3.485e-05,40,5283840,1
std_sort,10,aleatorio,D7,c,9,2000,3.48e-05,40,5283840,1
std_sort,10,aleatorio,D7,c,10,2000,3.5e-05,40,5283840,1
std_sort,10,aleatorio,D7,c,11,2000,3.495e-05,40,5283840,1
std_sort,10,aleatorio,D7,c,12,2000,3.47e-05,40,5283840,1
std_sort,10,aleatorio,D7,c,13,2000,3.48e-05,40,5283840,1
std_sort,10,aleatorio,D7,c,14,2000,3.495e-05,40,5283840,1
std_sort,10,aleatorio,D7,c,15,2000,3.485e-05,40,5283840,1
merge_sort,10,aleatorio,D7,c,1,2000,9.085e-05,80,5283840,1
merge_sort,10,aleatorio,D7,c,2,2000,9.035e-05,80,5283840,1
merge_sort,10,aleatorio,D7,c,3,2000,8.93e-05,80,5283840,1
merge_sort,10,aleatorio,D7,c,4,2000,8.945e-05,80,5283840,1
merge_sort,10,aleatorio,D7,c,5,2000,8.845e-05,80,5283840,1
merge_sort,10,aleatorio,D7,c,6,2000,8.885e-05,80,5283840,1
merge_sort,10,aleatorio,D7,c,7,2000,8.9e-05,80,5283840,1
merge_sort,10,aleatorio,D7,c,8,2000,8.895e-05,80,5283840,1
merge_sort,10,aleatorio,D7,c,9,2000,9.01e-05,80,5283840,1
merge_sort,10,aleatorio,D7,c,10,2000,8.91e-05,80,5283840,1
merge_sort,10,aleatorio,D7,c,11,2000,9.81e-05,80,5283840,1
merge_sort,10,aleatorio,D7,c,12,2000,8.905e-05,80,5283840,1
merge_sort,10,aleatorio,D7,c,13,2000,8.865e-05,80,5283840,1
merge_sort,10,aleatorio,D7,c,14,2000,8.865e-05,80,5283840,1
merge_sort,10,aleatorio,D7,c,15,2000,8.905e-05,80,5283840,1
quick_sort,10,aleatorio,D7,c,1,2000,6.42e-05,40,5283840,1
quick_sort,10,aleatorio,D7,c,2,2000,6.2e-05,40,5283840,1
quick_sort,10,aleatorio,D7,c,3,2000,6.265e-05,40,5283840,1
quick_sort,10,aleatorio,D7,c,4,2000,6.185e-05,40,5283840,1
quick_sort,10,aleatorio,D7,c,5,2000,6.325e-05,40,5283840,1
quick_sort,10,aleatorio,D7,c,6,2000,6.225e-05,40,5283840,1
quick_sort,10,aleatorio,D7,c,7,2000,6.255e-05,40,5283840,1
quick_sort,10,aleatorio,D7,c,8,2000,6.2e-05,40,5283840,1
quick_sort,10,aleatorio,D7,c,9,2000,6.345e-05,40,5283840,1
quick_sort,10,aleatorio,D7,c,10,2000,6.18e-05,40,5283840,1
quick_sort,10,aleatorio,D7,c,11,2000,6.165e-05,40,5283840,1
quick_sort,10,aleatorio,D7,c,12,2000,6.215e-05,40,5283840,1
quick_sort,10,aleatorio,D7,c,13,2000,6.205e-05,40,5283840,1
quick_sort,10,aleatorio,D7,c,14,2000,6.165e-05,40,5283840,1
quick_sort,10,aleatorio,D7,c,15,2000,6.19e-05,40,5283840,1
patience_sort,10,aleatorio,D7,c,1,2000,0.00018845,384,5283840,1
patience_sort,10,aleatorio,D7,c,2,2000,0.00018505,384,5283840,1
patience_sort,10,aleatorio,D7,c,3,2000,0.00018445,384,5283840,1
patience_sort,10,aleatorio,D7,c,4,2000,0.00018555,384,5283840,1
patience_sort,10,aleatorio,D7,c,5,2000,0.0001853,384,5283840,1
patience_sort,10,aleatorio,D7,c,6,2000,0.00018425,384,5283840,1
patience_sort,10,aleatorio,D7,c,7,2000,0.0001839,384,5283840,1
patience_sort,10,aleatorio,D7,c,8,2000,0.0001864,384,5283840,1
patience_sort,10,aleatorio,D7,c,9,2000,0.0001857,384,5283840,1
patience_sort,10,aleatorio,D7,c,10,2000,0.0001869,384,5283840,1
patience_sort,10,aleatorio,D7,c,11,2000,0.00018485,384,5283840,1
patience_sort,10,aleatorio,D7,c,12,2000,0.0001868,384,5283840,1
patience_sort,10,aleatorio,D7,c,13,2000,0.0001863,384,5283840,1
patience_sort,10,aleatorio,D7,c,14,2000,0.0001856,384,5283840,1
patience_sort,10,aleatorio,D7,c,15,2000,0.00018495,384,5283840,1
std_sort,10,ascendente,D1,a,1,2000,2.955e-05,40,5283840,1
std_sort,10,ascendente,D1,a,2,2000,2.965e-05,40,5283840,1
std_sort,10,ascendente,D1,a,3,2000,2.96e-05,40,5283840,1
std_sort,10,ascendente,D1,a,4,2000,2.94e-05,40,5283840,1
std_sort,10,ascendente,D1,a,5,2000,2.945e-05,40,5283840,1
std_sort,10,ascendente,D1,a,6,2000,2.945e-05,40,5283840,1
std_sort,10,ascendente,D1,a,7,2000,2.95e-05,40,5283840,1
std_sort,10,ascendente,D1,a,8,2000,2.93e-05,40,5283840,1
std_sort,10,ascendente,D1,a,9,2000,2.935e-05,40,5283840,1
std_sort,10,ascendente,D1,a,10,2000,2.925e-05,40,5283840,1
std_sort,10,ascendente,D1,a,11,2000,2.96e-05,40,5283840,1
std_sort,10,ascendente,D1,a,12,2000,2.93e-05,40,5283840,1
std_sort,10,ascendente,D1,a,13,2000,2.94e-05,40,5283840,1
std_sort,10,ascendente,D1,a,14,2000,2.93e-05,40,5283840,1
std_sort,10,ascendente,D1,a,15,2000,2.945e-05,40,5283840,1
merge_sort,10,ascendente,D1,a,1,2000,8.95e-05,80,5283840,1
merge_sort,10,ascendente,D1,a,2,2000,8.78e-05,80,5283840,1
merge_sort,10,ascendente,D1,a,3,2000,8.82e-05,80,5283840,1
merge_sort,10,ascendente,D1,a,4,2000,8.865e-05,80,5283840,1
merge_sort,10,ascendente,D1,a,5,2000,8.795e-05,80,5283840,1
merge_sort,10,ascendente,D1,a,6,2000,8.805e-05,80,5283840,1
merge_sort,10,ascendente,D1,a,7,2000,8.79e-05,80,5283840,1
merge_sort,10,ascendente,D1,a,8,2000,8.96e-05,80,5283840,1
merge_sort,10,ascendente,D1,a,9,2000,8.81e-05,80,5283840,1
merge_sort,10,ascendente,D1,a,10,2000,8.795e-05,80,5283840,1
merge_sort,10,ascendente,D1,a,11,2000,8.785e-05,80,5283840,1
merge_sort,10,ascendente,D1,a,12,2000,8.82e-05,80,5283840,1
merge_sort,10,ascendente,D1,a,13,2000,8.82e-05,80,5283840,1
merge_sort,10,ascendente,D1,a,14,2000,8.925e-05,80,5283840,1
merge_sort,10,ascendente,D1,a,15,2000,8.795e-05,80,5283840,1
quick_sort,10,ascendente,D1,a,1,2000,6.25e-05,40,5283840,1
quick_sort,10,ascendente,D1,a,2,2000,6.27e-05,40,5283840,1
quick_sort,10,ascendente,D1,a,3,2000,6.285e-05,40,5283840,1
quick_sort,10,ascendente,D1,a,4,2000,6.255e-05,40,5283840,1
quick_sort,10,ascendente,D1,a,5,2000,6.265e-05,40,5283840,1
quick_sort,10,ascendente,D1,a,6,2000,6.365e-05,40,5283840,1
quick_sort,10,ascendente,D1,a,7,2000,6.36e-05,40,5283840,1
quick_sort,10,ascendente,D1,a,8,2000,6.3e-05,40,5283840,1
quick_sort,10,ascendente,D1,a,9,2000,6.255e-05,40,5283840,1
quick_sort,10,ascendente,D1,a,10,2000,6.26e-05,40,5283840,1
quick_sort,10,ascendente,D1,a,11,2000,6.3e-05,40,5283840,1
quick_sort,10,ascendente,D1,a,12,2000,6.26e-05,40,5283840,1
quick_sort,10,ascendente,D1,a,13,2000,6.285e-05,40,5283840,1
quick_sort,10,ascendente,D1,a,14,2000,6.27e-05,40,5283840,1
quick_sort,10,ascendente,D1,a,15,2000,6.3e-05,40,5283840,1
patience_sort,10,ascendente,D1,a,1,2000,0.00018535,384,5283840,1
patience_sort,10,ascendente,D1,a,2,2000,0.0001819,384,5283840,1
patience_sort,10,ascendente,D1,a,3,2000,0.00018365,384,5283840,1
patience_sort,10,ascendente,D1,a,4,2000,0.00018225,384,5283840,1
patience_sort,10,ascendente,D1,a,5,2000,0.00018205,384,5283840,1
patience_sort,10,ascendente,D1,a,6,2000,0.0001813,384,5283840,1
patience_sort,10,ascendente,D1,a,7,2000,0.0001953,384,5283840,1
patience_sort,10,ascendente,D1,a,8,2000,0.00018515,384,5283840,1
patience_sort,10,ascendente,D1,a,9,2000,0.0001832,384,5283840,1
patience_sort,10,ascendente,D1,a,10,2000,0.00018375,384,5283840,1
patience_sort,10,ascendente,D1,a,11,2000,0.00018425,384,5283840,1
patience_sort,10,ascendente,D1,a,12,2000,0.00018275,384,5283840,1
patience_sort,10,ascendente,D1,a,13,2000,0.00018155,384,5283840,1
patience_sort,10,ascendente,D1,a,14,2000,0.0001816,384,5283840,1
patience_sort,10,ascendente,D1,a,15,2000,0.00018145,384,5283840,1
std_sort,10,ascendente,D1,b,1,2000,2.94e-05,40,5283840,1
std_sort,10,ascendente,D1,b,2,2000,2.955e-05,40,5283840,1
std_sort,10,ascendente,D1,b,3,2000,2.945e-05,40,5283840,1
std_sort,10,ascendente,D1,b,4,2000,2.93e-05,40,5283840,1
std_sort,10,ascendente,D1,b,5,2000,2.935e-05,40,5283840,1
std_sort,10,ascendente,D1,b,6,2000,2.925e-05,40,5283840,1
std_sort,10,ascendente,D1,b,7,2000,2.925e-05,40,5283840,1
std_sort,10,ascendente,D1,b,8,2000,2.93e-05,40,5283840,1
std_sort,10,ascendente,D1,b,9,2000,2.945e-05,40,5283840,1
std_sort,10,ascendente,D1,b,10,2000,2.925e-05,40,5283840,1
std_sort,10,ascendente,D1,b,11,2000,2.925e-05,40,5283840,1
std_sort,10,ascendente,D1,b,12,2000,2.92e-05,40,5283840,1
std_sort,10,ascendente,D1,b,13,2000,2.935e-05,40,5283840,1
std_sort,10,ascendente,D1,b,14,2000,2.94e-05,40,5283840,1
std_sort,10,ascendente,D1,b,15,2000,2.94e-05,40,5283840,1
merge_sort,10,ascendente,D1,b,1,2000,8.86e-05,80,5287936,1
merge_sort,10,ascendente,D1,b,2,2000,8.875e-05,80,5287936,1
merge_sort,10,ascendente,D1,b,3,2000,8.805e-05,80,5287936,1
merge_sort,10,ascendente,D1,b,4,2000,8.83e-05,80,5287936,1
merge_sort,10,ascendente,D1,b,5,2000,8.81e-05,80,5287936,1
merge_sort,10,ascendente,D1,b,6,2000,8.85e-05,80,5287936,1
merge_sort,10,ascendente,D1,b,7,2000,8.82e-05,80,5287936,1
merge_sort,10,ascendente,D1,b,8,2000,8.82e-05,80,5287936,1
merge_sort,10,ascendente,D1,b,9,2000,8.8e-05,80,5287936,1
merge_sort,10,ascendente,D1,b,10,2000,8.855e-05,80,5287936,1
merge_sort,10,ascendente,D1,b,11,2000,8.78e-05,80,5287936,1
merge_sort,10,ascendente,D1,b,12,2000,8.995e-05,80,5287936,1
merge_sort,10,ascendente,D1,b,13,2000,9.33e-05,80,5287936,1
merge_sort,10,ascendente,D1,b,14,2000,8.83e-05,80,5287936,1
merge_sort,10,ascendente,D1,b,15,2000,8.805e-05,80,5287936,1
quick_sort,10,ascendente,D1,b,1,2000,6e-05,40,5287936,1
quick_sort,10,ascendente,D1,b,2,2000,5.965e-05,40,5287936,1
quick_sort,10,ascendente,D1,b,3,2000,5.92e-05,40,5287936,1
quick_sort,10,ascendente,D1,b,4,2000,5.955e-05,40,5287936,1
quick_sort,10,ascendente,D1,b,5,2000,5.985e-05,40,5287936,1
quick_sort,10,ascendente,D1,b,6,2000,5.955e-05,40,5287936,1
quick_sort,10,ascendente,D1,b,7,2000,5.93e-05,40,5287936,1
quick_sort,10,ascendente,D1,b,8,2000,5.945e-05,40,5287936,1
quick_sort,10,ascendente,D1,b,9,2000,5.925e-05,40,5287936,1
quick_sort,10,ascendente,D1,b,10,2000,5.935e-05,40,5287936,1
quick_sort,10,ascendente,D1,b,11,2000,5.925e-05,40,5287936,1
quick_sort,10,ascendente,D1,b,12,2000,5.945e-05,40,5287936,1
quick_sort,10,ascendente,D1,b,13,2000,5.935e-05,40,5287936,1
quick_sort,10,ascendente,D1,b,14,2000,5.925e-05,40,5287936,1
quick_sort,10,ascendente,D1,b,15,2000,5.94e-05,40,5287936,1
patience_sort,10,ascendente,D1,b,1,2000,0.00020875,384,5287936,1
patience_sort,10,ascendente,D1,b,2,2000,0.000206,384,5287936,1
patience_sort,10,ascendente,D1,b,3,2000,0.0002086,384,5287936,1
patience_sort,10,ascendente,D1,b,4,2000,0.0002051,384,5287936,1
patience_sort,10,ascendente,D1,b,5,2000,0.0002063,384,5287936,1
patience_sort,10,ascendente,D1,b,6,2000,0.0002054,384,5287936,1
patience_sort,10,ascendente,D1,b,7,2000,0.0002329,384,5287936,1
patience_sort,10,ascendente,D1,b,8,2000,0.00021015,384,5287936,1
patience_sort,10,ascendente,D1,b,9,2000,0.0002059,384,5287936,1
patience_sort,10,ascendente,D1,b,10,2000,0.00020565,384,5287936,1
patience_sort,10,ascendente,D1,b,11,2000,0.00020635,384,5287936,1
patience_sort,10,ascendente,D1,b,12,2000,0.0002065,384,5287936,1
patience_sort,10,ascendente,D1,b,13,2000,0.0002052,384,5287936,1
patience_sort,10,ascendente,D1,b,14,2000,0.000205,384,5287936,1
patience_sort,10,ascendente,D1,b,15,2000,0.0002069,384,5287936,1
std_sort,10,ascendente,D1,c,1,2000,2.975e-05,40,5287936,1
std_sort,10,ascendente,D1,c,2,2000,2.945e-05,40,5287936,1
std_sort,10,ascendente,D1,c,3,2000,2.935e-05,40,5287936,1
std_sort,10,ascendente,D1,c,4,2000,2.925e-05,40,5287936,1
std_sort,10,ascendente,D1,c,5,2000,2.965e-05,40,5287936,1
std_sort,10,ascendente,D1,c,6,2000,2.94e-05,40,5287936,1
std_sort,10,ascendente,D1,c,7,2000,2.945e-05,40,5287936,1
std_sort,10,ascendente,D1,c,8,2000,3.445e-05,40,5287936,1
std_sort,10,ascendente,D1,c,9,2000,2.955e-05,40,5287936,1
std_sort,10,ascendente,D1,c,10,2000,2.93e-05,40,5287936,1
std_sort,10,ascendente,D1,c,11,2000,2.93e-05,40,5287936,1
std_sort,10,ascendente,D1,c,12,2000,2.935e-05,40,5287936,1
std_sort,10,ascendente,D1,c,13,2000,2.97e-05,40,5287936,1
std_sort,10,ascendente,D1,c,14,2000,2.93e-05,40,5287936,1
std_sort,10,ascendente,D1,c,15,2000,2.925e-05,40,5287936,1
merge_sort,10,ascendente,D1,c,1,2000,8.835e-05,80,5287936,1
merge_sort,10,ascendente,D1,c,2,2000,8.785e-05,80,5287936,1
merge_sort,10,ascendente,D1,c,3,2000,8.8e-05,80,5287936,1
merge_sort,10,ascendente,D1,c,4,2000,8.81e-05,80,5287936,1
merge_sort,10,ascendente,D1,c,5,2000,8.94e-05,80,5287936,1
merge_sort,10,ascendente,D1,c,6,2000,8.795e-05,80,5287936,1
merge_sort,10,ascendente,D1,c,7,2000,8.8e-05,80,5287936,1
merge_sort,10,ascendente,D1,c,8,2000,8.785e-05,80,5287936,1
merge_sort,10,ascendente,D1,c,9,2000,8.79e-05,80,5287936,1
merge_sort,10,ascendente,D1,c,10,2000,8.79e-05,80,5287936,1
merge_sort,10,ascendente,D1,c,11,2000,8.805e-05,80,5287936,1
merge_sort,10,ascendente,D1,c,12,2000,8.93e-05,80,5287936,1
merge_sort,10,ascendente,D1,c,13,2000,8.83e-05,80,5287936,1
merge_sort,10,ascendente,D1,c,14,2000,8.795e-05,80,5287936,1
merge_sort,10,ascendente,D1,c,15,2000,9.01e-05,80,5287936,1
quick_sort,10,ascendente,D1,c,1,2000,6.025e-05,40,5287936,1
quick_sort,10,ascendente,D1,c,2,2000,5.955e-05,40,5287936,1
quick_sort,10,ascendente,D1,c,3,2000,7.31e-05,40,5287936,1
quick_sort,10,ascendente,D1,c,4,2000,6.17e-05,40,5287936,1
quick_sort,10,ascendente,D1,c,5,2000,5.985e-05,40,5287936,1
quick_sort,10,ascendente,D1,c,6,2000,5.905e-05,40,5287936,1
quick_sort,10,ascendente,D1,c,7,2000,6.005e-05,40,5287936,1
quick_sort,10,ascendente,D1,c,8,2000,5.92e-05,40,5287936,1
quick_sort,10,ascendente,D1,c,9,2000,5.9e-05,40,5287936,1
quick_sort,10,ascendente,D1,c,10,2000,5.95e-05,40,5287936,1
quick_sort,10,ascendente,D1,c,11,2000,5.94e-05,40,5287936,1
quick_sort,10,ascendente,D1,c,12,2000,5.93e-05,40,5287936,1
quick_sort,10,ascendente,D1,c,13,2000,5.915e-05,40,5287936,1
quick_sort,10,ascendente,D1,c,14,2000,5.935e-05,40,5287936,1
quick_sort,10,ascendente,D1,c,15,2000,5.94e-05,40,5287936,1
patience_sort,10,ascendente,D1,c,1,2000,0.000196,384,5287936,1
patience_sort,10,ascendente,D1,c,2,2000,0.0001977,384,5287936,1
patience_sort,10,ascendente,D1,c,3,2000,0.0002121,384,5287936,1
patience_sort,10,ascendente,D1,c,4,2000,0.00019705,384,5287936,1
patience_sort,10,ascendente,D1,c,5,2000,0.00019835,384,5287936,1
patience_sort,10,ascendente,D1,c,6,2000,0.00019605,384,5287936,1
patience_sort,10,ascendente,D1,c,7,2000,0.0002019,384,5287936,1
patience_sort,10,ascendente,D1,c,8,2000,0.00025185,384,5287936,1
patience_sort,10,ascendente,D1,c,9,2000,0.0002449,384,5287936,1
patience_sort,10,ascendente,D1,c,10,2000,0.0001968,384,5287936,1
patience_sort,10,ascendente,D1,c,11,2000,0.0001993,384,5287936,1
patience_sort,10,ascendente,D1,c,12,2000,0.0001947,384,5287936,1
patience_sort,10,ascendente,D1,c,13,2000,0.00019825,384,5287936,1
patience_sort,10,ascendente,D1,c,14,2000,0.0001981,384,5287936,1
patience_sort,10,ascendente,D1,c,15,2000,0.00019795,384,5287936,1
std_sort,10,ascendente,D7,a,1,2000,2.955e-05,40,5287936,1
std_sort,10,ascendente,D7,a,2,2000,2.955e-05,40,5287936,1
std_sort,10,ascendente,D7,a,3,2000,2.955e-05,40,5287936,1
std_sort,10,ascendente,D7,a,4,2000,2.94e-05,40,5287936,1
std_sort,10,ascendente,D7,a,5,2000,2.945e-05,40,5287936,1
std_sort,10,ascendente,D7,a,6,2000,2.94e-05,40,5287936,1
std_sort,10,ascendente,D7,a,7,2000,2.94e-05,40,5287936,1
std_sort,10,ascendente,D7,a,8,2000,2.94e-05,40,5287936,1
std_sort,10,ascendente,D7,a,9,2000,4.57e-05,40,5287936,1
std_sort,10,ascendente,D7,a,10,2000,4.91e-05,40,5287936,1
std_sort,10,ascendente,D7,a,11,2000,2.95e-05,40,5287936,1
std_sort,10,ascendente,D7,a,12,2000,2.95e-05,40,5287936,1
std_sort,10,ascendente,D7,a,13,2000,2.95e-05,40,5287936,1
std_sort,10,ascendente,D7,a,14,2000,2.945e-05,40,5287936,1
std_sort,10,ascendente,D7,a,15,2000,2.955e-05,40,5287936,1
merge_sort,10,ascendente,D7,a,1,2000,8.87e-05,80,5287936,1
merge_sort,10,ascendente,D7,a,2,2000,8.855e-05,80,5287936,1
merge_sort,10,ascendente,D7,a,3,2000,8.845e-05,80,5287936,1
merge_sort,10,ascendente,D7,a,4,2000,8.89e-05,80,5287936,1
merge_sort,10,ascendente,D7,a,5,2000,8.855e-05,80,5287936,1
merge_sort,10,ascendente,D7,a,6,2000,8.83e-05,80,5287936,1
merge_sort,10,ascendente,D7,a,7,2000,8.845e-05,80,5287936,1
merge_sort,10,ascendente,D7,a,8,2000,8.92e-05,80,5287936,1
merge_sort,10,ascendente,D7,a,9,2000,8.845e-05,80,5287936,1
merge_sort,10,ascendente,D7,a,10,2000,8.855e-05,80,5287936,1
merge_sort,10,ascendente,D7,a,11,2000,9.36e-05,80,5287936,1
merge_sort,10,ascendente,D7,a,12,2000,9.015e-05,80,5287936,1
merge_sort,10,ascendente,D7,a,13,2000,8.855e-05,80,5287936,1
merge_sort,10,ascendente,D7,a,14,2000,8.85e-05,80,5287936,1
merge_sort,10,ascendente,D7,a,15,2000,8.865e-05,80,5287936,1
quick_sort,10,ascendente,D7,a,1,2000,6.37e-05,40,5287936,1
quick_sort,10,ascendente,D7,a,2,2000,9.205e-05,40,5287936,1
quick_sort,10,ascendente,D7,a,3,2000,6.22e-05,40,5287936,1
quick_sort,10,ascendente,D7,a,4,2000,6.24e-05,40,5287936,1
quick_sort,10,ascendente,D7,a,5,2000,6.305e-05,40,5287936,1
quick_sort,10,ascendente,D7,a,6,2000,6.215e-05,40,5287936,1
quick_sort,10,ascendente,D7,a,7,2000,6.305e-05,40,5287936,1
quick_sort,10,ascendente,D7,a,8,2000,7.635e-05,40,5287936,1
quick_sort,10,ascendente,D7,a,9,2000,6.46e-05,40,5287936,1
quick_sort,10,ascendente,D7,a,10,2000,6.28e-05,40,5287936,1
quick_sort,10,ascendente,D7,a,11,2000,6.27e-05,40,5287936,1
quick_sort,10,ascendente,D7,a,12,2000,6.24e-05,40,5287936,1
quick_sort,10,ascendente,D7,a,13,2000,6.3e-05,40,5287936,1
quick_sort,10,ascendente,D7,a,14,2000,6.31e-05,40,5287936,1
quick_sort,10,ascendente,D7,a,15,2000,6.45e-05,40,5287936,1
patience_sort,10,ascendente,D7,a,1,2000,0.000213,416,5287936,1
patience_sort,10,ascendente,D7,a,2,2000,0.00021195,416,5287936,1
patience_sort,10,ascendente,D7,a,3,2000,0.0002122,416,5287936,1
patience_sort,10,ascendente,D7,a,4,2000,0.00021505,416,5287936,1
patience_sort,10,ascendente,D7,a,5,2000,0.00021375,416,5287936,1
patience_sort,10,ascendente,D7,a,6,2000,0.00021615,416,5287936,1
patience_sort,10,ascendente,D7,a,7,2000,0.0002124,416,5287936,1
patience_sort,10,ascendente,D7,a,8,2000,0.0002131,416,5287936,1
patience_sort,10,ascendente,D7,a,9,2000,0.0002129,416,5287936,1
patience_sort,10,ascendente,D7,a,10,2000,0.0002133,416,5287936,1
patience_sort,10,ascendente,D7,a,11,2000,0.0002123,416,5287936,1
patience_sort,10,ascendente,D7,a,12,2000,0.00021305,416,5287936,1
patience_sort,10,ascendente,D7,a,13,2000,0.00021395,416,5287936,1
patience_sort,10,ascendente,D7,a,14,2000,0.00021225,416,5287936,1
patience_sort,10,ascendente,D7,a,15,2000,0.0002126,416,5287936,1
std_sort,10,ascendente,D7,b,1,2000,2.945e-05,40,5287936,1
std_sort,10,ascendente,D7,b,2,2000,2.955e-05,40,5287936,1
std_sort,10,ascendente,D7,b,3,2000,2.945e-05,40,5287936,1
std_sort,10,ascendente,D7,b,4,2000,3e-05,40,5287936,1
std_sort,10,ascendente,D7,b,5,2000,2.945e-05,40,5287936,1
std_sort,10,ascendente,D7,b,6,2000,2.94e-05,40,5287936,1
std_sort,10,ascendente,D7,b,7,2000,2.94e-05,40,5287936,1
std_sort,10,ascendente,D7,b,8,2000,2.975e-05,40,5287936,1
std_sort,10,ascendente,D7,b,9,2000,2.945e-05,40,5287936,1
std_sort,10,ascendente,D7,b,10,2000,2.94e-05,40,5287936,1
std_sort,10,ascendente,D7,b,11,2000,3.155e-05,40,5287936,1
std_sort,10,ascendente,D7,b,12,2000,2.99e-05,40,5287936,1
std_sort,10,ascendente,D7,b,13,2000,2.945e-05,40,5287936,1
std_sort,10,ascendente,D7,b,14,2000,2.95e-05,40,5287936,1
std_sort,10,ascendente,D7,b,15,2000,2.935e-05,40,5287936,1
merge_sort,10,ascendente,D7,b,1,2000,8.875e-05,80,5287936,1
merge_sort,10,ascendente,D7,b,2,2000,8.845e-05,80,5287936,1
merge_sort,10,ascendente,D7,b,3,2000,8.825e-05,80,5287936,1
merge_sort,10,ascendente,D7,b,4,2000,8.87e-05,80,5287936,1
merge_sort,10,ascendente,D7,b,5,2000,9.02e-05,80,5287936,1
merge_sort,10,ascendente,D7,b,6,2000,8.845e-05,80,5287936,1
merge_sort,10,ascendente,D7,b,7,2000,8.895e-05,80,5287936,1
merge_sort,10,ascendente,D7,b,8,2000,8.84e-05,80,5287936,1
merge_sort,10,ascendente,D7,b,9,2000,8.84e-05,80,5287936,1
merge_sort,10,ascendente,D7,b,10,2000,8.835e-05,80,5287936,1
merge_sort,10,ascendente,D7,b,11,2000,8.99e-05,80,5287936,1
merge_sort,10,ascendente,D7,b,12,2000,8.81e-05,80,5287936,1
merge_sort,10,ascendente,D7,b,13,2000,8.785e-05,80,5287936,1
merge_sort,10,ascendente,D7,b,14,2000,0.00010035,80,5287936,1
merge_sort,10,ascendente,D7,b,15,2000,8.86e-05,80,5287936,1
quick_sort,10,ascendente,D7,b,1,2000,6.28e-05,40,5287936,1
quick_sort,10,ascendente,D7,b,2,2000,6.255e-05,40,5287936,1
quick_sort,10,ascendente,D7,b,3,2000,6.655e-05,40,5287936,1
quick_sort,10,ascendente,D7,b,4,2000,6.335e-05,40,5287936,1
quick_sort,10,ascendente,D7,b,5,2000,6.22e-05,40,5287936,1
quick_sort,10,ascendente,D7,b,6,2000,6.21e-05,40,5287936,1
quick_sort,10,ascendente,D7,b,7,2000,6.22e-05,40,5287936,1
quick_sort,10,ascendente,D7,b,8,2000,6.205e-05,40,5287936,1
quick_sort,10,ascendente,D7,b,9,2000,6.205e-05,40,5287936,1
quick_sort,10,ascendente,D7,b,10,2000,6.21e-05,40,5287936,1
quick_sort,10,ascendente,D7,b,11,2000,6.215e-05,40,5287936,1
quick_sort,10,ascendente,D7,b,12,2000,6.23e-05,40,5287936,1
quick_sort,10,ascendente,D7,b,13,2000,6.24e-05,40,5287936,1
quick_sort,10,ascendente,D7,b,14,2000,6.195e-05,40,5287936,1
quick_sort,10,ascendente,D7,b,15,2000,6.225e-05,40,5287936,1
patience_sort,10,ascendente,D7,b,1,2000,0.00021415,416,5287936,1
patience_sort,10,ascendente,D7,b,2,2000,0.0002125,416,5287936,1
patience_sort,10,ascendente,D7,b,3,2000,0.00021345,416,5287936,1
patience_sort,10,ascendente,D7,b,4,2000,0.00022185,416,5287936,1
patience_sort,10,ascendente,D7,b,5,2000,0.0002219,416,5287936,1
patience_sort,10,ascendente,D7,b,6,2000,0.00021515,416,5287936,1
patience_sort,10,ascendente,D7,b,7,2000,0.00021285,416,5287936,1
patience_sort,10,ascendente,D7,b,8,2000,0.00021275,416,5287936,1
patience_sort,10,ascendente,D7,b,9,2000,0.00021195,416,5287936,1
patience_sort,10,ascendente,D7,b,10,2000,0.0002141,416,5287936,1
patience_sort,10,ascendente,D7,b,11,2000,0.0002115,416,5287936,1
patience_sort,10,ascendente,D7,b,12,2000,0.00021375,416,5287936,1
patience_sort,10,ascendente,D7,b,13,2000,0.00021345,416,5287936,1
patience_sort,10,ascendente,D7,b,14,2000,0.00021205,416,5287936,1
patience_sort,10,ascendente,D7,b,15,2000,0.00021215,416,5287936,1
std_sort,10,ascendente,D7,c,1,2000,2.97e-05,40,5287936,1
std_sort,10,ascendente,D7,c,2,2000,2.995e-05,40,5287936,1
std_sort,10,ascendente,D7,c,3,2000,3.005e-05,40,5287936,1
std_sort,10,ascendente,D7,c,4,2000,2.95e-05,40,5287936,1
std_sort,10,ascendente,D7,c,5,2000,2.93e-05,40,5287936,1
std_sort,10,ascendente,D7,c,6,2000,2.975e-05,40,5287936,1
std_sort,10,ascendente,D7,c,7,2000,3e-05,40,5287936,1
std_sort,10,ascendente,D7,c,8,2000,2.94e-05,40,5287936,1
std_sort,10,ascendente,D7,c,9,2000,2.94e-05,40,5287936,1
std_sort,10,ascendente,D7,c,10,2000,2.965e-05,40,5287936,1
std_sort,10,ascendente,D7,c,11,2000,2.985e-05,40,5287936,1
std_sort,10,ascendente,D7,c,12,2000,2.945e-05,40,5287936,1
std_sort,10,ascendente,D7,c,13,2000,2.95e-05,40,5287936,1
std_sort,10,ascendente,D7,c,14,2000,2.96e-05,40,5287936,1
std_sort,10,ascendente,D7,c,15,2000,2.995e-05,40,5287936,1
merge_sort,10,ascendente,D7,c,1,2000,8.81e-05,80,5287936,1
merge_sort,10,ascendente,D7,c,2,2000,8.8e-05,80,5287936,1
merge_sort,10,ascendente,D7,c,3,2000,8.805e-05,80,5287936,1
merge_sort,10,ascendente,D7,c,4,2000,8.825e-05,80,5287936,1
merge_sort,10,ascendente,D7,c,5,2000,8.79e-05,80,5287936,1
merge_sort,10,ascendente,D7,c,6,2000,8.99e-05,80,5287936,1
merge_sort,10,ascendente,D7,c,7,2000,8.81e-05,80,5287936,1
merge_sort,10,ascendente,D7,c,8,2000,8.83e-05,80,5287936,1
merge_sort,10,ascendente,D7,c,9,2000,8.84e-05,80,5287936,1
merge_sort,10,ascendente,D7,c,10,2000,8.8e-05,80,5287936,1
merge_sort,10,ascendente,D7,c,11,2000,8.8e-05,80,5287936,1
merge_sort,10,ascendente,D7,c,12,2000,8.94e-05,80,5287936,1
merge_sort,10,ascendente,D7,c,13,2000,8.79e-05,80,5287936,1
merge_sort,10,ascendente,D7,c,14,2000,8.805e-05,80,5287936,1
merge_sort,10,ascendente,D7,c,15,2000,8.805e-05,80,5287936,1
quick_sort,10,ascendente,D7,c,1,2000,6.445e-05,40,5287936,1
quick_sort,10,ascendente,D7,c,2,2000,6.32e-05,40,5287936,1
quick_sort,10,ascendente,D7,c,3,2000,6.26e-05,40,5287936,1
quick_sort,10,ascendente,D7,c,4,2000,6.28e-05,40,5287936,1
quick_sort,10,ascendente,D7,c,5,2000,6.31e-05,40,5287936,1
quick_sort,10,ascendente,D7,c,6,2000,6.23e-05,40,5287936,1
quick_sort,10,ascendente,D7,c,7,2000,7.18e-05,40,5287936,1
quick_sort,10,ascendente,D7,c,8,2000,9.425e-05,40,5287936,1
quick_sort,10,ascendente,D7,c,9,2000,9.485e-05,40,5287936,1
quick_sort,10,ascendente,D7,c,10,2000,9.66e-05,40,5287936,1
quick_sort,10,ascendente,D7,c,11,2000,9.325e-05,40,5287936,1
quick_sort,10,ascendente,D7,c,12,2000,8.39e-05,40,5287936,1
quick_sort,10,ascendente,D7,c,13,2000,8.58e-05,40,5287936,1
quick_sort,10,ascendente,D7,c,14,2000,6.25e-05,40,5287936,1
quick_sort,10,ascendente,D7,c,15,2000,6.225e-05,40,5287936,1
patience_sort,10,ascendente,D7,c,1,2000,0.00021495,416,5287936,1
patience_sort,10,ascendente,D7,c,2,2000,0.00021235,416,5287936,1
patience_sort,10,ascendente,D7,c,3,2000,0.00021165,416,5287936,1
patience_sort,10,ascendente,D7,c,4,2000,0.0002111,416,5287936,1
patience_sort,10,ascendente,D7,c,5,2000,0.00021295,416,5287936,1
patience_sort,10,ascendente,D7,c,6,2000,0.00021105,416,5287936,1
patience_sort,10,ascendente,D7,c,7,2000,0.0002139,416,5287936,1
patience_sort,10,ascendente,D7,c,8,2000,0.0002129,416,5287936,1
patience_sort,10,ascendente,D7,c,9,2000,0.0002163,416,5287936,1
patience_sort,10,ascendente,D7,c,10,2000,0.0002215,416,5287936,1
patience_sort,10,ascendente,D7,c,11,2000,0.0002117,416,5287936,1
patience_sort,10,ascendente,D7,c,12,2000,0.000213,416,5287936,1
patience_sort,10,ascendente,D7,c,13,2000,0.00021195,416,5287936,1
patience_sort,10,ascendente,D7,c,14,2000,0.0002113,416,5287936,1
patience_sort,10,ascendente,D7,c,15,2000,0.00021425,416,5287936,1
std_sort,10,descendente,D1,a,1,2000,4.745e-05,40,5287936,1
std_sort,10,descendente,D1,a,2,2000,4.77e-05,40,5287936,1
std_sort,10,descendente,D1,a,3,2000,4.75e-05,40,5287936,1
std_sort,10,descendente,D1,a,4,2000,4.75e-05,40,5287936,1
std_sort,10,descendente,D1,a,5,2000,4.735e-05,40,5287936,1
std_sort,10,descendente,D1,a,6,2000,4.76e-05,40,5287936,1
std_sort,10,descendente,D1,a,7,2000,4.75e-05,40,5287936,1
std_sort,10,descendente,D1,a,8,2000,4.745e-05,40,5287936,1
std_sort,10,descendente,D1,a,9,2000,4.95e-05,40,5287936,1
std_sort,10,descendente,D1,a,10,2000,4.755e-05,40,5287936,1
std_sort,10,descendente,D1,a,11,2000,4.755e-05,40,5287936,1
std_sort,10,descendente,D1,a,12,2000,4.74e-05,40,5287936,1
std_sort,10,descendente,D1,a,13,2000,4.745e-05,40,5287936,1
std_sort,10,descendente,D1,a,14,2000,4.76e-05,40,5287936,1
std_sort,10,descendente,D1,a,15,2000,4.755e-05,40,5287936,1
merge_sort,10,descendente,D1,a,1,2000,8.915e-05,80,5287936,1
merge_sort,10,descendente,D1,a,2,2000,8.945e-05,80,5287936,1
merge_sort,10,descendente,D1,a,3,2000,9.03e-05,80,5287936,1
merge_sort,10,descendente,D1,a,4,2000,8.89e-05,80,5287936,1
merge_sort,10,descendente,D1,a,5,2000,8.87e-05,80,5287936,1
merge_sort,10,descendente,D1,a,6,2000,8.905e-05,80,5287936,1
merge_sort,10,descendente,D1,a,7,2000,8.865e-05,80,5287936,1
merge_sort,10,descendente,D1,a,8,2000,9.08e-05,80,5287936,1
merge_sort,10,descendente,D1,a,9,2000,8.855e-05,80,5287936,1
merge_sort,10,descendente,D1,a,10,2000,9.095e-05,80,5287936,1
merge_sort,10,descendente,D1,a,11,2000,8.845e-05,80,5287936,1
merge_sort,10,descendente,D1,a,12,2000,8.845e-05,80,5287936,1
merge_sort,10,descendente,D1,a,13,2000,8.83e-05,80,5287936,1
merge_sort,10,descendente,D1,a,14,2000,8.91e-05,80,5287936,1
merge_sort,10,descendente,D1,a,15,2000,8.835e-05,80,5287936,1
quick_sort,10,descendente,D1,a,1,2000,6.275e-05,40,5287936,1
quick_sort,10,descendente,D1,a,2,2000,6.48e-05,40,5287936,1
quick_sort,10,descendente,D1,a,3,2000,6.395e-05,40,5287936,1
quick_sort,10,descendente,D1,a,4,2000,6.4e-05,40,5287936,1
quick_sort,10,descendente,D1,a,5,2000,6.445e-05,40,5287936,1
quick_sort,10,descendente,D1,a,6,2000,6.415e-05,40,5287936,1
quick_sort,10,descendente,D1,a,7,2000,6.41e-05,40,5287936,1
quick_sort,10,descendente,D1,a,8,2000,6.425e-05,40,5287936,1
quick_sort,10,descendente,D1,a,9,2000,6.395e-05,40,5287936,1
quick_sort,10,descendente,D1,a,10,2000,6.55e-05,40,5287936,1
quick_sort,10,descendente,D1,a,11,2000,6.415e-05,40,5287936,1
quick_sort,10,descendente,D1,a,12,2000,6.405e-05,40,5287936,1
quick_sort,10,descendente,D1,a,13,2000,6.605e-05,40,5287936,1
quick_sort,10,descendente,D1,a,14,2000,6.36e-05,40,5287936,1
quick_sort,10,descendente,D1,a,15,2000,6.365e-05,40,5287936,1
patience_sort,10,descendente,D1,a,1,2000,0.0001635,344,5287936,1
patience_sort,10,descendente,D1,a,2,2000,0.0001873,344,5287936,1
patience_sort,10,descendente,D1,a,3,2000,0.0001612,344,5287936,1
patience_sort,10,descendente,D1,a,4,2000,0.00016105,344,5287936,1
patience_sort,10,descendente,D1,a,5,2000,0.00016185,344,5287936,1
patience_sort,10,descendente,D1,a,6,2000,0.000161,344,5287936,1
patience_sort,10,descendente,D1,a,7,2000,0.0001614,344,5287936,1
patience_sort,10,descendente,D1,a,8,2000,0.0001624,344,5287936,1
patience_sort,10,descendente,D1,a,9,2000,0.00016195,344,5287936,1
patience_sort,10,descendente,D1,a,10,2000,0.0001613,344,5287936,1
patience_sort,10,descendente,D1,a,11,2000,0.00016365,344,5287936,1
patience_sort,10,descendente,D1,a,12,2000,0.0001609,344,5287936,1
patience_sort,10,descendente,D1,a,13,2000,0.0001605,344,5287936,1
patience_sort,10,descendente,D1,a,14,2000,0.00016235,344,5287936,1
patience_sort,10,descendente,D1,a,15,2000,0.00016065,344,5287936,1
std_sort,10,descendente,D1,b,1,2000,4.425e-05,40,5287936,1
std_sort,10,descendente,D1,b,2,2000,4.425e-05,40,5287936,1
std_sort,10,descendente,D1,b,3,2000,4.415e-05,40,5287936,1
std_sort,10,descendente,D1,b,4,2000,4.4e-05,40,5287936,1
std_sort,10,descendente,D1,b,5,2000,4.425e-05,40,5287936,1
std_sort,10,descendente,D1,b,6,2000,4.425e-05,40,5287936,1
std_sort,10,descendente,D1,b,7,2000,4.405e-05,40,5287936,1
std_sort,10,descendente,D1,b,8,2000,4.44e-05,40,5287936,1
std_sort,10,descendente,D1,b,9,2000,4.425e-05,40,5287936,1
std_sort,10,descendente,D1,b,10,2000,4.42e-05,40,5287936,1
std_sort,10,descendente,D1,b,11,2000,4.42e-05,40,5287936,1
std_sort,10,descendente,D1,b,12,2000,4.425e-05,40,5287936,1
std_sort,10,descendente,D1,b,13,2000,4.425e-05,40,5287936,1
std_sort,10,descendente,D1,b,14,2000,4.605e-05,40,5287936,1
std_sort,10,descendente,D1,b,15,2000,4.39e-05,40,5287936,1
merge_sort,10,descendente,D1,b,1,2000,8.98e-05,80,5296128,1
merge_sort,10,descendente,D1,b,2,2000,9.385e-05,80,5296128,1
merge_sort,10,descendente,D1,b,3,2000,8.79e-05,80,5296128,1
merge_sort,10,descendente,D1,b,4,2000,8.795e-05,80,5296128,1
merge_sort,10,descendente,D1,b,5,2000,8.855e-05,80,5296128,1
merge_sort,10,descendente,D1,b,6,2000,9.025e-05,80,5296128,1
merge_sort,10,descendente,D1,b,7,2000,8.735e-05,80,5296128,1
merge_sort,10,descendente,D1,b,8,2000,0.00010005,80,5296128,1
merge_sort,10,descendente,D1,b,9,2000,8.98e-05,80,5296128,1
merge_sort,10,descendente,D1,b,10,2000,8.785e-05,80,5296128,1
merge_sort,10,descendente,D1,b,11,2000,8.74e-05,80,5296128,1
merge_sort,10,descendente,D1,b,12,2000,8.75e-05,80,5296128,1
merge_sort,10,descendente,D1,b,13,2000,9.015e-05,80,5296128,1
merge_sort,10,descendente,D1,b,14,2000,8.835e-05,80,5296128,1
merge_sort,10,descendente,D1,b,15,2000,8.865e-05,80,5296128,1
quick_sort,10,descendente,D1,b,1,2000,6.665e-05,40,5296128,1
quick_sort,10,descendente,D1,b,2,2000,6.88e-05,40,5296128,1
quick_sort,10,descendente,D1,b,3,2000,6.66e-05,40,5296128,1
quick_sort,10,descendente,D1,b,4,2000,6.65e-05,40,5296128,1
quick_sort,10,descendente,D1,b,5,2000,6.675e-05,40,5296128,1
quick_sort,10,descendente,D1,b,6,2000,6.84e-05,40,5296128,1
quick_sort,10,descendente,D1,b,7,2000,6.665e-05,40,5296128,1
quick_sort,10,descendente,D1,b,8,2000,6.81e-05,40,5296128,1
quick_sort,10,descendente,D1,b,9,2000,6.69e-05,40,5296128,1
quick_sort,10,descendente,D1,b,10,2000,6.935e-05,40,5296128,1
quick_sort,10,descendente,D1,b,11,2000,6.67e-05,40,5296128,1
quick_sort,10,descendente,D1,b,12,2000,6.715e-05,40,5296128,1
quick_sort,10,descendente,D1,b,13,2000,6.665e-05,40,5296128,1
quick_sort,10,descendente,D1,b,14,2000,6.655e-05,40,5296128,1
quick_sort,10,descendente,D1,b,15,2000,6.81e-05,40,5296128,1
patience_sort,10,descendente,D1,b,1,2000,0.0001658,344,5296128,1
patience_sort,10,descendente,D1,b,2,2000,0.00016495,344,5296128,1
patience_sort,10,descendente,D1,b,3,2000,0.0001647,344,5296128,1
patience_sort,10,descendente,D1,b,4,2000,0.00016525,344,5296128,1
patience_sort,10,descendente,D1,b,5,2000,0.00016585,344,5296128,1
patience_sort,10,descendente,D1,b,6,2000,0.000165,344,5296128,1
patience_sort,10,descendente,D1,b,7,2000,0.0001645,344,5296128,1
patience_sort,10,descendente,D1,b,8,2000,0.0001649,344,5296128,1
patience_sort,10,descendente,D1,b,9,2000,0.00016515,344,5296128,1
patience_sort,10,descendente,D1,b,10,2000,0.00016435,344,5296128,1
patience_sort,10,descendente,D1,b,11,2000,0.00016425,344,5296128,1
patience_sort,10,descendente,D1,b,12,2000,0.0001651,344,5296128,1
patience_sort,10,descendente,D1,b,13,2000,0.00016505,344,5296128,1
patience_sort,10,descendente,D1,b,14,2000,0.0001659,344,5296128,1
patience_sort,10,descendente,D1,b,15,2000,0.00016475,344,5296128,1
std_sort,10,descendente,D1,c,1,2000,4.75e-05,40,5296128,1
std_sort,10,descendente,D1,c,2,2000,4.57e-05,40,5296128,1
std_sort,10,descendente,D1,c,3,2000,4.545e-05,40,5296128,1
std_sort,10,descendente,D1,c,4,2000,4.78e-05,40,5296128,1
std_sort,10,descendente,D1,c,5,2000,4.54e-05,40,5296128,1
std_sort,10,descendente,D1,c,6,2000,4.55e-05,40,5296128,1
std_sort,10,descendente,D1,c,7,2000,4.515e-05,40,5296128,1
std_sort,10,descendente,D1,c,8,2000,4.515e-05,40,5296128,1
std_sort,10,descendente,D1,c,9,2000,4.51e-05,40,5296128,1
std_sort,10,descendente,D1,c,10,2000,4.55e-05,40,5296128,1
std_sort,10,descendente,D1,c,11,2000,4.53e-05,40,5296128,1
std_sort,10,descendente,D1,c,12,2000,4.54e-05,40,5296128,1
std_sort,10,descendente,D1,c,13,2000,4.555e-05,40,5296128,1
std_sort,10,descendente,D1,c,14,2000,4.73e-05,40,5296128,1
std_sort,10,descendente,D1,c,15,2000,4.535e-05,40,5296128,1
merge_sort,10,descendente,D1,c,1,2000,8.855e-05,80,5296128,1
merge_sort,10,descendente,D1,c,2,2000,8.85e-05,80,5296128,1
merge_sort,10,descendente,D1,c,3,2000,8.87e-05,80,5296128,1
merge_sort,10,descendente,D1,c,4,2000,8.88e-05,80,5296128,1
merge_sort,10,descendente,D1,c,5,2000,8.835e-05,80,5296128,1
merge_sort,10,descendente,D1,c,6,2000,8.87e-05,80,5296128,1
merge_sort,10,descendente,D1,c,7,2000,9.005e-05,80,5296128,1
merge_sort,10,descendente,D1,c,8,2000,8.85e-05,80,5296128,1
merge_sort,10,descendente,D1,c,9,2000,8.86e-05,80,5296128,1
merge_sort,10,descendente,D1,c,10,2000,8.85e-05,80,5296128,1
merge_sort,10,descendente,D1,c,11,2000,8.895e-05,80,5296128,1
merge_sort,10,descendente,D1,c,12,2000,8.85e-05,80,5296128,1
merge_sort,10,descendente,D1,c,13,2000,8.875e-05,80,5296128,1
merge_sort,10,descendente,D1,c,14,2000,8.88e-05,80,5296128,1
merge_sort,10,descendente,D1,c,15,2000,9.015e-05,80,5296128,1
quick_sort,10,descendente,D1,c,1,2000,6.35e-05,40,5296128,1
quick_sort,10,descendente,D1,c,2,2000,6.27e-05,40,5296128,1
quick_sort,10,descendente,D1,c,3,2000,6.275e-05,40,5296128,1
quick_sort,10,descendente,D1,c,4,2000,6.29e-05,40,5296128,1
quick_sort,10,descendente,D1,c,5,2000,6.515e-05,40,5296128,1
quick_sort,10,descendente,D1,c,6,2000,6.305e-05,40,5296128,1
quick_sort,10,descendente,D1,c,7,2000,6.34e-05,40,5296128,1
quick_sort,10,descendente,D1,c,8,2000,6.3e-05,40,5296128,1
quick_sort,10,descendente,D1,c,9,2000,6.465e-05,40,5296128,1
quick_sort,10,descendente,D1,c,10,2000,6.37e-05,40,5296128,1
quick_sort,10,descendente,D1,c,11,2000,6.29e-05,40,5296128,1
quick_sort,10,descendente,D1,c,12,2000,6.31e-05,40,5296128,1
quick_sort,10,descendente,D1,c,13,2000,6.325e-05,40,5296128,1
quick_sort,10,descendente,D1,c,14,2000,6.31e-05,40,5296128,1
quick_sort,10,descendente,D1,c,15,2000,6.285e-05,40,5296128,1
patience_sort,10,descendente,D1,c,1,2000,0.00016315,344,5296128,1
patience_sort,10,descendente,D1,c,2,2000,0.00016315,344,5296128,1
patience_sort,10,descendente,D1,c,3,2000,0.0001612,344,5296128,1
patience_sort,10,descendente,D1,c,4,2000,0.00016135,344,5296128,1
patience_sort,10,descendente,D1,c,5,2000,0.0001637,344,5296128,1
patience_sort,10,descendente,D1,c,6,2000,0.00016165,344,5296128,1
patience_sort,10,descendente,D1,c,7,2000,0.00016325,344,5296128,1
patience_sort,10,descendente,D1,c,8,2000,0.0001616,344,5296128,1
patience_sort,10,descendente,D1,c,9,2000,0.00016125,344,5296128,1
patience_sort,10,descendente,D1,c,10,2000,0.00016315,344,5296128,1
patience_sort,10,descendente,D1,c,11,2000,0.00016085,344,5296128,1
patience_sort,10,descendente,D1,c,12,2000,0.0001633,344,5296128,1
patience_sort,10,descendente,D1,c,13,2000,0.00016135,344,5296128,1
patience_sort,10,descendente,D1,c,14,2000,0.0001616,344,5296128,1
patience_sort,10,descendente,D1,c,15,2000,0.00016335,344,5296128,1
std_sort,10,descendente,D7,a,1,2000,5.385e-05,40,5296128,1
std_sort,10,descendente,D7,a,2,2000,5.605e-05,40,5296128,1
std_sort,10,descendente,D7,a,3,2000,5.385e-05,40,5296128,1
std_sort,10,descendente,D7,a,4,2000,5.38e-05,40,5296128,1
std_sort,10,descendente,D7,a,5,2000,5.41e-05,40,5296128,1
std_sort,10,descendente,D7,a,6,2000,5.395e-05,40,5296128,1
std_sort,10,descendente,D7,a,7,2000,5.59e-05,40,5296128,1
std_sort,10,descendente,D7,a,8,2000,5.365e-05,40,5296128,1
std_sort,10,descendente,D7,a,9,2000,5.385e-05,40,5296128,1
std_sort,10,descendente,D7,a,10,2000,5.37e-05,40,5296128,1
std_sort,10,descendente,D7,a,11,2000,5.365e-05,40,5296128,1
std_sort,10,descendente,D7,a,12,2000,5.38e-05,40,5296128,1
std_sort,10,descendente,D7,a,13,2000,5.39e-05,40,5296128,1
std_sort,10,descendente,D7,a,14,2000,5.395e-05,40,5296128,1
std_sort,10,descendente,D7,a,15,2000,5.365e-05,40,5296128,1
merge_sort,10,descendente,D7,a,1,2000,8.855e-05,80,5296128,1
merge_sort,10,descendente,D7,a,2,2000,8.845e-05,80,5296128,1
merge_sort,10,descendente,D7,a,3,2000,8.84e-05,80,5296128,1
merge_sort,10,descendente,D7,a,4,2000,9.835e-05,80,5296128,1
merge_sort,10,descendente,D7,a,5,2000,8.83e-05,80,5296128,1
merge_sort,10,descendente,D7,a,6,2000,8.845e-05,80,5296128,1
merge_sort,10,descendente,D7,a,7,2000,8.85e-05,80,5296128,1
merge_sort,10,descendente,D7,a,8,2000,8.835e-05,80,5296128,1
merge_sort,10,descendente,D7,a,9,2000,8.865e-05,80,5296128,1
merge_sort,10,descendente,D7,a,10,2000,8.82e-05,80,5296128,1
merge_sort,10,descendente,D7,a,11,2000,8.87e-05,80,5296128,1
merge_sort,10,descendente,D7,a,12,2000,9.005e-05,80,5296128,1
merge_sort,10,descendente,D7,a,13,2000,8.835e-05,80,5296128,1
merge_sort,10,descendente,D7,a,14,2000,8.895e-05,80,5296128,1
merge_sort,10,descendente,D7,a,15,2000,8.915e-05,80,5296128,1
quick_sort,10,descendente,D7,a,1,2000,6.495e-05,40,5296128,1
quick_sort,10,descendente,D7,a,2,2000,6.47e-05,40,5296128,1
quick_sort,10,descendente,D7,a,3,2000,6.48e-05,40,5296128,1
quick_sort,10,descendente,D7,a,4,2000,6.405e-05,40,5296128,1
quick_sort,10,descendente,D7,a,5,2000,6.48e-05,40,5296128,1
quick_sort,10,descendente,D7,a,6,2000,6.4e-05,40,5296128,1
quick_sort,10,descendente,D7,a,7,2000,6.425e-05,40,5296128,1
quick_sort,10,descendente,D7,a,8,2000,6.45e-05,40,5296128,1
quick_sort,10,descendente,D7,a,9,2000,6.45e-05,40,5296128,1
quick_sort,10,descendente,D7,a,10,2000,6.41e-05,40,5296128,1
quick_sort,10,descendente,D7,a,11,2000,6.47e-05,40,5296128,1
quick_sort,10,descendente,D7,a,12,2000,6.41e-05,40,5296128,1
quick_sort,10,descendente,D7,a,13,2000,6.43e-05,40,5296128,1
quick_sort,10,descendente,D7,a,14,2000,6.505e-05,40,5296128,1
quick_sort,10,descendente,D7,a,15,2000,6.395e-05,40,5296128,1
patience_sort,10,descendente,D7,a,1,2000,0.0001645,344,5296128,1
patience_sort,10,descendente,D7,a,2,2000,0.00016085,344,5296128,1
patience_sort,10,descendente,D7,a,3,2000,0.0001618,344,5296128,1
patience_sort,10,descendente,D7,a,4,2000,0.0001623,344,5296128,1
patience_sort,10,descendente,D7,a,5,2000,0.0001609,344,5296128,1
patience_sort,10,descendente,D7,a,6,2000,0.0001642,344,5296128,1
patience_sort,10,descendente,D7,a,7,2000,0.00016185,344,5296128,1
patience_sort,10,descendente,D7,a,8,2000,0.00016215,344,5296128,1
patience_sort,10,descendente,D7,a,9,2000,0.00017915,344,5296128,1
patience_sort,10,descendente,D7,a,10,2000,0.00016195,344,5296128,1
patience_sort,10,descendente,D7,a,11,2000,0.0001636,344,5296128,1
patience_sort,10,descendente,D7,a,12,2000,0.00016115,344,5296128,1
patience_sort,10,descendente,D7,a,13,2000,0.0001667,344,5296128,1
patience_sort,10,descendente,D7,a,14,2000,0.00016195,344,5296128,1
patience_sort,10,descendente,D7,a,15,2000,0.00016115,344,5296128,1
std_sort,10,descendente,D7,b,1,2000,5.355e-05,40,5296128,1
std_sort,10,descendente,D7,b,2,2000,5.39e-05,40,5296128,1
std_sort,10,descendente,D7,b,3,2000,5.38e-05,40,5296128,1
std_sort,10,descendente,D7,b,4,2000,5.37e-05,40,5296128,1
std_sort,10,descendente,D7,b,5,2000,5.375e-05,40,5296128,1
std_sort,10,descendente,D7,b,6,2000,5.37e-05,40,5296128,1
std_sort,10,descendente,D7,b,7,2000,5.395e-05,40,5296128,1
std_sort,10,descendente,D7,b,8,2000,5.375e-05,40,5296128,1
std_sort,10,descendente,D7,b,9,2000,5.385e-05,40,5296128,1
std_sort,10,descendente,D7,b,10,2000,5.665e-05,40,5296128,1
std_sort,10,descendente,D7,b,11,2000,5.37e-05,40,5296128,1
std_sort,10,descendente,D7,b,12,2000,5.39e-05,40,5296128,1
std_sort,10,descendente,D7,b,13,2000,5.635e-05,40,5296128,1
std_sort,10,descendente,D7,b,14,2000,5.395e-05,40,5296128,1
std_sort,10,descendente,D7,b,15,2000,5.37e-05,40,5296128,1
merge_sort,10,descendente,D7,b,1,2000,8.885e-05,80,5304320,1
merge_sort,10,descendente,D7,b,2,2000,8.83e-05,80,5304320,1
merge_sort,10,descendente,D7,b,3,2000,8.88e-05,80,5304320,1
merge_sort,10,descendente,D7,b,4,2000,8.985e-05,80,5304320,1
merge_sort,10,descendente,D7,b,5,2000,8.82e-05,80,5304320,1
merge_sort,10,descendente,D7,b,6,2000,8.85e-05,80,5304320,1
merge_sort,10,descendente,D7,b,7,2000,8.835e-05,80,5304320,1
merge_sort,10,descendente,D7,b,8,2000,8.83e-05,80,5304320,1
merge_sort,10,descendente,D7,b,9,2000,8.83e-05,80,5304320,1
merge_sort,10,descendente,D7,b,10,2000,8.82e-05,80,5304320,1
merge_sort,10,descendente,D7,b,11,2000,8.805e-05,80,5304320,1
merge_sort,10,descendente,D7,b,12,2000,9.005e-05,80,5304320,1
merge_sort,10,descendente,D7,b,13,2000,8.805e-05,80,5304320,1
merge_sort,10,descendente,D7,b,14,2000,8.84e-05,80,5304320,1
merge_sort,10,descendente,D7,b,15,2000,8.885e-05,80,5304320,1
quick_sort,10,descendente,D7,b,1,2000,6.45e-05,40,5304320,1
quick_sort,10,descendente,D7,b,2,2000,6.45e-05,40,5304320,1
quick_sort,10,descendente,D7,b,3,2000,6.41e-05,40,5304320,1
quick_sort,10,descendente,D7,b,4,2000,6.66e-05,40,5304320,1
quick_sort,10,descendente,D7,b,5,2000,6.465e-05,40,5304320,1
quick_sort,10,descendente,D7,b,6,2000,6.435e-05,40,5304320,1
quick_sort,10,descendente,D7,b,7,2000,6.425e-05,40,5304320,1
quick_sort,10,descendente,D7,b,8,2000,6.45e-05,40,5304320,1
quick_sort,10,descendente,D7,b,9,2000,6.455e-05,40,5304320,1
quick_sort,10,descendente,D7,b,10,2000,6.475e-05,40,5304320,1
quick_sort,10,descendente,D7,b,11,2000,6.425e-05,40,5304320,1
quick_sort,10,descendente,D7,b,12,2000,6.475e-05,40,5304320,1
quick_sort,10,descendente,D7,b,13,2000,6.435e-05,40,5304320,1
quick_sort,10,descendente,D7,b,14,2000,6.585e-05,40,5304320,1
quick_sort,10,descendente,D7,b,15,2000,6.49e-05,40,5304320,1
patience_sort,10,descendente,D7,b,1,2000,0.00016205,344,5304320,1
patience_sort,10,descendente,D7,b,2,2000,0.00016225,344,5304320,1
patience_sort,10,descendente,D7,b,3,2000,0.00016185,344,5304320,1
patience_sort,10,descendente,D7,b,4,2000,0.00016205,344,5304320,1
patience_sort,10,descendente,D7,b,5,2000,0.00016315,344,5304320,1
patience_sort,10,descendente,D7,b,6,2000,0.00016165,344,5304320,1
patience_sort,10,descendente,D7,b,7,2000,0.0001618,344,5304320,1
patience_sort,10,descendente,D7,b,8,2000,0.0001619,344,5304320,1
patience_sort,10,descendente,D7,b,9,2000,0.00016195,344,5304320,1
patience_sort,10,descendente,D7,b,10,2000,0.0001634,344,5304320,1
patience_sort,10,descendente,D7,b,11,2000,0.00016195,344,5304320,1
patience_sort,10,descendente,D7,b,12,2000,0.00016355,344,5304320,1
patience_sort,10,descendente,D7,b,13,2000,0.0001612,344,5304320,1
patience_sort,10,descendente,D7,b,14,2000,0.00016285,344,5304320,1
patience_sort,10,descendente,D7,b,15,2000,0.00016075,344,5304320,1
std_sort,10,descendente,D7,c,1,2000,5.405e-05,40,5304320,1
std_sort,10,descendente,D7,c,2,2000,5.385e-05,40,5304320,1
std_sort,10,descendente,D7,c,3,2000,5.37e-05,40,5304320,1
std_sort,10,descendente,D7,c,4,2000,5.365e-05,40,5304320,1
std_sort,10,descendente,D7,c,5,2000,5.41e-05,40,5304320,1
std_sort,10,descendente,D7,c,6,2000,5.37e-05,40,5304320,1
std_sort,10,descendente,D7,c,7,2000,5.38e-05,40,5304320,1
std_sort,10,descendente,D7,c,8,2000,5.405e-05,40,5304320,1
std_sort,10,descendente,D7,c,9,2000,5.395e-05,40,5304320,1
std_sort,10,descendente,D7,c,10,2000,5.615e-05,40,5304320,1
std_sort,10,descendente,D7,c,11,2000,5.395e-05,40,5304320,1
std_sort,10,descendente,D7,c,12,2000,5.445e-05,40,5304320,1
std_sort,10,descendente,D7,c,13,2000,5.395e-05,40,5304320,1
std_sort,10,descendente,D7,c,14,2000,5.37e-05,40,5304320,1
std_sort,10,descendente,D7,c,15,2000,5.365e-05,40,5304320,1
merge_sort,10,descendente,D7,c,1,2000,8.875e-05,80,5304320,1
merge_sort,10,descendente,D7,c,2,2000,8.855e-05,80,5304320,1
merge_sort,10,descendente,D7,c,3,2000,8.845e-05,80,5304320,1
merge_sort,10,descendente,D7,c,4,2000,8.975e-05,80,5304320,1
merge_sort,10,descendente,D7,c,5,2000,8.87e-05,80,5304320,1
merge_sort,10,descendente,D7,c,6,2000,9.815e-05,80,5304320,1
merge_sort,10,descendente,D7,c,7,2000,8.845e-05,80,5304320,1
merge_sort,10,descendente,D7,c,8,2000,8.85e-05,80,5304320,1
merge_sort,10,descendente,D7,c,9,2000,8.87e-05,80,5304320,1
merge_sort,10,descendente,D7,c,10,2000,8.855e-05,80,5304320,1
merge_sort,10,descendente,D7,c,11,2000,8.82e-05,80,5304320,1
merge_sort,10,descendente,D7,c,12,2000,9.06e-05,80,5304320,1
merge_sort,10,descendente,D7,c,13,2000,8.86e-05,80,5304320,1
merge_sort,10,descendente,D7,c,14,2000,8.88e-05,80,5304320,1
merge_sort,10,descendente,D7,c,15,2000,8.86e-05,80,5304320,1
quick_sort,10,descendente,D7,c,1,2000,6.555e-05,40,5304320,1
quick_sort,10,descendente,D7,c,2,2000,6.52e-05,40,5304320,1
quick_sort,10,descendente,D7,c,3,2000,6.655e-05,40,5304320,1
quick_sort,10,descendente,D7,c,4,2000,6.395e-05,40,5304320,1
quick_sort,10,descendente,D7,c,5,2000,6.37e-05,40,5304320,1
quick_sort,10,descendente,D7,c,6,2000,6.525e-05,40,5304320,1
quick_sort,10,descendente,D7,c,7,2000,6.41e-05,40,5304320,1
quick_sort,10,descendente,D7,c,8,2000,6.385e-05,40,5304320,1
quick_sort,10,descendente,D7,c,9,2000,6.385e-05,40,5304320,1
quick_sort,10,descendente,D7,c,10,2000,6.445e-05,40,5304320,1
quick_sort,10,descendente,D7,c,11,2000,6.545e-05,40,5304320,1
quick_sort,10,descendente,D7,c,12,2000,6.485e-05,40,5304320,1
quick_sort,10,descendente,D7,c,13,2000,6.45e-05,40,5304320,1
quick_sort,10,descendente,D7,c,14,2000,6.525e-05,40,5304320,1
quick_sort,10,descendente,D7,c,15,2000,6.68e-05,40,5304320,1
patience_sort,10,descendente,D7,c,1,2000,0.00016235,344,5304320,1
patience_sort,10,descendente,D7,c,2,2000,0.0001622,344,5304320,1
patience_sort,10,descendente,D7,c,3,2000,0.00016225,344,5304320,1
patience_sort,10,descendente,D7,c,4,2000,0.00016465,344,5304320,1
patience_sort,10,descendente,D7,c,5,2000,0.0001618,344,5304320,1
patience_sort,10,descendente,D7,c,6,2000,0.00016375,344,5304320,1
patience_sort,10,descendente,D7,c,7,2000,0.00016185,344,5304320,1
patience_sort,10,descendente,D7,c,8,2000,0.00016185,344,5304320,1
patience_sort,10,descendente,D7,c,9,2000,0.00016345,344,5304320,1
patience_sort,10,descendente,D7,c,10,2000,0.00016195,344,5304320,1
patience_sort,10,descendente,D7,c,11,2000,0.0001619,344,5304320,1
patience_sort,10,descendente,D7,c,12,2000,0.0001618,344,5304320,1
patience_sort,10,descendente,D7,c,13,2000,0.00016175,344,5304320,1
patience_sort,10,descendente,D7,c,14,2000,0.00016545,344,5304320,1
patience_sort,10,descendente,D7,c,15,2000,0.00016085,344,5304320,1
std_sort,1000,aleatorio,D1,a,1,200,0.003442,4000,5304320,1
std_sort,1000,aleatorio,D1,a,2,200,0.0033495,4000,5304320,1
std_sort,1000,aleatorio,D1,a,3,200,0.0032815,4000,5304320,1
std_sort,1000,aleatorio,D1,a,4,200,0.0032705,4000,5304320,1
std_sort,1000,aleatorio,D1,a,5,200,0.0032255,4000,5304320,1
std_sort,1000,aleatorio,D1,a,6,200,0.003232,4000,5304320,1
std_sort,1000,aleatorio,D1,a,7,200,0.003243,4000,5304320,1
std_sort,1000,aleatorio,D1,a,8,200,0.003229,4000,5304320,1
std_sort,1000,aleatorio,D1,a,9,200,0.0034655,4000,5304320,1
std_sort,1000,aleatorio,D1,a,10,200,0.0032595,4000,5304320,1
std_sort,1000,aleatorio,D1,a,11,200,0.0032265,4000,5304320,1
std_sort,1000,aleatorio,D1,a,12,200,0.0032175,4000,5304320,1
std_sort,1000,aleatorio,D1,a,13,200,0.003242,4000,5304320,1
std_sort,1000,aleatorio,D1,a,14,200,0.0032515,4000,5304320,1
std_sort,1000,aleatorio,D1,a,15,200,0.003252,4000,5304320,1
merge_sort,1000,aleatorio,D1,a,1,200,0.0094345,8000,6098944,1
merge_sort,1000,aleatorio,D1,a,2,200,0.0092115,8000,6098944,1
merge_sort,1000,aleatorio,D1,a,3,200,0.0093805,8000,6098944,1
merge_sort,1000,aleatorio,D1,a,4,200,0.0092405,8000,6098944,1
merge_sort,1000,aleatorio,D1,a,5,200,0.0092015,8000,6098944,1
merge_sort,1000,aleatorio,D1,a,6,200,0.009204,8000,6098944,1
merge_sort,1000,aleatorio,D1,a,7,200,0.0091795,8000,6098944,1
merge_sort,1000,aleatorio,D1,a,8,200,0.0093125,8000,6098944,1
merge_sort,1000,aleatorio,D1,a,9,200,0.00922,8000,6098944,1
merge_sort,1000,aleatorio,D1,a,10,200,0.0092015,8000,6098944,1
merge_sort,1000,aleatorio,D1,a,11,200,0.0093995,8000,6098944,1
merge_sort,1000,aleatorio,D1,a,12,200,0.0093665,8000,6098944,1
merge_sort,1000,aleatorio,D1,a,13,200,0.0092735,8000,6098944,1
merge_sort,1000,aleatorio,D1,a,14,200,0.0092365,8000,6098944,1
merge_sort,1000,aleatorio,D1,a,15,200,0.009232,8000,6098944,1
quick_sort,1000,aleatorio,D1,a,1,200,0.006935,4000,6098944,1
quick_sort,1000,aleatorio,D1,a,2,200,0.0070105,4000,6098944,1
quick_sort,1000,aleatorio,D1,a,3,200,0.0070525,4000,6098944,1
quick_sort,1000,aleatorio,D1,a,4,200,0.007378,4000,6098944,1
quick_sort,1000,aleatorio,D1,a,5,200,0.007111,4000,6098944,1
quick_sort,1000,aleatorio,D1,a,6,200,0.0070695,4000,6098944,1
quick_sort,1000,aleatorio,D1,a,7,200,0.0074015,4000,6098944,1
quick_sort,1000,aleatorio,D1,a,8,200,0.007042,4000,6098944,1
quick_sort,1000,aleatorio,D1,a,9,200,0.0070365,4000,6098944,1
quick_sort,1000,aleatorio,D1,a,10,200,0.0071155,4000,6098944,1
quick_sort,1000,aleatorio,D1,a,11,200,0.0070965,4000,6098944,1
quick_sort,1000,aleatorio,D1,a,12,200,0.007127,4000,6098944,1
quick_sort,1000,aleatorio,D1,a,13,200,0.007107,4000,6098944,1
quick_sort,1000,aleatorio,D1,a,14,200,0.007071,4000,6098944,1
quick_sort,1000,aleatorio,D1,a,15,200,0.0071305,4000,6098944,1
patience_sort,1000,aleatorio,D1,a,1,200,0.009617,8336,6098944,1
patience_sort,1000,aleatorio,D1,a,2,200,0.009575,8336,6098944,1
patience_sort,1000,aleatorio,D1,a,3,200,0.0095635,8336,6098944,1
patience_sort,1000,aleatorio,D1,a,4,200,0.009592,8336,6098944,1
patience_sort,1000,aleatorio,D1,a,5,200,0.00956,8336,6098944,1
patience_sort,1000,aleatorio,D1,a,6,200,0.00957,8336,6098944,1
patience_sort,1000,aleatorio,D1,a,7,200,0.0095765,8336,6098944,1
patience_sort,1000,aleatorio,D1,a,8,200,0.009673,8336,6098944,1
patience_sort,1000,aleatorio,D1,a,9,200,0.0095945,8336,6098944,1
patience_sort,1000,aleatorio,D1,a,10,200,0.009557,8336,6098944,1
patience_sort,1000,aleatorio,D1,a,11,200,0.0095505,8336,6098944,1
patience_sort,1000,aleatorio,D1,a,12,200,0.009559,8336,6098944,1
patience_sort,1000,aleatorio,D1,a,13,200,0.0095485,8336,6098944,1
patience_sort,1000,aleatorio,D1,a,14,200,0.009569,8336,6098944,1
patience_sort,1000,aleatorio,D1,a,15,200,0.009534,8336,6098944,1
std_sort,1000,aleatorio,D1,b,1,200,0.003324,4000,6098944,1
std_sort,1000,aleatorio,D1,b,2,200,0.0032775,4000,6098944,1
std_sort,1000,aleatorio,D1,b,3,200,0.003272,4000,6098944,1
std_sort,1000,aleatorio,D1,b,4,200,0.0032925,4000,6098944,1
std_sort,1000,aleatorio,D1,b,5,200,0.003265,4000,6098944,1
std_sort,1000,aleatorio,D1,b,6,200,0.003271,4000,6098944,1
std_sort,1000,aleatorio,D1,b,7,200,0.003291,4000,6098944,1
std_sort,1000,aleatorio,D1,b,8,200,0.00327,4000,6098944,1
std_sort,1000,aleatorio,D1,b,9,200,0.003269,4000,6098944,1
std_sort,1000,aleatorio,D1,b,10,200,0.00329,4000,6098944,1
std_sort,1000,aleatorio,D1,b,11,200,0.003319,4000,6098944,1
std_sort,1000,aleatorio,D1,b,12,200,0.003274,4000,6098944,1
std_sort,1000,aleatorio,D1,b,13,200,0.003284,4000,6098944,1
std_sort,1000,aleatorio,D1,b,14,200,0.003265,4000,6098944,1
std_sort,1000,aleatorio,D1,b,15,200,0.003282,4000,6098944,1
merge_sort,1000,aleatorio,D1,b,1,200,0.009273,8000,6098944,1
merge_sort,1000,aleatorio,D1,b,2,200,0.0093365,8000,6098944,1
merge_sort,1000,aleatorio,D1,b,3,200,0.009317,8000,6098944,1
merge_sort,1000,aleatorio,D1,b,4,200,0.0092765,8000,6098944,1
merge_sort,1000,aleatorio,D1,b,5,200,0.0092915,8000,6098944,1
merge_sort,1000,aleatorio,D1,b,6,200,0.00929,8000,6098944,1
merge_sort,1000,aleatorio,D1,b,7,200,0.009295,8000,6098944,1
merge_sort,1000,aleatorio,D1,b,8,200,0.0092615,8000,6098944,1
merge_sort,1000,aleatorio,D1,b,9,200,0.009313,8000,6098944,1
merge_sort,1000,aleatorio,D1,b,10,200,0.0093885,8000,6098944,1
merge_sort,1000,aleatorio,D1,b,11,200,0.0093,8000,6098944,1
merge_sort,1000,aleatorio,D1,b,12,200,0.009367,8000,6098944,1
merge_sort,1000,aleatorio,D1,b,13,200,0.0092835,8000,6098944,1
merge_sort,1000,aleatorio,D1,b,14,200,0.0092805,8000,6098944,1
merge_sort,1000,aleatorio,D1,b,15,200,0.0093115,8000,6098944,1
quick_sort,1000,aleatorio,D1,b,1,200,0.0069955,4000,6098944,1
quick_sort,1000,aleatorio,D1,b,2,200,0.006916,4000,6098944,1
quick_sort,1000,aleatorio,D1,b,3,200,0.006972,4000,6098944,1
quick_sort,1000,aleatorio,D1,b,4,200,0.0069335,4000,6098944,1
quick_sort,1000,aleatorio,D1,b,5,200,0.007014,4000,6098944,1
quick_sort,1000,aleatorio,D1,b,6,200,0.007031,4000,6098944,1
quick_sort,1000,aleatorio,D1,b,7,200,0.007003,4000,6098944,1
quick_sort,1000,aleatorio,D1,b,8,200,0.0069625,4000,6098944,1
quick_sort,1000,aleatorio,D1,b,9,200,0.006918,4000,6098944,1
quick_sort,1000,aleatorio,D1,b,10,200,0.006918,4000,6098944,1
quick_sort,1000,aleatorio,D1,b,11,200,0.006866,4000,6098944,1
quick_sort,1000,aleatorio,D1,b,12,200,0.0069205,4000,6098944,1
quick_sort,1000,aleatorio,D1,b,13,200,0.006908,4000,6098944,1
quick_sort,1000,aleatorio,D1,b,14,200,0.0070835,4000,6098944,1
quick_sort,1000,aleatorio,D1,b,15,200,0.0069175,4000,6098944,1
patience_sort,1000,aleatorio,D1,b,1,200,0.0098065,8336,6098944,1
patience_sort,1000,aleatorio,D1,b,2,200,0.010431,8336,6098944,1
patience_sort,1000,aleatorio,D1,b,3,200,0.0097575,8336,6098944,1
patience_sort,1000,aleatorio,D1,b,4,200,0.0097845,8336,6098944,1
patience_sort,1000,aleatorio,D1,b,5,200,0.0099635,8336,6098944,1
patience_sort,1000,aleatorio,D1,b,6,200,0.009672,8336,6098944,1
patience_sort,1000,aleatorio,D1,b,7,200,0.0097955,8336,6098944,1
patience_sort,1000,aleatorio,D1,b,8,200,0.009656,8336,6098944,1
patience_sort,1000,aleatorio,D1,b,9,200,0.00974,8336,6098944,1
patience_sort,1000,aleatorio,D1,b,10,200,0.009741,8336,6098944,1
patience_sort,1000,aleatorio,D1,b,11,200,0.009674,8336,6098944,1
patience_sort,1000,aleatorio,D1,b,12,200,0.0097235,8336,6098944,1
patience_sort,1000,aleatorio,D1,b,13,200,0.009718,8336,6098944,1
patience_sort,1000,aleatorio,D1,b,14,200,0.0097275,8336,6098944,1
patience_sort,1000,aleatorio,D1,b,15,200,0.0097685,8336,6098944,1
std_sort,1000,aleatorio,D1,c,1,200,0.0031825,4000,6098944,1
std_sort,1000,aleatorio,D1,c,2,200,0.0032545,4000,6098944,1
std_sort,1000,aleatorio,D1,c,3,200,0.0031535,4000,6098944,1
std_sort,1000,aleatorio,D1,c,4,200,0.0032085,4000,6098944,1
std_sort,1000,aleatorio,D1,c,5,200,0.00336,4000,6098944,1
std_sort,1000,aleatorio,D1,c,6,200,0.003159,4000,6098944,1
std_sort,1000,aleatorio,D1,c,7,200,0.003165,4000,6098944,1
std_sort,1000,aleatorio,D1,c,8,200,0.003174,4000,6098944,1
std_sort,1000,aleatorio,D1,c,9,200,0.0031615,4000,6098944,1
std_sort,1000,aleatorio,D1,c,10,200,0.0031635,4000,6098944,1
std_sort,1000,aleatorio,D1,c,11,200,0.00317,4000,6098944,1
std_sort,1000,aleatorio,D1,c,12,200,0.0031735,4000,6098944,1
std_sort,1000,aleatorio,D1,c,13,200,0.003141,4000,6098944,1
std_sort,1000,aleatorio,D1,c,14,200,0.003174,4000,6098944,1
std_sort,1000,aleatorio,D1,c,15,200,0.003177,4000,6098944,1
merge_sort,1000,aleatorio,D1,c,1,200,0.0093385,8000,6098944,1
merge_sort,1000,aleatorio,D1,c,2,200,0.0093835,8000,6098944,1
merge_sort,1000,aleatorio,D1,c,3,200,0.009273,8000,6098944,1
merge_sort,1000,aleatorio,D1,c,4,200,0.0093245,8000,6098944,1
merge_sort,1000,aleatorio,D1,c,5,200,0.00934,8000,6098944,1
merge_sort,1000,aleatorio,D1,c,6,200,0.009307,8000,6098944,1
merge_sort,1000,aleatorio,D1,c,7,200,0.009304,8000,6098944,1
merge_sort,1000,aleatorio,D1,c,8,200,0.009818,8000,6098944,1
merge_sort,1000,aleatorio,D1,c,9,200,0.0093385,8000,6098944,1
merge_sort,1000,aleatorio,D1,c,10,200,0.0093205,8000,6098944,1
merge_sort,1000,aleatorio,D1,c,11,200,0.0093645,8000,6098944,1
merge_sort,1000,aleatorio,D1,c,12,200,0.009321,8000,6098944,1
merge_sort,1000,aleatorio,D1,c,13,200,0.0092565,8000,6098944,1
merge_sort,1000,aleatorio,D1,c,14,200,0.0092325,8000,6098944,1
merge_sort,1000,aleatorio,D1,c,15,200,0.0092345,8000,6098944,1
quick_sort,1000,aleatorio,D1,c,1,200,0.00701,4000,6098944,1
quick_sort,1000,aleatorio,D1,c,2,200,0.0069455,4000,6098944,1
quick_sort,1000,aleatorio,D1,c,3,200,0.0070125,4000,6098944,1
quick_sort,1000,aleatorio,D1,c,4,200,0.0071695,4000,6098944,1
quick_sort,1000,aleatorio,D1,c,5,200,0.006934,4000,6098944,1
quick_sort,1000,aleatorio,D1,c,6,200,0.006999,4000,6098944,1
quick_sort,1000,aleatorio,D1,c,7,200,0.0069285,4000,6098944,1
quick_sort,1000,aleatorio,D1,c,8,200,0.0070535,4000,6098944,1
quick_sort,1000,aleatorio,D1,c,9,200,0.006955,4000,6098944,1
quick_sort,1000,aleatorio,D1,c,10,200,0.0069315,4000,6098944,1
quick_sort,1000,aleatorio,D1,c,11,200,0.0069765,4000,6098944,1
quick_sort,1000,aleatorio,D1,c,12,200,0.0069415,4000,6098944,1
quick_sort,1000,aleatorio,D1,c,13,200,0.007023,4000,6098944,1
quick_sort,1000,aleatorio,D1,c,14,200,0.0070245,4000,6098944,1
quick_sort,1000,aleatorio,D1,c,15,200,0.007038,4000,6098944,1
patience_sort,1000,aleatorio,D1,c,1,200,0.0097015,8336,6098944,1
patience_sort,1000,aleatorio,D1,c,2,200,0.0096575,8336,6098944,1
patience_sort,1000,aleatorio,D1,c,3,200,0.010141,8336,6098944,1
patience_sort,1000,aleatorio,D1,c,4,200,0.0096175,8336,6098944,1
patience_sort,1000,aleatorio,D1,c,5,200,0.009567,8336,6098944,1
patience_sort,1000,aleatorio,D1,c,6,200,0.0096005,8336,6098944,1
patience_sort,1000,aleatorio,D1,c,7,200,0.0097525,8336,6098944,1
patience_sort,1000,aleatorio,D1,c,8,200,0.0096405,8336,6098944,1
patience_sort,1000,aleatorio,D1,c,9,200,0.0096445,8336,6098944,1
patience_sort,1000,aleatorio,D1,c,10,200,0.009648,8336,6098944,1
patience_sort,1000,aleatorio,D1,c,11,200,0.009657,8336,6098944,1
patience_sort,1000,aleatorio,D1,c,12,200,0.009655,8336,6098944,1
patience_sort,1000,aleatorio,D1,c,13,200,0.0096445,8336,6098944,1
patience_sort,1000,aleatorio,D1,c,14,200,0.0096755,8336,6098944,1
patience_sort,1000,aleatorio,D1,c,15,200,0.009752,8336,6098944,1
std_sort,1000,aleatorio,D7,a,1,200,0.0051095,4000,6098944,1
std_sort,1000,aleatorio,D7,a,2,200,0.0058125,4000,6098944,1
std_sort,1000,aleatorio,D7,a,3,200,0.0058775,4000,6098944,1
std_sort,1000,aleatorio,D7,a,4,200,0.0058275,4000,6098944,1
std_sort,1000,aleatorio,D7,a,5,200,0.0052095,4000,6098944,1
std_sort,1000,aleatorio,D7,a,6,200,0.0050015,4000,6098944,1
std_sort,1000,aleatorio,D7,a,7,200,0.0051615,4000,6098944,1
std_sort,1000,aleatorio,D7,a,8,200,0.005052,4000,6098944,1
std_sort,1000,aleatorio,D7,a,9,200,0.0050605,4000,6098944,1
std_sort,1000,aleatorio,D7,a,10,200,0.0050375,4000,6098944,1
std_sort,1000,aleatorio,D7,a,11,200,0.005049,4000,6098944,1
std_sort,1000,aleatorio,D7,a,12,200,0.0051115,4000,6098944,1
std_sort,1000,aleatorio,D7,a,13,200,0.0050375,4000,6098944,1
std_sort,1000,aleatorio,D7,a,14,200,0.005052,4000,6098944,1
std_sort,1000,aleatorio,D7,a,15,200,0.0050505,4000,6098944,1
merge_sort,1000,aleatorio,D7,a,1,200,0.010336,8000,6098944,1
merge_sort,1000,aleatorio,D7,a,2,200,0.0103005,8000,6098944,1
merge_sort,1000,aleatorio,D7,a,3,200,0.0103635,8000,6098944,1
merge_sort,1000,aleatorio,D7,a,4,200,0.010271,8000,6098944,1
merge_sort,1000,aleatorio,D7,a,5,200,0.0103645,8000,6098944,1
merge_sort,1000,aleatorio,D7,a,6,200,0.0103425,8000,6098944,1
merge_sort,1000,aleatorio,D7,a,7,200,0.0103375,8000,6098944,1
merge_sort,1000,aleatorio,D7,a,8,200,0.010454,8000,6098944,1
merge_sort,1000,aleatorio,D7,a,9,200,0.010292,8000,6098944,1
merge_sort,1000,aleatorio,D7,a,10,200,0.0103425,8000,6098944,1
merge_sort,1000,aleatorio,D7,a,11,200,0.0103275,8000,6098944,1
merge_sort,1000,aleatorio,D7,a,12,200,0.0103335,8000,6098944,1
merge_sort,1000,aleatorio,D7,a,13,200,0.010336,8000,6098944,1
merge_sort,1000,aleatorio,D7,a,14,200,0.0103315,8000,6098944,1
merge_sort,1000,aleatorio,D7,a,15,200,0.010343,8000,6098944,1
quick_sort,1000,aleatorio,D7,a,1,200,0.00842,4000,6098944,1
quick_sort,1000,aleatorio,D7,a,2,200,0.0081705,4000,6098944,1
quick_sort,1000,aleatorio,D7,a,3,200,0.0081105,4000,6098944,1
quick_sort,1000,aleatorio,D7,a,4,200,0.008147,4000,6098944,1
quick_sort,1000,aleatorio,D7,a,5,200,0.008169,4000,6098944,1
quick_sort,1000,aleatorio,D7,a,6,200,0.0081525,4000,6098944,1
quick_sort,1000,aleatorio,D7,a,7,200,0.008187,4000,6098944,1
quick_sort,1000,aleatorio,D7,a,8,200,0.008192,4000,6098944,1
quick_sort,1000,aleatorio,D7,a,9,200,0.008142,4000,6098944,1
quick_sort,1000,aleatorio,D7,a,10,200,0.0081475,4000,6098944,1
quick_sort,1000,aleatorio,D7,a,11,200,0.0081185,4000,6098944,1
quick_sort,1000,aleatorio,D7,a,12,200,0.0082995,4000,6098944,1
quick_sort,1000,aleatorio,D7,a,13,200,0.0081835,4000,6098944,1
quick_sort,1000,aleatorio,D7,a,14,200,0.008145,4000,6098944,1
quick_sort,1000,aleatorio,D7,a,15,200,0.008233,4000,6098944,1
patience_sort,1000,aleatorio,D7,a,1,200,0.015111,8712,6098944,1
patience_sort,1000,aleatorio,D7,a,2,200,0.015067,8712,6098944,1
patience_sort,1000,aleatorio,D7,a,3,200,0.015003,8712,6098944,1
patience_sort,1000,aleatorio,D7,a,4,200,0.0151435,8712,6098944,1
patience_sort,1000,aleatorio,D7,a,5,200,0.015113,8712,6098944,1
patience_sort,1000,aleatorio,D7,a,6,200,0.015148,8712,6098944,1
patience_sort,1000,aleatorio,D7,a,7,200,0.015002,8712,6098944,1
patience_sort,1000,aleatorio,D7,a,8,200,0.015087,8712,6098944,1
patience_sort,1000,aleatorio,D7,a,9,200,0.015024,8712,6098944,1
patience_sort,1000,aleatorio,D7,a,10,200,0.0151235,8712,6098944,1
patience_sort,1000,aleatorio,D7,a,11,200,0.0150125,8712,6098944,1
patience_sort,1000,aleatorio,D7,a,12,200,0.0149605,8712,6098944,1
patience_sort,1000,aleatorio,D7,a,13,200,0.014993,8712,6098944,1
patience_sort,1000,aleatorio,D7,a,14,200,0.0149805,8712,6098944,1
patience_sort,1000,aleatorio,D7,a,15,200,0.0150145,8712,6098944,1
std_sort,1000,aleatorio,D7,b,1,200,0.005102,4000,6098944,1
std_sort,1000,aleatorio,D7,b,2,200,0.0050485,4000,6098944,1
std_sort,1000,aleatorio,D7,b,3,200,0.00501,4000,6098944,1
std_sort,1000,aleatorio,D7,b,4,200,0.004986,4000,6098944,1
std_sort,1000,aleatorio,D7,b,5,200,0.00504,4000,6098944,1
std_sort,1000,aleatorio,D7,b,6,200,0.005001,4000,6098944,1
std_sort,1000,aleatorio,D7,b,7,200,0.005023,4000,6098944,1
std_sort,1000,aleatorio,D7,b,8,200,0.005055,4000,6098944,1
std_sort,1000,aleatorio,D7,b,9,200,0.0050415,4000,6098944,1
std_sort,1000,aleatorio,D7,b,10,200,0.0050275,4000,6098944,1
std_sort,1000,aleatorio,D7,b,11,200,0.004984,4000,6098944,1
std_sort,1000,aleatorio,D7,b,12,200,0.005086,4000,6098944,1
std_sort,1000,aleatorio,D7,b,13,200,0.0053925,4000,6098944,1
std_sort,1000,aleatorio,D7,b,14,200,0.0049905,4000,6098944,1
std_sort,1000,aleatorio,D7,b,15,200,0.0050165,4000,6098944,1
merge_sort,1000,aleatorio,D7,b,1,200,0.010358,8000,6098944,1
merge_sort,1000,aleatorio,D7,b,2,200,0.010311,8000,6098944,1
merge_sort,1000,aleatorio,D7,b,3,200,0.0102945,8000,6098944,1
merge_sort,1000,aleatorio,D7,b,4,200,0.0103795,8000,6098944,1
merge_sort,1000,aleatorio,D7,b,5,200,0.01036,8000,6098944,1
merge_sort,1000,aleatorio,D7,b,6,200,0.0103825,8000,6098944,1
merge_sort,1000,aleatorio,D7,b,7,200,0.0103825,8000,6098944,1
merge_sort,1000,aleatorio,D7,b,8,200,0.010386,8000,6098944,1
merge_sort,1000,aleatorio,D7,b,9,200,0.01031,8000,6098944,1
merge_sort,1000,aleatorio,D7,b,10,200,0.0104135,8000,6098944,1
merge_sort,1000,aleatorio,D7,b,11,200,0.0104285,8000,6098944,1
merge_sort,1000,aleatorio,D7,b,12,200,0.0103865,8000,6098944,1
merge_sort,1000,aleatorio,D7,b,13,200,0.010556,8000,6098944,1
merge_sort,1000,aleatorio,D7,b,14,200,0.010376,8000,6098944,1
merge_sort,1000,aleatorio,D7,b,15,200,0.0103755,8000,6098944,1
quick_sort,1000,aleatorio,D7,b,1,200,0.008336,4000,6098944,1
quick_sort,1000,aleatorio,D7,b,2,200,0.0082195,4000,6098944,1
quick_sort,1000,aleatorio,D7,b,3,200,0.0082515,4000,6098944,1
quick_sort,1000,aleatorio,D7,b,4,200,0.0082575,4000,6098944,1
quick_sort,1000,aleatorio,D7,b,5,200,0.008324,4000,6098944,1
quick_sort,1000,aleatorio,D7,b,6,200,0.0083605,4000,6098944,1
quick_sort,1000,aleatorio,D7,b,7,200,0.008252,4000,6098944,1
quick_sort,1000,aleatorio,D7,b,8,200,0.008246,4000,6098944,1
quick_sort,1000,aleatorio,D7,b,9,200,0.008263,4000,6098944,1
quick_sort,1000,aleatorio,D7,b,10,200,0.008229,4000,6098944,1
quick_sort,1000,aleatorio,D7,b,11,200,0.0082435,4000,6098944,1
quick_sort,1000,aleatorio,D7,b,12,200,0.008296,4000,6098944,1
quick_sort,1000,aleatorio,D7,b,13,200,0.0082775,4000,6098944,1
quick_sort,1000,aleatorio,D7,b,14,200,0.0082585,4000,6098944,1
quick_sort,1000,aleatorio,D7,b,15,200,0.0083015,4000,6098944,1
patience_sort,1000,aleatorio,D7,b,1,200,0.0153555,8720,6098944,1
patience_sort,1000,aleatorio,D7,b,2,200,0.01498,8720,6098944,1
patience_sort,1000,aleatorio,D7,b,3,200,0.015098,8720,6098944,1
patience_sort,1000,aleatorio,D7,b,4,200,0.014935,8720,6098944,1
patience_sort,1000,aleatorio,D7,b,5,200,0.015013,8720,6098944,1
patience_sort,1000,aleatorio,D7,b,6,200,0.0150565,8720,6098944,1
patience_sort,1000,aleatorio,D7,b,7,200,0.014949,8720,6098944,1
patience_sort,1000,aleatorio,D7,b,8,200,0.0149335,8720,6098944,1
patience_sort,1000,aleatorio,D7,b,9,200,0.0149255,8720,6098944,1
patience_sort,1000,aleatorio,D7,b,10,200,0.0149925,8720,6098944,1
patience_sort,1000,aleatorio,D7,b,11,200,0.015061,8720,6098944,1
patience_sort,1000,aleatorio,D7,b,12,200,0.0149545,8720,6098944,1
patience_sort,1000,aleatorio,D7,b,13,200,0.014934,8720,6098944,1
patience_sort,1000,aleatorio,D7,b,14,200,0.0151215,8720,6098944,1
patience_sort,1000,aleatorio,D7,b,15,200,0.0152005,8720,6098944,1
std_sort,1000,aleatorio,D7,c,1,200,0.0050575,4000,6098944,1
std_sort,1000,aleatorio,D7,c,2,200,0.0055265,4000,6098944,1
std_sort,1000,aleatorio,D7,c,3,200,0.006034,4000,6098944,1
std_sort,1000,aleatorio,D7,c,4,200,0.0054215,4000,6098944,1
std_sort,1000,aleatorio,D7,c,5,200,0.0049865,4000,6098944,1
std_sort,1000,aleatorio,D7,c,6,200,0.004946,4000,6098944,1
std_sort,1000,aleatorio,D7,c,7,200,0.0049705,4000,6098944,1
std_sort,1000,aleatorio,D7,c,8,200,0.0049895,4000,6098944,1
std_sort,1000,aleatorio,D7,c,9,200,0.0051405,4000,6098944,1
std_sort,1000,aleatorio,D7,c,10,200,0.004991,4000,6098944,1
std_sort,1000,aleatorio,D7,c,11,200,0.00501,4000,6098944,1
std_sort,1000,aleatorio,D7,c,12,200,0.00507,4000,6098944,1
std_sort,1000,aleatorio,D7,c,13,200,0.0050095,4000,6098944,1
std_sort,1000,aleatorio,D7,c,14,200,0.005061,4000,6098944,1
std_sort,1000,aleatorio,D7,c,15,200,0.004958,4000,6098944,1
merge_sort,1000,aleatorio,D7,c,1,200,0.0105255,8000,6098944,1
merge_sort,1000,aleatorio,D7,c,2,200,0.0104615,8000,6098944,1
merge_sort,1000,aleatorio,D7,c,3,200,0.0112205,8000,6098944,1
merge_sort,1000,aleatorio,D7,c,4,200,0.010509,8000,6098944,1
merge_sort,1000,aleatorio,D7,c,5,200,0.0104385,8000,6098944,1
merge_sort,1000,aleatorio,D7,c,6,200,0.0108175,8000,6098944,1
merge_sort,1000,aleatorio,D7,c,7,200,0.0103785,8000,6098944,1
merge_sort,1000,aleatorio,D7,c,8,200,0.0103405,8000,6098944,1
merge_sort,1000,aleatorio,D7,c,9,200,0.010511,8000,6098944,1
merge_sort,1000,aleatorio,D7,c,10,200,0.010363,8000,6098944,1
merge_sort,1000,aleatorio,D7,c,11,200,0.010408,8000,6098944,1
merge_sort,1000,aleatorio,D7,c,12,200,0.010413,8000,6098944,1
merge_sort,1000,aleatorio,D7,c,13,200,0.0106795,8000,6098944,1
merge_sort,1000,aleatorio,D7,c,14,200,0.0103465,8000,6098944,1
merge_sort,1000,aleatorio,D7,c,15,200,0.0103685,8000,6098944,1
quick_sort,1000,aleatorio,D7,c,1,200,0.0083205,4000,6098944,1
quick_sort,1000,aleatorio,D7,c,2,200,0.0081865,4000,6098944,1
quick_sort,1000,aleatorio,D7,c,3,200,0.0081865,4000,6098944,1
quick_sort,1000,aleatorio,D7,c,4,200,0.0081525,4000,6098944,1
quick_sort,1000,aleatorio,D7,c,5,200,0.0081305,4000,6098944,1
quick_sort,1000,aleatorio,D7,c,6,200,0.008188,4000,6098944,1
quick_sort,1000,aleatorio,D7,c,7,200,0.008116,4000,6098944,1
quick_sort,1000,aleatorio,D7,c,8,200,0.008118,4000,6098944,1
quick_sort,1000,aleatorio,D7,c,9,200,0.008115,4000,6098944,1
quick_sort,1000,aleatorio,D7,c,10,200,0.008133,4000,6098944,1
quick_sort,1000,aleatorio,D7,c,11,200,0.0081045,4000,6098944,1
quick_sort,1000,aleatorio,D7,c,12,200,0.0081165,4000,6098944,1
quick_sort,1000,aleatorio,D7,c,13,200,0.0082045,4000,6098944,1
quick_sort,1000,aleatorio,D7,c,14,200,0.008124,4000,6098944,1
quick_sort,1000,aleatorio,D7,c,15,200,0.008126,4000,6098944,1
patience_sort,1000,aleatorio,D7,c,1,200,0.015569,8744,6098944,1
patience_sort,1000,aleatorio,D7,c,2,200,0.0152455,8744,6098944,1
patience_sort,1000,aleatorio,D7,c,3,200,0.0176145,8744,6098944,1
patience_sort,1000,aleatorio,D7,c,4,200,0.0152245,8744,6098944,1
patience_sort,1000,aleatorio,D7,c,5,200,0.01525,8744,6098944,1
patience_sort,1000,aleatorio,D7,c,6,200,0.015248,8744,6098944,1
patience_sort,1000,aleatorio,D7,c,7,200,0.0153605,8744,6098944,1
patience_sort,1000,aleatorio,D7,c,8,200,0.0152335,8744,6098944,1
patience_sort,1000,aleatorio,D7,c,9,200,0.0152775,8744,6098944,1
patience_sort,1000,aleatorio,D7,c,10,200,0.015201,8744,6098944,1
patience_sort,1000,aleatorio,D7,c,11,200,0.0152385,8744,6098944,1
patience_sort,1000,aleatorio,D7,c,12,200,0.0153855,8744,6098944,1
patience_sort,1000,aleatorio,D7,c,13,200,0.015311,8744,6098944,1
patience_sort,1000,aleatorio,D7,c,14,200,0.0155585,8744,6098944,1
patience_sort,1000,aleatorio,D7,c,15,200,0.0153415,8744,6098944,1
std_sort,1000,ascendente,D1,a,1,200,0.002056,4000,6098944,1
std_sort,1000,ascendente,D1,a,2,200,0.002086,4000,6098944,1
std_sort,1000,ascendente,D1,a,3,200,0.0020465,4000,6098944,1
std_sort,1000,ascendente,D1,a,4,200,0.002212,4000,6098944,1
std_sort,1000,ascendente,D1,a,5,200,0.002086,4000,6098944,1
std_sort,1000,ascendente,D1,a,6,200,0.002059,4000,6098944,1
std_sort,1000,ascendente,D1,a,7,200,0.002051,4000,6098944,1
std_sort,1000,ascendente,D1,a,8,200,0.0020565,4000,6098944,1
std_sort,1000,ascendente,D1,a,9,200,0.0020475,4000,6098944,1
std_sort,1000,ascendente,D1,a,10,200,0.002069,4000,6098944,1
std_sort,1000,ascendente,D1,a,11,200,0.00212,4000,6098944,1
std_sort,1000,ascendente,D1,a,12,200,0.002054,4000,6098944,1
std_sort,1000,ascendente,D1,a,13,200,0.002048,4000,6098944,1
std_sort,1000,ascendente,D1,a,14,200,0.0020535,4000,6098944,1
std_sort,1000,ascendente,D1,a,15,200,0.0020745,4000,6098944,1
merge_sort,1000,ascendente,D1,a,1,200,0.007778,8000,6098944,1
merge_sort,1000,ascendente,D1,a,2,200,0.0077015,8000,6098944,1
merge_sort,1000,ascendente,D1,a,3,200,0.007645,8000,6098944,1
merge_sort,1000,ascendente,D1,a,4,200,0.0076465,8000,6098944,1
merge_sort,1000,ascendente,D1,a,5,200,0.0076515,8000,6098944,1
merge_sort,1000,ascendente,D1,a,6,200,0.0076595,8000,6098944,1
merge_sort,1000,ascendente,D1,a,7,200,0.0076155,8000,6098944,1
merge_sort,1000,ascendente,D1,a,8,200,0.0076215,8000,6098944,1
merge_sort,1000,ascendente,D1,a,9,200,0.008058,8000,6098944,1
merge_sort,1000,ascendente,D1,a,10,200,0.0076445,8000,6098944,1
merge_sort,1000,ascendente,D1,a,11,200,0.007624,8000,6098944,1
merge_sort,1000,ascendente,D1,a,12,200,0.007649,8000,6098944,1
merge_sort,1000,ascendente,D1,a,13,200,0.0076695,8000,6098944,1
merge_sort,1000,ascendente,D1,a,14,200,0.007661,8000,6098944,1
merge_sort,1000,ascendente,D1,a,15,200,0.0077125,8000,6098944,1
quick_sort,1000,ascendente,D1,a,1,200,0.007031,4000,6098944,1
quick_sort,1000,ascendente,D1,a,2,200,0.0068185,4000,6098944,1
quick_sort,1000,ascendente,D1,a,3,200,0.006793,4000,6098944,1
quick_sort,1000,ascendente,D1,a,4,200,0.0068795,4000,6098944,1
quick_sort,1000,ascendente,D1,a,5,200,0.0069095,4000,6098944,1
quick_sort,1000,ascendente,D1,a,6,200,0.0076855,4000,6098944,1
quick_sort,1000,ascendente,D1,a,7,200,0.006953,4000,6098944,1
quick_sort,1000,ascendente,D1,a,8,200,0.006788,4000,6098944,1
quick_sort,1000,ascendente,D1,a,9,200,0.006951,4000,6098944,1
quick_sort,1000,ascendente,D1,a,10,200,0.0072295,4000,6098944,1
quick_sort,1000,ascendente,D1,a,11,200,0.0068175,4000,6098944,1
quick_sort,1000,ascendente,D1,a,12,200,0.0068,4000,6098944,1
quick_sort,1000,ascendente,D1,a,13,200,0.006781,4000,6098944,1
quick_sort,1000,ascendente,D1,a,14,200,0.006772,4000,6098944,1
quick_sort,1000,ascendente,D1,a,15,200,0.0067865,4000,6098944,1
patience_sort,1000,ascendente,D1,a,1,200,0.008278,8336,6098944,1
patience_sort,1000,ascendente,D1,a,2,200,0.0083305,8336,6098944,1
patience_sort,1000,ascendente,D1,a,3,200,0.008596,8336,6098944,1
patience_sort,1000,ascendente,D1,a,4,200,0.008331,8336,6098944,1
patience_sort,1000,ascendente,D1,a,5,200,0.0083,8336,6098944,1
patience_sort,1000,ascendente,D1,a,6,200,0.008307,8336,6098944,1
patience_sort,1000,ascendente,D1,a,7,200,0.008296,8336,6098944,1
patience_sort,1000,ascendente,D1,a,8,200,0.0082795,8336,6098944,1
patience_sort,1000,ascendente,D1,a,9,200,0.00828,8336,6098944,1
patience_sort,1000,ascendente,D1,a,10,200,0.008292,8336,6098944,1
patience_sort,1000,ascendente,D1,a,11,200,0.0083925,8336,6098944,1
patience_sort,1000,ascendente,D1,a,12,200,0.008286,8336,6098944,1
patience_sort,1000,ascendente,D1,a,13,200,0.0082815,8336,6098944,1
patience_sort,1000,ascendente,D1,a,14,200,0.0083065,8336,6098944,1
patience_sort,1000,ascendente,D1,a,15,200,0.0082875,8336,6098944,1
std_sort,1000,ascendente,D1,b,1,200,0.0020895,4000,6098944,1
std_sort,1000,ascendente,D1,b,2,200,0.0020725,4000,6098944,1
std_sort,1000,ascendente,D1,b,3,200,0.0020665,4000,6098944,1
std_sort,1000,ascendente,D1,b,4,200,0.002064,4000,6098944,1
std_sort,1000,ascendente,D1,b,5,200,0.002094,4000,6098944,1
std_sort,1000,ascendente,D1,b,6,200,0.0020805,4000,6098944,1
std_sort,1000,ascendente,D1,b,7,200,0.0020755,4000,6098944,1
std_sort,1000,ascendente,D1,b,8,200,0.00207,4000,6098944,1
std_sort,1000,ascendente,D1,b,9,200,0.002075,4000,6098944,1
std_sort,1000,ascendente,D1,b,10,200,0.0020945,4000,6098944,1
std_sort,1000,ascendente,D1,b,11,200,0.0020775,4000,6098944,1
std_sort,1000,ascendente,D1,b,12,200,0.002081,4000,6098944,1
std_sort,1000,ascendente,D1,b,13,200,0.002079,4000,6098944,1
std_sort,1000,ascendente,D1,b,14,200,0.0020935,4000,6098944,1
std_sort,1000,ascendente,D1,b,15,200,0.002084,4000,6098944,1
merge_sort,1000,ascendente,D1,b,1,200,0.007836,8000,6107136,1
merge_sort,1000,ascendente,D1,b,2,200,0.0075745,8000,6107136,1
merge_sort,1000,ascendente,D1,b,3,200,0.0075975,8000,6107136,1
merge_sort,1000,ascendente,D1,b,4,200,0.00759,8000,6107136,1
merge_sort,1000,ascendente,D1,b,5,200,0.0076045,8000,6107136,1
merge_sort,1000,ascendente,D1,b,6,200,0.007599,8000,6107136,1
merge_sort,1000,ascendente,D1,b,7,200,0.0076145,8000,6107136,1
merge_sort,1000,ascendente,D1,b,8,200,0.0076005,8000,6107136,1
merge_sort,1000,ascendente,D1,b,9,200,0.007599,8000,6107136,1
merge_sort,1000,ascendente,D1,b,10,200,0.007686,8000,6107136,1
merge_sort,1000,ascendente,D1,b,11,200,0.007586,8000,6107136,1
merge_sort,1000,ascendente,D1,b,12,200,0.007533,8000,6107136,1
merge_sort,1000,ascendente,D1,b,13,200,0.0075605,8000,6107136,1
merge_sort,1000,ascendente,D1,b,14,200,0.007721,8000,6107136,1
merge_sort,1000,ascendente,D1,b,15,200,0.0075725,8000,6107136,1
quick_sort,1000,ascendente,D1,b,1,200,0.0069235,4000,6107136,1
quick_sort,1000,ascendente,D1,b,2,200,0.00695,4000,6107136,1
quick_sort,1000,ascendente,D1,b,3,200,0.0068435,4000,6107136,1
quick_sort,1000,ascendente,D1,b,4,200,0.006881,4000,6107136,1
quick_sort,1000,ascendente,D1,b,5,200,0.0069155,4000,6107136,1
quick_sort,1000,ascendente,D1,b,6,200,0.0069455,4000,6107136,1
quick_sort,1000,ascendente,D1,b,7,200,0.0068975,4000,6107136,1
quick_sort,1000,ascendente,D1,b,8,200,0.006818,4000,6107136,1
quick_sort,1000,ascendente,D1,b,9,200,0.006831,4000,6107136,1
quick_sort,1000,ascendente,D1,b,10,200,0.0068465,4000,6107136,1
quick_sort,1000,ascendente,D1,b,11,200,0.0069055,4000,6107136,1
quick_sort,1000,ascendente,D1,b,12,200,0.006821,4000,6107136,1
quick_sort,1000,ascendente,D1,b,13,200,0.0068335,4000,6107136,1
quick_sort,1000,ascendente,D1,b,14,200,0.006957,4000,6107136,1
quick_sort,1000,ascendente,D1,b,15,200,0.006949,4000,6107136,1
patience_sort,1000,ascendente,D1,b,1,200,0.0084575,8336,6107136,1
patience_sort,1000,ascendente,D1,b,2,200,0.008283,8336,6107136,1
patience_sort,1000,ascendente,D1,b,3,200,0.0082645,8336,6107136,1
patience_sort,1000,ascendente,D1,b,4,200,0.008314,8336,6107136,1
patience_sort,1000,ascendente,D1,b,5,200,0.0083335,8336,6107136,1
patience_sort,1000,ascendente,D1,b,6,200,0.0082695,8336,6107136,1
patience_sort,1000,ascendente,D1,b,7,200,0.0083135,8336,6107136,1
patience_sort,1000,ascendente,D1,b,8,200,0.0082995,8336,6107136,1
patience_sort,1000,ascendente,D1,b,9,200,0.008253,8336,6107136,1
patience_sort,1000,ascendente,D1,b,10,200,0.008291,8336,6107136,1
patience_sort,1000,ascendente,D1,b,11,200,0.0082975,8336,6107136,1
patience_sort,1000,ascendente,D1,b,12,200,0.0083225,8336,6107136,1
patience_sort,1000,ascendente,D1,b,13,200,0.008256,8336,6107136,1
patience_sort,1000,ascendente,D1,b,14,200,0.0082795,8336,6107136,1
patience_sort,1000,ascendente,D1,b,15,200,0.008273,8336,6107136,1
std_sort,1000,ascendente,D1,c,1,200,0.0020795,4000,6107136,1
std_sort,1000,ascendente,D1,c,2,200,0.002068,4000,6107136,1
std_sort,1000,ascendente,D1,c,3,200,0.002086,4000,6107136,1
std_sort,1000,ascendente,D1,c,4,200,0.002058,4000,6107136,1
std_sort,1000,ascendente,D1,c,5,200,0.0020785,4000,6107136,1
std_sort,1000,ascendente,D1,c,6,200,0.002065,4000,6107136,1
std_sort,1000,ascendente,D1,c,7,200,0.002066,4000,6107136,1
std_sort,1000,ascendente,D1,c,8,200,0.002095,4000,6107136,1
std_sort,1000,ascendente,D1,c,9,200,0.002059,4000,6107136,1
std_sort,1000,ascendente,D1,c,10,200,0.0020635,4000,6107136,1
std_sort,1000,ascendente,D1,c,11,200,0.0020615,4000,6107136,1
std_sort,1000,ascendente,D1,c,12,200,0.0021195,4000,6107136,1
std_sort,1000,ascendente,D1,c,13,200,0.0020675,4000,6107136,1
std_sort,1000,ascendente,D1,c,14,200,0.0021435,4000,6107136,1
std_sort,1000,ascendente,D1,c,15,200,0.0020655,4000,6107136,1
merge_sort,1000,ascendente,D1,c,1,200,0.007654,8000,6107136,1
merge_sort,1000,ascendente,D1,c,2,200,0.007603,8000,6107136,1
merge_sort,1000,ascendente,D1,c,3,200,0.0077395,8000,6107136,1
merge_sort,1000,ascendente,D1,c,4,200,0.0076255,8000,6107136,1
merge_sort,1000,ascendente,D1,c,5,200,0.00761,8000,6107136,1
merge_sort,1000,ascendente,D1,c,6,200,0.0076325,8000,6107136,1
merge_sort,1000,ascendente,D1,c,7,200,0.007659,8000,6107136,1
merge_sort,1000,ascendente,D1,c,8,200,0.0076205,8000,6107136,1
merge_sort,1000,ascendente,D1,c,9,200,0.0076805,8000,6107136,1
merge_sort,1000,ascendente,D1,c,10,200,0.007602,8000,6107136,1
merge_sort,1000,ascendente,D1,c,11,200,0.007636,8000,6107136,1
merge_sort,1000,ascendente,D1,c,12,200,0.007584,8000,6107136,1
merge_sort,1000,ascendente,D1,c,13,200,0.0076135,8000,6107136,1
merge_sort,1000,ascendente,D1,c,14,200,0.007609,8000,6107136,1
merge_sort,1000,ascendente,D1,c,15,200,0.007583,8000,6107136,1
quick_sort,1000,ascendente,D1,c,1,200,0.006718,4000,6107136,1
quick_sort,1000,ascendente,D1,c,2,200,0.006691,4000,6107136,1
quick_sort,1000,ascendente,D1,c,3,200,0.0067675,4000,6107136,1
quick_sort,1000,ascendente,D1,c,4,200,0.0066615,4000,6107136,1
quick_sort,1000,ascendente,D1,c,5,200,0.006727,4000,6107136,1
quick_sort,1000,ascendente,D1,c,6,200,0.006636,4000,6107136,1
quick_sort,1000,ascendente,D1,c,7,200,0.007215,4000,6107136,1
quick_sort,1000,ascendente,D1,c,8,200,0.0066085,4000,6107136,1
quick_sort,1000,ascendente,D1,c,9,200,0.0068205,4000,6107136,1
quick_sort,1000,ascendente,D1,c,10,200,0.0066455,4000,6107136,1
quick_sort,1000,ascendente,D1,c,11,200,0.0066055,4000,6107136,1
quick_sort,1000,ascendente,D1,c,12,200,0.0066785,4000,6107136,1
quick_sort,1000,ascendente,D1,c,13,200,0.0066775,4000,6107136,1
quick_sort,1000,ascendente,D1,c,14,200,0.0066115,4000,6107136,1
quick_sort,1000,ascendente,D1,c,15,200,0.0067745,4000,6107136,1
patience_sort,1000,ascendente,D1,c,1,200,0.0083435,8336,6107136,1
patience_sort,1000,ascendente,D1,c,2,200,0.008332,8336,6107136,1
patience_sort,1000,ascendente,D1,c,3,200,0.008421,8336,6107136,1
patience_sort,1000,ascendente,D1,c,4,200,0.008249,8336,6107136,1
patience_sort,1000,ascendente,D1,c,5,200,0.0082985,8336,6107136,1
patience_sort,1000,ascendente,D1,c,6,200,0.0082955,8336,6107136,1
patience_sort,1000,ascendente,D1,c,7,200,0.0082445,8336,6107136,1
patience_sort,1000,ascendente,D1,c,8,200,0.0082575,8336,6107136,1
patience_sort,1000,ascendente,D1,c,9,200,0.008236,8336,6107136,1
patience_sort,1000,ascendente,D1,c,10,200,0.0083005,8336,6107136,1
patience_sort,1000,ascendente,D1,c,11,200,0.00829,8336,6107136,1
patience_sort,1000,ascendente,D1,c,12,200,0.008337,8336,6107136,1
patience_sort,1000,ascendente,D1,c,13,200,0.008268,8336,6107136,1
patience_sort,1000,ascendente,D1,c,14,200,0.0082625,8336,6107136,1
patience_sort,1000,ascendente,D1,c,15,200,0.0082505,8336,6107136,1
std_sort,1000,ascendente,D7,a,1,200,0.0027355,4000,6107136,1
std_sort,1000,ascendente,D7,a,2,200,0.002944,4000,6107136,1
std_sort,1000,ascendente,D7,a,3,200,0.002782,4000,6107136,1
std_sort,1000,ascendente,D7,a,4,200,0.0027835,4000,6107136,1
std_sort,1000,ascendente,D7,a,5,200,0.0028325,4000,6107136,1
std_sort,1000,ascendente,D7,a,6,200,0.00276,4000,6107136,1
std_sort,1000,ascendente,D7,a,7,200,0.002773,4000,6107136,1
std_sort,1000,ascendente,D7,a,8,200,0.0027525,4000,6107136,1
std_sort,1000,ascendente,D7,a,9,200,0.0027785,4000,6107136,1
std_sort,1000,ascendente,D7,a,10,200,0.002766,4000,6107136,1
std_sort,1000,ascendente,D7,a,11,200,0.002804,4000,6107136,1
std_sort,1000,ascendente,D7,a,12,200,0.002785,4000,6107136,1
std_sort,1000,ascendente,D7,a,13,200,0.003596,4000,6107136,1
std_sort,1000,ascendente,D7,a,14,200,0.0027945,4000,6107136,1
std_sort,1000,ascendente,D7,a,15,200,0.002784,4000,6107136,1
merge_sort,1000,ascendente,D7,a,1,200,0.007555,8000,6107136,1
merge_sort,1000,ascendente,D7,a,2,200,0.0075985,8000,6107136,1
merge_sort,1000,ascendente,D7,a,3,200,0.007756,8000,6107136,1
merge_sort,1000,ascendente,D7,a,4,200,0.0076795,8000,6107136,1
merge_sort,1000,ascendente,D7,a,5,200,0.0076055,8000,6107136,1
merge_sort,1000,ascendente,D7,a,6,200,0.0075875,8000,6107136,1
merge_sort,1000,ascendente,D7,a,7,200,0.007624,8000,6107136,1
merge_sort,1000,ascendente,D7,a,8,200,0.0076135,8000,6107136,1
merge_sort,1000,ascendente,D7,a,9,200,0.0076,8000,6107136,1
merge_sort,1000,ascendente,D7,a,10,200,0.007589,8000,6107136,1
merge_sort,1000,ascendente,D7,a,11,200,0.007687,8000,6107136,1
merge_sort,1000,ascendente,D7,a,12,200,0.007608,8000,6107136,1
merge_sort,1000,ascendente,D7,a,13,200,0.007621,8000,6107136,1
merge_sort,1000,ascendente,D7,a,14,200,0.007614,8000,6107136,1
merge_sort,1000,ascendente,D7,a,15,200,0.0076165,8000,6107136,1
quick_sort,1000,ascendente,D7,a,1,200,0.005723,4000,6107136,1
quick_sort,1000,ascendente,D7,a,2,200,0.005762,4000,6107136,1
quick_sort,1000,ascendente,D7,a,3,200,0.005656,4000,6107136,1
quick_sort,1000,ascendente,D7,a,4,200,0.0056755,4000,6107136,1
quick_sort,1000,ascendente,D7,a,5,200,0.0056785,4000,6107136,1
quick_sort,1000,ascendente,D7,a,6,200,0.00569,4000,6107136,1
quick_sort,1000,ascendente,D7,a,7,200,0.005656,4000,6107136,1
quick_sort,1000,ascendente,D7,a,8,200,0.0057835,4000,6107136,1
quick_sort,1000,ascendente,D7,a,9,200,0.0057605,4000,6107136,1
quick_sort,1000,ascendente,D7,a,10,200,0.00569,4000,6107136,1
quick_sort,1000,ascendente,D7,a,11,200,0.005704,4000,6107136,1
quick_sort,1000,ascendente,D7,a,12,200,0.0055795,4000,6107136,1
quick_sort,1000,ascendente,D7,a,13,200,0.00566,4000,6107136,1
quick_sort,1000,ascendente,D7,a,14,200,0.005649,4000,6107136,1
quick_sort,1000,ascendente,D7,a,15,200,0.0058045,4000,6107136,1
patience_sort,1000,ascendente,D7,a,1,200,0.0224035,20096,6107136,1
patience_sort,1000,ascendente,D7,a,2,200,0.022422,20096,6107136,1
patience_sort,1000,ascendente,D7,a,3,200,0.0223965,20096,6107136,1
patience_sort,1000,ascendente,D7,a,4,200,0.022466,20096,6107136,1
patience_sort,1000,ascendente,D7,a,5,200,0.022415,20096,6107136,1
patience_sort,1000,ascendente,D7,a,6,200,0.0225945,20096,6107136,1
patience_sort,1000,ascendente,D7,a,7,200,0.0241335,20096,6107136,1
patience_sort,1000,ascendente,D7,a,8,200,0.022636,20096,6107136,1
patience_sort,1000,ascendente,D7,a,9,200,0.023046,20096,6107136,1
patience_sort,1000,ascendente,D7,a,10,200,0.0224285,20096,6107136,1
patience_sort,1000,ascendente,D7,a,11,200,0.0227645,20096,6107136,1
patience_sort,1000,ascendente,D7,a,12,200,0.0225315,20096,6107136,1
patience_sort,1000,ascendente,D7,a,13,200,0.0230195,20096,6107136,1
patience_sort,1000,ascendente,D7,a,14,200,0.0225615,20096,6107136,1
patience_sort,1000,ascendente,D7,a,15,200,0.0226285,20096,6107136,1
std_sort,1000,ascendente,D7,b,1,200,0.002764,4000,6250496,1
std_sort,1000,ascendente,D7,b,2,200,0.002683,4000,6250496,1
std_sort,1000,ascendente,D7,b,3,200,0.0028905,4000,6250496,1
std_sort,1000,ascendente,D7,b,4,200,0.002865,4000,6250496,1
std_sort,1000,ascendente,D7,b,5,200,0.0028095,4000,6250496,1
std_sort,1000,ascendente,D7,b,6,200,0.002795,4000,6250496,1
std_sort,1000,ascendente,D7,b,7,200,0.002772,4000,6250496,1
std_sort,1000,ascendente,D7,b,8,200,0.002739,4000,6250496,1
std_sort,1000,ascendente,D7,b,9,200,0.0028095,4000,6250496,1
std_sort,1000,ascendente,D7,b,10,200,0.002772,4000,6250496,1
std_sort,1000,ascendente,D7,b,11,200,0.0027855,4000,6250496,1
std_sort,1000,ascendente,D7,b,12,200,0.002773,4000,6250496,1
std_sort,1000,ascendente,D7,b,13,200,0.003812,4000,6250496,1
std_sort,1000,ascendente,D7,b,14,200,0.0027475,4000,6250496,1
std_sort,1000,ascendente,D7,b,15,200,0.0027355,4000,6250496,1
merge_sort,1000,ascendente,D7,b,1,200,0.00765,8000,6254592,1
merge_sort,1000,ascendente,D7,b,2,200,0.007544,8000,6254592,1
merge_sort,1000,ascendente,D7,b,3,200,0.0080355,8000,6254592,1
merge_sort,1000,ascendente,D7,b,4,200,0.0076705,8000,6254592,1
merge_sort,1000,ascendente,D7,b,5,200,0.0076515,8000,6254592,1
merge_sort,1000,ascendente,D7,b,6,200,0.0077425,8000,6254592,1
merge_sort,1000,ascendente,D7,b,7,200,0.0078265,8000,6254592,1
merge_sort,1000,ascendente,D7,b,8,200,0.007638,8000,6254592,1
merge_sort,1000,ascendente,D7,b,9,200,0.0076915,8000,6254592,1
merge_sort,1000,ascendente,D7,b,10,200,0.0075955,8000,6254592,1
merge_sort,1000,ascendente,D7,b,11,200,0.007758,8000,6254592,1
merge_sort,1000,ascendente,D7,b,12,200,0.0076515,8000,6254592,1
merge_sort,1000,ascendente,D7,b,13,200,0.007755,8000,6254592,1
merge_sort,1000,ascendente,D7,b,14,200,0.007693,8000,6254592,1
merge_sort,1000,ascendente,D7,b,15,200,0.0079945,8000,6254592,1
quick_sort,1000,ascendente,D7,b,1,200,0.00568,4000,6254592,1
quick_sort,1000,ascendente,D7,b,2,200,0.0057255,4000,6254592,1
quick_sort,1000,ascendente,D7,b,3,200,0.00579,4000,6254592,1
quick_sort,1000,ascendente,D7,b,4,200,0.00578,4000,6254592,1
quick_sort,1000,ascendente,D7,b,5,200,0.006012,4000,6254592,1
quick_sort,1000,ascendente,D7,b,6,200,0.005666,4000,6254592,1
quick_sort,1000,ascendente,D7,b,7,200,0.005704,4000,6254592,1
quick_sort,1000,ascendente,D7,b,8,200,0.0058155,4000,6254592,1
quick_sort,1000,ascendente,D7,b,9,200,0.005703,4000,6254592,1
quick_sort,1000,ascendente,D7,b,10,200,0.00585,4000,6254592,1
quick_sort,1000,ascendente,D7,b,11,200,0.0058665,4000,6254592,1
quick_sort,1000,ascendente,D7,b,12,200,0.005809,4000,6254592,1
quick_sort,1000,ascendente,D7,b,13,200,0.0054715,4000,6254592,1
quick_sort,1000,ascendente,D7,b,14,200,0.005951,4000,6254592,1
quick_sort,1000,ascendente,D7,b,15,200,0.0057545,4000,6254592,1
patience_sort,1000,ascendente,D7,b,1,200,0.0224905,20096,6254592,1
patience_sort,1000,ascendente,D7,b,2,200,0.0226555,20096,6254592,1
patience_sort,1000,ascendente,D7,b,3,200,0.02309,20096,6254592,1
patience_sort,1000,ascendente,D7,b,4,200,0.0222425,20096,6254592,1
patience_sort,1000,ascendente,D7,b,5,200,0.0221745,20096,6254592,1
patience_sort,1000,ascendente,D7,b,6,200,0.022288,20096,6254592,1
patience_sort,1000,ascendente,D7,b,7,200,0.0223195,20096,6254592,1
patience_sort,1000,ascendente,D7,b,8,200,0.0221805,20096,6254592,1
patience_sort,1000,ascendente,D7,b,9,200,0.022175,20096,6254592,1
patience_sort,1000,ascendente,D7,b,10,200,0.0222325,20096,6254592,1
patience_sort,1000,ascendente,D7,b,11,200,0.022242,20096,6254592,1
patience_sort,1000,ascendente,D7,b,12,200,0.0222335,20096,6254592,1
patience_sort,1000,ascendente,D7,b,13,200,0.022179,20096,6254592,1
patience_sort,1000,ascendente,D7,b,14,200,0.0221325,20096,6254592,1
patience_sort,1000,ascendente,D7,b,15,200,0.022175,20096,6254592,1
std_sort,1000,ascendente,D7,c,1,200,0.0028145,4000,6356992,1
std_sort,1000,ascendente,D7,c,2,200,0.0027065,4000,6356992,1
std_sort,1000,ascendente,D7,c,3,200,0.002728,4000,6356992,1
std_sort,1000,ascendente,D7,c,4,200,0.002683,4000,6356992,1
std_sort,1000,ascendente,D7,c,5,200,0.002738,4000,6356992,1
std_sort,1000,ascendente,D7,c,6,200,0.002732,4000,6356992,1
std_sort,1000,ascendente,D7,c,7,200,0.0028225,4000,6356992,1
std_sort,1000,ascendente,D7,c,8,200,0.0027925,4000,6356992,1
std_sort,1000,ascendente,D7,c,9,200,0.002795,4000,6356992,1
std_sort,1000,ascendente,D7,c,10,200,0.002773,4000,6356992,1
std_sort,1000,ascendente,D7,c,11,200,0.0027785,4000,6356992,1
std_sort,1000,ascendente,D7,c,12,200,0.002791,4000,6356992,1
std_sort,1000,ascendente,D7,c,13,200,0.0027625,4000,6356992,1
std_sort,1000,ascendente,D7,c,14,200,0.00278,4000,6356992,1
std_sort,1000,ascendente,D7,c,15,200,0.002741,4000,6356992,1
merge_sort,1000,ascendente,D7,c,1,200,0.007681,8000,6361088,1
merge_sort,1000,ascendente,D7,c,2,200,0.007575,8000,6361088,1
merge_sort,1000,ascendente,D7,c,3,200,0.0076045,8000,6361088,1
merge_sort,1000,ascendente,D7,c,4,200,0.0075675,8000,6361088,1
merge_sort,1000,ascendente,D7,c,5,200,0.007608,8000,6361088,1
merge_sort,1000,ascendente,D7,c,6,200,0.007583,8000,6361088,1
merge_sort,1000,ascendente,D7,c,7,200,0.0075735,8000,6361088,1
merge_sort,1000,ascendente,D7,c,8,200,0.007726,8000,6361088,1
merge_sort,1000,ascendente,D7,c,9,200,0.0077495,8000,6361088,1
merge_sort,1000,ascendente,D7,c,10,200,0.007582,8000,6361088,1
merge_sort,1000,ascendente,D7,c,11,200,0.0075905,8000,6361088,1
merge_sort,1000,ascendente,D7,c,12,200,0.0076425,8000,6361088,1
merge_sort,1000,ascendente,D7,c,13,200,0.007733,8000,6361088,1
merge_sort,1000,ascendente,D7,c,14,200,0.0076085,8000,6361088,1
merge_sort,1000,ascendente,D7,c,15,200,0.007594,8000,6361088,1
quick_sort,1000,ascendente,D7,c,1,200,0.0058135,4000,6361088,1
quick_sort,1000,ascendente,D7,c,2,200,0.005702,4000,6361088,1
quick_sort,1000,ascendente,D7,c,3,200,0.0056115,4000,6361088,1
quick_sort,1000,ascendente,D7,c,4,200,0.005781,4000,6361088,1
quick_sort,1000,ascendente,D7,c,5,200,0.005679,4000,6361088,1
quick_sort,1000,ascendente,D7,c,6,200,0.005806,4000,6361088,1
quick_sort,1000,ascendente,D7,c,7,200,0.0057045,4000,6361088,1
quick_sort,1000,ascendente,D7,c,8,200,0.0057875,4000,6361088,1
quick_sort,1000,ascendente,D7,c,9,200,0.005734,4000,6361088,1
quick_sort,1000,ascendente,D7,c,10,200,0.0056715,4000,6361088,1
quick_sort,1000,ascendente,D7,c,11,200,0.005743,4000,6361088,1
quick_sort,1000,ascendente,D7,c,12,200,0.0057025,4000,6361088,1
quick_sort,1000,ascendente,D7,c,13,200,0.0056845,4000,6361088,1
quick_sort,1000,ascendente,D7,c,14,200,0.005722,4000,6361088,1
quick_sort,1000,ascendente,D7,c,15,200,0.005683,4000,6361088,1
patience_sort,1000,ascendente,D7,c,1,200,0.022609,20096,6361088,1
patience_sort,1000,ascendente,D7,c,2,200,0.0222165,20096,6361088,1
patience_sort,1000,ascendente,D7,c,3,200,0.0221795,20096,6361088,1
patience_sort,1000,ascendente,D7,c,4,200,0.022333,20096,6361088,1
patience_sort,1000,ascendente,D7,c,5,200,0.0221845,20096,6361088,1
patience_sort,1000,ascendente,D7,c,6,200,0.022166,20096,6361088,1
patience_sort,1000,ascendente,D7,c,7,200,0.022247,20096,6361088,1
patience_sort,1000,ascendente,D7,c,8,200,0.022241,20096,6361088,1
patience_sort,1000,ascendente,D7,c,9,200,0.0220595,20096,6361088,1
patience_sort,1000,ascendente,D7,c,10,200,0.0220905,20096,6361088,1
patience_sort,1000,ascendente,D7,c,11,200,0.02221,20096,6361088,1
patience_sort,1000,ascendente,D7,c,12,200,0.0228575,20096,6361088,1
patience_sort,1000,ascendente,D7,c,13,200,0.022175,20096,6361088,1
patience_sort,1000,ascendente,D7,c,14,200,0.0224225,20096,6361088,1
patience_sort,1000,ascendente,D7,c,15,200,0.022196,20096,6361088,1
std_sort,1000,descendente,D1,a,1,200,0.0020825,4000,6361088,1
std_sort,1000,descendente,D1,a,2,200,0.0020595,4000,6361088,1
std_sort,1000,descendente,D1,a,3,200,0.002063,4000,6361088,1
std_sort,1000,descendente,D1,a,4,200,0.0020595,4000,6361088,1
std_sort,1000,descendente,D1,a,5,200,0.0020915,4000,6361088,1
std_sort,1000,descendente,D1,a,6,200,0.0020565,4000,6361088,1
std_sort,1000,descendente,D1,a,7,200,0.002075,4000,6361088,1
std_sort,1000,descendente,D1,a,8,200,0.0020585,4000,6361088,1
std_sort,1000,descendente,D1,a,9,200,0.002072,4000,6361088,1
std_sort,1000,descendente,D1,a,10,200,0.002116,4000,6361088,1
std_sort,1000,descendente,D1,a,11,200,0.0020515,4000,6361088,1
std_sort,1000,descendente,D1,a,12,200,0.0020495,4000,6361088,1
std_sort,1000,descendente,D1,a,13,200,0.002061,4000,6361088,1
std_sort,1000,descendente,D1,a,14,200,0.0020585,4000,6361088,1
std_sort,1000,descendente,D1,a,15,200,0.00205,4000,6361088,1
merge_sort,1000,descendente,D1,a,1,200,0.007794,8000,6361088,1
merge_sort,1000,descendente,D1,a,2,200,0.007605,8000,6361088,1
merge_sort,1000,descendente,D1,a,3,200,0.007608,8000,6361088,1
merge_sort,1000,descendente,D1,a,4,200,0.0076115,8000,6361088,1
merge_sort,1000,descendente,D1,a,5,200,0.0075875,8000,6361088,1
merge_sort,1000,descendente,D1,a,6,200,0.0076755,8000,6361088,1
merge_sort,1000,descendente,D1,a,7,200,0.0075645,8000,6361088,1
merge_sort,1000,descendente,D1,a,8,200,0.0075895,8000,6361088,1
merge_sort,1000,descendente,D1,a,9,200,0.007587,8000,6361088,1
merge_sort,1000,descendente,D1,a,10,200,0.0075775,8000,6361088,1
merge_sort,1000,descendente,D1,a,11,200,0.0076845,8000,6361088,1
merge_sort,1000,descendente,D1,a,12,200,0.007591,8000,6361088,1
merge_sort,1000,descendente,D1,a,13,200,0.007607,8000,6361088,1
merge_sort,1000,descendente,D1,a,14,200,0.007544,8000,6361088,1
merge_sort,1000,descendente,D1,a,15,200,0.0076,8000,6361088,1
quick_sort,1000,descendente,D1,a,1,200,0.006415,4000,6361088,1
quick_sort,1000,descendente,D1,a,2,200,0.0063555,4000,6361088,1
quick_sort,1000,descendente,D1,a,3,200,0.0063385,4000,6361088,1
quick_sort,1000,descendente,D1,a,4,200,0.0063375,4000,6361088,1
quick_sort,1000,descendente,D1,a,5,200,0.0063745,4000,6361088,1
quick_sort,1000,descendente,D1,a,6,200,0.0065015,4000,6361088,1
quick_sort,1000,descendente,D1,a,7,200,0.0065305,4000,6361088,1
quick_sort,1000,descendente,D1,a,8,200,0.0063215,4000,6361088,1
quick_sort,1000,descendente,D1,a,9,200,0.006427,4000,6361088,1
quick_sort,1000,descendente,D1,a,10,200,0.0064685,4000,6361088,1
quick_sort,1000,descendente,D1,a,11,200,0.006355,4000,6361088,1
quick_sort,1000,descendente,D1,a,12,200,0.006384,4000,6361088,1
quick_sort,1000,descendente,D1,a,13,200,0.006404,4000,6361088,1
quick_sort,1000,descendente,D1,a,14,200,0.0063565,4000,6361088,1
quick_sort,1000,descendente,D1,a,15,200,0.0063655,4000,6361088,1
patience_sort,1000,descendente,D1,a,1,200,0.005528,8264,6361088,1
patience_sort,1000,descendente,D1,a,2,200,0.00546,8264,6361088,1
patience_sort,1000,descendente,D1,a,3,200,0.005599,8264,6361088,1
patience_sort,1000,descendente,D1,a,4,200,0.0055115,8264,6361088,1
patience_sort,1000,descendente,D1,a,5,200,0.0054605,8264,6361088,1
patience_sort,1000,descendente,D1,a,6,200,0.005544,8264,6361088,1
patience_sort,1000,descendente,D1,a,7,200,0.005434,8264,6361088,1
patience_sort,1000,descendente,D1,a,8,200,0.0054395,8264,6361088,1
patience_sort,1000,descendente,D1,a,9,200,0.0054975,8264,6361088,1
patience_sort,1000,descendente,D1,a,10,200,0.00545,8264,6361088,1
patience_sort,1000,descendente,D1,a,11,200,0.0054585,8264,6361088,1
patience_sort,1000,descendente,D1,a,12,200,0.005456,8264,6361088,1
patience_sort,1000,descendente,D1,a,13,200,0.005484,8264,6361088,1
patience_sort,1000,descendente,D1,a,14,200,0.0054805,8264,6361088,1
patience_sort,1000,descendente,D1,a,15,200,0.0054945,8264,6361088,1
std_sort,1000,descendente,D1,b,1,200,0.0021055,4000,6361088,1
std_sort,1000,descendente,D1,b,2,200,0.002086,4000,6361088,1
std_sort,1000,descendente,D1,b,3,200,0.0020755,4000,6361088,1
std_sort,1000,descendente,D1,b,4,200,0.0020865,4000,6361088,1
std_sort,1000,descendente,D1,b,5,200,0.002077,4000,6361088,1
std_sort,1000,descendente,D1,b,6,200,0.0020925,4000,6361088,1
std_sort,1000,descendente,D1,b,7,200,0.002089,4000,6361088,1
std_sort,1000,descendente,D1,b,8,200,0.0020655,4000,6361088,1
std_sort,1000,descendente,D1,b,9,200,0.0020825,4000,6361088,1
std_sort,1000,descendente,D1,b,10,200,0.0020635,4000,6361088,1
std_sort,1000,descendente,D1,b,11,200,0.0020545,4000,6361088,1
std_sort,1000,descendente,D1,b,12,200,0.0020835,4000,6361088,1
std_sort,1000,descendente,D1,b,13,200,0.0020625,4000,6361088,1
std_sort,1000,descendente,D1,b,14,200,0.0021645,4000,6361088,1
std_sort,1000,descendente,D1,b,15,200,0.0020605,4000,6361088,1
merge_sort,1000,descendente,D1,b,1,200,0.0075905,8000,6361088,1
merge_sort,1000,descendente,D1,b,2,200,0.0075495,8000,6361088,1
merge_sort,1000,descendente,D1,b,3,200,0.0076405,8000,6361088,1
merge_sort,1000,descendente,D1,b,4,200,0.0075975,8000,6361088,1
merge_sort,1000,descendente,D1,b,5,200,0.0075935,8000,6361088,1
merge_sort,1000,descendente,D1,b,6,200,0.007667,8000,6361088,1
merge_sort,1000,descendente,D1,b,7,200,0.0075915,8000,6361088,1
merge_sort,1000,descendente,D1,b,8,200,0.007587,8000,6361088,1
merge_sort,1000,descendente,D1,b,9,200,0.007592,8000,6361088,1
merge_sort,1000,descendente,D1,b,10,200,0.0076095,8000,6361088,1
merge_sort,1000,descendente,D1,b,11,200,0.0075865,8000,6361088,1
merge_sort,1000,descendente,D1,b,12,200,0.0075955,8000,6361088,1
merge_sort,1000,descendente,D1,b,13,200,0.0076605,8000,6361088,1
merge_sort,1000,descendente,D1,b,14,200,0.0076075,8000,6361088,1
merge_sort,1000,descendente,D1,b,15,200,0.007576,8000,6361088,1
quick_sort,1000,descendente,D1,b,1,200,0.00655,4000,6361088,1
quick_sort,1000,descendente,D1,b,2,200,0.0064635,4000,6361088,1
quick_sort,1000,descendente,D1,b,3,200,0.006399,4000,6361088,1
quick_sort,1000,descendente,D1,b,4,200,0.006449,4000,6361088,1
quick_sort,1000,descendente,D1,b,5,200,0.00638,4000,6361088,1
quick_sort,1000,descendente,D1,b,6,200,0.0063675,4000,6361088,1
quick_sort,1000,descendente,D1,b,7,200,0.006332,4000,6361088,1
quick_sort,1000,descendente,D1,b,8,200,0.006402,4000,6361088,1
quick_sort,1000,descendente,D1,b,9,200,0.0064585,4000,6361088,1
quick_sort,1000,descendente,D1,b,10,200,0.006362,4000,6361088,1
quick_sort,1000,descendente,D1,b,11,200,0.0067575,4000,6361088,1
quick_sort,1000,descendente,D1,b,12,200,0.006467,4000,6361088,1
quick_sort,1000,descendente,D1,b,13,200,0.006406,4000,6361088,1
quick_sort,1000,descendente,D1,b,14,200,0.006455,4000,6361088,1
quick_sort,1000,descendente,D1,b,15,200,0.006373,4000,6361088,1
patience_sort,1000,descendente,D1,b,1,200,0.005563,8264,6361088,1
patience_sort,1000,descendente,D1,b,2,200,0.0055015,8264,6361088,1
patience_sort,1000,descendente,D1,b,3,200,0.0054905,8264,6361088,1
patience_sort,1000,descendente,D1,b,4,200,0.00547,8264,6361088,1
patience_sort,1000,descendente,D1,b,5,200,0.0055095,8264,6361088,1
patience_sort,1000,descendente,D1,b,6,200,0.0054805,8264,6361088,1
patience_sort,1000,descendente,D1,b,7,200,0.005493,8264,6361088,1
patience_sort,1000,descendente,D1,b,8,200,0.0054815,8264,6361088,1
patience_sort,1000,descendente,D1,b,9,200,0.00545,8264,6361088,1
patience_sort,1000,descendente,D1,b,10,200,0.0055615,8264,6361088,1
patience_sort,1000,descendente,D1,b,11,200,0.005459,8264,6361088,1
patience_sort,1000,descendente,D1,b,12,200,0.0054865,8264,6361088,1
patience_sort,1000,descendente,D1,b,13,200,0.00543,8264,6361088,1
patience_sort,1000,descendente,D1,b,14,200,0.0055275,8264,6361088,1
patience_sort,1000,descendente,D1,b,15,200,0.005505,8264,6361088,1
std_sort,1000,descendente,D1,c,1,200,0.0020855,4000,6361088,1
std_sort,1000,descendente,D1,c,2,200,0.0020445,4000,6361088,1
std_sort,1000,descendente,D1,c,3,200,0.002087,4000,6361088,1
std_sort,1000,descendente,D1,c,4,200,0.002059,4000,6361088,1
std_sort,1000,descendente,D1,c,5,200,0.00206,4000,6361088,1
std_sort,1000,descendente,D1,c,6,200,0.0020455,4000,6361088,1
std_sort,1000,descendente,D1,c,7,200,0.0020445,4000,6361088,1
std_sort,1000,descendente,D1,c,8,200,0.0020505,4000,6361088,1
std_sort,1000,descendente,D1,c,9,200,0.002062,4000,6361088,1
std_sort,1000,descendente,D1,c,10,200,0.0020625,4000,6361088,1
std_sort,1000,descendente,D1,c,11,200,0.002038,4000,6361088,1
std_sort,1000,descendente,D1,c,12,200,0.0020385,4000,6361088,1
std_sort,1000,descendente,D1,c,13,200,0.002058,4000,6361088,1
std_sort,1000,descendente,D1,c,14,200,0.0020535,4000,6361088,1
std_sort,1000,descendente,D1,c,15,200,0.002046,4000,6361088,1
merge_sort,1000,descendente,D1,c,1,200,0.0075765,8000,6361088,1
merge_sort,1000,descendente,D1,c,2,200,0.007822,8000,6361088,1
merge_sort,1000,descendente,D1,c,3,200,0.0076045,8000,6361088,1
merge_sort,1000,descendente,D1,c,4,200,0.007606,8000,6361088,1
merge_sort,1000,descendente,D1,c,5,200,0.007607,8000,6361088,1
merge_sort,1000,descendente,D1,c,6,200,0.0076295,8000,6361088,1
merge_sort,1000,descendente,D1,c,7,200,0.007627,8000,6361088,1
merge_sort,1000,descendente,D1,c,8,200,0.007614,8000,6361088,1
merge_sort,1000,descendente,D1,c,9,200,0.007805,8000,6361088,1
merge_sort,1000,descendente,D1,c,10,200,0.007591,8000,6361088,1
merge_sort,1000,descendente,D1,c,11,200,0.007639,8000,6361088,1
merge_sort,1000,descendente,D1,c,12,200,0.007618,8000,6361088,1
merge_sort,1000,descendente,D1,c,13,200,0.0078095,8000,6361088,1
merge_sort,1000,descendente,D1,c,14,200,0.007606,8000,6361088,1
merge_sort,1000,descendente,D1,c,15,200,0.0076525,8000,6361088,1
quick_sort,1000,descendente,D1,c,1,200,0.006593,4000,6361088,1
quick_sort,1000,descendente,D1,c,2,200,0.006469,4000,6361088,1
quick_sort,1000,descendente,D1,c,3,200,0.006431,4000,6361088,1
quick_sort,1000,descendente,D1,c,4,200,0.006485,4000,6361088,1
quick_sort,1000,descendente,D1,c,5,200,0.006515,4000,6361088,1
quick_sort,1000,descendente,D1,c,6,200,0.006452,4000,6361088,1
quick_sort,1000,descendente,D1,c,7,200,0.0065345,4000,6361088,1
quick_sort,1000,descendente,D1,c,8,200,0.006481,4000,6361088,1
quick_sort,1000,descendente,D1,c,9,200,0.0064855,4000,6361088,1
quick_sort,1000,descendente,D1,c,10,200,0.006475,4000,6361088,1
quick_sort,1000,descendente,D1,c,11,200,0.0064775,4000,6361088,1
quick_sort,1000,descendente,D1,c,12,200,0.0065055,4000,6361088,1
quick_sort,1000,descendente,D1,c,13,200,0.006465,4000,6361088,1
quick_sort,1000,descendente,D1,c,14,200,0.0064435,4000,6361088,1
quick_sort,1000,descendente,D1,c,15,200,0.00647,4000,6361088,1
patience_sort,1000,descendente,D1,c,1,200,0.005528,8264,6361088,1
patience_sort,1000,descendente,D1,c,2,200,0.005504,8264,6361088,1
patience_sort,1000,descendente,D1,c,3,200,0.0054625,8264,6361088,1
patience_sort,1000,descendente,D1,c,4,200,0.0054975,8264,6361088,1
patience_sort,1000,descendente,D1,c,5,200,0.005478,8264,6361088,1
patience_sort,1000,descendente,D1,c,6,200,0.0054585,8264,6361088,1
patience_sort,1000,descendente,D1,c,7,200,0.0054415,8264,6361088,1
patience_sort,1000,descendente,D1,c,8,200,0.0054135,8264,6361088,1
patience_sort,1000,descendente,D1,c,9,200,0.0053695,8264,6361088,1
patience_sort,1000,descendente,D1,c,10,200,0.005641,8264,6361088,1
patience_sort,1000,descendente,D1,c,11,200,0.005421,8264,6361088,1
patience_sort,1000,descendente,D1,c,12,200,0.005366,8264,6361088,1
patience_sort,1000,descendente,D1,c,13,200,0.0055685,8264,6361088,1
patience_sort,1000,descendente,D1,c,14,200,0.005608,8264,6361088,1
patience_sort,1000,descendente,D1,c,15,200,0.0055615,8264,6361088,1
std_sort,1000,descendente,D7,a,1,200,0.00186,4000,6361088,1
std_sort,1000,descendente,D7,a,2,200,0.0020615,4000,6361088,1
std_sort,1000,descendente,D7,a,3,200,0.001844,4000,6361088,1
std_sort,1000,descendente,D7,a,4,200,0.0018155,4000,6361088,1
std_sort,1000,descendente,D7,a,5,200,0.0017995,4000,6361088,1
std_sort,1000,descendente,D7,a,6,200,0.001867,4000,6361088,1
std_sort,1000,descendente,D7,a,7,200,0.001806,4000,6361088,1
std_sort,1000,descendente,D7,a,8,200,0.002013,4000,6361088,1
std_sort,1000,descendente,D7,a,9,200,0.001833,4000,6361088,1
std_sort,1000,descendente,D7,a,10,200,0.001873,4000,6361088,1
std_sort,1000,descendente,D7,a,11,200,0.001814,4000,6361088,1
std_sort,1000,descendente,D7,a,12,200,0.0017915,4000,6361088,1
std_sort,1000,descendente,D7,a,13,200,0.0018155,4000,6361088,1
std_sort,1000,descendente,D7,a,14,200,0.0017995,4000,6361088,1
std_sort,1000,descendente,D7,a,15,200,0.0017995,4000,6361088,1
merge_sort,1000,descendente,D7,a,1,200,0.0074865,8000,6361088,1
merge_sort,1000,descendente,D7,a,2,200,0.007488,8000,6361088,1
merge_sort,1000,descendente,D7,a,3,200,0.007508,8000,6361088,1
merge_sort,1000,descendente,D7,a,4,200,0.0074905,8000,6361088,1
merge_sort,1000,descendente,D7,a,5,200,0.0073695,8000,6361088,1
merge_sort,1000,descendente,D7,a,6,200,0.0074375,8000,6361088,1
merge_sort,1000,descendente,D7,a,7,200,0.007375,8000,6361088,1
merge_sort,1000,descendente,D7,a,8,200,0.007468,8000,6361088,1
merge_sort,1000,descendente,D7,a,9,200,0.007804,8000,6361088,1
merge_sort,1000,descendente,D7,a,10,200,0.007462,8000,6361088,1
merge_sort,1000,descendente,D7,a,11,200,0.007458,8000,6361088,1
merge_sort,1000,descendente,D7,a,12,200,0.007494,8000,6361088,1
merge_sort,1000,descendente,D7,a,13,200,0.0074965,8000,6361088,1
merge_sort,1000,descendente,D7,a,14,200,0.0074225,8000,6361088,1
merge_sort,1000,descendente,D7,a,15,200,0.007431,8000,6361088,1
quick_sort,1000,descendente,D7,a,1,200,0.006976,4000,6361088,1
quick_sort,1000,descendente,D7,a,2,200,0.0070735,4000,6361088,1
quick_sort,1000,descendente,D7,a,3,200,0.0068715,4000,6361088,1
quick_sort,1000,descendente,D7,a,4,200,0.0068995,4000,6361088,1
quick_sort,1000,descendente,D7,a,5,200,0.006859,4000,6361088,1
quick_sort,1000,descendente,D7,a,6,200,0.0069225,4000,6361088,1
quick_sort,1000,descendente,D7,a,7,200,0.0070315,4000,6361088,1
quick_sort,1000,descendente,D7,a,8,200,0.0068685,4000,6361088,1
quick_sort,1000,descendente,D7,a,9,200,0.006919,4000,6361088,1
quick_sort,1000,descendente,D7,a,10,200,0.006913,4000,6361088,1
quick_sort,1000,descendente,D7,a,11,200,0.0069495,4000,6361088,1
quick_sort,1000,descendente,D7,a,12,200,0.0068785,4000,6361088,1
quick_sort,1000,descendente,D7,a,13,200,0.0069145,4000,6361088,1
quick_sort,1000,descendente,D7,a,14,200,0.0069815,4000,6361088,1
quick_sort,1000,descendente,D7,a,15,200,0.0069795,4000,6361088,1
patience_sort,1000,descendente,D7,a,1,200,0.0055455,8264,6361088,1
patience_sort,1000,descendente,D7,a,2,200,0.0054795,8264,6361088,1
patience_sort,1000,descendente,D7,a,3,200,0.0055335,8264,6361088,1
patience_sort,1000,descendente,D7,a,4,200,0.005438,8264,6361088,1
patience_sort,1000,descendente,D7,a,5,200,0.0054985,8264,6361088,1
patience_sort,1000,descendente,D7,a,6,200,0.0054575,8264,6361088,1
patience_sort,1000,descendente,D7,a,7,200,0.005428,8264,6361088,1
patience_sort,1000,descendente,D7,a,8,200,0.005535,8264,6361088,1
patience_sort,1000,descendente,D7,a,9,200,0.0056315,8264,6361088,1
patience_sort,1000,descendente,D7,a,10,200,0.0056,8264,6361088,1
patience_sort,1000,descendente,D7,a,11,200,0.005531,8264,6361088,1
patience_sort,1000,descendente,D7,a,12,200,0.005613,8264,6361088,1
patience_sort,1000,descendente,D7,a,13,200,0.005549,8264,6361088,1
patience_sort,1000,descendente,D7,a,14,200,0.005729,8264,6361088,1
patience_sort,1000,descendente,D7,a,15,200,0.0055715,8264,6361088,1
std_sort,1000,descendente,D7,b,1,200,0.0018555,4000,6361088,1
std_sort,1000,descendente,D7,b,2,200,0.0018615,4000,6361088,1
std_sort,1000,descendente,D7,b,3,200,0.0018975,4000,6361088,1
std_sort,1000,descendente,D7,b,4,200,0.001839,4000,6361088,1
std_sort,1000,descendente,D7,b,5,200,0.001838,4000,6361088,1
std_sort,1000,descendente,D7,b,6,200,0.0018365,4000,6361088,1
std_sort,1000,descendente,D7,b,7,200,0.0018975,4000,6361088,1
std_sort,1000,descendente,D7,b,8,200,0.001882,4000,6361088,1
std_sort,1000,descendente,D7,b,9,200,0.0018445,4000,6361088,1
std_sort,1000,descendente,D7,b,10,200,0.0018455,4000,6361088,1
std_sort,1000,descendente,D7,b,11,200,0.0020865,4000,6361088,1
std_sort,1000,descendente,D7,b,12,200,0.001837,4000,6361088,1
std_sort,1000,descendente,D7,b,13,200,0.001888,4000,6361088,1
std_sort,1000,descendente,D7,b,14,200,0.00183,4000,6361088,1
std_sort,1000,descendente,D7,b,15,200,0.001852,4000,6361088,1
merge_sort,1000,descendente,D7,b,1,200,0.007598,8000,6361088,1
merge_sort,1000,descendente,D7,b,2,200,0.007616,8000,6361088,1
merge_sort,1000,descendente,D7,b,3,200,0.007493,8000,6361088,1
merge_sort,1000,descendente,D7,b,4,200,0.0075425,8000,6361088,1
merge_sort,1000,descendente,D7,b,5,200,0.0075905,8000,6361088,1
merge_sort,1000,descendente,D7,b,6,200,0.0076755,8000,6361088,1
merge_sort,1000,descendente,D7,b,7,200,0.0076525,8000,6361088,1
merge_sort,1000,descendente,D7,b,8,200,0.007612,8000,6361088,1
merge_sort,1000,descendente,D7,b,9,200,0.0074945,8000,6361088,1
merge_sort,1000,descendente,D7,b,10,200,0.007517,8000,6361088,1
merge_sort,1000,descendente,D7,b,11,200,0.007523,8000,6361088,1
merge_sort,1000,descendente,D7,b,12,200,0.0074925,8000,6361088,1
merge_sort,1000,descendente,D7,b,13,200,0.007482,8000,6361088,1
merge_sort,1000,descendente,D7,b,14,200,0.007507,8000,6361088,1
merge_sort,1000,descendente,D7,b,15,200,0.007518,8000,6361088,1
quick_sort,1000,descendente,D7,b,1,200,0.007049,4000,6361088,1
quick_sort,1000,descendente,D7,b,2,200,0.006855,4000,6361088,1
quick_sort,1000,descendente,D7,b,3,200,0.006912,4000,6361088,1
quick_sort,1000,descendente,D7,b,4,200,0.0070375,4000,6361088,1
quick_sort,1000,descendente,D7,b,5,200,0.0068845,4000,6361088,1
quick_sort,1000,descendente,D7,b,6,200,0.0068785,4000,6361088,1
quick_sort,1000,descendente,D7,b,7,200,0.0070285,4000,6361088,1
quick_sort,1000,descendente,D7,b,8,200,0.0069545,4000,6361088,1
quick_sort,1000,descendente,D7,b,9,200,0.006979,4000,6361088,1
quick_sort,1000,descendente,D7,b,10,200,0.006977,4000,6361088,1
quick_sort,1000,descendente,D7,b,11,200,0.0069415,4000,6361088,1
quick_sort,1000,descendente,D7,b,12,200,0.006945,4000,6361088,1
quick_sort,1000,descendente,D7,b,13,200,0.0072325,4000,6361088,1
quick_sort,1000,descendente,D7,b,14,200,0.0069535,4000,6361088,1
quick_sort,1000,descendente,D7,b,15,200,0.007024,4000,6361088,1
patience_sort,1000,descendente,D7,b,1,200,0.005628,8264,6361088,1
patience_sort,1000,descendente,D7,b,2,200,0.0056945,8264,6361088,1
patience_sort,1000,descendente,D7,b,3,200,0.0055055,8264,6361088,1
patience_sort,1000,descendente,D7,b,4,200,0.005472,8264,6361088,1
patience_sort,1000,descendente,D7,b,5,200,0.005889,8264,6361088,1
patience_sort,1000,descendente,D7,b,6,200,0.005462,8264,6361088,1
patience_sort,1000,descendente,D7,b,7,200,0.005791,8264,6361088,1
patience_sort,1000,descendente,D7,b,8,200,0.005854,8264,6361088,1
patience_sort,1000,descendente,D7,b,9,200,0.005563,8264,6361088,1
patience_sort,1000,descendente,D7,b,10,200,0.005677,8264,6361088,1
patience_sort,1000,descendente,D7,b,11,200,0.0056025,8264,6361088,1
patience_sort,1000,descendente,D7,b,12,200,0.0056145,8264,6361088,1
patience_sort,1000,descendente,D7,b,13,200,0.005607,8264,6361088,1
patience_sort,1000,descendente,D7,b,14,200,0.005576,8264,6361088,1
patience_sort,1000,descendente,D7,b,15,200,0.005593,8264,6361088,1
std_sort,1000,descendente,D7,c,1,200,0.0018465,4000,6361088,1
std_sort,1000,descendente,D7,c,2,200,0.0018495,4000,6361088,1
std_sort,1000,descendente,D7,c,3,200,0.001879,4000,6361088,1
std_sort,1000,descendente,D7,c,4,200,0.0018435,4000,6361088,1
std_sort,1000,descendente,D7,c,5,200,0.001844,4000,6361088,1
std_sort,1000,descendente,D7,c,6,200,0.0018465,4000,6361088,1
std_sort,1000,descendente,D7,c,7,200,0.002366,4000,6361088,1
std_sort,1000,descendente,D7,c,8,200,0.001855,4000,6361088,1
std_sort,1000,descendente,D7,c,9,200,0.0018265,4000,6361088,1
std_sort,1000,descendente,D7,c,10,200,0.0018515,4000,6361088,1
std_sort,1000,descendente,D7,c,11,200,0.0018355,4000,6361088,1
std_sort,1000,descendente,D7,c,12,200,0.0018365,4000,6361088,1
std_sort,1000,descendente,D7,c,13,200,0.0018865,4000,6361088,1
std_sort,1000,descendente,D7,c,14,200,0.001855,4000,6361088,1
std_sort,1000,descendente,D7,c,15,200,0.001856,4000,6361088,1
merge_sort,1000,descendente,D7,c,1,200,0.007577,8000,6361088,1
merge_sort,1000,descendente,D7,c,2,200,0.0075875,8000,6361088,1
merge_sort,1000,descendente,D7,c,3,200,0.007549,8000,6361088,1
merge_sort,1000,descendente,D7,c,4,200,0.0075045,8000,6361088,1
merge_sort,1000,descendente,D7,c,5,200,0.0076575,8000,6361088,1
merge_sort,1000,descendente,D7,c,6,200,0.0075595,8000,6361088,1
merge_sort,1000,descendente,D7,c,7,200,0.0075545,8000,6361088,1
merge_sort,1000,descendente,D7,c,8,200,0.0075295,8000,6361088,1
merge_sort,1000,descendente,D7,c,9,200,0.00744,8000,6361088,1
merge_sort,1000,descendente,D7,c,10,200,0.0075405,8000,6361088,1
merge_sort,1000,descendente,D7,c,11,200,0.0074745,8000,6361088,1
merge_sort,1000,descendente,D7,c,12,200,0.007444,8000,6361088,1
merge_sort,1000,descendente,D7,c,13,200,0.0074515,8000,6361088,1
merge_sort,1000,descendente,D7,c,14,200,0.007433,8000,6361088,1
merge_sort,1000,descendente,D7,c,15,200,0.007511,8000,6361088,1
quick_sort,1000,descendente,D7,c,1,200,0.007005,4000,6361088,1
quick_sort,1000,descendente,D7,c,2,200,0.0069675,4000,6361088,1
quick_sort,1000,descendente,D7,c,3,200,0.0069565,4000,6361088,1
quick_sort,1000,descendente,D7,c,4,200,0.00699,4000,6361088,1
quick_sort,1000,descendente,D7,c,5,200,0.006975,4000,6361088,1
quick_sort,1000,descendente,D7,c,6,200,0.0069455,4000,6361088,1
quick_sort,1000,descendente,D7,c,7,200,0.0068395,4000,6361088,1
quick_sort,1000,descendente,D7,c,8,200,0.007055,4000,6361088,1
quick_sort,1000,descendente,D7,c,9,200,0.007039,4000,6361088,1
quick_sort,1000,descendente,D7,c,10,200,0.0069295,4000,6361088,1
quick_sort,1000,descendente,D7,c,11,200,0.0070795,4000,6361088,1
quick_sort,1000,descendente,D7,c,12,200,0.007051,4000,6361088,1
quick_sort,1000,descendente,D7,c,13,200,0.0068865,4000,6361088,1
quick_sort,1000,descendente,D7,c,14,200,0.0069215,4000,6361088,1
quick_sort,1000,descendente,D7,c,15,200,0.0070385,4000,6361088,1
patience_sort,1000,descendente,D7,c,1,200,0.005639,8264,6361088,1
patience_sort,1000,descendente,D7,c,2,200,0.0055705,8264,6361088,1
patience_sort,1000,descendente,D7,c,3,200,0.005579,8264,6361088,1
patience_sort,1000,descendente,D7,c,4,200,0.0055705,8264,6361088,1
patience_sort,1000,descendente,D7,c,5,200,0.0056555,8264,6361088,1
patience_sort,1000,descendente,D7,c,6,200,0.005578,8264,6361088,1
patience_sort,1000,descendente,D7,c,7,200,0.0056285,8264,6361088,1
patience_sort,1000,descendente,D7,c,8,200,0.0056625,8264,6361088,1
patience_sort,1000,descendente,D7,c,9,200,0.0055795,8264,6361088,1
patience_sort,1000,descendente,D7,c,10,200,0.0055345,8264,6361088,1
patience_sort,1000,descendente,D7,c,11,200,0.005566,8264,6361088,1
patience_sort,1000,descendente,D7,c,12,200,0.0055905,8264,6361088,1
patience_sort,1000,descendente,D7,c,13,200,0.005528,8264,6361088,1
patience_sort,1000,descendente,D7,c,14,200,0.0055495,8264,6361088,1
patience_sort,1000,descendente,D7,c,15,200,0.005548,8264,6361088,1
std_sort,100000,aleatorio,D1,a,1,5,1.15866,400000,7450624,1
std_sort,100000,aleatorio,D1,a,2,5,1.14072,400000,7450624,1
std_sort,100000,aleatorio,D1,a,3,5,1.14862,400000,7450624,1
std_sort,100000,aleatorio,D1,a,4,5,1.1322,400000,7450624,1
std_sort,100000,aleatorio,D1,a,5,5,1.13092,400000,7450624,1
std_sort,100000,aleatorio,D1,a,6,5,1.15144,400000,7450624,1
std_sort,100000,aleatorio,D1,a,7,5,1.1357,400000,7450624,1
merge_sort,100000,aleatorio,D1,a,1,5,2.55858,800000,9056256,1
merge_sort,100000,aleatorio,D1,a,2,5,2.65452,800000,9056256,1
merge_sort,100000,aleatorio,D1,a,3,5,2.49568,800000,9056256,1
merge_sort,100000,aleatorio,D1,a,4,5,2.55638,800000,9056256,1
merge_sort,100000,aleatorio,D1,a,5,5,2.55852,800000,9056256,1
merge_sort,100000,aleatorio,D1,a,6,5,2.47592,800000,9056256,1
merge_sort,100000,aleatorio,D1,a,7,5,2.53758,800000,9056256,1
quick_sort,100000,aleatorio,D1,a,1,5,1.54846,400000,9076736,1
quick_sort,100000,aleatorio,D1,a,2,5,1.54752,400000,9076736,1
quick_sort,100000,aleatorio,D1,a,3,5,1.54386,400000,9076736,1
quick_sort,100000,aleatorio,D1,a,4,5,1.54538,400000,9076736,1
quick_sort,100000,aleatorio,D1,a,5,5,1.54884,400000,9076736,1
quick_sort,100000,aleatorio,D1,a,6,5,1.5426,400000,9076736,1
quick_sort,100000,aleatorio,D1,a,7,5,1.55694,400000,9076736,1
patience_sort,100000,aleatorio,D1,a,1,5,1.816,800336,9076736,1
patience_sort,100000,aleatorio,D1,a,2,5,1.8199,800336,9076736,1
patience_sort,100000,aleatorio,D1,a,3,5,1.85308,800336,9076736,1
patience_sort,100000,aleatorio,D1,a,4,5,1.83092,800336,9076736,1
patience_sort,100000,aleatorio,D1,a,5,5,1.87436,800336,9076736,1
patience_sort,100000,aleatorio,D1,a,6,5,1.87994,800336,9076736,1
patience_sort,100000,aleatorio,D1,a,7,5,1.81468,800336,9076736,1
std_sort,100000,aleatorio,D1,b,1,5,1.1501,400000,9076736,1
std_sort,100000,aleatorio,D1,b,2,5,1.15142,400000,9076736,1
std_sort,100000,aleatorio,D1,b,3,5,1.13564,400000,9076736,1
std_sort,100000,aleatorio,D1,b,4,5,1.143,400000,9076736,1
std_sort,100000,aleatorio,D1,b,5,5,1.156,400000,9076736,1
std_sort,100000,aleatorio,D1,b,6,5,1.12838,400000,9076736,1
std_sort,100000,aleatorio,D1,b,7,5,1.1596,400000,9076736,1
merge_sort,100000,aleatorio,D1,b,1,5,2.52642,800000,9076736,1
merge_sort,100000,aleatorio,D1,b,2,5,2.57926,800000,9076736,1
merge_sort,100000,aleatorio,D1,b,3,5,2.58142,800000,9076736,1
merge_sort,100000,aleatorio,D1,b,4,5,2.50512,800000,9076736,1
merge_sort,100000,aleatorio,D1,b,5,5,2.5252,800000,9076736,1
merge_sort,100000,aleatorio,D1,b,6,5,2.593,800000,9076736,1
merge_sort,100000,aleatorio,D1,b,7,5,2.57572,800000,9076736,1
quick_sort,100000,aleatorio,D1,b,1,5,1.59914,400000,9080832,1
quick_sort,100000,aleatorio,D1,b,2,5,1.57416,400000,9080832,1
quick_sort,100000,aleatorio,D1,b,3,5,1.58462,400000,9080832,1
quick_sort,100000,aleatorio,D1,b,4,5,1.58006,400000,9080832,1
quick_sort,100000,aleatorio,D1,b,5,5,1.5804,400000,9080832,1
quick_sort,100000,aleatorio,D1,b,6,5,1.5801,400000,9080832,1
quick_sort,100000,aleatorio,D1,b,7,5,1.57978,400000,9080832,1
patience_sort,100000,aleatorio,D1,b,1,5,1.86196,800336,9080832,1
patience_sort,100000,aleatorio,D1,b,2,5,1.82816,800336,9080832,1
patience_sort,100000,aleatorio,D1,b,3,5,1.8232,800336,9080832,1
patience_sort,100000,aleatorio,D1,b,4,5,1.85504,800336,9080832,1
patience_sort,100000,aleatorio,D1,b,5,5,1.82478,800336,9080832,1
patience_sort,100000,aleatorio,D1,b,6,5,1.82142,800336,9080832,1
patience_sort,100000,aleatorio,D1,b,7,5,1.8844,800336,9080832,1
std_sort,100000,aleatorio,D1,c,1,5,1.13862,400000,9080832,1
std_sort,100000,aleatorio,D1,c,2,5,1.13276,400000,9080832,1
std_sort,100000,aleatorio,D1,c,3,5,1.1506,400000,9080832,1
std_sort,100000,aleatorio,D1,c,4,5,1.15702,400000,9080832,1
std_sort,100000,aleatorio,D1,c,5,5,1.15212,400000,9080832,1
std_sort,100000,aleatorio,D1,c,6,5,1.15424,400000,9080832,1
std_sort,100000,aleatorio,D1,c,7,5,1.13164,400000,9080832,1
merge_sort,100000,aleatorio,D1,c,1,5,2.53352,800000,9080832,1
merge_sort,100000,aleatorio,D1,c,2,5,2.5803,800000,9080832,1
merge_sort,100000,aleatorio,D1,c,3,5,2.542,800000,9080832,1
merge_sort,100000,aleatorio,D1,c,4,5,2.59658,800000,9080832,1
merge_sort,100000,aleatorio,D1,c,5,5,2.57362,800000,9080832,1
merge_sort,100000,aleatorio,D1,c,6,5,2.54948,800000,9080832,1
merge_sort,100000,aleatorio,D1,c,7,5,2.51532,800000,9080832,1
quick_sort,100000,aleatorio,D1,c,1,5,1.5537,400000,9080832,1
quick_sort,100000,aleatorio,D1,c,2,5,1.54834,400000,9080832,1
quick_sort,100000,aleatorio,D1,c,3,5,1.55244,400000,9080832,1
quick_sort,100000,aleatorio,D1,c,4,5,1.55566,400000,9080832,1
quick_sort,100000,aleatorio,D1,c,5,5,1.54532,400000,9080832,1
quick_sort,100000,aleatorio,D1,c,6,5,1.58974,400000,9080832,1
quick_sort,100000,aleatorio,D1,c,7,5,1.55728,400000,9080832,1
patience_sort,100000,aleatorio,D1,c,1,5,1.78826,800336,9080832,1
patience_sort,100000,aleatorio,D1,c,2,5,1.82298,800336,9080832,1
patience_sort,100000,aleatorio,D1,c,3,5,1.7934,800336,9080832,1
patience_sort,100000,aleatorio,D1,c,4,5,1.78844,800336,9080832,1
patience_sort,100000,aleatorio,D1,c,5,5,1.78846,800336,9080832,1
patience_sort,100000,aleatorio,D1,c,6,5,1.8035,800336,9080832,1
patience_sort,100000,aleatorio,D1,c,7,5,1.79214,800336,9080832,1
std_sort,100000,aleatorio,D7,a,1,5,3.36206,400000,9080832,1
std_sort,100000,aleatorio,D7,a,2,5,3.38498,400000,9080832,1
std_sort,100000,aleatorio,D7,a,3,5,3.38032,400000,9080832,1
std_sort,100000,aleatorio,D7,a,4,5,3.36946,400000,9080832,1
std_sort,100000,aleatorio,D7,a,5,5,3.36424,400000,9080832,1
std_sort,100000,aleatorio,D7,a,6,5,3.37062,400000,9080832,1
std_sort,100000,aleatorio,D7,a,7,5,3.3655,400000,9080832,1
merge_sort,100000,aleatorio,D7,a,1,5,4.67754,800000,9474048,1
merge_sort,100000,aleatorio,D7,a,2,5,4.68332,800000,9474048,1
merge_sort,100000,aleatorio,D7,a,3,5,4.7103,800000,9474048,1
merge_sort,100000,aleatorio,D7,a,4,5,4.80252,800000,9474048,1
merge_sort,100000,aleatorio,D7,a,5,5,4.85398,800000,9474048,1
merge_sort,100000,aleatorio,D7,a,6,5,6.00404,800000,9474048,1
merge_sort,100000,aleatorio,D7,a,7,5,6.10192,800000,9474048,1
quick_sort,100000,aleatorio,D7,a,1,5,4.96544,400000,9474048,1
quick_sort,100000,aleatorio,D7,a,2,5,4.97376,400000,9474048,1
quick_sort,100000,aleatorio,D7,a,3,5,4.98614,400000,9474048,1
quick_sort,100000,aleatorio,D7,a,4,5,4.96666,400000,9474048,1
quick_sort,100000,aleatorio,D7,a,5,5,4.97144,400000,9474048,1
quick_sort,100000,aleatorio,D7,a,6,5,4.9772,400000,9474048,1
quick_sort,100000,aleatorio,D7,a,7,5,4.95948,400000,9474048,1
patience_sort,100000,aleatorio,D7,a,1,5,7.37944,808976,9474048,1
patience_sort,100000,aleatorio,D7,a,2,5,6.86234,808976,9474048,1
patience_sort,100000,aleatorio,D7,a,3,5,5.96022,808976,9474048,1
patience_sort,100000,aleatorio,D7,a,4,5,5.82484,808976,9474048,1
patience_sort,100000,aleatorio,D7,a,5,5,5.86058,808976,9474048,1
patience_sort,100000,aleatorio,D7,a,6,5,5.84014,808976,9474048,1
patience_sort,100000,aleatorio,D7,a,7,5,5.8216,808976,9474048,1
std_sort,100000,aleatorio,D7,b,1,5,3.31704,400000,9474048,1
std_sort,100000,aleatorio,D7,b,2,5,3.33794,400000,9474048,1
std_sort,100000,aleatorio,D7,b,3,5,3.34696,400000,9474048,1
std_sort,100000,aleatorio,D7,b,4,5,3.33542,400000,9474048,1
std_sort,100000,aleatorio,D7,b,5,5,3.33442,400000,9474048,1
std_sort,100000,aleatorio,D7,b,6,5,3.3255,400000,9474048,1
std_sort,100000,aleatorio,D7,b,7,5,3.31842,400000,9474048,1
merge_sort,100000,aleatorio,D7,b,1,5,4.78528,800000,9474048,1
merge_sort,100000,aleatorio,D7,b,2,5,5.2099,800000,9474048,1
merge_sort,100000,aleatorio,D7,b,3,5,4.75072,800000,9474048,1
merge_sort,100000,aleatorio,D7,b,4,5,5.39194,800000,9474048,1
merge_sort,100000,aleatorio,D7,b,5,5,6.07728,800000,9474048,1
merge_sort,100000,aleatorio,D7,b,6,5,6.0815,800000,9474048,1
merge_sort,100000,aleatorio,D7,b,7,5,6.12498,800000,9474048,1
quick_sort,100000,aleatorio,D7,b,1,5,4.3793,400000,9474048,1
quick_sort,100000,aleatorio,D7,b,2,5,4.50392,400000,9474048,1
quick_sort,100000,aleatorio,D7,b,3,5,4.91048,400000,9474048,1
quick_sort,100000,aleatorio,D7,b,4,5,5.11976,400000,9474048,1
quick_sort,100000,aleatorio,D7,b,5,5,5.13664,400000,9474048,1
quick_sort,100000,aleatorio,D7,b,6,5,5.10922,400000,9474048,1
quick_sort,100000,aleatorio,D7,b,7,5,5.12222,400000,9474048,1
patience_sort,100000,aleatorio,D7,b,1,5,5.9196,809008,9474048,1
patience_sort,100000,aleatorio,D7,b,2,5,5.93082,809008,9474048,1
patience_sort,100000,aleatorio,D7,b,3,5,5.89766,809008,9474048,1
patience_sort,100000,aleatorio,D7,b,4,5,5.9454,809008,9474048,1
patience_sort,100000,aleatorio,D7,b,5,5,6.89592,809008,9474048,1
patience_sort,100000,aleatorio,D7,b,6,5,7.36728,809008,9474048,1
patience_sort,100000,aleatorio,D7,b,7,5,7.23612,809008,9474048,1
std_sort,100000,aleatorio,D7,c,1,5,3.39508,400000,9474048,1
std_sort,100000,aleatorio,D7,c,2,5,3.39882,400000,9474048,1
std_sort,100000,aleatorio,D7,c,3,5,3.41884,400000,9474048,1
std_sort,100000,aleatorio,D7,c,4,5,3.39696,400000,9474048,1
std_sort,100000,aleatorio,D7,c,5,5,3.42546,400000,9474048,1
std_sort,100000,aleatorio,D7,c,6,5,3.42684,400000,9474048,1
std_sort,100000,aleatorio,D7,c,7,5,3.74786,400000,9474048,1
merge_sort,100000,aleatorio,D7,c,1,5,6.09864,800000,9474048,1
merge_sort,100000,aleatorio,D7,c,2,5,6.22228,800000,9474048,1
merge_sort,100000,aleatorio,D7,c,3,5,5.04278,800000,9474048,1
merge_sort,100000,aleatorio,D7,c,4,5,4.80732,800000,9474048,1
merge_sort,100000,aleatorio,D7,c,5,5,4.80748,800000,9474048,1
merge_sort,100000,aleatorio,D7,c,6,5,5.83066,800000,9474048,1
merge_sort,100000,aleatorio,D7,c,7,5,6.39512,800000,9474048,1
quick_sort,100000,aleatorio,D7,c,1,5,5.1321,400000,9474048,1
quick_sort,100000,aleatorio,D7,c,2,5,4.34772,400000,9474048,1
quick_sort,100000,aleatorio,D7,c,3,5,4.93194,400000,9474048,1
quick_sort,100000,aleatorio,D7,c,4,5,5.1973,400000,9474048,1
quick_sort,100000,aleatorio,D7,c,5,5,5.26316,400000,9474048,1
quick_sort,100000,aleatorio,D7,c,6,5,5.1388,400000,9474048,1
quick_sort,100000,aleatorio,D7,c,7,5,5.2224,400000,9474048,1
patience_sort,100000,aleatorio,D7,c,1,5,7.55484,809040,9474048,1
patience_sort,100000,aleatorio,D7,c,2,5,7.62976,809040,9474048,1
patience_sort,100000,aleatorio,D7,c,3,5,7.55362,809040,9474048,1
patience_sort,100000,aleatorio,D7,c,4,5,7.63216,809040,9474048,1
patience_sort,100000,aleatorio,D7,c,5,5,7.59686,809040,9474048,1
patience_sort,100000,aleatorio,D7,c,6,5,7.56914,809040,9474048,1
patience_sort,100000,aleatorio,D7,c,7,5,7.57614,809040,9474048,1
std_sort,100000,ascendente,D1,a,1,5,0.68802,400000,9474048,1
std_sort,100000,ascendente,D1,a,2,5,0.70126,400000,9474048,1
std_sort,100000,ascendente,D1,a,3,5,0.68932,400000,9474048,1
std_sort,100000,ascendente,D1,a,4,5,0.69866,400000,9474048,1
std_sort,100000,ascendente,D1,a,5,5,0.69372,400000,9474048,1
std_sort,100000,ascendente,D1,a,6,5,0.692,400000,9474048,1
std_sort,100000,ascendente,D1,a,7,5,0.74768,400000,9474048,1
merge_sort,100000,ascendente,D1,a,1,5,2.19204,800000,9474048,1
merge_sort,100000,ascendente,D1,a,2,5,2.1832,800000,9474048,1
merge_sort,100000,ascendente,D1,a,3,5,2.14154,800000,9474048,1
merge_sort,100000,ascendente,D1,a,4,5,2.20126,800000,9474048,1
merge_sort,100000,ascendente,D1,a,5,5,2.15912,800000,9474048,1
merge_sort,100000,ascendente,D1,a,6,5,2.12486,800000,9474048,1
merge_sort,100000,ascendente,D1,a,7,5,2.1677,800000,9474048,1
quick_sort,100000,ascendente,D1,a,1,5,2.03108,400000,9474048,1
quick_sort,100000,ascendente,D1,a,2,5,1.97592,400000,9474048,1
quick_sort,100000,ascendente,D1,a,3,5,1.99272,400000,9474048,1
quick_sort,100000,ascendente,D1,a,4,5,2.06088,400000,9474048,1
quick_sort,100000,ascendente,D1,a,5,5,1.9875,400000,9474048,1
quick_sort,100000,ascendente,D1,a,6,5,1.99348,400000,9474048,1
quick_sort,100000,ascendente,D1,a,7,5,2.04924,400000,9474048,1
patience_sort,100000,ascendente,D1,a,1,5,1.49604,800336,9474048,1
patience_sort,100000,ascendente,D1,a,2,5,1.39336,800336,9474048,1
patience_sort,100000,ascendente,D1,a,3,5,1.39634,800336,9474048,1
patience_sort,100000,ascendente,D1,a,4,5,1.42568,800336,9474048,1
patience_sort,100000,ascendente,D1,a,5,5,1.39304,800336,9474048,1
patience_sort,100000,ascendente,D1,a,6,5,1.39314,800336,9474048,1
patience_sort,100000,ascendente,D1,a,7,5,1.46574,800336,9474048,1
std_sort,100000,ascendente,D1,b,1,5,0.73996,400000,9474048,1
std_sort,100000,ascendente,D1,b,2,5,0.70084,400000,9474048,1
std_sort,100000,ascendente,D1,b,3,5,0.6927,400000,9474048,1
std_sort,100000,ascendente,D1,b,4,5,0.70162,400000,9474048,1
std_sort,100000,ascendente,D1,b,5,5,0.69586,400000,9474048,1
std_sort,100000,ascendente,D1,b,6,5,0.69026,400000,9474048,1
std_sort,100000,ascendente,D1,b,7,5,0.74814,400000,9474048,1
merge_sort,100000,ascendente,D1,b,1,5,2.15848,800000,9474048,1
merge_sort,100000,ascendente,D1,b,2,5,2.13314,800000,9474048,1
merge_sort,100000,ascendente,D1,b,3,5,2.1388,800000,9474048,1
merge_sort,100000,ascendente,D1,b,4,5,2.2406,800000,9474048,1
merge_sort,100000,ascendente,D1,b,5,5,2.12496,800000,9474048,1
merge_sort,100000,ascendente,D1,b,6,5,2.11718,800000,9474048,1
merge_sort,100000,ascendente,D1,b,7,5,2.12996,800000,9474048,1
quick_sort,100000,ascendente,D1,b,1,5,1.91108,400000,9474048,1
quick_sort,100000,ascendente,D1,b,2,5,1.84372,400000,9474048,1
quick_sort,100000,ascendente,D1,b,3,5,1.8721,400000,9474048,1
quick_sort,100000,ascendente,D1,b,4,5,1.87044,400000,9474048,1
quick_sort,100000,ascendente,D1,b,5,5,1.91056,400000,9474048,1
quick_sort,100000,ascendente,D1,b,6,5,1.8333,400000,9474048,1
quick_sort,100000,ascendente,D1,b,7,5,1.84,400000,9474048,1
patience_sort,100000,ascendente,D1,b,1,5,1.39328,800336,9474048,1
patience_sort,100000,ascendente,D1,b,2,5,1.51236,800336,9474048,1
patience_sort,100000,ascendente,D1,b,3,5,1.44324,800336,9474048,1
patience_sort,100000,ascendente,D1,b,4,5,1.4218,800336,9474048,1
patience_sort,100000,ascendente,D1,b,5,5,1.42334,800336,9474048,1
patience_sort,100000,ascendente,D1,b,6,5,1.39488,800336,9474048,1
patience_sort,100000,ascendente,D1,b,7,5,1.43116,800336,9474048,1
std_sort,100000,ascendente,D1,c,1,5,0.72904,400000,9474048,1
std_sort,100000,ascendente,D1,c,2,5,0.69346,400000,9474048,1
std_sort,100000,ascendente,D1,c,3,5,0.6886,400000,9474048,1
std_sort,100000,ascendente,D1,c,4,5,0.70042,400000,9474048,1
std_sort,100000,ascendente,D1,c,5,5,0.68958,400000,9474048,1
std_sort,100000,ascendente,D1,c,6,5,0.71708,400000,9474048,1
std_sort,100000,ascendente,D1,c,7,5,0.73678,400000,9474048,1
merge_sort,100000,ascendente,D1,c,1,5,2.22924,800000,9474048,1
merge_sort,100000,ascendente,D1,c,2,5,2.14208,800000,9474048,1
merge_sort,100000,ascendente,D1,c,3,5,2.12758,800000,9474048,1
merge_sort,100000,ascendente,D1,c,4,5,2.1289,800000,9474048,1
merge_sort,100000,ascendente,D1,c,5,5,2.19926,800000,9474048,1
merge_sort,100000,ascendente,D1,c,6,5,2.14782,800000,9474048,1
merge_sort,100000,ascendente,D1,c,7,5,1.74866,800000,9474048,1
quick_sort,100000,ascendente,D1,c,1,5,1.15592,400000,9474048,1
quick_sort,100000,ascendente,D1,c,2,5,1.0723,400000,9474048,1
quick_sort,100000,ascendente,D1,c,3,5,1.08518,400000,9474048,1
quick_sort,100000,ascendente,D1,c,4,5,1.08068,400000,9474048,1
quick_sort,100000,ascendente,D1,c,5,5,1.439,400000,9474048,1
quick_sort,100000,ascendente,D1,c,6,5,1.9621,400000,9474048,1
quick_sort,100000,ascendente,D1,c,7,5,1.97006,400000,9474048,1
patience_sort,100000,ascendente,D1,c,1,5,1.4247,800336,9474048,1
patience_sort,100000,ascendente,D1,c,2,5,1.39258,800336,9474048,1
patience_sort,100000,ascendente,D1,c,3,5,1.4312,800336,9474048,1
patience_sort,100000,ascendente,D1,c,4,5,1.39168,800336,9474048,1
patience_sort,100000,ascendente,D1,c,5,5,1.39166,800336,9474048,1
patience_sort,100000,ascendente,D1,c,6,5,1.43394,800336,9474048,1
patience_sort,100000,ascendente,D1,c,7,5,1.43624,800336,9474048,1
std_sort,100000,ascendente,D7,a,1,5,0.92698,400000,9474048,1
std_sort,100000,ascendente,D7,a,2,5,0.90738,400000,9474048,1
std_sort,100000,ascendente,D7,a,3,5,0.91482,400000,9474048,1
std_sort,100000,ascendente,D7,a,4,5,0.96026,400000,9474048,1
std_sort,100000,ascendente,D7,a,5,5,0.93284,400000,9474048,1
std_sort,100000,ascendente,D7,a,6,5,0.90908,400000,9474048,1
std_sort,100000,ascendente,D7,a,7,5,0.91206,400000,9474048,1
merge_sort,100000,ascendente,D7,a,1,5,2.1287,800000,9474048,1
merge_sort,100000,ascendente,D7,a,2,5,2.1295,800000,9474048,1
merge_sort,100000,ascendente,D7,a,3,5,2.25566,800000,9474048,1
merge_sort,100000,ascendente,D7,a,4,5,2.12114,800000,9474048,1
merge_sort,100000,ascendente,D7,a,5,5,2.15086,800000,9474048,1
merge_sort,100000,ascendente,D7,a,6,5,2.18222,800000,9474048,1
merge_sort,100000,ascendente,D7,a,7,5,1.15942,800000,9474048,1
quick_sort,100000,ascendente,D7,a,1,5,0.74068,400000,9474048,1
quick_sort,100000,ascendente,D7,a,2,5,0.73112,400000,9474048,1
quick_sort,100000,ascendente,D7,a,3,5,0.70842,400000,9474048,1
quick_sort,100000,ascendente,D7,a,4,5,0.75042,400000,9474048,1
quick_sort,100000,ascendente,D7,a,5,5,0.72408,400000,9474048,1
quick_sort,100000,ascendente,D7,a,6,5,0.7612,400000,9474048,1
quick_sort,100000,ascendente,D7,a,7,5,0.7995,400000,9474048,1
patience_sort,100000,ascendente,D7,a,1,5,6.0496,2120672,9474048,1
patience_sort,100000,ascendente,D7,a,2,5,6.5977,2120672,9474048,1
patience_sort,100000,ascendente,D7,a,3,5,6.66498,2120672,9474048,1
patience_sort,100000,ascendente,D7,a,4,5,6.59572,2120672,9474048,1
patience_sort,100000,ascendente,D7,a,5,5,6.51262,2120672,9474048,1
patience_sort,100000,ascendente,D7,a,6,5,6.61962,2120672,9474048,1
patience_sort,100000,ascendente,D7,a,7,5,6.54772,2120672,9474048,1
std_sort,100000,ascendente,D7,b,1,5,0.89594,400000,11374592,1
std_sort,100000,ascendente,D7,b,2,5,0.96552,400000,11374592,1
std_sort,100000,ascendente,D7,b,3,5,0.9222,400000,11374592,1
std_sort,100000,ascendente,D7,b,4,5,0.89584,400000,11374592,1
std_sort,100000,ascendente,D7,b,5,5,0.8983,400000,11374592,1
std_sort,100000,ascendente,D7,b,6,5,0.90012,400000,11374592,1
std_sort,100000,ascendente,D7,b,7,5,0.89842,400000,11374592,1
merge_sort,100000,ascendente,D7,b,1,5,2.21814,800000,11374592,1
merge_sort,100000,ascendente,D7,b,2,5,2.1054,800000,11374592,1
merge_sort,100000,ascendente,D7,b,3,5,2.1188,800000,11374592,1
merge_sort,100000,ascendente,D7,b,4,5,2.1793,800000,11374592,1
merge_sort,100000,ascendente,D7,b,5,5,2.21784,800000,11374592,1
merge_sort,100000,ascendente,D7,b,6,5,2.13576,800000,11374592,1
merge_sort,100000,ascendente,D7,b,7,5,2.16418,800000,11374592,1
quick_sort,100000,ascendente,D7,b,1,5,1.23732,400000,11374592,1
quick_sort,100000,ascendente,D7,b,2,5,1.29096,400000,11374592,1
quick_sort,100000,ascendente,D7,b,3,5,1.28062,400000,11374592,1
quick_sort,100000,ascendente,D7,b,4,5,1.23736,400000,11374592,1
quick_sort,100000,ascendente,D7,b,5,5,1.28638,400000,11374592,1
quick_sort,100000,ascendente,D7,b,6,5,1.25042,400000,11374592,1
quick_sort,100000,ascendente,D7,b,7,5,1.23318,400000,11374592,1
patience_sort,100000,ascendente,D7,b,1,5,6.42316,2120416,11374592,1
patience_sort,100000,ascendente,D7,b,2,5,6.56488,2120416,11374592,1
patience_sort,100000,ascendente,D7,b,3,5,4.345,2120416,11374592,1
patience_sort,100000,ascendente,D7,b,4,5,5.1645,2120416,11374592,1
patience_sort,100000,ascendente,D7,b,5,5,6.03734,2120416,11374592,1
patience_sort,100000,ascendente,D7,b,6,5,6.54174,2120416,11374592,1
patience_sort,100000,ascendente,D7,b,7,5,6.58126,2120416,11374592,1
std_sort,100000,ascendente,D7,c,1,5,0.92738,400000,11378688,1
std_sort,100000,ascendente,D7,c,2,5,0.91562,400000,11378688,1
std_sort,100000,ascendente,D7,c,3,5,0.89746,400000,11378688,1
std_sort,100000,ascendente,D7,c,4,5,0.8943,400000,11378688,1
std_sort,100000,ascendente,D7,c,5,5,0.89242,400000,11378688,1
std_sort,100000,ascendente,D7,c,6,5,0.95652,400000,11378688,1
std_sort,100000,ascendente,D7,c,7,5,0.91092,400000,11378688,1
merge_sort,100000,ascendente,D7,c,1,5,2.19502,800000,11378688,1
merge_sort,100000,ascendente,D7,c,2,5,2.11624,800000,11378688,1
merge_sort,100000,ascendente,D7,c,3,5,2.15406,800000,11378688,1
merge_sort,100000,ascendente,D7,c,4,5,2.1787,800000,11378688,1
merge_sort,100000,ascendente,D7,c,5,5,2.1228,800000,11378688,1
merge_sort,100000,ascendente,D7,c,6,5,1.52674,800000,11378688,1
merge_sort,100000,ascendente,D7,c,7,5,1.81724,800000,11378688,1
quick_sort,100000,ascendente,D7,c,1,5,1.35526,400000,11378688,1
quick_sort,100000,ascendente,D7,c,2,5,1.23916,400000,11378688,1
quick_sort,100000,ascendente,D7,c,3,5,1.24152,400000,11378688,1
quick_sort,100000,ascendente,D7,c,4,5,1.23074,400000,11378688,1
quick_sort,100000,ascendente,D7,c,5,5,1.21766,400000,11378688,1
quick_sort,100000,ascendente,D7,c,6,5,1.2347,400000,11378688,1
quick_sort,100000,ascendente,D7,c,7,5,1.27502,400000,11378688,1
patience_sort,100000,ascendente,D7,c,1,5,6.54316,2120432,11378688,1
patience_sort,100000,ascendente,D7,c,2,5,6.50628,2120432,11378688,1
patience_sort,100000,ascendente,D7,c,3,5,6.56716,2120432,11378688,1
patience_sort,100000,ascendente,D7,c,4,5,6.44848,2120432,11378688,1
patience_sort,100000,ascendente,D7,c,5,5,6.50584,2120432,11378688,1
patience_sort,100000,ascendente,D7,c,6,5,6.45264,2120432,11378688,1
patience_sort,100000,ascendente,D7,c,7,5,6.4285,2120432,11378688,1
std_sort,100000,descendente,D1,a,1,5,0.68126,400000,11378688,1
std_sort,100000,descendente,D1,a,2,5,0.69342,400000,11378688,1
std_sort,100000,descendente,D1,a,3,5,0.67482,400000,11378688,1
std_sort,100000,descendente,D1,a,4,5,0.68314,400000,11378688,1
std_sort,100000,descendente,D1,a,5,5,0.68668,400000,11378688,1
std_sort,100000,descendente,D1,a,6,5,0.73224,400000,11378688,1
std_sort,100000,descendente,D1,a,7,5,0.69394,400000,11378688,1
merge_sort,100000,descendente,D1,a,1,5,2.15786,800000,11378688,1
merge_sort,100000,descendente,D1,a,2,5,2.20286,800000,11378688,1
merge_sort,100000,descendente,D1,a,3,5,2.13076,800000,11378688,1
merge_sort,100000,descendente,D1,a,4,5,2.14036,800000,11378688,1
merge_sort,100000,descendente,D1,a,5,5,2.12112,800000,11378688,1
merge_sort,100000,descendente,D1,a,6,5,2.18826,800000,11378688,1
merge_sort,100000,descendente,D1,a,7,5,2.12988,800000,11378688,1
quick_sort,100000,descendente,D1,a,1,5,1.72208,400000,11378688,1
quick_sort,100000,descendente,D1,a,2,5,1.6875,400000,11378688,1
quick_sort,100000,descendente,D1,a,3,5,1.72258,400000,11378688,1
quick_sort,100000,descendente,D1,a,4,5,1.6896,400000,11378688,1
quick_sort,100000,descendente,D1,a,5,5,1.6669,400000,11378688,1
quick_sort,100000,descendente,D1,a,6,5,1.6616,400000,11378688,1
quick_sort,100000,descendente,D1,a,7,5,1.69038,400000,11378688,1
patience_sort,100000,descendente,D1,a,1,5,0.71426,800264,11378688,1
patience_sort,100000,descendente,D1,a,2,5,0.73824,800264,11378688,1
patience_sort,100000,descendente,D1,a,3,5,0.7262,800264,11378688,1
patience_sort,100000,descendente,D1,a,4,5,0.68024,800264,11378688,1
patience_sort,100000,descendente,D1,a,5,5,0.6845,800264,11378688,1
patience_sort,100000,descendente,D1,a,6,5,0.68948,800264,11378688,1
patience_sort,100000,descendente,D1,a,7,5,0.7128,800264,11378688,1
std_sort,100000,descendente,D1,b,1,5,0.68328,400000,11378688,1
std_sort,100000,descendente,D1,b,2,5,0.72046,400000,11378688,1
std_sort,100000,descendente,D1,b,3,5,0.68676,400000,11378688,1
std_sort,100000,descendente,D1,b,4,5,0.73248,400000,11378688,1
std_sort,100000,descendente,D1,b,5,5,0.68,400000,11378688,1
std_sort,100000,descendente,D1,b,6,5,0.70744,400000,11378688,1
std_sort,100000,descendente,D1,b,7,5,0.68786,400000,11378688,1
merge_sort,100000,descendente,D1,b,1,5,2.11868,800000,11378688,1
merge_sort,100000,descendente,D1,b,2,5,2.2119,800000,11378688,1
merge_sort,100000,descendente,D1,b,3,5,2.16076,800000,11378688,1
merge_sort,100000,descendente,D1,b,4,5,2.07558,800000,11378688,1
merge_sort,100000,descendente,D1,b,5,5,1.87056,800000,11378688,1
merge_sort,100000,descendente,D1,b,6,5,2.09454,800000,11378688,1
merge_sort,100000,descendente,D1,b,7,5,2.07916,800000,11378688,1
quick_sort,100000,descendente,D1,b,1,5,1.62688,400000,11378688,1
quick_sort,100000,descendente,D1,b,2,5,1.5658,400000,11378688,1
quick_sort,100000,descendente,D1,b,3,5,1.64484,400000,11378688,1
quick_sort,100000,descendente,D1,b,4,5,1.45882,400000,11378688,1
quick_sort,100000,descendente,D1,b,5,5,1.62078,400000,11378688,1
quick_sort,100000,descendente,D1,b,6,5,1.62842,400000,11378688,1
quick_sort,100000,descendente,D1,b,7,5,1.62236,400000,11378688,1
patience_sort,100000,descendente,D1,b,1,5,0.71012,800264,11378688,1
patience_sort,100000,descendente,D1,b,2,5,0.67776,800264,11378688,1
patience_sort,100000,descendente,D1,b,3,5,0.67316,800264,11378688,1
patience_sort,100000,descendente,D1,b,4,5,0.6771,800264,11378688,1
patience_sort,100000,descendente,D1,b,5,5,0.7294,800264,11378688,1
patience_sort,100000,descendente,D1,b,6,5,0.67856,800264,11378688,1
patience_sort,100000,descendente,D1,b,7,5,0.67726,800264,11378688,1
std_sort,100000,descendente,D1,c,1,5,0.67346,400000,11378688,1
std_sort,100000,descendente,D1,c,2,5,0.5761,400000,11378688,1
std_sort,100000,descendente,D1,c,3,5,0.66906,400000,11378688,1
std_sort,100000,descendente,D1,c,4,5,0.7149,400000,11378688,1
std_sort,100000,descendente,D1,c,5,5,0.69022,400000,11378688,1
std_sort,100000,descendente,D1,c,6,5,0.51158,400000,11378688,1
std_sort,100000,descendente,D1,c,7,5,0.36536,400000,11378688,1
merge_sort,100000,descendente,D1,c,1,5,1.17338,800000,11378688,1
merge_sort,100000,descendente,D1,c,2,5,1.12638,800000,11378688,1
merge_sort,100000,descendente,D1,c,3,5,1.1134,800000,11378688,1
merge_sort,100000,descendente,D1,c,4,5,1.1249,800000,11378688,1
merge_sort,100000,descendente,D1,c,5,5,1.13334,800000,11378688,1
merge_sort,100000,descendente,D1,c,6,5,1.16586,800000,11378688,1
merge_sort,100000,descendente,D1,c,7,5,1.14492,800000,11378688,1
quick_sort,100000,descendente,D1,c,1,5,0.9523,400000,11378688,1
quick_sort,100000,descendente,D1,c,2,5,0.95814,400000,11378688,1
quick_sort,100000,descendente,D1,c,3,5,0.90734,400000,11378688,1
quick_sort,100000,descendente,D1,c,4,5,0.92132,400000,11378688,1
quick_sort,100000,descendente,D1,c,5,5,0.9077,400000,11378688,1
quick_sort,100000,descendente,D1,c,6,5,0.90134,400000,11378688,1
quick_sort,100000,descendente,D1,c,7,5,0.91056,400000,11378688,1
patience_sort,100000,descendente,D1,c,1,5,0.5741,800264,11378688,1
patience_sort,100000,descendente,D1,c,2,5,0.58698,800264,11378688,1
patience_sort,100000,descendente,D1,c,3,5,0.5634,800264,11378688,1
patience_sort,100000,descendente,D1,c,4,5,0.56748,800264,11378688,1
patience_sort,100000,descendente,D1,c,5,5,0.60824,800264,11378688,1
patience_sort,100000,descendente,D1,c,6,5,0.6039,800264,11378688,1
patience_sort,100000,descendente,D1,c,7,5,0.55418,800264,11378688,1
std_sort,100000,descendente,D7,a,1,5,0.35634,400000,11378688,1
std_sort,100000,descendente,D7,a,2,5,0.33728,400000,11378688,1
std_sort,100000,descendente,D7,a,3,5,0.33958,400000,11378688,1
std_sort,100000,descendente,D7,a,4,5,0.33594,400000,11378688,1
std_sort,100000,descendente,D7,a,5,5,0.3546,400000,11378688,1
std_sort,100000,descendente,D7,a,6,5,0.33618,400000,11378688,1
std_sort,100000,descendente,D7,a,7,5,0.33518,400000,11378688,1
merge_sort,100000,descendente,D7,a,1,5,1.08546,800000,11378688,1
merge_sort,100000,descendente,D7,a,2,5,1.08136,800000,11378688,1
merge_sort,100000,descendente,D7,a,3,5,1.157,800000,11378688,1
merge_sort,100000,descendente,D7,a,4,5,1.1268,800000,11378688,1
merge_sort,100000,descendente,D7,a,5,5,1.09044,800000,11378688,1
merge_sort,100000,descendente,D7,a,6,5,1.08116,800000,11378688,1
merge_sort,100000,descendente,D7,a,7,5,1.09638,800000,11378688,1
quick_sort,100000,descendente,D7,a,1,5,1.11562,400000,11378688,1
quick_sort,100000,descendente,D7,a,2,5,1.09366,400000,11378688,1
quick_sort,100000,descendente,D7,a,3,5,1.0844,400000,11378688,1
quick_sort,100000,descendente,D7,a,4,5,1.0893,400000,11378688,1
quick_sort,100000,descendente,D7,a,5,5,1.05376,400000,11378688,1
quick_sort,100000,descendente,D7,a,6,5,1.06618,400000,11378688,1
quick_sort,100000,descendente,D7,a,7,5,1.04844,400000,11378688,1
patience_sort,100000,descendente,D7,a,1,5,0.563,800264,11378688,1
patience_sort,100000,descendente,D7,a,2,5,0.5607,800264,11378688,1
patience_sort,100000,descendente,D7,a,3,5,0.55264,800264,11378688,1
patience_sort,100000,descendente,D7,a,4,5,0.55586,800264,11378688,1
patience_sort,100000,descendente,D7,a,5,5,0.5561,800264,11378688,1
patience_sort,100000,descendente,D7,a,6,5,0.58486,800264,11378688,1
patience_sort,100000,descendente,D7,a,7,5,0.60788,800264,11378688,1
std_sort,100000,descendente,D7,b,1,5,0.3813,400000,11378688,1
std_sort,100000,descendente,D7,b,2,5,0.39376,400000,11378688,1
std_sort,100000,descendente,D7,b,3,5,0.33596,400000,11378688,1
std_sort,100000,descendente,D7,b,4,5,0.3281,400000,11378688,1
std_sort,100000,descendente,D7,b,5,5,0.3714,400000,11378688,1
std_sort,100000,descendente,D7,b,6,5,0.32858,400000,11378688,1
std_sort,100000,descendente,D7,b,7,5,0.32852,400000,11378688,1
merge_sort,100000,descendente,D7,b,1,5,1.09794,800000,11378688,1
merge_sort,100000,descendente,D7,b,2,5,1.07322,800000,11378688,1
merge_sort,100000,descendente,D7,b,3,5,1.10608,800000,11378688,1
merge_sort,100000,descendente,D7,b,4,5,1.09422,800000,11378688,1
merge_sort,100000,descendente,D7,b,5,5,1.06718,800000,11378688,1
merge_sort,100000,descendente,D7,b,6,5,1.08798,800000,11378688,1
merge_sort,100000,descendente,D7,b,7,5,1.07426,800000,11378688,1
quick_sort,100000,descendente,D7,b,1,5,1.37704,400000,11378688,1
quick_sort,100000,descendente,D7,b,2,5,1.99106,400000,11378688,1
quick_sort,100000,descendente,D7,b,3,5,1.8991,400000,11378688,1
quick_sort,100000,descendente,D7,b,4,5,1.88262,400000,11378688,1
quick_sort,100000,descendente,D7,b,5,5,1.88248,400000,11378688,1
quick_sort,100000,descendente,D7,b,6,5,1.88354,400000,11378688,1
quick_sort,100000,descendente,D7,b,7,5,1.95202,400000,11378688,1
patience_sort,100000,descendente,D7,b,1,5,0.70924,800264,11378688,1
patience_sort,100000,descendente,D7,b,2,5,0.74662,800264,11378688,1
patience_sort,100000,descendente,D7,b,3,5,0.66296,800264,11378688,1
patience_sort,100000,descendente,D7,b,4,5,0.70126,800264,11378688,1
patience_sort,100000,descendente,D7,b,5,5,0.66452,800264,11378688,1
patience_sort,100000,descendente,D7,b,6,5,0.67544,800264,11378688,1
patience_sort,100000,descendente,D7,b,7,5,0.67224,800264,11378688,1
std_sort,100000,descendente,D7,c,1,5,0.60928,400000,11378688,1
std_sort,100000,descendente,D7,c,2,5,0.54796,400000,11378688,1
std_sort,100000,descendente,D7,c,3,5,0.62448,400000,11378688,1
std_sort,100000,descendente,D7,c,4,5,0.61736,400000,11378688,1
std_sort,100000,descendente,D7,c,5,5,0.61978,400000,11378688,1
std_sort,100000,descendente,D7,c,6,5,0.6009,400000,11378688,1
std_sort,100000,descendente,D7,c,7,5,0.5975,400000,11378688,1
merge_sort,100000,descendente,D7,c,1,5,1.9484,800000,11378688,1
merge_sort,100000,descendente,D7,c,2,5,1.3009,800000,11378688,1
merge_sort,100000,descendente,D7,c,3,5,1.09204,800000,11378688,1
merge_sort,100000,descendente,D7,c,4,5,1.10246,800000,11378688,1
merge_sort,100000,descendente,D7,c,5,5,1.07784,800000,11378688,1
merge_sort,100000,descendente,D7,c,6,5,1.0986,800000,11378688,1
merge_sort,100000,descendente,D7,c,7,5,1.07424,800000,11378688,1
quick_sort,100000,descendente,D7,c,1,5,1.05024,400000,11378688,1
quick_sort,100000,descendente,D7,c,2,5,1.05518,400000,11378688,1
quick_sort,100000,descendente,D7,c,3,5,1.0673,400000,11378688,1
quick_sort,100000,descendente,D7,c,4,5,1.07516,400000,11378688,1
quick_sort,100000,descendente,D7,c,5,5,1.05188,400000,11378688,1
quick_sort,100000,descendente,D7,c,6,5,1.05274,400000,11378688,1
quick_sort,100000,descendente,D7,c,7,5,1.05014,400000,11378688,1
patience_sort,100000,descendente,D7,c,1,5,0.59522,800264,11378688,1
patience_sort,100000,descendente,D7,c,2,5,0.61356,800264,11378688,1
patience_sort,100000,descendente,D7,c,3,5,0.67148,800264,11378688,1
patience_sort,100000,descendente,D7,c,4,5,0.67214,800264,11378688,1
patience_sort,100000,descendente,D7,c,5,5,0.67572,800264,11378688,1
patience_sort,100000,descendente,D7,c,6,5,0.67484,800264,11378688,1
patience_sort,100000,descendente,D7,c,7,5,0.71176,800264,11378688,1
std_sort,10000000,aleatorio,D1,a,1,1,157.469,40000000,166334464,1
std_sort,10000000,aleatorio,D1,a,2,1,165.836,40000000,166334464,1
std_sort,10000000,aleatorio,D1,a,3,1,179.112,40000000,166334464,1
merge_sort,10000000,aleatorio,D1,a,1,1,450.711,80000000,206336000,1
merge_sort,10000000,aleatorio,D1,a,2,1,471.413,80000000,206336000,1
merge_sort,10000000,aleatorio,D1,a,3,1,492.962,80000000,206336000,1
quick_sort,10000000,aleatorio,D1,a,1,1,252.509,40000000,206336000,1
quick_sort,10000000,aleatorio,D1,a,2,1,270.321,40000000,206336000,1
quick_sort,10000000,aleatorio,D1,a,3,1,267.509,40000000,206336000,1
patience_sort,10000000,aleatorio,D1,a,1,1,261.338,80000336,206336000,1
patience_sort,10000000,aleatorio,D1,a,2,1,262.223,80000336,206336000,1
patience_sort,10000000,aleatorio,D1,a,3,1,265.418,80000336,206336000,1
std_sort,10000000,aleatorio,D1,b,1,1,145.538,40000000,206336000,1
std_sort,10000000,aleatorio,D1,b,2,1,179.502,40000000,206336000,1
std_sort,10000000,aleatorio,D1,b,3,1,173.215,40000000,206336000,1
merge_sort,10000000,aleatorio,D1,b,1,1,459.654,80000000,206336000,1
merge_sort,10000000,aleatorio,D1,b,2,1,439.602,80000000,206336000,1
merge_sort,10000000,aleatorio,D1,b,3,1,449.414,80000000,206336000,1
quick_sort,10000000,aleatorio,D1,b,1,1,239.908,40000000,206336000,1
quick_sort,10000000,aleatorio,D1,b,2,1,258.717,40000000,206336000,1
quick_sort,10000000,aleatorio,D1,b,3,1,250.958,40000000,206336000,1
patience_sort,10000000,aleatorio,D1,b,1,1,272.54,80000336,206336000,1
patience_sort,10000000,aleatorio,D1,b,2,1,272.607,80000336,206336000,1
patience_sort,10000000,aleatorio,D1,b,3,1,217.801,80000336,206336000,1
std_sort,10000000,aleatorio,D1,c,1,1,123.897,40000000,206336000,1
std_sort,10000000,aleatorio,D1,c,2,1,177.563,40000000,206336000,1
std_sort,10000000,aleatorio,D1,c,3,1,174.493,40000000,206336000,1
merge_sort,10000000,aleatorio,D1,c,1,1,374.793,80000000,206336000,1
merge_sort,10000000,aleatorio,D1,c,2,1,475.742,80000000,206336000,1
merge_sort,10000000,aleatorio,D1,c,3,1,351.921,80000000,206336000,1
quick_sort,10000000,aleatorio,D1,c,1,1,267.058,40000000,206336000,1
quick_sort,10000000,aleatorio,D1,c,2,1,247.946,40000000,206336000,1
quick_sort,10000000,aleatorio,D1,c,3,1,268.288,40000000,206336000,1
patience_sort,10000000,aleatorio,D1,c,1,1,262.243,80000336,206336000,1
patience_sort,10000000,aleatorio,D1,c,2,1,237.065,80000336,206336000,1
patience_sort,10000000,aleatorio,D1,c,3,1,229.79,80000336,206336000,1
std_sort,10000000,aleatorio,D7,a,1,1,560.245,40000000,206336000,1
std_sort,10000000,aleatorio,D7,a,2,1,551.761,40000000,206336000,1
std_sort,10000000,aleatorio,D7,a,3,1,554.479,40000000,206336000,1
merge_sort,10000000,aleatorio,D7,a,1,1,679.361,80000000,206336000,1
merge_sort,10000000,aleatorio,D7,a,2,1,736.071,80000000,206336000,1
merge_sort,10000000,aleatorio,D7,a,3,1,840.928,80000000,206336000,1
quick_sort,10000000,aleatorio,D7,a,1,1,646.704,40000000,206336000,1
quick_sort,10000000,aleatorio,D7,a,2,1,665.137,40000000,206336000,1
quick_sort,10000000,aleatorio,D7,a,3,1,653.427,40000000,206336000,1
patience_sort,10000000,aleatorio,D7,a,1,1,2649.55,80083200,206422016,1
patience_sort,10000000,aleatorio,D7,a,2,1,2322.91,80083200,206422016,1
patience_sort,10000000,aleatorio,D7,a,3,1,2354.46,80083200,206422016,1
std_sort,10000000,aleatorio,D7,b,1,1,534.935,40000000,206422016,1
std_sort,10000000,aleatorio,D7,b,2,1,505.441,40000000,206422016,1
std_sort,10000000,aleatorio,D7,b,3,1,545.107,40000000,206422016,1
merge_sort,10000000,aleatorio,D7,b,1,1,852.493,80000000,206422016,1
merge_sort,10000000,aleatorio,D7,b,2,1,774.552,80000000,206422016,1
merge_sort,10000000,aleatorio,D7,b,3,1,833.345,80000000,206422016,1
quick_sort,10000000,aleatorio,D7,b,1,1,657.69,40000000,206422016,1
quick_sort,10000000,aleatorio,D7,b,2,1,651.093,40000000,206422016,1
quick_sort,10000000,aleatorio,D7,b,3,1,651.744,40000000,206422016,1
patience_sort,10000000,aleatorio,D7,b,1,1,2567.55,80083032,206422016,1
patience_sort,10000000,aleatorio,D7,b,2,1,2614.86,80083032,206422016,1
patience_sort,10000000,aleatorio,D7,b,3,1,2653.38,80083032,206422016,1
std_sort,10000000,aleatorio,D7,c,1,1,530.566,40000000,206422016,1
std_sort,10000000,aleatorio,D7,c,2,1,481.975,40000000,206422016,1
std_sort,10000000,aleatorio,D7,c,3,1,478.501,40000000,206422016,1
merge_sort,10000000,aleatorio,D7,c,1,1,730.553,80000000,206422016,1
merge_sort,10000000,aleatorio,D7,c,2,1,829.111,80000000,206422016,1
merge_sort,10000000,aleatorio,D7,c,3,1,838.239,80000000,206422016,1
quick_sort,10000000,aleatorio,D7,c,1,1,662.415,40000000,206422016,1
quick_sort,10000000,aleatorio,D7,c,2,1,641.45,40000000,206422016,1
quick_sort,10000000,aleatorio,D7,c,3,1,656.78,40000000,206422016,1
patience_sort,10000000,aleatorio,D7,c,1,1,2468.59,80083144,206422016,1
patience_sort,10000000,aleatorio,D7,c,2,1,2129.1,80083144,206422016,1
patience_sort,10000000,aleatorio,D7,c,3,1,2381.56,80083144,206422016,1
std_sort,10000000,ascendente,D1,a,1,1,80.494,40000000,206422016,1
std_sort,10000000,ascendente,D1,a,2,1,57.4852,40000000,206422016,1
std_sort,10000000,ascendente,D1,a,3,1,55.4482,40000000,206422016,1
merge_sort,10000000,ascendente,D1,a,1,1,228.051,80000000,206422016,1
merge_sort,10000000,ascendente,D1,a,2,1,268.978,80000000,206422016,1
merge_sort,10000000,ascendente,D1,a,3,1,270.159,80000000,206422016,1
quick_sort,10000000,ascendente,D1,a,1,1,245.398,40000000,206422016,1
quick_sort,10000000,ascendente,D1,a,2,1,191.516,40000000,206422016,1
quick_sort,10000000,ascendente,D1,a,3,1,250.839,40000000,206422016,1
patience_sort,10000000,ascendente,D1,a,1,1,147.427,80000336,206422016,1
patience_sort,10000000,ascendente,D1,a,2,1,130.716,80000336,206422016,1
patience_sort,10000000,ascendente,D1,a,3,1,153.84,80000336,206422016,1
std_sort,10000000,ascendente,D1,b,1,1,63.1962,40000000,206422016,1
std_sort,10000000,ascendente,D1,b,2,1,88.3018,40000000,206422016,1
std_sort,10000000,ascendente,D1,b,3,1,100.011,40000000,206422016,1
merge_sort,10000000,ascendente,D1,b,1,1,256.4,80000000,206422016,1
merge_sort,10000000,ascendente,D1,b,2,1,288.972,80000000,206422016,1
merge_sort,10000000,ascendente,D1,b,3,1,249.619,80000000,206422016,1
quick_sort,10000000,ascendente,D1,b,1,1,187.264,40000000,206422016,1
quick_sort,10000000,ascendente,D1,b,2,1,217.77,40000000,206422016,1
quick_sort,10000000,ascendente,D1,b,3,1,216.094,40000000,206422016,1
patience_sort,10000000,ascendente,D1,b,1,1,111.914,80000336,206422016,1
patience_sort,10000000,ascendente,D1,b,2,1,127.161,80000336,206422016,1
patience_sort,10000000,ascendente,D1,b,3,1,148.384,80000336,206422016,1
std_sort,10000000,ascendente,D1,c,1,1,95.1775,40000000,206422016,1
std_sort,10000000,ascendente,D1,c,2,1,71.8688,40000000,206422016,1
std_sort,10000000,ascendente,D1,c,3,1,87.3284,40000000,206422016,1
merge_sort,10000000,ascendente,D1,c,1,1,286.334,80000000,206422016,1
merge_sort,10000000,ascendente,D1,c,2,1,238.822,80000000,206422016,1
merge_sort,10000000,ascendente,D1,c,3,1,228.645,80000000,206422016,1
quick_sort,10000000,ascendente,D1,c,1,1,168.097,40000000,206422016,1
quick_sort,10000000,ascendente,D1,c,2,1,177.181,40000000,206422016,1
quick_sort,10000000,ascendente,D1,c,3,1,239.773,40000000,206422016,1
patience_sort,10000000,ascendente,D1,c,1,1,135.446,80000336,206422016,1
patience_sort,10000000,ascendente,D1,c,2,1,148.423,80000336,206422016,1
patience_sort,10000000,ascendente,D1,c,3,1,147.773,80000336,206422016,1
std_sort,10000000,ascendente,D7,a,1,1,139.346,40000000,206422016,1
std_sort,10000000,ascendente,D7,a,2,1,103.539,40000000,206422016,1
std_sort,10000000,ascendente,D7,a,3,1,130.816,40000000,206422016,1
merge_sort,10000000,ascendente,D7,a,1,1,261.002,80000000,206422016,1
merge_sort,10000000,ascendente,D7,a,2,1,245.483,80000000,206422016,1
merge_sort,10000000,ascendente,D7,a,3,1,273.93,80000000,206422016,1
quick_sort,10000000,ascendente,D7,a,1,1,143.49,40000000,206422016,1
quick_sort,10000000,ascendente,D7,a,2,1,184.442,40000000,206422016,1
quick_sort,10000000,ascendente,D7,a,3,1,171.944,40000000,206422016,1
patience_sort,10000000,ascendente,D7,a,1,1,1004.61,164122984,281911296,1
patience_sort,10000000,ascendente,D7,a,2,1,1053.45,164122984,281911296,1
patience_sort,10000000,ascendente,D7,a,3,1,1054.47,164122984,281911296,1
std_sort,10000000,ascendente,D7,b,1,1,113.669,40000000,282451968,1
std_sort,10000000,ascendente,D7,b,2,1,140.088,40000000,282451968,1
std_sort,10000000,ascendente,D7,b,3,1,116.047,40000000,282451968,1
merge_sort,10000000,ascendente,D7,b,1,1,241.314,80000000,282451968,1
merge_sort,10000000,ascendente,D7,b,2,1,215.755,80000000,282451968,1
merge_sort,10000000,ascendente,D7,b,3,1,153.773,80000000,282451968,1
quick_sort,10000000,ascendente,D7,b,1,1,121.482,40000000,282451968,1
quick_sort,10000000,ascendente,D7,b,2,1,122.19,40000000,282451968,1
quick_sort,10000000,ascendente,D7,b,3,1,122.173,40000000,282451968,1
patience_sort,10000000,ascendente,D7,b,1,1,1107.91,164127768,282456064,1
patience_sort,10000000,ascendente,D7,b,2,1,1072.93,164127768,282456064,1
patience_sort,10000000,ascendente,D7,b,3,1,1071.48,164127768,282456064,1
std_sort,10000000,ascendente,D7,c,1,1,116.473,40000000,282480640,1
std_sort,10000000,ascendente,D7,c,2,1,132.848,40000000,282480640,1
std_sort,10000000,ascendente,D7,c,3,1,133.454,40000000,282480640,1
merge_sort,10000000,ascendente,D7,c,1,1,269.769,80000000,282480640,1
merge_sort,10000000,ascendente,D7,c,2,1,218.645,80000000,282480640,1
merge_sort,10000000,ascendente,D7,c,3,1,230.119,80000000,282480640,1
quick_sort,10000000,ascendente,D7,c,1,1,179.81,40000000,282480640,1
quick_sort,10000000,ascendente,D7,c,2,1,179.734,40000000,282480640,1
quick_sort,10000000,ascendente,D7,c,3,1,164.472,40000000,282480640,1
patience_sort,10000000,ascendente,D7,c,1,1,1040.36,164135304,282480640,1
patience_sort,10000000,ascendente,D7,c,2,1,1063.19,164135304,282480640,1
patience_sort,10000000,ascendente,D7,c,3,1,1105.79,164135304,282480640,1
std_sort,10000000,descendente,D1,a,1,1,71.9791,40000000,282488832,1
std_sort,10000000,descendente,D1,a,2,1,90.2996,40000000,282488832,1
std_sort,10000000,descendente,D1,a,3,1,95.8496,40000000,282488832,1
merge_sort,10000000,descendente,D1,a,1,1,206.871,80000000,282488832,1
merge_sort,10000000,descendente,D1,a,2,1,252.231,80000000,282488832,1
merge_sort,10000000,descendente,D1,a,3,1,251.839,80000000,282488832,1
quick_sort,10000000,descendente,D1,a,1,1,199.689,40000000,282488832,1
quick_sort,10000000,descendente,D1,a,2,1,194.067,40000000,282488832,1
quick_sort,10000000,descendente,D1,a,3,1,196.847,40000000,282488832,1
patience_sort,10000000,descendente,D1,a,1,1,81.439,80000264,282488832,1
patience_sort,10000000,descendente,D1,a,2,1,85.4886,80000264,282488832,1
patience_sort,10000000,descendente,D1,a,3,1,85.6992,80000264,282488832,1
std_sort,10000000,descendente,D1,b,1,1,89.8384,40000000,282488832,1
std_sort,10000000,descendente,D1,b,2,1,76.0289,40000000,282488832,1
std_sort,10000000,descendente,D1,b,3,1,95.4688,40000000,282488832,1
merge_sort,10000000,descendente,D1,b,1,1,272.031,80000000,282488832,1
merge_sort,10000000,descendente,D1,b,2,1,265.199,80000000,282488832,1
merge_sort,10000000,descendente,D1,b,3,1,234.603,80000000,282488832,1
quick_sort,10000000,descendente,D1,b,1,1,182.89,40000000,282488832,1
quick_sort,10000000,descendente,D1,b,2,1,187.779,40000000,282488832,1
quick_sort,10000000,descendente,D1,b,3,1,214.369,40000000,282488832,1
patience_sort,10000000,descendente,D1,b,1,1,68.3886,80000264,282488832,1
patience_sort,10000000,descendente,D1,b,2,1,79.3927,80000264,282488832,1
patience_sort,10000000,descendente,D1,b,3,1,82.7227,80000264,282488832,1
std_sort,10000000,descendente,D1,c,1,1,85.7202,40000000,282488832,1
std_sort,10000000,descendente,D1,c,2,1,95.6991,40000000,282488832,1
std_sort,10000000,descendente,D1,c,3,1,95.654,40000000,282488832,1
merge_sort,10000000,descendente,D1,c,1,1,275.106,80000000,282488832,1
merge_sort,10000000,descendente,D1,c,2,1,260.644,80000000,282488832,1
merge_sort,10000000,descendente,D1,c,3,1,282.535,80000000,282488832,1
quick_sort,10000000,descendente,D1,c,1,1,204.437,40000000,282488832,1
quick_sort,10000000,descendente,D1,c,2,1,218.118,40000000,282488832,1
quick_sort,10000000,descendente,D1,c,3,1,189.394,40000000,282488832,1
patience_sort,10000000,descendente,D1,c,1,1,75.6359,80000264,282488832,1
patience_sort,10000000,descendente,D1,c,2,1,85.3739,80000264,282488832,1
patience_sort,10000000,descendente,D1,c,3,1,69.5108,80000264,282488832,1
std_sort,10000000,descendente,D7,a,1,1,71.7441,40000000,282488832,1
std_sort,10000000,descendente,D7,a,2,1,112.888,40000000,282488832,1
std_sort,10000000,descendente,D7,a,3,1,119.379,40000000,282488832,1
merge_sort,10000000,descendente,D7,a,1,1,255.566,80000000,282488832,1
merge_sort,10000000,descendente,D7,a,2,1,279.219,80000000,282488832,1
merge_sort,10000000,descendente,D7,a,3,1,266.343,80000000,282488832,1
quick_sort,10000000,descendente,D7,a,1,1,236.657,40000000,282488832,1
quick_sort,10000000,descendente,D7,a,2,1,250.804,40000000,282488832,1
quick_sort,10000000,descendente,D7,a,3,1,249.454,40000000,282488832,1
patience_sort,10000000,descendente,D7,a,1,1,71.5386,80000264,282488832,1
patience_sort,10000000,descendente,D7,a,2,1,83.0058,80000264,282488832,1
patience_sort,10000000,descendente,D7,a,3,1,82.5086,80000264,282488832,1
std_sort,10000000,descendente,D7,b,1,1,119.159,40000000,282488832,1
std_sort,10000000,descendente,D7,b,2,1,116.331,40000000,282488832,1
std_sort,10000000,descendente,D7,b,3,1,99.3886,40000000,282488832,1
merge_sort,10000000,descendente,D7,b,1,1,290.842,80000000,282488832,1
merge_sort,10000000,descendente,D7,b,2,1,273.759,80000000,282488832,1
merge_sort,10000000,descendente,D7,b,3,1,234.668,80000000,282488832,1
quick_sort,10000000,descendente,D7,b,1,1,206.479,40000000,282488832,1
quick_sort,10000000,descendente,D7,b,2,1,185.52,40000000,282488832,1
quick_sort,10000000,descendente,D7,b,3,1,215.159,40000000,282488832,1
patience_sort,10000000,descendente,D7,b,1,1,74.0787,80000264,282488832,1
patience_sort,10000000,descendente,D7,b,2,1,81.8254,80000264,282488832,1
patience_sort,10000000,descendente,D7,b,3,1,73.9294,80000264,282488832,1
std_sort,10000000,descendente,D7,c,1,1,105.227,40000000,282488832,1
std_sort,10000000,descendente,D7,c,2,1,115.165,40000000,282488832,1
std_sort,10000000,descendente,D7,c,3,1,117.974,40000000,282488832,1
merge_sort,10000000,descendente,D7,c,1,1,284.498,80000000,282488832,1
merge_sort,10000000,descendente,D7,c,2,1,294.976,80000000,282488832,1
merge_sort,10000000,descendente,D7,c,3,1,270.96,80000000,282488832,1
quick_sort,10000000,descendente,D7,c,1,1,217.399,40000000,282488832,1
quick_sort,10000000,descendente,D7,c,2,1,196.468,40000000,282488832,1
quick_sort,10000000,descendente,D7,c,3,1,240.061,40000000,282488832,1
patience_sort,10000000,descendente,D7,c,1,1,84.299,80000264,282488832,1
patience_sort,10000000,descendente,D7,c,2,1,87.3808,80000264,282488832,1
patience_sort,10000000,descendente,D7,c,3,1,88.9495,80000264,282488832,1
