5793 5516 5174 4794 5499 5125 5030 5296 5090 5399 5132 5458 5118 4880 4722 5303 5506 5156 5206 5183 5438 4952 4872 5110 4839 4749 5354 5568 5151 5166 4851 5080 5582 4612 5288 5378 4967 5044 5094 5351 5406 4984 5427 4569 5085 4669 4831 5012 5057 5340 5663 5593 5453 5536 5533 5539 5144 5233 5093 5492 5470 5508 5818 5138 5532 4966 5333 4921 4844 5102 5419 5490 4840 4792 5784 5230 4898 5616 5319 5171 4795 5130 5264 5223 5269 5136 4721 5375 5272 4687 5241 5328 5015 5155 4871 5665 5036 5446 4828 5161 4906 5069 5072 5320 4701 5368 4974 5031 5244 5244 5476 4755 5763 5188 5177 5343 4520 5226 4818 5334 5264 5568 5278 5306 5108 4736 4768 5149 4722 5225 5011 5607 5357 5358 5322 5461 5256 5292 4945 5356 5228 5712 4642 5606 5389 5115 5061 5163 5282 5747 5251 5051 5121 5104 4852 4861 5093 5549 5465 5280 4704 5046 5146 5563 5223 5208 5211 5492 5170 5282 5701 5258 4730 5098 5041 4863 5244 5018 4813 5170 5260 4994 5475 5591 5346 5044 5295 5325 5717 4599 5399 5201 4793 5127 5273 5137 5262 5044 5214 4953 5437 5221 5366 5172 5246 4765 5198 5390 5069 5140 5428 5219 4947 5678 5563 5452 5157 5364 5275 5065 4767 4991 5389 5107 5410 5213 5316 5273 5545 4966 4684 5304 5187 5267 4799 5144 5122 5154 5538 4928 5053 5259 5235 5057 4735 5453 5340 5058 4917 5320 5052 5149 5686 5016 5376 4725
5857 5718 5586 5055 5535 5445 5039 5433 4944 5394 5132 5669 5181 5137 4867 5288 5406 5270 5500 5176 5682 5205 4983 5154 4972 4773 5345 5598 5128 5274 4896 5223 5708 4855 5431 5321 5007 5322 5324 5609 5511 5124 5548 4813 5238 5069 5310 5362 5338 5426 5744 5411 5530 5800 5566 5633 5354 5278 5348 5382 5628 5400 5893 5205 5479 4997 5091 5043 5176 5233 5369 5665 5022 5184 6073 5263 5022 5618 5126 5252 5131 5091 5350 5291 5473 5099 5041 5285 5168 4769 5552 5639 5299 4875 5058 5770 4929 5469 4969 5098 5071 5317 5193 5391 4968 5463 4964 5323 5340 5388 5667 5150 5712 5504 5383 5568 5047 5188 4981 5763 5208 5557 5385 5159 4946 4990 5192 5170 5022 5553 5085 5652 5442 5391 5607 5337 5375 5655 4822 5290 5494 5731 5070 5836 5570 5228 5280 5343 5266 5713 5123 5371 5088 5619 5041 5238 5100 5435 5390 5335 4717 4763 5141 5837 5157 5131 5173 5549 5063 5442 5707 5214 4626 4978 5106 5134 5658 5053 5098 5154 5298 5007 5543 5276 5304 5104 5332 5265 5739 4895 5836 5183 4875 5275 5275 5398 5407 5345 5642 5136 5339 5245 5578 5414 5614 4924 5455 5353 5288 5208 5416 5374 5097 5358 5472 5405 5078 5421 5367 5217 4705 5251 5324 5157 5314 5301 5326 5400 5560 4951 5064 5507 5453 5042 4706 5560 5084 5569 5646 5194 5137 5485 5581 5308 4802 5670 5254 5369 5100 5119 5063 5135 5739 5214 5459 5117
5953 5716 5561 5224 5670 5188 5400 5704 5079 5586 5429 5659 5031 5332 4989 5256 5556 5523 5496 5412 5574 5298 5200 5074 5087 5059 5434 5831 5517 5301 4934 4932 5697 5156 5550 5272 5000 5845 5344 5648 5883 5212 5466 4885 5254 5208 5179 5462 5381 5619 5800 5897 5312 5903 5642 5522 5546 5604 5370 5596 5668 5517 5877 5373 5575 5130 5593 5127 5117 5263 5408 5979 5256 5127 5878 5544 5412 5593 5148 5356 5263 5257 5678 5310 5784 5388 5171 5417 5490 4905 5536 5377 5355 5234 5154 5623 4990 5508 5254 5208 5428 5165 5299 5642 5180 5605 5195 5372 5357 5502 5581 5102 5898 5335 5157 5931 4909 5304 5288 6129 5455 5909 5546 5662 4943 5166 5082 5253 5158 5358 5203 5736 5635 5381 5725 5515 5238 5825 4999 5607 5459 5902 5004 5712 5457 5261 5389 5510 5366 5935 5234 5521 5118 5620 4939 5059 5285 5758 5468 5306 5048 5100 5476 5699 5254 5130 5313 5645 5611 5636 5769 5021 5169 5060 5400 5164 5743 5171 4875 5264 5218 5218 5513 5519 5342 5378 5566 5542 5612 4730 5775 5241 5105 5428 5303 5488 5352 5479 5726 5263 5456 5340 5553 5129 5525 5056 5304 5481 5203 5530 5690 5431 5230 5596 5389 5982 5338 5223 5388 5300 5043 5413 5557 5486 5273 5464 5448 5473 5517 4968 5287 5380 5527 5422 4935 5401 5379 5616 5625 5123 5255 5467 5480 5370 4820 5399 5580 5395 5456 5296 5017 5317 5968 5138 5437 5196
5454 5297 5345 4909 5724 4995 5051 5276 4829 5158 5072 5343 4742 4920 4499 5255 5046 5309 4943 5174 5295 5076 4882 4741 4911 4824 5137 5539 5067 4913 4599 4993 5276 4844 5448 5080 4934 5187 5044 5114 5323 4795 5325 4721 4908 4716 5120 5020 4816 5175 5367 5617 5017 5322 5326 5391 4977 5222 5203 5181 5349 5115 5710 4938 5424 4735 5093 4638 4776 4728 5023 5178 4895 4924 5603 5220 5035 5205 5299 4809 4932 5090 5194 5063 5292 4754 5061 4979 5128 4667 5273 5167 5173 4847 4854 5536 4773 5025 4670 4767 5153 4736 5162 5182 4835 5337 4825 5147 5079 5116 5021 4861 5432 5189 5153 5589 4535 5013 5075 5421 5234 5504 5260 5290 4910 4847 5000 4986 4750 5199 4914 5481 5411 5071 5451 5198 4975 5394 4998 5192 5164 5696 4599 5297 5330 5122 5333 4845 4774 5524 5210 5036 4979 5315 4766 4962 4866 5455 5172 5179 4942 4487 5356 5544 5012 4934 4837 5363 4899 5304 5554 4964 4558 5016 5226 5038 5306 4845 4755 4861 4848 4737 5238 5066 5243 4987 5083 5495 5145 4658 5163 4706 4643 4855 4985 5262 5155 5036 5209 5126 5222 4980 5293 5109 5015 4593 4758 5415 5134 5293 5243 4915 5138 5409 5311 5264 5246 4761 5184 4756 4718 4983 5188 4842 5066 4967 4985 5319 5073 4596 5018 4907 5264 5236 4651 5072 4952 5144 5228 4874 4890 5077 4799 5330 4658 5295 5099 4762 4793 4810 4988 4843 5794 4939 5276 4834
5502 4980 5018 4486 4880 4983 4998 4867 4693 5003 4907 5341 4922 4556 4343 4769 5067 4709 4777 4855 5148 4513 4836 4640 4677 4443 4981 5203 4817 4728 4221 4583 5208 4488 5055 4818 4577 4759 4548 4833 4988 4670 5146 4268 4843 4781 4806 4558 4796 4902 5052 5232 4842 4920 5135 5067 4760 4931 4980 5092 5165 5012 5407 4923 5518 4498 4910 4625 4653 4674 5108 5148 4944 4398 5477 4655 4852 5218 4921 4976 4530 4798 4885 5149 5049 4431 4797 4724 4754 4271 4705 5057 4992 4852 4653 5076 4912 5022 4706 4474 4873 4723 4621 4859 4952 5272 4722 4782 4745 4810 5032 4615 5488 4868 4634 5270 4614 4889 4827 5392 4810 5074 4830 5064 4603 4378 4750 4828 4681 4905 5067 5377 4801 4872 4931 5051 4703 5071 4537 5145 5015 5373 4256 5021 4921 5084 5065 4553 4417 5304 4914 4947 4814 4989 4798 4443 4633 5080 4904 4882 4697 4513 5274 5269 4772 4599 4850 5042 4911 5160 5310 4815 4324 4580 4861 4852 5088 4791 4609 4516 4748 4569 5052 4900 5022 4737 5038 5158 4815 4540 5123 4552 4411 4813 4729 4948 4540 4961 4975 5054 4970 4683 5168 4888 4850 4363 4784 4943 5087 5181 5116 4676 4661 4985 5026 4929 4810 4937 4822 4747 4483 4742 5131 4688 5101 4619 4862 5010 5021 4524 4865 4856 4892 4925 4426 4911 4782 5090 5109 4801 4704 4767 4687 4830 4401 5063 4718 4958 4680 4968 4531 4840 5248 4775 5031 4745
5731 5116 5275 4981 5210 4918 5106 5158 4738 5152 4864 5168 4938 4757 4787 4601 5143 5160 5081 5203 5095 4667 4838 4654 4662 4713 5219 5312 4859 4800 4430 4660 5369 4706 5320 5073 4804 4875 5221 5024 5182 4692 5237 4572 4995 4571 4750 4865 4910 5120 5300 5246 5120 5530 5214 5232 5121 5119 5226 5228 5238 4960 5534 5069 5416 4898 5140 4530 4551 4803 5066 5425 5116 4611 5415 5024 4785 5250 4913 4852 4852 4667 4934 5104 5396 4891 4616 5092 4923 4780 5174 5016 5030 4775 4818 5391 4742 5181 5094 4995 4724 5117 4913 5254 5033 5294 4694 4702 4975 4933 5015 4570 5123 4814 4720 5241 4717 5256 4902 5371 5143 5242 4880 5241 4601 4878 4879 4764 4961 4956 4916 5643 5206 5036 5232 5009 4886 5043 5126 5453 4951 5350 4605 5305 5063 4995 4945 4923 4849 5211 4874 4950 4675 5024 4792 4505 4723 5228 4855 5131 4563 4749 4925 5329 5029 4877 4869 5212 4678 4995 5189 5014 4615 4846 4914 4811 5088 4921 4727 4850 4860 4934 5174 4908 4885 5216 4784 5191 5279 4494 5325 4852 4756 4902 4919 5114 5112 5159 5026 4899 5168 4912 5063 4767 4843 4565 4971 5172 5008 5109 5020 5028 4708 5029 5416 5332 4749 5036 4887 4732 4567 4939 5391 4603 5035 4840 5295 5096 5095 4875 4910 4694 5156 4830 4499 4923 5287 5195 5089 4812 4796 4775 4987 4809 4790 5446 5034 5238 4730 5048 4585 5147 5517 4676 5137 4869
5634 5264 5298 5063 5295 5116 4807 5246 4788 5357 4993 5564 4734 4915 4617 4797 5264 5143 5019 4891 5276 4877 4981 5023 4776 4828 5024 5447 4882 4989 4673 4739 5301 4521 5223 4842 4946 5091 5025 4859 5246 4797 5263 4668 5129 4704 5117 5110 4953 4888 5279 5273 5035 5198 5205 5390 5189 5090 5129 5322 5223 5052 5725 4987 5389 4772 5146 4842 5106 4787 5286 5145 4928 4920 5309 4979 4729 5441 4816 4913 4914 4968 5031 4818 5237 4971 4857 5298 5148 4598 5117 5151 5222 4976 5004 5215 4791 5074 4904 5125 4864 5072 5083 5478 4862 5071 4666 4962 4803 5197 5143 4800 5503 5024 5143 5148 4746 5259 4595 5438 4957 5761 5069 4934 4523 4631 5055 4870 4715 5032 5002 5454 5458 5293 5357 5182 4830 5149 4837 5496 4863 5274 4773 5140 5180 5064 5231 4859 4838 5156 5063 4991 4758 5168 5085 4894 4877 5225 4807 5030 4673 4827 5441 5494 4907 5065 5017 5318 5134 5181 5644 4846 4748 4917 4733 4765 5325 4766 5024 4767 4638 4672 5054 5311 4946 4910 5380 5273 5498 4323 5214 4848 4799 4970 4880 5394 5310 5120 5188 4802 5075 4869 5199 4882 4786 4644 4888 5318 4982 5231 5066 4847 4899 5390 5440 5248 4970 5076 5138 4854 4652 5193 5223 4685 4947 5209 5510 5357 4977 4806 5153 4979 5246 4995 4528 4764 5023 5218 5144 4996 4685 5008 5047 4898 4517 5300 5115 5284 4781 4935 4616 4876 5586 4733 5073 5011
5365 5349 4882 4694 5294 5143 5012 4908 4909 4926 4762 5409 4830 5085 4677 4964 5152 5091 5043 5093 5529 4772 4972 4767 4703 4610 4771 5291 4992 4779 4187 4652 5372 4621 5128 5048 4716 5114 4755 4978 5236 4795 5249 4710 4952 4731 4931 5091 4788 5091 5511 5290 4782 5418 5331 5226 5235 5030 5113 5313 5313 4953 5556 4882 5337 4800 4939 4765 4866 4607 5281 5377 4907 4582 5659 4692 4900 5265 5014 4984 4973 4939 5239 5112 5064 4825 4806 5119 4948 4566 4951 5076 4887 4914 4866 5297 4601 5428 4859 4843 4937 4957 4933 4884 4830 4994 4621 4912 4979 4974 5368 4775 5436 4940 4923 5593 4458 5063 4955 5173 5027 5444 5073 5004 4696 4507 4830 5032 4655 4867 4818 5423 5161 5047 5351 5170 4681 5684 4967 5082 4899 5454 4575 5020 5126 4739 4727 4749 4828 5495 4887 5258 4950 4994 4662 4793 4789 5099 4957 5146 4569 4710 5070 5144 4852 4860 4897 5237 4895 4853 5185 5180 4474 4683 4970 4713 5243 4645 4694 4673 4712 4871 4984 4997 4945 4793 5175 5260 5234 4501 5447 4884 4728 5070 4924 5071 5029 5084 5102 4925 4894 4787 5345 5052 5186 4736 4751 5198 5145 5088 5102 4928 4911 5079 5018 5063 5207 5100 5081 4788 4676 4918 5047 4818 4923 4762 5181 5271 5000 4735 4762 4968 5220 4911 4599 4932 4661 5067 5126 4782 4924 5021 4961 5044 4649 5074 5082 4785 5011 5050 4775 4920 5415 4806 5174 4990
5484 5331 4959 4486 5076 4988 4800 5033 4946 5046 4815 5135 4536 4709 4331 4841 4909 5018 4889 4731 5019 4715 4746 4530 4438 4498 4587 5181 4576 4911 4224 4631 5044 4486 5100 4704 4649 4610 4823 4667 5052 4476 4870 4330 4931 4687 4713 4670 4913 4971 5186 5038 4884 5151 5185 5018 4871 4995 4851 5213 4882 4985 5404 4639 5333 4666 4960 4513 4562 4575 4899 5024 4812 4678 5282 4972 4716 5214 5096 4749 4717 4661 4852 4972 4945 4420 4510 5160 4513 4473 4608 4690 4867 4797 4608 5380 4554 5016 4722 4697 4842 4595 4843 4886 4437 4880 4499 4759 4906 4909 5048 4437 5229 4766 4814 5018 4477 4780 4648 4767 4963 5106 4674 5018 4573 4575 4635 4726 4585 4828 4624 5130 5178 4775 4981 4967 4924 5288 4666 5112 4745 5263 4501 4848 5090 4613 4794 4696 4483 5312 4847 4550 4721 4882 4428 4502 4607 4990 4784 4967 4329 4380 5138 4975 4792 4792 4662 5127 4632 4917 5175 4895 4487 4700 4590 4557 4849 4471 4826 4522 4947 4605 4727 4849 4698 4768 4662 5106 5161 4157 4819 4704 4632 4758 4879 5026 5014 4681 4864 4500 4920 4646 5186 4818 4835 4513 4745 4816 5139 4934 4712 4861 4671 5150 5132 5130 4780 4931 4922 4675 4370 4640 4836 4378 4698 4934 4956 4983 5065 4644 4486 4882 5014 4833 4519 4859 4714 5081 5087 4894 4696 4733 4749 4730 4185 5198 4947 4777 4717 4953 4521 4557 5098 4677 4929 4692
5605 5081 5249 4698 5433 5034 5045 5176 4924 5041 5362 5631 5024 4868 4779 4822 5167 5244 5190 5071 5510 5041 4794 4969 5018 4858 5291 5379 5079 5059 4445 4956 5326 4808 5329 5236 4788 5199 5201 5012 5511 4745 5293 4807 5189 4764 5017 4888 4870 5226 5720 5366 4984 5382 5573 5360 5126 5121 5384 5534 5209 5048 5572 5125 5354 4952 5038 4715 4698 4986 5625 5464 4930 5020 5552 5352 4962 5508 5028 5135 5086 4963 5251 5113 5295 5058 4717 4963 4958 4779 5428 5095 5090 4984 4751 5540 4676 5200 4945 4839 4835 4901 5049 5211 4988 5325 4678 4928 4975 5047 5197 4802 5439 5167 5138 5554 4767 5020 4940 5599 5116 5373 5260 4977 4557 4661 5014 5157 4943 5290 4948 5667 5316 5195 5487 5248 5029 5324 4946 5555 4883 5680 4613 5327 5102 5030 5042 4872 4995 5475 5132 5088 4830 5282 4913 4791 4781 5389 5208 5103 4638 4841 5227 5544 5018 4998 4805 5259 4963 5055 5151 5089 4691 4867 5054 4908 5303 5095 4643 5102 4909 4788 5181 5006 4994 5178 5023 5306 5268 4724 5311 4912 4743 5355 5272 5077 5297 5110 5410 5245 4876 5095 5395 5179 4910 4606 5202 5144 5159 5169 5074 4875 4897 5306 5333 5463 5141 5239 5034 4904 4827 5197 5122 4788 5162 4997 5106 5323 5125 5016 4867 5430 5401 4978 4586 5007 4811 5089 5485 4950 4986 5094 4979 4801 4667 5440 5173 5096 4947 5029 4813 5108 5628 4823 5135 5219
6142 5689 5604 5438 5748 5406 5577 5318 5106 5663 5305 5590 5166 5308 4912 5231 5563 5721 5462 5670 5816 5048 5406 5049 5174 5219 5603 5699 5538 5260 4839 5247 5839 4965 5604 5436 5133 5531 5338 5526 5566 5051 5581 4899 5318 4901 5414 5149 5375 5408 5657 5690 5572 6030 5610 5685 5487 5490 5198 5760 5769 5210 6001 5269 5557 5317 5727 5340 4846 5172 5609 5758 5153 5248 6076 5575 5120 5322 5485 5365 5017 5178 5290 5624 5569 5375 5143 5525 5446 5031 5170 5347 5093 5487 4990 5891 5322 5370 5159 5530 5104 5298 5372 5401 5300 5388 5085 5267 5569 5461 5464 4981 5689 5314 5143 5847 4885 5497 5039 5891 5489 5640 5745 5222 5081 5328 5136 5122 5246 5343 5091 5882 5749 5582 5697 5509 5413 5782 5331 5631 5504 5883 4916 5508 5367 5366 5318 5363 5402 5833 5537 5441 5266 5527 5108 5028 5118 5739 5536 5775 5137 5236 5644 5604 5447 5331 5076 5496 5446 5565 5618 5410 4957 5052 5167 4919 5609 4987 4973 5359 5055 5068 5693 5456 5473 5193 5516 5713 5561 4840 5503 5206 5178 5398 5228 5464 5666 5158 5542 5414 5480 5143 5435 5288 5425 4971 5222 5535 5507 5266 5400 5479 5041 5340 5579 5690 5544 5373 5690 4926 4842 5321 5448 5260 5458 5452 5605 5426 5755 5090 5075 5174 5505 5313 4979 5395 5104 5357 5632 5479 5146 5238 5405 5559 5031 5397 5593 5268 5236 5469 5102 5190 5817 5146 5509 5356
5911 5632 5635 5177 5707 5335 5187 5665 5248 5432 5424 5878 5288 5432 5031 5300 5733 5450 5444 5334 5734 5389 5488 5358 5007 5114 5549 5796 5215 5370 4755 5067 5588 4892 5611 5059 5408 5490 4798 5489 5757 5145 5713 4817 5455 4853 5434 5218 5189 5319 5907 5651 5414 5940 5556 5454 5210 5723 5506 5802 5815 5747 6053 5386 5793 5042 5439 5230 5163 5198 5563 5711 5541 5135 6015 5668 5390 5777 5321 5380 5066 5241 5699 5349 5840 5319 5244 5337 5222 4888 5478 5740 5554 5134 5016 5941 5492 5570 5164 5222 5273 5252 5192 5340 5318 5542 5171 5222 5344 5363 5818 5193 5741 5536 5479 5645 4875 5621 5343 5608 5551 5668 5558 5427 5042 5064 5077 5528 5142 5358 5438 5787 5490 5555 5698 5653 5197 5758 5249 5694 5549 5921 4798 5572 5725 5335 5333 5402 5366 5843 5378 5313 5133 5612 5041 5332 5455 5815 5633 5394 5001 5158 5891 5869 5101 5091 5210 5641 5032 5428 5591 5425 5158 5114 5507 5203 5410 5034 5036 5383 5163 5196 5906 5614 5289 5239 5505 5556 5598 4906 5837 5198 5245 5563 5230 5635 5475 5446 5621 5324 5190 5155 5736 5292 5423 4814 5499 5315 5490 5500 5498 5453 5285 5431 5714 5461 5432 5241 5281 5273 4825 5295 5605 4862 5344 5402 5888 5745 5504 4700 5308 5512 5461 5571 4944 5214 5325 5602 5822 5172 5070 5379 5441 5338 5145 5610 5428 5088 5142 5512 5180 5215 5910 5015 5559 5213
5831 5621 5507 5193 5532 5479 5623 5399 4976 5438 5150 5699 4999 4863 4895 5378 5583 5211 5244 5390 5720 5017 4961 4941 5126 4809 5130 5826 5111 5315 4601 5023 5623 5091 5681 5332 4977 5335 5061 5711 5477 5113 5521 5059 5281 4977 5256 5129 5203 5452 5746 5585 5362 5840 5397 5627 5137 5450 5548 5567 5667 5522 5821 5490 5809 5113 5279 4988 5000 5037 5364 5555 5341 5119 5524 5231 4902 5398 5258 5289 5036 5079 5297 5373 5436 5152 5236 5481 5290 4853 5414 5525 5338 5151 5062 5312 5187 5384 5154 5261 5220 5166 5178 5350 5199 5354 4959 5523 5403 5459 5692 4947 5674 5359 5158 5664 4942 5342 5055 5658 5407 5742 5177 5545 5046 5024 5164 4981 4936 5105 5350 5785 5633 5268 5527 5498 5297 5488 5114 5635 5394 5914 4993 5479 5535 5347 5168 5414 5016 5682 5326 5202 5151 5424 5100 4972 5181 5453 5449 5054 4871 4892 5295 5583 5158 5193 5188 5408 5167 5337 5847 5218 4959 5072 5096 5056 5619 5310 4712 4975 5160 5035 5461 5536 5228 4995 5594 5457 5813 4890 5695 4989 5041 5463 5259 5255 5436 5414 5575 5120 5300 5101 5379 5362 5373 4905 5230 5507 5110 5297 5299 5353 5251 5107 5267 5610 5580 5295 5443 5137 4709 5413 5439 4973 5154 5531 5504 5445 5472 4944 5397 5325 5564 5196 4826 5223 5227 5338 5688 5144 4928 5133 5322 5124 5006 5398 5467 5429 5217 5482 5080 4996 5964 5281 5375 5094
6188 5858 5752 5166 5930 5301 5291 5759 5214 5475 5595 5697 5486 5387 5020 5424 5634 5514 5510 5497 5677 5297 5396 5501 5075 5110 5692 6048 5086 5559 4988 5218 5620 5001 5635 5450 5118 5426 5341 5407 5815 5333 5506 4929 5331 5176 5448 5411 5152 5487 5816 5940 5485 5851 5761 5763 5545 5705 5329 5896 5756 5553 6043 5380 5905 5218 5606 5029 5494 5446 5718 5853 5195 5183 6123 5399 5316 5902 5450 5553 5379 5552 5584 5492 5736 5357 5445 5458 5589 5220 5597 5475 5609 5475 5285 5889 5335 5579 5073 5136 5207 5087 5377 5469 5265 5262 5155 5447 5430 5707 5793 5391 5936 5359 5581 5961 5158 5610 4993 6152 5585 5913 5628 5709 5250 5005 5401 5303 5349 5502 5480 5767 5695 5551 5729 5697 5369 5643 5366 5868 5364 5961 5068 5789 5714 5222 5600 5308 5188 5944 5620 5383 5216 5451 5265 5162 5193 5712 5451 5422 5381 5360 5714 5778 5535 5359 5285 5635 5236 5485 5882 5652 4880 5241 5329 5276 5716 5332 5410 5256 5276 5128 5780 5741 5735 5361 5427 5805 5746 4879 5892 5391 5249 5522 5513 5880 5709 5556 5664 5384 5489 5640 5779 5634 5468 4896 5301 5478 5748 5497 5356 5286 5392 5695 5804 5494 5345 5477 5516 5366 5069 5583 5621 5144 5684 5308 5817 5642 5737 5324 4935 5431 5645 5803 4874 5467 5323 5547 5881 5591 5175 5394 5535 5545 4966 5774 5390 5173 5311 5273 5109 5235 6114 5233 5556 5267
5599 5367 5256 4794 5556 5222 4810 5129 4852 5265 4919 5337 4978 4901 4752 4893 5215 5317 5193 4987 5333 5030 5030 5192 4881 4927 5219 5526 5136 4992 4635 4901 5562 4827 5592 5335 5062 5104 5229 4954 5269 4847 5359 4517 5251 4895 4817 4992 5068 5197 5819 5453 5159 5588 5633 5279 5012 5175 4983 5595 5272 5322 5557 5334 5563 4932 5060 4803 4942 4766 5409 5507 4945 4978 5647 5323 4933 5683 4814 4989 4954 5140 5131 5043 5353 4876 4934 5423 5013 4798 5215 5285 5193 5166 5128 5554 4832 5267 4905 5057 5105 4986 5019 5152 4974 5198 4969 4913 5133 5135 5245 4919 5551 5214 5185 5359 4604 5100 4650 5619 5318 5470 5356 5141 4740 4699 4912 5020 4943 5348 4794 5591 5243 5481 5382 5031 5062 5288 5134 5607 4800 5662 4636 5254 5115 5091 5146 5146 5091 5744 5124 4967 4851 5231 5045 4654 4856 5323 5015 5308 4769 4916 5107 5689 5103 4960 5167 5361 5258 5379 5506 5147 4470 4879 5203 4921 5019 5135 4772 5002 4975 4733 5336 5321 5167 5019 5296 5283 5341 4558 5353 5069 4880 5337 5018 5147 5385 4950 5272 5061 4769 4936 5188 4815 5160 4851 4990 5641 5067 5120 5071 4970 4953 5693 5227 5358 5199 5032 5026 4841 4784 4971 5417 4818 4986 5090 5342 5536 5345 4862 4827 4977 5382 5144 4845 5078 5190 5363 5025 5063 5024 5046 5085 4781 4883 5344 5097 5186 4708 5055 4984 4926 5472 5011 5074 5276
5428 5176 5216 4744 5070 5009 4910 5007 4948 5035 4863 5428 4643 4704 4644 4876 4956 5051 4879 4791 5321 4932 4847 4777 4550 4563 4940 5373 4936 4853 4207 4664 5082 4652 5111 4983 4813 5207 4667 4902 5116 4740 5117 4370 5070 4422 4844 4666 4856 4864 5227 5312 5053 5278 4985 5160 5058 5137 4949 5244 4986 5127 5173 4851 5405 4645 4890 4712 4677 4782 5179 5238 4624 4775 5300 4969 4626 5034 4622 4436 4638 5054 4901 4969 5119 4679 4768 4874 5058 4373 4919 4945 4871 4864 4686 5311 4679 5186 4837 5210 5035 4911 4971 5050 4934 5179 4550 4731 4875 5121 5186 4820 5049 4855 4906 5254 4588 4764 4820 5281 4889 5184 4923 4999 4661 4717 4844 4704 4763 4966 4578 5618 5302 4735 5101 4864 5012 5065 4761 5340 4852 5343 4649 5199 5034 5057 5091 4528 4360 5370 4627 4848 4767 5100 4671 4881 4694 4913 4906 4993 4303 4765 5015 5111 4752 4524 4801 4967 4978 5183 5044 4960 4615 4929 4846 4633 4826 4553 4717 4636 4878 4771 5126 4940 4938 4835 5183 5189 5205 4502 5115 4838 4514 4652 4784 5096 4985 4861 5243 4811 4783 4835 5306 4829 4990 4563 4777 5113 4962 5026 4827 4943 4712 5037 5282 5267 4967 4690 4995 4731 4278 4882 5072 4549 4732 4902 5007 4922 4929 4514 4814 4744 5227 4887 4460 4784 4997 4906 5072 4785 5056 4901 4913 4855 4517 5134 5028 5009 4530 4767 4587 4681 5239 4678 4959 4714
5689 5235 5426 4953 5469 5160 5066 5388 4958 5200 5057 5324 4833 4913 4638 5109 5380 5312 5146 5017 5561 5053 5008 4952 4936 4769 5190 5757 4944 5276 4532 4959 5287 4850 5364 5184 5039 5228 4778 5112 5416 4788 5243 4715 5206 4803 5215 5006 4978 5209 5489 5259 5019 5603 5225 5259 5160 5012 5118 5139 5415 5260 5513 5091 5757 4996 4998 4932 4566 4994 5265 5249 5002 4576 5658 5129 5030 5146 5059 4946 4976 4958 5331 4989 5336 4659 4710 5233 5267 4649 5247 5267 5239 4884 4929 5924 4874 5238 5065 4824 5071 4854 5087 5336 5176 5268 4808 4988 5299 5176 5235 5147 5463 5426 5183 5457 4780 5356 5155 5631 5323 5424 4896 5221 4718 4658 5023 5184 5087 5296 5141 5422 5376 5112 5591 5274 5011 5284 5161 5412 4921 5522 4786 5282 5389 4937 5111 5070 5124 5480 5070 5012 4754 5319 5116 4933 4969 5474 5151 4927 4760 4911 5289 5570 4856 4936 4712 5386 5057 4944 5499 5141 4490 5151 5192 5121 5238 4946 5079 5029 5035 4734 5381 5294 5368 5093 5150 5148 5303 4825 5430 5138 4917 4976 4983 5349 5234 5047 5279 5201 5147 5032 5284 4843 5460 5134 5208 5539 5277 5383 5223 4956 5018 5340 5554 5347 4993 4969 5157 4800 4465 5082 5661 4861 4882 4984 5357 5393 5215 4915 5066 5096 5251 5185 4556 4879 4870 5378 5460 4909 4875 5069 5249 4976 4510 5344 5222 5230 4696 5026 5076 5147 5665 4947 5127 4899
5946 5645 5456 5068 5923 5216 5392 5628 5388 5430 5424 5856 5373 5263 4799 5138 5673 5548 5316 5593 5485 5261 5311 5314 5271 4852 5590 5711 5299 5368 4856 5249 5750 5226 5805 5477 5277 5647 5396 5732 5521 4946 5882 5007 5426 5148 5291 5163 5302 5468 5751 5754 5386 5822 5595 5750 5268 5239 5470 5661 5768 5511 6049 5420 5899 5173 5409 4986 5096 5048 5746 5673 5360 5079 5968 5521 5139 5805 5366 5327 5033 5394 5409 5513 5691 5189 5317 5268 5212 4944 5537 5610 5375 5432 5286 6042 5036 5572 5127 5342 5387 5457 5472 5617 5124 5835 5218 5357 5508 5619 5474 5286 5986 5376 5422 5805 4977 5458 5412 5700 5591 5823 5492 5469 4857 5054 5472 5370 5093 5279 5302 5712 5814 5538 5803 5427 5215 5805 5036 5515 5575 5760 5276 5559 5734 5489 5452 5187 5128 5985 5471 5327 5201 5610 5082 5014 5328 5789 5449 5463 5209 5116 5494 5936 5409 5243 5176 5471 5357 5657 5553 5124 5006 5237 5255 5258 5549 5067 5525 5231 5099 4932 5572 5580 5319 5195 5498 5475 5870 4957 5862 5446 5265 5352 5439 5531 5709 5413 5760 5141 5413 5360 5715 5276 5536 4944 5432 5738 5441 5528 5405 5413 5149 5679 5795 5536 5273 5323 5491 5488 4764 5289 5770 5181 5454 5556 5474 5524 5524 5240 5052 5369 5658 5471 5137 5444 5388 5475 5793 5220 5397 5626 5293 5336 5223 5840 5269 5220 5348 5451 5288 5116 6244 5421 5628 5199
5181 4753 4770 4469 4912 4636 4687 4742 4467 4694 4575 5037 4427 4579 4267 4266 5049 4712 4503 4412 4751 4674 4497 4597 4500 4303 4699 4937 4345 4662 3991 4397 4825 4583 4793 4307 4330 5055 4501 4802 4765 4416 5044 4253 4571 4389 4655 4581 4434 4693 4946 4797 4933 4991 4799 4507 4627 4761 4788 4823 4585 4838 5397 4579 4920 4556 4652 4409 4334 4461 4572 4739 4698 4664 5134 4781 4443 4877 4748 4502 4552 4538 4660 4706 4887 4554 4591 4155 4454 4103 4761 5032 4725 4520 4478 4866 4568 4647 4393 4585 4440 4512 4509 4832 4501 4689 4475 4511 4565 4738 5133 4540 5207 4653 4616 4977 4295 4521 4445 4747 4815 4830 4651 4723 4361 4406 4310 4428 4641 4774 4369 4932 4664 4508 4950 4690 4632 4972 4353 4879 4638 5051 4315 4899 4834 4602 4631 4479 4397 5022 4557 4685 4391 4907 4095 4544 4485 4882 4732 4643 4033 4193 4782 5022 4616 4381 4617 5026 4070 4702 4907 4476 4533 4542 4612 4419 4909 4256 4257 4552 4353 4523 4640 4813 4722 4364 4543 4952 4823 4488 4794 4559 4384 4608 4365 4751 4511 4748 4935 4426 4469 4725 4710 4492 4539 4420 4732 4840 4826 4701 4686 4711 4512 4631 4838 4614 4534 4401 4581 4348 4411 4770 4683 4137 4441 4651 4685 4475 5060 4406 4607 4658 4818 4585 4568 4648 4558 4792 4829 4511 4560 4729 4779 4610 4310 4869 4763 4491 4336 4402 4336 4638 5058 4551 4614 4318
5900 5396 5832 5353 5544 5404 5342 5551 5094 5515 5136 5698 4934 5258 4946 5438 5546 5328 5252 5234 5654 4992 5146 5007 4806 4994 5388 5878 5224 5101 4623 5140 5599 4877 5552 5061 5000 5305 4975 5277 5579 5104 5422 4977 5221 4776 5263 5335 5098 5442 5904 5490 5323 5726 5448 5452 5191 5557 5206 5716 5267 5517 5900 5351 5685 4993 5332 4791 5191 5105 5384 5572 5327 5099 5772 5048 4874 5625 5068 5062 5176 5340 5483 5193 5516 5201 4837 5275 5308 4857 5437 5377 5335 5080 5390 5574 5135 5524 4952 5226 4921 5141 5214 5252 5178 5310 5038 5092 4958 5464 5742 4852 5429 5233 5343 5673 4692 5221 5177 5881 5398 5587 5345 5533 5089 4863 5172 5048 4904 5192 5222 5715 5670 5496 5167 5279 5249 5554 5144 5713 5064 5723 4956 5687 5803 5209 5444 5044 5215 5776 5322 5187 5077 5447 4974 5094 5108 5682 5158 5365 4906 5025 5344 5591 5288 5010 5164 5671 5244 5374 5624 4991 4865 5042 5251 5035 5541 5119 4819 5268 5123 5267 5411 5211 5260 5300 5294 5307 5453 4996 5453 4929 5065 5333 5099 5533 5385 5268 5410 5339 5211 5205 5394 5233 5298 4649 4983 5326 5320 5444 5182 5046 5211 5543 5337 5472 5126 5104 5207 5052 4701 5362 5481 4847 5193 5456 5385 5589 5346 4890 5014 5073 5550 5404 4787 5279 5329 5316 5386 4952 4942 5126 5197 5282 4876 5429 5221 5522 5338 5276 4855 5209 5695 4998 5356 5235
5985 5361 5611 5195 5599 5146 5217 5035 5334 5538 5277 5669 5230 5070 5139 4910 5208 5489 5419 5291 5605 5033 5337 5307 5164 4801 5147 5577 5256 5140 5005 5028 5581 5068 5444 5119 4914 5484 5210 5569 5737 5150 5523 4831 5195 4807 5144 5055 5230 5106 5652 5313 5214 5622 5522 5593 4973 5210 5092 5656 5444 5366 5826 5425 5714 5113 5250 4974 5105 4976 5409 5589 5147 4971 5971 5270 4987 5500 5255 5060 5103 5066 5264 5332 5658 5203 5066 4954 5203 4838 5389 5406 5329 5333 4986 5583 5157 5431 4702 5346 5134 5114 5282 5405 5283 5133 4896 4879 5225 5267 5598 4966 5513 5118 5260 5689 5102 5145 5170 5730 5211 5548 5181 5140 4831 4967 5310 5123 5055 5100 5173 5781 5525 5373 5624 5248 5204 5329 5026 5524 5250 6070 4883 5558 5652 5128 5189 4901 5196 5679 5199 5246 4856 5343 4858 5064 5179 5497 5230 5405 4659 4913 5476 5839 5099 5055 5044 5459 5085 5645 5331 5055 4793 4917 5236 4988 5320 5078 4887 5140 4965 4852 5594 5232 5170 5005 5349 5446 5427 4896 5409 5221 5051 5332 5075 5534 5425 5413 5625 5038 5119 4885 5446 5199 5217 4549 5189 5540 5254 5458 5386 5202 4916 5372 5683 5346 5260 5088 5191 5126 4547 5139 5451 4929 5272 5366 5451 5366 5304 4878 5084 5240 5530 5269 5042 5048 5176 5640 5383 4924 5260 5081 5240 5408 4900 5523 5280 5301 5127 5208 4854 4917 5855 5154 5441 5054
5646 5326 5723 4884 5206 5074 4998 5425 4967 5118 5217 5473 4983 4983 4800 4941 5275 5267 5324 5065 5470 4954 5154 4984 4816 4686 5284 5479 5124 4969 4881 4749 5574 4705 5137 4865 4881 5010 4870 5036 5537 4985 5146 4822 5179 4774 5157 4837 5111 5324 5566 5498 4876 5514 5388 5289 4998 5338 5014 5578 5433 5446 5623 5079 5530 4859 5264 5145 5339 4686 5322 5346 5009 4700 5588 5263 4939 5532 5189 5137 4738 4955 5207 5093 5396 5004 5121 5361 5162 4645 5325 5118 5316 5056 4953 5439 4976 5151 4880 4933 4906 5015 5331 5089 4912 5235 5099 5057 4808 5221 5176 4980 5579 5006 5063 5472 4672 5159 4941 5502 5192 5561 5552 5408 4750 4550 5200 5095 4929 5079 4971 5545 5383 5105 5140 5289 4948 5428 4614 5556 4983 5643 4883 5350 5528 5114 5207 5060 4906 5728 5127 4992 4599 5154 4814 4673 5175 5235 4950 5320 4820 4947 5371 5471 5032 4941 5049 5114 5089 5353 5212 4887 4757 4826 5078 4771 5276 5118 4899 4958 4690 4854 5217 5399 4990 4913 5122 5386 5577 4495 5200 5000 4785 5389 5214 5120 5432 4939 5281 5112 5282 4842 5656 4909 5283 4615 4921 5268 5315 5225 5110 5173 4891 5612 5357 5248 5071 5159 5177 4760 4874 4868 5584 4771 5053 4925 5504 5117 5355 5216 4916 4792 5148 5174 4663 4841 4915 5178 5264 5196 4994 5201 5053 4975 4749 5395 5147 5094 4973 5146 4906 4980 5542 5005 5482 5139
5756 5356 5297 5065 5538 5064 5167 5620 4932 5344 5302 5453 5058 4992 4934 5152 5689 5636 5272 5288 5561 5177 5061 5150 4978 4939 5561 5548 5048 5275 4699 5141 5565 5019 5461 5114 5042 5343 4980 5231 5555 5142 5478 4809 5362 5040 5208 5328 5248 5499 5647 5444 5381 5407 5620 5331 5408 5252 5135 5435 5303 5576 5830 5326 5416 5022 5260 5172 5169 5267 5516 5609 5071 5160 5764 5280 5194 5640 5002 5224 5063 5217 5256 5031 5524 5095 5028 5299 5382 4931 5393 5410 5374 5071 5144 5710 5169 5495 5017 5220 5532 5041 5224 5417 5259 5350 5327 5067 5282 5499 5652 5002 5908 5203 5144 5554 4923 5084 4978 5641 5371 5927 5477 5439 4873 4647 5136 5318 5054 5364 5206 5764 5543 5220 5665 5463 5044 5624 5269 5599 5004 5916 4876 5737 5607 5119 5341 5107 5185 5928 5449 5364 4892 5407 5002 5316 5158 5389 5289 5351 4972 4870 5427 5618 5211 4986 4879 5626 5210 5298 5494 5271 5032 5212 5356 5055 5203 4873 5029 5232 5127 4893 5317 5753 5502 5064 5552 5590 5647 4839 5611 5314 5286 5073 5080 5346 5229 5528 5456 5113 5130 5304 5544 5375 5213 4930 5304 5542 5576 5576 5295 5365 5231 5411 5374 5567 5392 5358 5458 5206 4883 5233 5716 5021 5212 5415 5426 5340 5494 4941 5050 5048 5590 5554 4747 5460 5283 5496 5433 5185 5098 5117 5219 5240 5061 5417 5394 5177 4993 5354 4929 5120 5834 4953 5146 5216
5986 5610 5312 5227 5302 5352 5033 5154 4970 5201 5132 5194 5132 5209 4781 4981 5256 5497 5609 5304 5329 4934 5150 5165 4908 5247 5283 5468 5117 5331 4726 4864 5623 4934 5175 5147 4928 5233 5335 5080 5267 4925 5523 4539 5332 4651 5096 5137 4861 5253 5389 5534 5344 5766 5594 5405 5332 5180 4984 5502 5532 5220 5774 5351 5707 5158 5374 4800 5011 4946 5590 5509 5065 4973 5856 5533 4791 5570 5205 4910 4827 4973 5309 5501 5429 5020 4998 5371 5348 4644 5280 5139 5313 4924 5146 5544 4864 5357 4782 4984 5322 5184 4989 5268 5070 5481 4889 4948 5010 5446 5248 4989 5510 5287 5090 5510 4489 5207 4913 5463 5313 5442 5255 5140 4977 4937 5291 4945 4893 4826 5399 5925 5395 5262 5279 5243 5049 5511 5062 5493 5259 5638 4842 5534 5270 5051 5198 5064 4991 5591 5419 5321 5122 5158 4668 4840 5169 5462 5014 5146 4894 4864 5425 5491 5098 4893 4770 5332 4907 5281 5449 5282 4706 4779 4778 4800 5588 4991 4941 4886 5291 5006 5278 5348 5171 5131 5210 5585 5475 4353 5536 5183 4928 5150 5293 5248 5373 5524 5383 4852 5283 5097 5669 5089 5449 4797 5098 5535 4991 5323 5067 5208 5002 5587 5371 5492 5263 5242 5340 5064 4722 4846 5333 4975 5142 5256 5180 5200 5256 4983 5073 5109 5401 5150 4825 4912 5100 5133 5465 5097 4919 5182 5310 4900 4753 5357 5115 5477 5024 5133 4941 4915 5617 5129 5223 5208
5935 5538 5735 5169 5692 5532 5361 5449 5395 5374 5229 5762 5230 5449 4763 5341 5627 5655 5435 5383 5622 5374 5258 5135 5086 4894 5570 5647 5454 5026 4782 5050 5564 5200 5511 5353 5267 5425 5161 5324 5714 5092 5841 5148 5312 5032 5268 5345 5480 5591 5671 5597 5637 5915 5728 5810 5522 5489 5079 5688 5714 5744 6004 5322 5912 5138 5443 5100 5349 5237 5299 5615 5228 5192 5855 5633 4996 5651 5143 5311 5192 5059 5508 5384 5463 5387 5253 5386 5368 5084 5112 5360 5294 5189 5160 5685 5297 5561 5337 5393 5342 4899 5392 5596 4994 5405 5049 5447 5246 5645 5580 5090 5701 5533 5437 5774 4961 5565 5211 5720 5203 5794 5460 5483 4946 5340 5051 5381 5320 5465 4985 5724 5823 5358 5844 5487 5466 5596 5452 5742 5467 5857 5155 5717 5520 5342 5293 5219 5362 5812 5228 5422 5251 5546 5051 5304 5028 5467 5575 5591 4956 5116 5618 5821 5260 5623 5362 5713 5177 5643 5716 5305 5125 5128 5547 5084 5484 5242 5175 5325 5423 5028 5763 5550 5335 5150 5553 5604 5603 4730 5569 5305 5131 5262 5338 5451 5436 5239 5401 5246 5477 5106 5665 5234 5384 4985 5383 5558 5629 5620 5532 5512 5273 5680 5729 5599 5169 5460 5696 5359 4795 5293 5670 5121 5423 5734 5575 5457 5618 5351 5257 5184 5516 5614 5197 5337 5182 5556 5611 5366 5398 5296 5238 5325 4926 5577 5627 5400 5126 5472 5106 4991 6204 5338 5603 5066
5572 5288 5140 4928 5586 5213 5060 5197 4892 4954 5046 5493 4865 5038 4716 5120 5610 5015 4954 5111 5312 4901 4822 4960 4931 4848 5221 5444 4898 4987 4569 4960 5371 5061 5580 5218 4763 5157 4953 5436 5562 4948 5576 4901 5010 4856 5061 5122 4970 5223 5698 5418 5088 5377 5368 5351 5137 5120 5223 5444 5271 5398 5621 4985 5371 4854 5246 4712 4895 4999 5229 5317 4973 4895 5689 5034 4660 5647 4960 5082 4905 5052 5147 5029 5279 4979 4879 5291 5096 4986 5332 5383 4910 5143 4986 5528 4915 5253 4611 4941 4854 5093 4980 5123 4811 5438 5031 5102 5044 5350 5208 4994 5561 5169 5036 5651 4869 5063 4794 5572 5178 5567 5134 5237 4926 4505 4878 5082 4864 5106 5293 5498 5333 5213 5527 5048 4810 5397 4903 5357 5097 5507 4630 5397 5490 5156 4930 5004 4812 5858 5087 5064 4625 5374 4860 4730 4909 5231 5188 5224 4792 4790 5322 5480 5073 4992 5071 5352 5148 4929 5512 5023 4797 4947 5036 5046 5350 4772 4748 4931 5040 4828 5269 5164 5206 5190 4963 5449 5512 4620 5471 4914 4946 5339 5064 5087 4929 5032 5174 5028 5067 4940 5319 5030 5219 4672 5075 5289 5054 5292 5170 4972 5097 5297 5568 5247 5259 5166 5208 4982 4760 5068 5342 4848 5147 5224 5157 5142 5505 4897 4764 5259 5469 5190 4858 5095 5012 5294 5429 4913 5018 5284 5060 5010 4893 5174 5129 4984 4930 4956 4944 4948 5647 4930 5210 4966
5634 5356 5238 4953 5323 5070 5115 5329 4858 5177 5294 5430 4838 5019 4778 5029 5441 5242 4900 4975 5556 5213 4777 4950 5257 4659 5040 5495 4916 4942 4484 4891 5397 5040 5427 5212 5070 4926 4861 5161 5554 4852 5320 4654 5232 4909 4957 4861 4827 5231 5729 5578 5078 5261 5390 5275 5110 5058 5218 5624 5368 5169 5781 5259 5717 4974 5348 4651 4769 4991 5434 5387 4904 4884 5413 5313 5035 5572 4992 5065 4813 5243 4959 5111 5383 4926 4871 5143 5306 4754 5460 5511 5285 5264 4848 5659 5047 5365 5071 5046 5059 4797 5137 5105 5101 5354 4854 4949 4832 5270 5345 4842 5530 5214 5179 5616 4776 4984 5236 5531 5031 5524 5057 5368 4810 4796 4709 4968 4910 5242 5097 5438 5250 5099 5374 5255 5103 5411 4872 5502 5008 5696 4685 5466 5586 5541 5409 5141 4953 5555 5107 4947 4882 5503 5062 4726 5122 5257 5234 5085 4507 5107 5218 5622 5387 4784 4958 5302 5221 5364 5437 5107 4916 5189 5281 4923 5305 5109 4817 5058 4784 4927 5357 5216 5255 5234 5227 5383 5265 4735 5261 5268 4868 5135 5128 5278 5133 5075 5540 5059 5119 4994 5173 4848 5162 4717 5189 5404 4933 5140 5262 5214 4975 5157 5319 5285 5125 5270 5025 4916 4962 5249 5485 4836 5220 5154 5094 5261 5324 4880 5050 4695 5269 5378 4646 5211 5014 5158 5310 4845 5129 5054 4979 5177 4590 5315 5014 5216 4952 5220 4754 4834 5611 5013 5244 4949
6023 5740 5664 5415 5730 5586 5757 5896 5273 5596 5560 5886 5357 5564 5155 5580 5903 5769 5580 5648 5973 5395 5613 5478 5483 5154 5503 6040 5049 5583 4892 5427 5736 5183 5619 5671 5175 5714 5451 5875 5713 5080 5633 4864 5572 5374 5658 5457 5211 5532 6015 5813 5492 6024 5875 5652 5610 5814 5770 5946 5679 5637 6030 5349 5913 5622 5852 5268 5388 5593 5727 5642 5454 5305 6318 5475 5294 5853 5670 5372 5203 5543 5711 5552 5988 5537 5500 5710 5725 5204 5616 5525 5593 5474 5244 5903 5355 5749 5321 5120 5330 5437 5505 5650 5364 5459 5574 5395 5539 5461 5984 5344 6064 5411 5523 5931 5211 5617 5113 6212 5659 6032 5671 5802 5226 5277 5220 5472 5307 5617 5603 6029 5629 5802 5941 5708 5246 5899 5538 6080 5318 6040 5126 5711 5802 5712 5819 5282 5290 6037 5628 5503 5403 5578 5578 5527 5281 5641 5482 5508 5370 5291 5737 5743 5508 5256 5221 5706 5516 5532 5903 5573 5008 5774 5201 5538 5725 5242 5429 5527 5350 5314 5815 5655 5683 5476 5570 5911 5861 4987 5917 5076 5636 5526 5453 5681 5802 5611 5760 5456 5635 5678 6010 5603 5552 5324 5512 5843 5664 5599 5547 5569 5598 5835 5784 5728 5497 5590 5596 5277 5306 5581 5891 5252 5537 5568 5944 6018 6089 5157 5398 5265 5788 5668 5001 5521 5597 5563 5821 5609 5210 5446 5590 5363 5332 5886 5523 5418 5542 5623 5234 5396 5627 5435 5777 5483
5351 4992 5157 4830 5205 4803 4812 5007 4721 4922 5099 5517 4724 4678 4373 4739 5175 5035 4833 4701 5184 4332 4861 4641 4521 4380 4966 5171 4747 4858 4388 4648 5061 4497 5043 4987 4718 4651 4511 4849 5156 4617 5074 4426 4822 4548 4941 4799 4723 4742 5421 5122 5132 5153 5127 5105 4946 5020 4640 5107 4918 5170 5439 4885 5154 4681 5071 4685 4694 4734 4928 5090 4659 4859 5647 5148 4762 5102 4725 4971 4800 4892 4967 4866 5014 4552 4513 4636 5121 4567 5135 4706 4681 4783 4576 5299 4768 5103 4651 4744 4651 4586 5096 4959 4564 4968 4841 4756 4950 4848 5078 4536 5295 4778 4765 5390 4519 4821 4813 5143 4566 5071 4972 4932 4455 4441 4504 5045 4653 5070 4620 4904 5174 4773 4830 5148 4770 5149 4799 5123 4542 5305 4436 5086 5418 4720 4892 4766 4784 5421 4875 4711 4680 5352 4684 4584 4387 5066 4802 5199 4499 4755 4889 5176 4900 4762 4480 5285 4774 4980 5219 4641 4379 4450 4704 4750 5037 4549 4690 5022 4802 4420 4926 4821 4752 4935 4858 5090 5272 4420 5075 4859 4552 4945 4838 4904 5219 4904 4903 4620 4952 4517 5205 4714 4857 4570 4768 5190 5209 5029 4844 4667 4888 5162 5101 4976 4700 4818 4902 4690 4418 4666 4962 4363 4736 4838 5004 5082 5122 4512 4456 4823 5013 4727 4656 4961 4505 5126 5390 4778 4825 4697 4503 4677 4309 5266 4600 4817 4597 4770 4757 4655 5397 4737 4958 4526
5755 5204 5278 4937 5457 4950 5227 5308 5015 5340 5216 5519 4983 5160 5082 5097 5548 5555 5345 5241 5509 5230 5218 5248 5001 4952 5191 5554 4926 5159 4777 4904 5345 5008 5300 5358 5005 5208 5284 5315 5418 5077 5730 4780 5091 4906 5034 5255 5239 5419 5591 5646 5342 5703 5467 5448 5175 5292 5186 5453 5586 5191 5874 5269 5605 4980 5297 4877 5174 4972 5377 5721 5064 4883 5827 5285 5141 5510 5260 5110 4802 5089 5228 5213 5506 5209 5046 4940 5295 4748 5289 5360 5436 5085 4859 5716 5040 5291 5123 4921 5171 5031 5102 5481 5382 5077 5016 5259 5124 5351 5418 5162 5603 5137 5349 5505 4618 5327 4962 5445 5218 5746 5312 5409 4857 4678 5041 5043 5172 5151 4936 5729 5282 5633 5946 5622 5254 5536 5250 5592 5453 5841 5063 5498 5363 5052 5008 5058 5124 5774 5234 5174 4781 5194 5217 4935 5057 5368 4982 5185 4795 4850 5538 5565 5305 4732 5034 5544 5086 5420 5328 5128 4792 4850 5575 5187 5220 5077 4903 5194 4808 4816 5511 5312 5461 5042 5377 5399 5478 4535 5664 5356 4936 5348 5005 5286 5183 5280 5566 5048 4876 5183 5459 5106 5497 4629 5407 5281 5464 5328 5332 5492 5030 5345 5372 5214 5256 5380 5379 5214 4755 5150 5365 5080 5186 4956 5274 5185 5294 5093 5222 4794 5351 5403 4793 4996 5002 5332 5457 5120 4897 4990 5506 5366 4932 5651 5493 5220 5109 5249 4832 5114 5769 5200 5142 5171
5869 5357 5396 5008 5479 5333 5258 5347 4965 5596 5082 5796 5322 4939 4760 5119 5394 5634 5249 5477 5503 4927 5137 5043 5014 4865 5259 5576 5000 5221 4915 5173 5296 4738 5390 5365 5125 5606 5311 5637 5200 5002 5462 4883 5500 5159 5337 5329 5293 5415 5767 5399 5145 5571 5351 5537 5185 5251 5076 5547 5427 5302 6023 5205 5570 5050 5258 5117 4961 5042 5420 5381 5234 5186 5917 5388 5197 5478 5343 5386 4906 5253 5406 5276 5457 5139 5075 5277 5274 4910 5492 5367 5247 5258 4973 5608 5155 5578 5010 5176 5164 5409 5568 5361 5134 5386 5311 5091 5516 5241 5733 5214 5815 4941 5434 5654 5141 5410 5025 5849 5507 5756 5313 5367 4848 4800 5194 5204 5009 5230 5081 5658 5491 5343 5482 5446 4954 5523 5045 5554 5103 5803 5052 5688 5444 5204 5441 5115 5076 5896 5247 5178 5316 5584 5200 5140 4807 5309 5428 5305 4803 4815 5229 5544 5181 5136 4837 5418 5107 5486 5587 5211 4810 5112 5073 5129 5482 4960 5194 4901 5164 5049 5474 5251 5376 5028 5418 5193 5865 4865 5601 5215 4995 5203 5149 5385 5585 5365 5461 5021 5245 5318 5538 5294 5118 4916 5346 5542 5361 5537 5259 5401 5236 5447 5441 5587 5129 5252 5293 5208 4779 5418 5687 4872 5059 5474 5469 5535 5342 4809 4871 5391 5583 5423 4589 5086 5134 5562 5565 5456 5043 5339 5275 5060 4834 5553 5277 5153 5130 5223 5020 5186 6003 5121 5612 4867
5802 5190 5512 4916 5628 5206 5264 5350 5135 5316 5388 5608 5160 5162 4875 5255 5561 5228 5269 5211 5417 5320 5346 5203 4859 4845 5391 5677 5300 5124 4907 4945 5571 4881 5618 5379 4944 5242 5204 5339 5479 5199 5653 4937 5388 5101 5126 5194 5237 5506 5441 5666 5319 5852 5496 5563 5192 5241 5344 5627 5578 5696 5881 5326 5664 4968 5485 4940 5140 5082 5488 5768 5219 5098 5852 5311 5181 5654 5185 5231 5258 5171 5298 5379 5537 5035 5052 5388 5117 5016 5172 5417 5516 5255 5042 5954 4982 5396 5114 5312 5327 4980 5078 5314 5165 5159 5054 5178 5036 5454 5574 5080 5758 5581 5256 5599 4994 5255 5111 5591 5545 5405 5478 5398 5003 4791 5267 5570 5280 5383 5233 5667 5372 5602 5566 5685 5080 5634 5050 5598 5294 5817 4743 5557 5607 5175 5339 4938 4825 5831 5506 5364 5149 5417 4978 4743 5021 5522 5152 5313 5006 5117 5467 5625 5068 5106 5262 5592 5142 5449 5542 5082 4754 5173 5281 5354 5149 5270 5075 5089 5246 5135 5603 5567 5156 5080 5273 5379 5597 4607 5627 5101 4873 5115 5098 5554 5350 5253 5622 5194 5421 5170 5449 5359 5283 4863 5341 5449 5456 5303 5397 5483 5150 5430 5721 5665 5439 5323 5246 5193 4870 4973 5594 4901 5250 5079 5489 5596 5520 5038 5207 5139 5538 5357 4890 5109 5076 5524 5461 5213 5129 5097 5189 5443 4978 5694 5260 5233 5145 5435 5071 5178 5816 5143 5253 5116
5582 5271 5347 4971 5495 5286 4931 4967 4942 5471 5107 5571 4934 5237 4777 5048 5331 5371 5200 5237 5379 5080 4898 4931 4814 4722 5282 5560 5075 4968 4671 5033 5438 4921 5216 5327 4936 5050 4815 5035 5433 4898 5425 4775 5334 4707 5377 5167 5031 5213 5571 5518 5427 5651 5339 5377 5288 5448 5051 5462 5504 5202 5652 5214 5257 4859 5103 4851 4903 4845 5224 5522 4888 4780 5739 5173 4811 5396 5151 5210 4785 5067 5364 5348 5360 4991 4745 5317 5174 4965 4971 5352 4868 5235 4763 5685 5081 5492 4742 5019 5398 5113 5033 5310 4871 5326 5019 5050 5228 5312 5154 4879 5549 5156 5210 5534 4619 5304 4917 5777 5362 5632 5250 5132 4889 4703 5237 5052 4936 5180 5079 5631 5458 5529 5431 5495 4937 5383 4944 5382 5272 5447 4732 5408 5223 5279 5141 5015 5053 5565 5114 5103 5083 5299 5151 4744 4647 5328 5181 5244 4727 5005 5437 5518 5060 4949 4910 5394 5220 5182 5342 5168 4552 5077 4969 4991 5572 5153 4870 5330 4862 4890 5552 5037 5187 5214 5382 5409 5285 4732 5506 4859 4646 5126 5196 5299 5475 5163 5347 5170 5061 5173 5353 4904 5355 4839 5077 5242 5170 5272 5227 5239 4917 5579 5385 5411 4912 5203 5291 4872 4846 5011 5540 4974 5280 5002 4825 5258 5294 5090 4896 5024 5254 5051 4598 5208 4940 5105 5540 5042 4947 5124 5179 5285 4565 5431 5283 4909 4963 5219 5133 5094 5578 4967 5190 5284
5272 4693 5067 4631 5229 4660 4738 4821 4691 4831 4706 5178 4623 4702 4264 4558 5039 5086 4723 4818 4988 4766 4961 4569 4568 4324 4743 5174 4768 4844 4341 4679 4946 4579 4757 4632 4553 4929 4561 4764 5093 4706 5241 4458 4850 4509 4763 4688 4720 4961 5160 5031 4594 4921 5012 4823 4919 4664 4948 5242 5215 4928 5298 4927 5255 4600 4801 4684 4638 4444 5067 5060 4655 4371 5186 4884 4825 4905 4777 4606 4493 4857 4738 4934 5037 4532 4599 4839 4897 4498 4772 4865 4910 4576 4798 5001 4468 4856 4710 4858 4805 4521 4555 4904 4693 4690 4602 4803 4655 4916 5017 4674 5223 4683 4905 5090 4544 4868 4817 5277 5077 5151 4725 4757 4694 4579 4602 4971 4474 4988 4721 5184 5070 5255 5178 5131 4557 5066 4687 5175 4515 5543 4569 4891 5104 4766 4931 4562 4791 5113 4833 4733 4529 4638 4532 4693 4707 4967 4688 4877 4569 4491 4910 5213 4789 4564 4592 4911 4737 5094 5063 4698 4196 4502 4950 4696 4869 4626 4295 4754 4442 4444 4867 4931 4722 4613 5185 5032 4880 4495 5133 4385 4619 4903 4630 4746 4891 4808 4994 4744 4647 4576 5046 4804 4835 4466 4632 5107 4826 4854 4768 4931 4631 5119 4774 4797 4880 4729 4716 4518 4754 4621 5238 4493 4586 4776 4876 5061 4833 4663 4813 4434 4947 4924 4622 4735 4716 4985 4900 4621 4526 4734 4803 4926 4396 5046 4718 5013 4549 4825 4545 4541 5383 4657 4970 4849
5511 4955 5501 4920 5377 5058 5059 5177 4957 5056 4944 5072 4937 4617 4787 4992 5233 4954 4990 5140 5276 4919 4938 5087 4717 4585 5199 5554 4897 5005 4362 4923 5346 4706 5302 4911 4678 5125 4884 5149 5188 4711 4979 4860 4883 4905 5096 5072 4904 5243 5500 5025 5062 5381 5177 5207 4886 5246 4947 5378 5248 5298 5245 5003 5463 4923 5063 4703 4605 4768 5060 5236 5263 4689 5418 4957 4644 5267 5064 4780 4828 4767 4875 5207 5196 4829 4607 5284 5076 4608 5106 4975 5077 5028 4904 5565 4788 5146 4787 4887 4637 4840 5031 5079 5059 5024 4617 4800 4871 5047 5117 4722 5074 5129 4905 5261 4613 4829 4673 5523 5175 5143 5143 5263 4732 4783 4765 4866 4758 4862 5075 5441 5295 5071 5190 5140 4868 5321 5090 5339 5016 5406 4514 4957 5404 5032 4905 4805 4823 5530 4898 5152 4608 4907 5009 4932 4689 5380 5083 5203 4373 4881 5216 5113 4787 4833 4981 5076 4817 4876 5104 5009 4676 5090 4673 4944 5249 4961 4806 4695 4869 4883 5360 5356 5196 4736 4771 5121 5460 4598 5265 4851 5074 5114 4819 5165 5210 5059 5186 5047 5327 4969 5158 4903 5175 4739 5013 5232 5045 5137 5014 5114 4878 4999 5362 5194 4996 4960 4980 4832 4513 5078 5177 4561 4900 5065 5445 5087 5040 4950 4747 4762 5208 5161 4161 4994 4822 4920 5080 4768 4985 4776 4946 4862 4669 5273 5103 5126 4922 4862 4700 5041 5258 4950 4891 4790
5704 5232 5491 4880 5528 5310 5092 5122 4721 5209 5125 5494 5069 4822 4651 5455 5245 5228 5122 5207 5627 4984 5008 5028 4743 4867 5248 5651 5056 5275 4704 4960 5513 4886 5147 5410 4966 5115 4995 5256 5308 5051 5471 4865 5078 4982 5140 4989 4853 4983 5641 5399 5223 5638 5328 5316 5235 5147 4975 5535 5480 5213 5680 5317 5467 4726 5338 4913 5373 5187 5202 5271 5017 4962 5363 5054 5135 5485 5164 5069 4959 5234 5369 5322 5331 4907 4975 5109 5468 4618 5052 5473 5217 5119 5134 5536 4976 5512 5170 5173 5121 5201 5500 5112 4998 5161 4766 5093 5267 5262 5110 5019 5618 5099 4963 5324 4654 5243 4781 5415 5255 5471 5346 5333 4936 4860 5144 5197 4726 5291 5177 5646 5276 5561 5342 5524 4853 5319 5025 5355 5139 5684 4614 5518 5349 5313 5446 5133 4969 5671 5320 4973 4956 5256 4907 4771 5060 5611 5264 5114 4824 5018 5313 5586 5058 4825 5105 5370 4841 5280 5328 5234 4669 5186 4971 4788 5432 5272 4769 4952 4832 4694 5514 5420 5273 4797 5367 5345 5552 4779 5538 4891 4723 4833 5110 5199 5520 5054 5429 5085 5219 5086 5346 5272 5196 4887 4879 5263 5109 4961 5098 5240 5205 5460 5361 5259 5300 5327 5352 4869 4718 5219 5477 4847 5364 5069 5192 5053 5325 4925 5158 4849 5359 5412 4770 5391 5199 5282 5338 4893 5041 5213 5002 5125 4950 5615 5025 4950 4971 5216 5036 5147 5893 4821 5425 5091
5969 5548 5627 5173 5724 5510 5377 5459 5229 5697 5641 6243 5168 5259 5138 5312 5518 5512 5293 5507 5721 5249 5490 5164 5278 5031 5400 5761 5194 5481 4872 5144 5663 5262 5565 5446 5340 5571 5618 5484 5622 5074 5562 4921 5783 5082 5422 5445 5373 5519 5799 5824 5353 5780 5861 5761 5382 5385 5673 5865 5640 5620 6106 5713 6075 5254 5537 4977 5102 5227 5474 5820 5539 5340 6402 5435 5286 5793 5490 5321 5388 5443 5714 5539 5660 5121 5314 5537 5515 4910 5386 5617 5575 5274 5250 5957 5501 5583 5364 5145 5356 5409 5375 5250 5470 5621 5332 5205 5659 5604 5756 5310 5916 5407 5380 5856 5171 5373 5312 5919 5687 5834 5552 5431 5173 4911 5221 5441 5390 5680 5299 5948 5635 5438 5863 5579 5622 5805 5183 5794 5426 6068 4756 5808 5646 5571 5355 5385 5410 5933 5643 5706 5421 5913 5117 5395 5237 5527 5517 5590 5152 5239 5597 5774 5435 5450 5031 5747 5272 5487 5849 5514 5017 5311 5347 5267 5548 5222 5165 5152 5335 5354 5605 5723 5671 5155 5587 5646 5867 4879 5503 5037 5112 5388 5407 5537 5424 5699 5324 5263 5184 5486 5723 5705 5230 5192 5402 5852 5543 5498 5512 5543 5391 5834 5696 5483 5589 5468 5458 5098 5034 5119 5625 5320 5515 5404 5637 5743 5638 5105 5331 5217 5651 5480 4921 5261 5291 5455 5646 5291 5364 5346 5529 5454 4905 5451 5374 5465 5192 5494 5094 5414 5919 5323 5654 5374
5691 5362 5516 4830 5424 5183 5198 5360 5147 5145 5026 5665 4903 5150 4970 5123 5455 5434 5256 5176 5335 5154 4961 4889 4870 5009 5241 5321 4979 4864 4637 4991 5423 4868 5308 5042 5178 5284 5082 5255 5428 4929 5320 4636 5033 4932 5047 5172 5243 5225 5723 5637 5307 5503 5612 5605 5153 5296 5274 5465 5505 5437 5819 5060 5569 4888 5448 4827 4961 5153 5155 5234 4764 4821 5437 5359 5154 5726 5000 5127 4990 5188 5370 5032 5334 5129 5055 5219 5226 4854 5228 5225 5142 4964 4814 5647 4779 5442 4838 5078 5084 4970 5183 5222 4911 5196 5037 5157 5278 5323 5675 5058 5638 5136 5242 5504 4802 5250 4930 5618 4849 5693 5132 5426 4801 5011 4963 5300 5103 5332 4973 5610 5289 5284 5500 5280 5163 5394 4971 5817 4805 5615 4936 5368 5582 5155 5265 5240 5081 5832 5144 4895 5120 5488 4950 4886 5222 5369 5270 5319 4793 4900 5488 5506 5156 5225 4897 5508 5000 5331 5784 5126 4689 5062 5281 5159 5268 5020 4720 5019 5044 4984 5304 5285 5348 5190 5286 5123 5506 4609 5560 4828 4926 5226 5354 5240 5501 4824 5393 5107 5061 5260 5484 4842 5136 5035 5048 5390 5191 5452 5176 5415 5095 5509 5434 5508 5152 5103 5193 5279 4992 5211 5306 4724 5058 5265 5230 5462 5740 5088 5091 5067 5292 5327 4784 5128 5035 5565 5450 5178 4930 5237 5418 5122 4817 5292 5357 5042 5061 5129 5110 4858 5754 4916 5174 4690
5412 5001 5462 4896 5231 5111 5049 5203 5026 5525 5159 5625 4694 4728 4662 5025 5332 5467 5052 5158 5562 4850 4872 5019 4708 4856 5167 5467 5057 5010 4794 4724 5212 4879 5480 5115 4971 5176 5162 5264 5219 5037 5244 4674 5037 4639 4980 5015 5111 5162 5763 5293 5130 5506 5318 5120 5063 5217 5192 5419 5309 5259 5714 5351 5495 4934 5249 4704 5005 4792 5394 5379 5211 4870 5580 4922 5010 5264 5007 4965 4939 4974 5082 5026 5255 4916 5120 5166 5424 4914 5129 5101 5134 4647 4595 5268 4772 4952 5022 5003 4882 5104 5031 5253 4940 5149 4805 4987 5030 5391 5349 5129 5371 5263 4973 5292 4675 5013 4924 5379 5282 5704 5136 5105 4451 4764 4689 4876 5107 4989 4674 5708 5579 5225 5205 5081 5075 5307 4959 5609 5117 5621 4819 5313 5279 5236 5129 4967 4836 5238 5062 5034 4737 5299 5115 5045 4946 5436 4991 5051 4671 4894 5259 5622 5187 4863 4969 5512 5119 5202 5203 5022 4742 4867 5283 4975 5411 4947 4625 4995 4995 4829 5284 5244 5244 4978 5229 5476 5556 4754 5058 4938 4831 4986 4906 5197 5227 5109 5156 4979 5207 5087 5364 4901 5149 4637 5162 5246 5296 5190 4981 5080 5086 5395 5258 5228 5115 5158 5189 4888 4894 5253 5291 4920 4986 5010 5248 5004 5199 5090 5180 4983 5297 5108 4760 5043 5194 5498 5029 5106 4965 5258 4923 5156 4835 5271 5426 5219 5071 4869 4774 4971 5530 4916 5177 5079
5342 4735 5119 4749 5091 4776 4927 5055 4459 5010 4925 5322 4725 4731 4404 4796 4901 5191 4862 5019 5242 4709 4965 4917 4770 4622 4748 5181 4453 4944 4293 4773 5222 4371 4845 4924 4811 4869 4834 5082 5016 4593 4907 4146 4937 4638 4768 4868 4586 4973 5475 5270 5004 4993 5222 5090 4785 5057 4854 5315 5206 5128 5282 4825 5222 5079 5021 4625 4747 4809 5171 5093 4799 4600 5413 5021 4666 5264 4887 4744 4492 4865 4873 5016 4907 4419 4564 4939 4719 4560 5090 5231 5094 4755 4780 5252 4558 4969 4675 4828 4813 4618 4787 4806 4848 4902 4703 4750 4853 4857 5147 4829 5354 4597 4795 4907 4473 4894 4870 5293 5061 5108 5029 5054 4573 4689 4652 4759 4577 5097 4713 5382 5104 5149 5236 5283 4635 4956 4734 5298 4831 5451 4487 5141 5149 4865 5166 4392 4558 5138 5048 4833 4676 4822 4774 4586 4763 5009 4976 4899 4622 4339 5110 4965 4901 4714 4744 4981 4750 5137 5129 4814 4245 4804 4773 4954 5157 4890 4659 4802 4726 4587 5121 4839 4964 4726 4999 5112 5333 4352 5162 4666 4583 4769 4676 5089 4801 4806 5094 4646 4777 4873 5251 4905 4793 4329 4944 5161 4900 4974 4959 4781 4665 5134 5187 5232 4952 5004 4926 4666 4490 4778 5068 4700 4906 5119 5017 4932 4840 4879 4862 4887 5071 5193 4556 5056 4631 4934 4933 4894 4693 4703 5085 4859 4463 4984 4973 4623 4893 4939 4679 4690 4901 4565 4987 4766
5889 5545 5831 5419 5687 5459 5281 5656 5109 5552 5491 5828 5158 5405 4970 5380 5796 5648 5521 5374 5807 5063 5512 5360 5135 5282 5484 5833 5106 5526 4825 5134 5799 5077 5392 5475 5345 5329 5072 5495 5491 5058 5527 5060 5559 5127 5585 5292 5421 5448 5900 5553 5465 5867 5679 5421 5663 5426 5498 5910 5740 5641 6020 5404 5690 5479 5495 5221 5137 5241 5718 5606 5307 5329 6130 5645 5212 5789 5538 5297 5177 5107 5656 5336 5653 5064 5166 5502 5517 5245 5572 5388 5488 5251 5104 6063 5061 5512 5222 5110 5679 5284 5373 5345 5470 5449 5366 5552 5454 5369 5708 5541 5995 5294 5255 5834 5141 5182 5322 5851 5637 5663 5580 5685 5223 4941 5417 5232 5149 5604 5551 5770 5578 5543 5761 5722 5425 5759 5015 5762 5225 5901 4989 5717 5784 5392 5498 5212 5081 5906 5560 5091 5261 5722 5381 5188 5179 5648 5640 5365 5012 5284 5714 5706 5303 5389 5117 5958 5012 5381 5624 5308 4871 5166 5426 5480 5529 4975 5138 5312 5481 5455 5679 5471 5498 5431 5486 5585 5947 5121 5745 5086 5342 5392 5663 5581 5832 5398 5566 5149 5587 5449 5921 5409 5503 5335 5459 5503 5445 5290 5578 5787 5054 5389 5668 5677 5202 5438 5445 5267 4969 5498 5824 4937 5459 5462 5590 5700 5797 5140 5118 5217 5535 5351 4965 5550 5211 5492 5876 5313 5239 5260 5424 5389 5130 5587 5283 5192 5220 5306 5482 4984 5864 5166 5561 5353
5824 5545 5321 5235 5714 5516 5284 5481 5329 5303 5347 5622 5121 5123 5042 5141 5417 5468 5308 5275 5692 5087 5256 5338 4756 4803 5540 5855 5154 5438 4882 5284 5685 4803 5535 5393 5237 5305 5267 5417 5558 5050 5652 4790 5434 5280 5612 5268 5125 5356 5989 5629 5602 5710 5572 5706 5489 5519 5383 5728 5795 5451 5812 5437 5843 5235 5457 5178 5087 5139 5610 5823 5298 5245 6023 5370 5239 5652 5333 5325 5138 4955 5338 5591 5608 5325 5203 5643 5215 5108 5493 5495 5311 5187 4970 5728 5025 5748 5177 5227 5328 5441 5118 5434 5391 5338 5308 5122 5360 5634 5604 5228 5836 5211 5271 5396 4993 5467 5288 5804 5571 5555 5214 5685 5051 5147 5021 5526 5262 5362 4941 5919 5630 5457 5634 5573 4988 5621 5344 5824 5208 5745 5111 5521 5803 5431 5648 5286 5249 5861 5299 5142 5200 5442 5082 5177 5014 5692 5474 5387 4818 5030 5607 5707 5240 5469 5527 5405 5101 5425 5537 5379 4835 5204 5285 5434 5374 5284 4915 5031 5054 4993 5788 5569 5460 5309 5402 5333 5986 4800 5596 5174 5226 5330 5319 5489 5696 5399 5714 5404 5435 5313 5535 5136 5441 5144 5247 5604 5454 5173 5278 5484 5313 5318 5411 5723 5216 5520 5425 5350 4939 5422 5477 5098 5321 5377 5766 5529 5850 5224 5173 5206 5536 5646 4779 5448 5370 5358 5606 5302 5063 5158 5428 5402 5105 5693 5475 5391 5369 5503 5215 5416 5757 5228 5412 5208
5912 5269 5444 5172 5260 5539 5192 5343 5013 5252 5207 5581 5111 4974 5013 5289 5599 5169 5301 5405 5554 5212 5111 5100 5151 4742 5343 5656 5073 5020 4974 4927 5526 4821 5466 5116 5189 5480 5032 5286 5705 4836 5272 4679 5125 4911 5192 5008 5024 5400 5790 5307 5383 5777 5568 5448 5211 5280 5205 5375 5236 5347 5890 5279 5576 5060 5428 4883 4862 5235 5236 5381 5393 5156 5746 5217 5044 5502 5173 5004 5138 5052 5194 5344 5566 5207 5051 5393 5447 4765 5199 5449 5073 5001 4871 5793 5218 5336 5265 5201 5071 5214 5454 5301 5088 5341 4898 5137 5435 5282 5458 4996 5694 5207 5195 5553 4936 5284 4987 5554 5245 5679 5125 5437 4938 5299 5061 5155 4962 5342 4888 5600 5363 5493 5482 5180 5172 5263 5275 5598 5178 5770 4549 5616 5766 5226 5425 5365 5178 5493 5213 5196 4841 5325 5024 4976 5201 5304 5420 5183 5045 4941 5274 5708 5038 5140 5134 5516 5086 5292 5642 5222 4960 5294 5156 5265 5335 5211 4974 4941 5027 4901 5443 5467 5412 5167 5325 5233 5286 4907 5510 5093 5089 5325 5035 5259 5113 5410 5417 5317 5408 5199 5338 5177 5043 4829 5079 5520 5133 5188 5330 5112 5489 5363 5517 5570 5323 5194 5539 4880 4707 4977 5552 4773 5370 5267 5592 5390 5430 4962 5217 5231 5290 5601 5070 4937 5146 5366 5265 5024 5081 4936 5255 4990 4939 5655 5234 5349 5223 5376 4968 5045 5419 5214 5541 4870
5855 5465 5507 5417 5650 5311 5284 5595 5237 5606 5194 5670 5274 5150 5006 5217 5535 5387 5215 5438 5598 4976 5319 5258 4873 5093 5498 5567 5354 5013 4874 5117 5881 4836 5485 5268 5154 5351 5148 5672 5731 5120 5733 4857 5112 5131 5390 5350 5163 5355 5847 5528 5224 5674 5622 5497 5125 5571 5413 5775 5840 5350 5857 5126 5540 5009 5599 5130 5202 5115 5612 5471 5188 5036 5853 5475 5411 5737 5499 5160 5300 5263 5548 5584 5632 5155 5194 5368 5339 4927 5566 5428 5523 5227 5245 5594 5234 5371 5129 5125 5337 5061 5340 5321 5429 5536 5118 5408 5349 5131 5679 5246 5729 5360 5230 5445 4895 5355 5099 5811 5591 5646 5555 5361 5199 5010 5202 5380 5195 5494 5122 5638 5792 5419 5858 5391 5378 5732 5253 5697 5304 5918 4998 5400 5722 5199 5399 5076 5373 5804 5309 5718 5179 5622 5062 4999 5349 5648 5267 5309 4977 4860 5642 5690 5163 5198 5189 5586 5269 5428 5544 4783 4763 5239 5350 5107 5625 4908 5015 5278 5033 4858 5385 5331 5281 5028 5282 5317 5425 4708 5647 5191 5017 5497 5249 5763 5772 5124 5457 4993 5092 5043 5695 5726 5546 4900 5329 5373 5365 5567 5426 5273 4962 5280 5584 5301 5219 5348 5318 5147 4754 5279 5344 5200 5307 5152 5468 5488 5557 4911 5041 5267 5514 5222 5084 5409 5107 5380 5557 5237 5225 5516 5345 5348 4995 5515 5234 5442 5250 5136 5005 5222 5698 5190 5544 5158
5800 5385 5477 5230 5562 5250 5277 5169 5002 5417 5296 5467 5028 4972 4921 5322 5604 5636 5513 5213 5433 5184 5153 4970 4784 4933 5365 5654 4906 5408 4913 4854 5614 4781 5640 5386 5065 5399 5043 4988 5488 4889 5230 4806 5239 4735 5210 5322 5249 5270 5395 5628 5230 5563 5548 5573 5429 5098 5268 5405 5483 5081 5961 5260 5535 4927 5460 4920 5073 5268 5338 5561 5043 5146 5579 5343 5098 5587 5316 5183 5049 5180 5248 5293 5322 5106 4776 5354 5309 4776 5401 5574 5270 5044 5069 5878 5159 5286 5184 5073 5154 4985 5213 5329 5252 5236 5030 4936 5272 5650 5357 5006 5737 5066 5315 5791 4859 5176 4959 5798 5306 5740 5275 5382 4921 5016 5091 5107 5055 5457 5014 5679 5592 5286 5594 5379 5134 5585 5218 5660 4963 5685 4908 5521 5400 5129 5540 5194 4987 5659 5498 5057 4848 5281 5080 4917 5082 5647 4983 5253 4909 4891 5573 5428 5041 4973 4941 5277 5358 5460 5825 5095 4998 5100 5126 5323 5394 5287 5028 5108 5231 4958 5532 5446 5488 5026 5289 5598 5531 4999 5529 4992 4804 4986 5066 5590 5410 5670 5580 5174 5035 5035 5477 5174 5052 4807 5220 5335 5575 5479 5199 5250 5381 5649 5697 5801 4975 5162 5441 5257 4775 5507 5344 5160 5165 5192 5549 5368 5383 4672 4904 5161 5675 5403 4939 5181 5189 5335 5434 5315 5173 5276 5263 5516 4764 5787 5472 5365 5395 5257 4667 5265 5693 5153 5285 5012
5522 4913 5196 4737 5190 5066 4967 5424 4863 5024 5110 5340 4721 4852 4841 4868 5424 5168 5065 5030 5242 4927 4985 4863 4526 4821 5099 5466 4933 4984 4688 4624 5425 4985 5388 5340 4629 4966 5009 5308 5245 4591 5240 4738 5235 4684 4915 5018 5006 5258 5576 5696 5202 5765 5183 5090 5152 4905 5116 5396 5291 5088 5561 5289 5567 4592 5252 4572 4719 4948 5031 5313 4847 4840 5663 5216 4957 5281 5089 5007 4816 4925 5195 4997 5214 5050 4812 5047 5235 4851 5066 5099 5212 5078 4743 5686 4783 5087 4632 4847 5328 4709 5031 5072 4927 5168 5001 4818 4766 5137 5262 4904 5476 5156 4997 5498 4736 4792 4922 5581 5107 5467 5030 5282 4762 4812 5139 5185 5036 5188 4810 5429 5146 5184 5428 5169 4790 5424 4974 5323 4980 5512 4597 5364 5165 5028 5159 4907 4792 5487 4878 4887 4747 5157 4992 4716 4711 5451 5482 5123 4701 5038 5314 5245 5047 4893 4633 5162 4897 5198 5269 4952 4764 5007 5252 4932 5164 5023 4456 4917 4890 4624 5256 5062 5028 5128 4754 5185 5199 4609 5496 4854 4586 5319 5137 5279 5439 5076 5222 4981 5188 4968 5152 4778 5229 4626 5134 4960 5232 5217 4923 5050 4830 5205 5415 5295 4804 4830 4935 5139 4792 4883 5271 4719 5167 4990 5116 5392 5191 4778 4788 4842 5181 5033 4635 5091 5143 5259 5478 5053 4948 4908 4930 5094 4703 5305 5127 5050 5065 5030 4841 4928 5553 5070 5067 4694
5543 4636 5305 4696 5324 5129 4790 4949 4891 5152 5095 5480 4950 4947 4823 4924 5214 5251 4862 5112 5443 4971 4958 5086 4896 4653 5296 5407 4989 4827 4490 4823 5180 4620 5140 5164 4837 4970 4899 5104 5352 4825 5208 4462 5014 4562 4898 5002 5054 4878 5541 5206 5072 5447 5553 5117 4863 5117 5110 5390 5302 5343 5534 5089 5385 5143 5072 4894 4900 4727 5411 5255 5154 4959 5693 5056 5163 5475 4988 5233 5011 4877 4877 5018 5098 4858 4871 4917 5143 4811 5060 5238 5295 4752 4745 5775 4951 5095 4792 5058 5004 5084 5019 5152 5109 5457 4883 4784 5056 5034 5141 4891 5266 5118 5055 5332 4713 5047 4858 5348 5025 5338 5227 5143 4525 4564 4902 5045 4707 5174 5141 5331 5542 5112 5538 5051 4951 5042 5169 5379 5105 5679 4361 5119 5088 4843 4963 4731 4815 5507 5149 4979 4552 5400 4880 4833 4868 5194 5103 4712 4690 4673 5102 5278 4705 4940 5040 5311 4990 4922 5081 4911 4653 4996 4860 5124 4999 4643 4997 4967 4934 4839 5440 5055 4779 4969 5110 5333 5512 4463 5320 4857 4823 5030 5004 5355 4996 5212 5282 4916 5134 4787 5272 5261 4928 4382 4913 5278 5339 5141 5208 4841 4973 5166 5542 5298 5158 5312 4973 5247 4692 4683 5208 4855 5006 5190 5259 5163 5125 4591 5035 4923 5122 5239 4574 5069 4919 5252 5188 4837 4932 4992 5087 5096 4643 5417 4971 4767 4843 5186 4769 4918 5511 4996 5141 4806
5499 5396 5198 4830 5495 5101 5173 5229 5068 5213 5115 5500 5122 5030 4704 5081 5327 5120 5083 5122 5298 4822 4907 4780 4793 4327 4956 5563 5042 5016 4484 4799 5357 4765 5522 5273 5114 5133 4906 5251 5586 4929 5230 4790 5212 4985 5070 5021 5029 5223 5358 5460 4912 5630 5327 5334 4958 5190 4915 5582 5609 5179 5831 5211 5539 5059 5263 4706 4981 4926 5343 5183 5093 4748 5414 5169 4987 5418 4979 5106 4964 5067 5020 5012 5282 5076 4788 5016 5293 4959 5235 5121 5047 5120 4832 5567 5094 5296 4955 5163 5081 4883 5373 5143 4924 5499 4866 4933 5073 5246 5192 4513 5381 5170 4938 5510 4643 5157 4951 5630 5109 5524 5160 5120 4646 5127 4901 5129 4735 4943 5237 5367 5504 5159 5245 5384 5022 5450 5214 5713 4916 5731 4697 5248 5526 5020 5072 5000 4801 5404 5145 4981 4856 5341 4781 4779 5005 5337 4962 5318 4557 5206 5160 5700 5017 5027 4960 5134 5302 5193 5102 5061 4799 5234 5028 4995 5411 5066 4817 4927 4751 4898 5245 5389 5121 4897 5259 5245 5405 4640 5424 4945 4832 5060 5174 5180 5181 4942 5525 4942 5166 4728 5255 4723 5103 4679 4943 5243 4880 5355 5076 5140 5078 5340 5367 5251 5342 5234 5077 4864 4695 5157 5478 4745 4854 4963 5432 5290 5437 4799 5050 5108 5396 5349 4593 5037 4944 5337 5358 4949 4956 5086 4944 5063 4857 5488 5435 5005 5046 5427 4983 4939 5905 4823 5493 5003
5591 4929 5145 4609 4981 5193 4743 4877 4504 4729 4949 5391 4465 4824 4341 4945 5006 5001 4744 4907 5264 4844 4910 4914 4985 4429 4835 5392 4840 4719 4563 4642 5145 4522 4961 4845 4637 5020 4746 5114 5046 4437 5230 4324 4763 4558 4926 4800 4663 4898 5261 5315 4524 5344 5049 5309 4976 4885 4995 5242 5114 4921 5442 4809 5505 4541 4957 4453 4613 4665 5005 4915 4951 4510 5349 4891 4689 5292 4911 4855 4585 4880 5053 5120 5149 4832 4712 4799 5135 4598 4995 5143 4860 4922 4927 5290 4619 5140 4396 4675 4765 5005 5042 4901 4747 4930 4646 4759 5096 5029 5138 4532 5193 5049 4920 5160 4444 4948 4888 5311 4868 5200 4958 5004 4412 4599 4916 4823 4668 4852 5097 5417 5143 4857 5124 4973 4820 5146 4635 5173 4896 5444 4744 5166 5227 4698 4990 4487 4746 5268 5048 4903 4629 4975 4652 4605 4628 5153 4896 4805 4508 4713 4863 5228 4505 4759 4625 5084 4901 5095 5133 4842 4424 4989 4758 4646 5155 4716 4661 4877 4592 4754 5065 4884 4807 4917 4847 5074 5234 4333 5094 4724 4661 4971 5046 5024 5072 4916 4942 4680 5091 4881 4992 5137 4804 4684 4815 5058 4552 4938 4721 4891 4969 4968 5070 5187 4747 4975 4945 4704 4481 4845 5217 4665 4849 4906 5012 5139 5078 4770 4720 4695 5239 5159 4508 4666 4752 5034 5323 4573 4982 5061 4719 4882 4684 5286 4904 4835 4676 5030 4750 4572 5458 4766 5175 4728
5323 5459 5472 4981 5375 4980 5332 5249 4752 5274 4806 5497 4976 4823 4739 4931 5016 5429 5025 5523 5352 5070 5009 4847 4785 4995 5098 5436 4691 5007 4667 5045 5228 4831 5413 5084 5122 5209 5110 5135 5530 4677 5194 4951 5149 4891 5116 5217 5042 5284 5355 5581 5026 5263 5532 5693 5260 5137 5021 5346 5363 5045 5643 5147 5429 4764 5197 4790 5002 4781 5430 5461 5116 5019 5560 5116 4936 5345 5241 4958 5008 5020 5132 5190 5127 4977 4789 5402 5090 4770 5073 4983 5132 5103 4890 5667 4912 5302 4841 4971 5085 5086 5040 5131 5173 5085 4737 5164 5047 5165 5229 4700 5539 5191 4839 5722 4676 5032 5044 5658 5332 5419 5258 5092 4896 4713 4863 5143 4888 5251 5006 5618 5455 5379 5432 5483 4919 5215 4959 5359 5261 5871 4753 5441 5380 5202 5104 4968 4973 5645 5111 4969 4791 4995 4904 4690 4926 5292 5115 5225 4685 4611 5359 5451 5012 5062 4808 5290 4936 5226 5438 5182 4843 5073 5076 4922 5411 4872 4608 4991 4810 4814 5344 5069 5312 5048 5426 5485 5415 4740 5387 5090 4745 4964 4903 5302 5142 5286 5424 4949 5159 5006 5444 4952 5023 4828 5147 5095 5089 4966 5088 5326 5153 5282 5432 5349 5118 5067 5279 4991 4532 5034 5514 5022 5215 5472 5115 5272 5168 4966 5243 4822 5370 5472 4683 5157 4902 5144 5229 4976 4797 5014 5407 4867 4845 5251 4947 5162 5032 5313 4794 5040 5788 4787 5028 4952
5192 5204 5302 4940 5227 5075 4977 5113 4802 4995 5047 5292 4915 4882 4859 5214 5293 5246 5115 5048 5403 4994 4935 4689 4709 4653 5230 5477 4771 5021 4536 5082 5259 4615 5070 5289 4808 5341 4913 4827 5195 4752 5143 4680 5028 4899 4861 4850 4756 5100 5364 5362 5144 5322 5320 4947 4904 5351 5193 5252 5447 5139 5606 4996 5333 4908 4958 4792 4659 4789 5160 5430 4821 4716 5952 5177 4984 5348 4956 4740 4866 4793 5229 5198 5316 4652 4859 5002 5155 4602 5005 5161 4844 4983 4655 5602 4991 5330 4869 4781 4838 5095 5136 4936 4938 5216 4854 4847 5250 4748 5304 4776 5358 4926 4851 5399 4744 4976 4847 5286 5127 5315 4896 5222 4977 4714 4833 5107 4782 4917 5088 5594 4923 5086 5136 5051 4819 5181 4879 5148 5155 5675 4611 5383 5238 5059 5112 4917 4978 5550 5007 4985 4799 5271 4881 4806 4717 5372 4795 5159 4754 4692 5279 5283 5066 4928 5007 5208 5017 4769 5357 5077 4501 4887 4971 4853 5108 4851 4605 4672 4878 4819 5431 5047 5018 5021 5045 5044 5438 4700 5474 5100 4874 4966 4783 5019 5212 5039 4984 5020 5207 5103 5383 5081 4989 4628 4940 5312 5064 4993 5196 5115 5089 5282 5019 5174 4912 5164 4856 4650 4802 4965 5387 4727 5019 4965 4986 5193 5372 4898 4741 4959 5162 5233 4444 4960 5007 5293 5495 4929 4972 4862 4857 5005 4723 5309 5138 4833 4839 5040 4707 4761 5472 4784 5205 4972
5447 5142 4982 4858 4990 4975 4921 5016 4584 5012 4844 5247 4766 4864 4457 4698 5422 5236 5008 4710 5127 4916 5016 4809 4775 4559 5043 5042 4516 4991 4170 4601 5365 4814 4904 4898 4768 5225 4757 5152 4934 4747 5107 4380 4937 4529 4675 4905 4708 5160 4989 5282 4638 5369 5013 5170 4809 4877 5060 5095 5253 5131 5355 5110 5301 4819 4951 4611 4962 4769 5205 4924 4785 4666 5193 5053 4761 5194 4867 4874 4536 4680 4894 4769 5125 4758 4772 4823 4908 4521 5052 5222 5052 4931 4812 5451 5055 5176 4691 4617 4998 4616 4817 4827 5335 5137 4909 4864 4741 5058 5001 4897 5323 5157 4726 5298 4533 5007 4577 5265 5090 5263 4896 4722 4881 4705 4981 4793 4706 4811 5116 5169 5039 4992 5240 5111 4581 5125 5067 5310 4853 5359 4686 5247 5267 4748 5145 5012 4823 5310 4977 4857 4745 5088 4627 4476 4913 5071 4813 4919 4660 4636 4844 5286 4676 4625 4552 5534 4751 4989 5158 4787 4348 4849 4895 4816 4939 4953 4755 4666 4624 4766 4944 5029 5133 4716 5146 5080 5147 4366 5468 4732 4839 4966 4679 5078 4856 5066 5283 4782 4770 4750 5141 4917 4697 4725 4950 5320 4667 5046 4955 5042 4824 5010 5073 5147 4780 4804 4890 4541 4726 4908 5470 4656 4841 4924 4930 5268 4928 4800 4760 4656 4874 5039 4384 4724 4879 5131 5364 4858 4675 4890 4985 4914 4700 5018 4815 5098 5012 4850 4566 4668 5389 4708 5030 4892
5895 5376 5911 5334 5757 5453 5551 5619 5344 5854 5348 5939 5539 5438 4971 5329 5386 5809 5535 5708 5935 5416 5425 5411 5178 5151 5648 6052 5157 5633 4917 5536 5925 5110 5703 5432 5192 5645 5350 5306 5729 5260 5762 5078 5555 4886 5674 5523 5105 5482 5833 5833 5415 5880 5711 6029 5506 5888 5634 5820 5855 5538 6203 5772 6085 5142 5396 5434 5336 5338 5652 5933 5347 5096 6222 5344 5535 5622 5525 5506 4905 5523 5532 5501 5832 5215 5284 5484 5443 5140 5619 5616 5842 5529 4951 5948 5316 5786 5172 5412 5434 5566 5597 5829 5462 5422 5124 5475 5643 5574 5871 5089 6018 5828 5423 5989 5169 5498 5450 6015 5769 5679 5548 5750 5137 5091 5153 5369 5305 5420 5452 6024 5966 5781 5850 5744 5176 5777 5488 5846 5621 6194 5355 5724 5941 5512 5499 5193 5203 5973 5419 5490 5207 5563 5181 5097 5237 5658 5427 5333 4800 4984 5815 5932 4939 5487 5218 5919 5294 5651 5782 5352 5105 5595 5387 5666 5816 5568 5348 5445 5300 4891 5754 5716 5532 5383 5573 5838 5973 5048 5785 5276 4915 5165 5374 5696 5824 5737 5987 5386 5504 5441 6039 5453 5431 5174 5452 5695 5740 5627 5423 5412 5354 5574 5861 5810 5347 5447 5470 5220 4970 5516 5821 5278 5629 5564 5521 5812 5400 5243 5492 5444 5739 5686 4875 5473 5245 5537 5443 5454 5016 5627 5659 5544 4928 5799 5513 5450 5384 5599 4902 5648 6039 5150 5582 5385
5990 5649 5722 5248 5847 5355 5361 5541 5293 5658 5336 5714 4863 5541 4803 5394 5632 5373 5599 5268 5790 5303 5234 5325 5247 5279 5432 5614 5299 5296 4551 4945 5729 5193 5473 5368 5337 5568 5043 5597 5798 4839 5813 4975 5297 4963 5212 5143 5383 5284 5735 5904 5353 5724 5550 5743 5590 5628 5350 5606 5770 5524 6105 5361 6079 5299 5529 4985 5398 5141 5291 5401 5224 4917 5847 5278 5246 5841 5327 5163 5279 5611 5424 5160 5687 5344 5140 5595 5344 4868 5258 5449 5668 5616 5086 5718 5269 5545 5115 5263 5607 5297 5505 5373 5259 5452 5164 5040 5170 5430 5568 5290 5949 5362 5354 5927 4829 5423 5184 5918 5337 5627 5236 5503 4969 4992 5237 5192 5269 5514 5152 5824 5384 5477 5937 5623 5046 5781 5093 5770 5552 5932 4949 5634 5450 5479 5342 5057 4942 6108 5365 5483 5106 5471 5037 4972 5066 5619 5336 5129 5004 5267 5729 5744 5330 5270 5313 5864 5426 5599 5691 5442 5018 5303 5294 5085 5746 5360 5190 5285 5125 4948 5570 5567 5564 5126 5710 5694 5760 4813 5554 5122 4968 5274 5284 5525 5650 5387 5519 5194 5538 5173 5730 5084 5594 4923 5332 5854 5196 5508 5511 5503 5148 5613 5922 5550 5368 5429 5508 5271 4759 5241 5661 5361 5416 5436 5761 5713 5536 5147 5272 5238 5639 5340 4925 5116 5401 5314 5781 5193 5213 5509 5230 5220 4953 5362 5574 5213 5183 5232 5256 5254 6023 5129 5544 5196
5453 5029 5125 4851 5138 5003 5089 4867 4813 5050 4990 5332 4814 4833 4579 5031 5219 5059 5113 5049 5382 4800 4911 4799 4792 4773 5206 5393 4637 4790 4527 4933 5083 4569 5043 5070 4869 5022 5038 4992 5159 4736 5279 4520 4905 4551 4978 5114 5091 4963 5372 5137 5341 5374 5210 5220 4711 5296 5073 5232 5316 5244 5395 5037 5327 4779 5095 4973 4981 4852 5252 5215 4855 4837 5968 4995 4955 5091 5122 4951 4720 4794 5138 5304 5244 4895 5178 4940 5025 4496 5123 4999 4940 4942 4877 5488 5045 5370 4622 5046 4702 4982 5035 5099 4647 5104 4929 4913 4805 4940 5331 4806 5393 5032 4941 5340 4528 4791 4848 5263 5018 5304 5419 5302 4639 4673 4768 5066 4926 5045 4742 5359 5166 5208 5325 5126 4924 5406 4612 5395 4882 5375 4482 5210 5396 4941 5143 4715 4903 5416 4859 5060 4939 5214 4882 4746 4745 5044 4925 5051 4805 4773 5262 5353 4876 4978 4880 5356 4687 5155 4929 4857 4669 4720 5127 4886 4975 4655 4795 4645 4573 4903 5121 5089 4800 4855 5245 5218 5470 4791 5116 4667 4774 4936 4989 4906 5241 5076 5083 4970 4942 5070 5491 4861 5119 4592 4730 5225 5112 5084 5003 4995 5000 5351 5235 4905 5141 5169 5132 4777 4650 4916 5358 4614 5122 4815 5168 5266 5270 4716 4880 4957 5106 5254 4382 5040 4983 5278 5028 4828 4731 4803 5017 5013 4841 5403 4888 4981 4775 5159 4728 4808 5227 4732 5064 4821
5355 4964 5035 4730 5192 4773 4744 4979 4818 4687 5060 5254 4832 4760 4549 4939 5283 5001 4904 4700 5082 4797 4826 4890 4642 4555 4719 5267 4818 4730 4444 4563 5253 4796 5146 4979 4741 4735 4826 4910 5036 4581 5025 4569 4919 4743 4745 4838 4776 5016 5225 5067 4629 5113 5081 5066 4889 4721 4997 5327 5047 5224 5333 4819 5561 4782 4879 4622 4570 4742 5151 5258 4861 4855 5351 5015 4631 5205 4965 4513 4682 4849 4942 5100 5174 4548 4324 4635 4897 4423 4978 5131 4705 4814 4585 5429 4538 5124 4522 4712 4834 4558 4805 4809 4852 4690 4604 4897 4765 5114 4987 4730 5497 4982 4842 5205 4775 4909 4757 5228 5084 5238 4604 5235 4612 4535 4829 4812 4437 5073 4892 5182 5157 5096 5297 5072 4893 5050 4849 5057 5023 5567 4793 4880 5488 5086 4831 4672 4664 5342 4942 4684 4598 4736 4865 4506 4969 5122 4852 4768 4478 4578 5183 5109 4881 4574 4546 5091 4585 4861 5074 4745 4394 4512 4872 4601 4893 4675 4548 4794 4818 4484 5127 4732 4753 4887 4913 5106 5326 4391 5101 4934 4900 5210 4817 4756 5106 4855 5007 4735 4813 4792 5126 4524 5016 4369 5249 5282 4931 4901 4736 5007 4839 5229 5269 5133 4883 5139 5027 4670 4419 4675 5240 4709 4784 4963 4869 5008 4949 4553 4584 4765 4921 5085 4618 4859 4426 5068 5302 4637 4654 4803 4763 4716 4317 5527 4891 4795 5038 4893 4609 4621 5360 4858 4873 5011
5568 5301 5223 4929 5299 5071 4768 5020 5137 5366 4983 5499 4775 5047 4473 4917 5078 5157 5246 5186 5379 4792 4993 4940 4757 4607 4882 5441 4819 4781 4570 4679 5327 4882 5385 4729 4812 5005 5058 5028 5296 4747 5452 4699 5091 4647 5050 5093 4601 5172 5220 5348 4884 5400 5102 5214 5215 5138 4983 5217 5267 5156 5709 5095 5520 4846 5315 4651 4809 4777 4995 5443 4923 4881 5404 5174 4627 5265 5232 4850 4779 4759 5013 5038 5133 4685 4744 5069 5231 4774 5193 4955 5001 4998 4591 5562 4750 5129 4824 5073 5072 4783 4988 5129 4996 4959 4671 4996 4978 5261 4690 4959 5440 5199 4681 5258 4494 5103 4961 5352 4999 5297 4942 5039 4844 4868 4786 4989 4628 5030 4862 5341 5285 5248 5171 4989 4750 5389 4751 5393 4815 5482 4705 5055 5371 5066 4973 4839 4718 5279 5064 4796 4684 5044 4398 4622 4897 5163 4993 5031 4547 4864 5016 5553 4695 4874 4780 5340 4898 5297 5115 4816 4836 4905 4662 5019 5300 4740 4746 4902 4705 4702 5183 5236 4918 5014 5114 5180 5412 4427 5241 4945 4569 4868 5173 5136 5440 4895 5417 4608 5083 4864 5208 4727 4943 4646 4917 5125 5074 5072 5131 5089 4941 5077 5355 5201 4962 4979 5054 4723 4578 4932 5276 4723 5003 5054 5057 5091 5011 4743 4890 4722 4813 5081 4563 5032 4928 5108 5066 4819 5002 5100 4928 4979 4780 5024 4916 5140 4965 5029 4717 4883 5550 4884 4983 4938
5566 5265 5180 4675 5428 5053 5082 5267 4642 5212 4891 5403 4829 4916 4818 4795 5248 5249 5112 5039 5432 4919 5097 4902 4652 4627 5078 5503 4853 4999 4476 5051 5324 4813 5504 5017 4787 5508 5008 5252 5403 4937 5518 4656 4867 4889 5017 5246 5090 5033 5682 5383 5208 5409 5259 5199 5177 5032 5117 5243 5406 5149 5688 5147 5508 4814 5157 4830 4751 5101 5342 5414 4957 4929 5771 5191 5020 5440 5127 4941 4926 4755 5075 4925 5173 5060 4982 5141 5044 5039 5343 5148 5115 4858 4813 5533 4740 5317 4741 4838 5078 4944 4782 5256 5009 4943 5016 4874 4925 4969 5460 4885 5479 5267 5123 5348 4634 4986 4821 5407 5247 5480 5164 5241 4628 4674 5047 4992 4929 5219 4874 5611 5238 5259 5409 5176 4736 5206 4915 5443 5112 5759 4791 5357 5514 4946 5165 4823 5098 5725 5155 4881 4689 5329 4871 4701 5062 5136 5145 5111 4795 4759 5212 5494 4903 4908 4920 5334 4959 5175 5355 4957 4550 4884 5167 5157 5351 4854 4689 4920 4844 4783 5309 5011 5193 4973 5296 5260 5420 4726 5420 5028 4874 5108 4803 4888 5361 5328 5387 5297 4789 4969 4893 5118 5268 4809 5140 5004 5222 5014 4925 5279 5047 5040 5058 5346 5270 5019 5052 4943 4740 5021 5302 4955 5052 5080 5157 5256 5380 4893 4983 4962 5283 5342 4737 5196 5029 5322 5440 4934 4727 5044 5218 5019 4825 5261 5264 5038 4991 4903 4831 4992 5598 5006 5085 4908
5819 5538 5426 5126 5407 5295 5253 5558 5144 5579 5252 5610 5053 5366 4669 5504 5689 5378 5436 5189 5754 5361 5370 5416 5213 4830 5547 5783 5273 5267 4655 5093 5715 4844 5217 5483 5207 5354 5126 5368 5474 5034 5673 5046 5687 4934 5280 5461 5206 5422 5662 5454 5478 6035 5406 5472 5081 5436 5482 5535 5460 5352 5738 5323 5658 5096 5422 5357 5122 4889 5761 5699 5189 4874 5827 5390 5334 5638 5349 5271 4838 5064 5502 5621 5531 5001 5134 5171 5366 4990 5464 5524 5305 5220 5160 5656 5070 5416 5081 5504 5338 5442 5353 5319 5068 5734 5364 5358 5261 5386 5734 5049 5738 5476 5093 5642 5105 5336 5171 5732 5476 5682 5422 5627 5184 5002 5239 5307 5133 5276 5319 5958 5427 5559 5677 5579 4938 5717 5213 5773 5575 5883 4819 5492 5765 5137 5570 5137 5215 5773 5423 5435 5116 5419 5280 5061 4975 5647 5294 5359 4839 5010 5486 5756 5185 5157 5191 5492 5486 5340 5581 5298 4881 5250 5423 4999 5658 5347 5098 5006 4958 5144 5611 5588 5235 5204 5504 5616 5814 5015 5931 5075 5033 5226 5330 5249 5605 5386 5578 5209 5554 5044 5798 5312 5590 4873 5080 5566 5239 5562 5510 5200 5217 5655 5616 5626 5307 5674 5467 5064 5033 5521 5716 5085 5322 5481 5285 5355 5390 5050 5182 5177 5553 5338 4861 5406 5220 5588 5507 5043 5001 5302 4966 5306 4971 5591 5392 5399 5247 5430 5079 5243 5889 5115 5583 5172
5336 5122 4964 5052 5502 4936 5085 4872 4616 5246 4935 5338 4771 4581 4515 4801 5139 4813 5101 5296 4894 4782 4534 4452 4625 4557 4958 5183 4877 5008 4205 4800 5399 4632 4929 5112 4822 4998 4981 4977 5064 4865 5154 4516 4662 4509 4927 4756 4993 5072 5208 5249 4969 5367 5233 5147 4971 5023 5050 5000 5277 5066 5665 5068 5335 4869 4950 4581 4749 4471 5125 5163 4887 4752 5370 4918 5039 5368 4898 4769 4873 4839 4944 5050 5146 4798 4859 5103 4809 4490 5193 5026 4911 4691 4700 5354 4667 5325 4883 4986 4823 4892 4789 4970 4882 4898 4791 5108 4805 4948 5066 4639 5566 5091 4853 5450 4638 4898 4816 5307 5250 5317 4873 4963 4730 4833 4783 4919 4878 5067 4680 5235 5084 5181 5254 5023 4610 5241 4877 5187 5014 5428 4599 5436 5344 4786 5127 5062 4672 5279 4998 5014 4810 5279 4500 4730 4937 5076 4937 5014 4662 4625 4964 5445 5031 4887 5035 5183 4813 4962 5415 4690 4352 4724 4928 4794 5143 4878 4500 4987 4822 4763 4984 4992 4921 4883 5035 5039 5138 4402 5159 4757 4267 4965 4973 5143 5292 4574 5159 4941 5046 4869 5154 4841 4888 4585 4919 5020 4795 5050 5143 5059 4916 5138 5205 5283 5087 4904 5028 4661 4683 4903 5261 4651 4797 4875 5116 5085 5169 4954 5004 4968 5031 5143 4617 4817 4796 5081 5045 4742 4697 4800 5040 4868 4439 4959 4951 4962 4754 5067 4462 4833 5574 4666 5101 4705
5516 5054 4918 5011 5108 5075 4890 4883 4487 5233 4924 5299 4914 5035 4500 4884 5128 4689 4906 5015 5040 4652 5071 4999 4803 4500 4990 5445 4749 4972 4461 4835 5193 4626 4984 5224 4716 5024 4797 5250 4997 4608 5104 4491 5023 4534 4703 5107 4830 4894 5256 4893 4909 5362 5374 5285 4795 4946 4878 5032 5348 4911 5495 4700 5546 4911 4872 4803 4764 4797 5216 5232 4887 4631 5463 5121 4956 5131 5108 4778 4529 4645 5170 5020 5155 4882 4845 4747 4823 4656 5076 5069 4988 4822 4665 5292 4705 4994 4689 4974 4827 4710 4618 5049 4892 4954 4758 4985 4846 4972 5097 4813 5513 5079 4690 5147 4675 4993 4560 5301 4945 5006 4999 5038 4712 4735 4595 4771 4902 4922 4845 5188 5093 5126 5298 5066 4773 5020 4754 5307 4735 5429 4647 5203 5106 4898 5217 4770 4794 5080 4814 5015 4985 4920 4829 4755 4710 5211 5046 4873 4646 4653 4988 5287 4573 4901 4893 5082 4767 4907 5226 4870 4289 4755 5123 4935 5133 4638 4786 4743 4800 4643 5195 4966 4991 4596 5172 5094 5024 4663 5049 4683 4620 4740 4920 4987 5149 4873 5163 4752 5218 4875 5114 5202 5010 4512 4819 5150 4698 4844 4993 4989 4583 5166 5163 5080 5126 5099 5015 4727 4381 4939 5192 4638 5055 4979 5109 5187 4946 4583 4704 4980 5103 4929 4548 5116 4789 5118 5000 5009 4424 4776 4996 4897 4687 5180 4935 4942 4745 4897 4653 4777 5492 4748 4868 4946
5700 5260 5365 5131 5396 5199 5120 5215 4998 5343 5347 5835 4902 5231 4771 5165 5496 5311 5287 5309 5645 5362 5223 5074 4958 4850 5187 5378 5124 5010 4798 5121 5406 4957 5341 5302 5177 5269 5069 5395 5115 5022 5495 4791 5201 4809 4980 5255 4978 5525 5586 5623 5092 5773 5436 5691 5157 5428 5175 5380 5546 5719 5658 5355 5444 4962 5212 4964 4859 4974 5327 5623 4979 5034 5849 5246 5084 5601 4992 5335 4943 5137 5310 5287 5210 5088 4816 5277 5334 4938 5187 5348 5161 5203 5001 5791 5101 5395 4928 5093 5197 4973 5103 5057 4988 5289 5018 5235 5153 5294 5366 5116 5511 5323 5068 5466 4670 5350 5009 5627 5340 5668 5231 5196 4748 4822 5302 4985 5045 5149 5037 5491 5400 5377 5657 5381 5046 5425 5101 5672 5173 5864 4900 5228 5463 5013 4991 5538 5067 5760 5299 4991 4979 5393 5192 5109 5007 5435 5329 5212 4844 5079 5353 5311 5075 5263 5115 5360 5163 5391 5650 5084 4605 5156 5171 5119 5289 4830 4799 5065 5085 5013 5755 5280 5193 5220 5528 5433 5637 4507 5519 5147 4895 5425 5245 5216 5395 5143 5246 5263 5161 5029 5465 5225 5357 4961 4976 5465 5211 5236 5315 5138 5075 5333 5432 5437 5344 5193 5245 5028 4781 5052 5404 4997 4888 5126 5324 5398 5436 4919 5236 5003 5190 5376 4486 5095 5008 5393 5472 5184 4990 5190 5415 5224 4841 5325 5293 5125 4975 5162 4853 5096 5555 5014 5136 5028
5796 5474 5480 5155 5684 5220 5169 5413 5141 5629 5222 5807 5297 5218 4793 5132 5779 5576 5326 4986 5579 5318 5323 5233 5103 5009 5690 5794 5231 5138 4660 5055 5589 5070 5688 5505 5295 5633 5215 5572 5712 5219 5601 5015 5377 4997 5277 5121 5039 5407 5609 5796 5402 5671 5644 5444 5626 5070 5373 5848 5743 5552 5699 5295 5820 5154 5095 5173 5244 5034 5457 5760 5131 5246 5901 5395 5321 5751 5546 5131 5095 5478 5491 5549 5342 4915 5077 5467 5073 5149 5460 5601 5468 5094 4879 5888 5089 5572 5208 5318 5406 5249 5286 5373 5184 5496 5279 5432 5454 5167 5698 5130 5934 5323 5194 5838 5128 5222 5194 5439 5511 5696 5359 5296 5268 4911 5248 5321 4993 5388 5166 5682 5531 5362 5629 5454 5106 5583 5078 5600 5341 5782 4759 5539 5533 5276 5206 5162 5248 6165 5342 5325 5168 5493 5128 5141 5315 5582 5222 5363 5021 4940 5473 5953 5135 5265 5318 5673 5168 5183 5506 5320 5002 5225 5296 5407 5512 5202 5021 4965 5150 5174 5503 5481 5178 5210 5501 5242 5606 5078 5741 5384 5210 5271 5196 5530 5486 5409 5591 5106 5259 5043 5602 5396 5553 4970 5157 5585 5550 5333 5465 5554 5017 5678 5822 5398 5596 5338 5563 5250 5000 5183 5737 4963 5285 5273 5499 5424 5688 5074 5148 5103 5490 5205 5100 5469 5306 5385 5695 5135 5223 5378 5195 5339 5071 5423 5317 5024 5075 5327 5261 5120 6050 5296 5539 5358
5892 5583 5359 4808 5839 5405 5106 5385 5306 5486 5153 5737 5217 5103 5064 5203 5521 5386 5338 5187 5340 5306 5210 5279 4928 4992 5183 5931 5445 5005 4817 5014 5345 4891 5676 5259 5198 5400 5347 5134 5653 5051 5754 4826 5432 4851 5097 5012 5400 5373 5549 5628 5330 5570 5563 5169 5214 5241 5333 5618 5630 5542 5999 5448 5670 5098 5327 5056 4855 4957 5528 5726 4934 4915 5822 5324 5225 5645 5304 5095 5309 5210 5295 5302 5492 5170 4981 5221 5148 4848 5393 5127 5391 5057 5118 5756 4959 5220 5032 4925 5320 5191 5396 5335 5182 5387 5150 5038 5212 5362 5520 5077 5693 5115 5525 5528 4981 5087 4803 5560 5336 5784 5261 5529 4990 4914 5417 5298 5038 5416 5052 5773 5281 5344 5638 5403 5205 5717 5228 5529 5359 5547 4793 5508 5306 5201 5535 5002 4782 5790 5170 5385 4955 5601 5024 4908 4959 5323 5236 5259 4738 5025 5509 5938 5224 5063 5506 5639 5258 5127 5543 5234 5055 5196 5107 4989 5432 5104 4923 4998 4941 4988 5348 5423 5312 4925 5420 5390 5641 4536 5476 5328 5010 5220 5284 5497 5066 5376 5493 5213 5238 5117 5248 5124 5286 4797 5370 5529 5545 5353 5171 5375 5018 5808 5598 5458 5278 5404 5281 4911 4955 4998 5349 5080 5116 5194 5458 5420 5727 4841 5256 4917 5554 5129 4884 5110 5226 5118 5218 5175 5079 5124 5072 5065 4969 5662 5426 4927 5101 5351 5056 5115 5804 5319 5326 5019
5901 5492 5468 4988 5671 5454 5392 5434 4850 5570 5404 5893 4907 5218 4920 5007 5894 5605 5345 5113 5800 5517 5533 5195 5159 4752 5517 5928 5087 5235 4900 5015 5714 5247 5808 5314 5138 5444 5101 5358 5626 5296 5701 5030 5192 4831 5388 5427 5321 5414 5886 5764 5603 5914 5736 5485 5126 5581 5509 5715 5461 5619 6184 5268 5816 5155 5524 5195 5062 5222 5517 5622 5333 5316 6183 5498 5148 5440 5354 5418 4979 5188 5261 5319 5754 5271 5364 5188 5388 4876 5577 5487 5559 5464 4741 5951 5298 5457 5196 5534 5399 5084 5490 5603 5465 5368 5389 5470 5209 5387 5621 5000 5826 5231 5480 5858 4873 5334 5205 5875 5407 5912 5683 5503 4983 5113 5267 5303 5229 5137 5401 5647 5710 5588 5687 5621 5345 5669 5154 5727 5488 5948 4944 5523 5745 5490 5310 5110 5178 5910 5111 5329 4997 5534 5355 4916 5121 5482 5196 5240 5292 4975 5734 5697 5284 5269 5037 5595 5204 5743 5610 4960 4879 5187 5372 5372 5430 5252 5295 5482 5163 4997 5583 5223 5427 5167 5527 5712 5739 5076 5426 5095 4923 5484 5168 5428 5549 5532 5578 5145 5281 5256 5470 5238 5243 5078 5521 5463 5335 5714 5358 5601 5243 5564 5707 5593 5317 5511 5670 5227 4907 5061 5657 4970 5487 5381 5632 5569 5467 5290 5066 5218 5646 5388 5131 5293 5250 5503 5697 5088 5092 5205 5453 5194 4925 5925 5285 5316 5156 5557 5052 5144 5861 5292 5450 5234
5277 5163 5302 5022 5450 4835 5102 5167 4638 5200 4908 5320 4767 5008 4750 5172 5326 5063 5096 5115 5577 4907 4872 4983 4748 5015 5264 5386 5034 4803 4711 4961 5410 4807 5391 5265 4829 5122 4769 4903 5388 4901 5537 4796 5013 4745 4791 5118 5005 5379 5601 5439 5142 5500 5365 5387 5101 5326 5077 5164 5535 5194 5521 5007 5485 4874 4983 4696 5018 4885 5255 5518 5063 4953 5439 5025 4920 5311 4897 4934 4961 5021 5069 5079 5335 5161 4992 5147 5314 4741 5085 5123 5113 4995 4767 5504 4932 5205 4860 4896 5012 4858 5006 5427 4799 5029 4638 5038 4943 5146 5161 5131 5439 5177 4937 5505 4571 5037 4700 5459 5079 5721 4908 5093 4675 4888 4664 4897 4911 5144 5173 5501 5353 5206 5243 5048 4901 5342 4992 5182 5037 5663 4624 5133 5369 4991 5040 5011 4939 5391 5093 4986 4616 4972 5008 4966 4817 5261 4914 4866 4644 4783 5190 5452 4984 4949 4982 5298 4791 5190 5336 4818 4638 4776 5165 4984 5328 5025 4535 5007 4997 4673 5241 5017 5101 5045 5269 5232 5183 4577 5505 4958 4668 5218 5005 5135 5120 5016 4990 4996 5270 4898 5254 4961 5098 4676 4833 4924 5372 4986 5203 5088 4903 5299 5189 5387 5083 4990 4960 4860 4895 5073 5262 4822 5138 5023 4973 5339 5196 4957 4914 5067 5354 5129 4629 4944 4948 5304 5110 5026 4822 5141 5091 5073 4618 4957 5233 5038 4998 5010 4960 4676 5638 4787 5045 5040
6081 5716 6091 5336 5800 5494 5376 5831 5557 5570 5588 5975 5456 5420 4878 5443 5616 5768 5506 5558 5830 5596 5613 5317 5365 5328 5867 6051 5425 5640 5089 5226 5816 5196 5664 5677 5433 5554 5300 5470 5754 5266 5894 5245 5430 5317 5515 5460 5438 5686 5961 5967 5521 5593 5882 5775 5648 5656 5597 5991 5810 5529 6084 5372 5864 5150 5732 5243 5181 5381 5683 5686 5458 5426 5960 5787 5256 6097 5673 5581 5407 5388 5817 5605 5793 5174 5339 5629 5637 5094 5446 5782 5815 5517 5381 6096 5189 5699 5175 5409 5530 5281 5579 5439 5319 5668 5406 5518 5589 5462 5655 5585 5888 5510 5650 5875 5099 5835 5535 5961 5475 6020 5582 5812 5123 5046 5542 5463 5277 5583 5322 5824 5924 5794 5882 5571 5535 5692 5306 5863 5526 6224 5237 5763 5493 5566 5606 5391 5421 6086 5406 5285 5353 5579 5371 5279 5424 5964 5617 5692 5303 5249 5980 5818 5597 5426 5233 5739 5487 5758 5923 5665 5054 5208 5515 5507 5742 5142 5246 5553 5072 5215 6052 5631 5682 5708 5891 5839 5721 5059 5882 5590 5241 5485 5571 5728 5608 5417 5795 5501 5677 5364 5941 5507 5532 5278 5338 5655 5666 5576 5566 5395 5452 5593 5888 5772 5480 5740 5617 5707 5168 5174 5810 5308 5462 5568 5251 5488 5781 5377 5201 5490 5963 5715 4939 5833 5382 5753 6020 5337 5457 5280 5442 5727 5109 5531 5679 5473 5219 5561 5504 5265 6102 5302 5655 5428
5554 5441 5199 4915 5488 4972 5063 5403 4715 5077 4998 5668 5151 4929 4843 5237 5261 5227 5256 5197 5325 5150 4952 5094 4780 4906 5430 5729 5028 5125 4630 5115 5323 4957 5303 5219 5036 5238 5046 5097 5574 5070 5419 4912 5084 4594 5071 5137 5237 5322 5665 5501 5363 5684 5364 5315 5244 5289 4965 5717 5714 5386 5779 5270 5479 4908 5005 4819 4867 5241 5302 5486 4857 4920 5919 5201 4708 5446 4983 4998 4832 5037 5191 5253 5297 5088 4970 5004 5139 4817 5368 5175 5209 5285 4929 5620 4898 5378 4714 4899 5070 4989 5125 5262 4909 5379 5239 4821 5267 5671 5462 4955 5519 4921 4971 5527 4751 5323 4927 5846 5203 5589 5162 5621 4878 4998 5383 5327 5183 5389 5098 5662 5351 5331 5338 5484 5117 5345 5239 5589 5093 5720 4866 5395 5221 5274 5308 5183 4883 5652 5189 5132 4991 5277 5158 4875 4818 5418 5117 5281 4620 4820 5222 5553 5202 5039 5058 5266 5073 5376 5712 5086 4664 5057 5232 5034 5225 5310 4710 5090 5012 5127 5612 5415 5288 5161 5230 5205 5554 4745 5295 4954 5038 5186 4887 5035 5212 5368 5250 5354 5238 4985 5273 5104 5313 4784 5209 5578 4946 5064 5022 5344 5231 5589 5218 5378 5207 4987 5356 4929 4681 5110 5462 4656 4976 5229 5377 5320 5615 5057 5067 5152 5317 5351 4646 5343 4933 5206 5340 4904 4925 5261 5169 4980 4882 5605 5278 4808 5041 5213 5035 4911 5829 5107 5235 4874
6177 5398 5493 5424 5600 5400 5345 5621 4790 5453 5391 5694 4978 5363 5151 5376 5479 5592 5392 5270 5864 4953 5308 4960 5112 5011 5255 5782 5059 5329 5058 5175 5528 5020 5567 5540 5080 5274 5254 5440 5709 5152 5446 4865 5387 4987 5662 5377 5085 5128 5788 5699 5041 5761 5536 5540 5425 5429 5212 5848 5468 5276 5753 5337 5836 5371 5420 4880 5174 4949 5679 5822 5303 5017 5772 5323 5030 5471 5158 5357 4984 5068 5498 5387 5479 5142 5199 5401 5617 5046 5529 5587 5219 5292 5338 5668 4950 5442 5271 5300 5411 5239 5294 5493 5235 5184 5086 5350 5319 5511 5337 5149 5741 5016 5241 5676 5079 5460 5214 6106 5418 5701 5303 5533 5158 5126 5133 5157 5138 5432 5574 5737 5584 5455 5631 5584 5168 5493 5177 5562 5193 5804 5048 5530 5685 5147 5472 5222 5239 5804 5216 5144 5281 5594 5238 5126 5303 5377 5508 5242 5035 5028 5580 5410 5155 5212 5096 5567 5183 5487 5577 5091 4771 5211 5302 5373 5612 5143 5141 5397 5365 5252 5773 5135 5203 5283 5494 5579 5930 4968 5679 4931 5131 5312 5041 5442 5734 5498 5431 4984 5387 5339 5540 5406 5363 4891 5228 5630 5158 5531 5377 5472 5021 5363 5573 5748 5328 5275 5372 5104 4888 5446 5722 5282 5313 5618 5540 5537 5407 5089 5260 5318 5577 5461 4786 5567 5029 5720 5707 5373 5035 5348 5483 5392 4693 5629 5211 5021 5316 5291 5272 5010 6027 5130 5689 5412
5334 5133 5345 4801 5198 4852 4633 5195 4707 4987 5046 5384 4958 4830 4232 4907 5050 4854 5064 5009 5479 4985 4919 4856 4600 4858 5048 5416 4967 5010 4637 4886 5409 4735 5378 5030 4745 5014 4769 5028 5360 4727 5071 4582 4866 4496 5061 4973 4821 4984 5151 5290 5092 5230 5329 5075 4990 5224 5032 5137 4977 5106 5328 4936 5299 4621 4929 4772 4728 4828 5044 5033 4839 4974 5705 5001 4689 5282 4904 4809 4628 4858 5052 4833 5115 4700 4802 4847 5132 4865 5017 5263 5165 4983 4629 5393 4807 4885 4702 4770 4900 4807 4924 5137 4826 4875 4657 4939 4857 5267 5032 4868 5599 4980 4768 5300 4569 5162 4758 5277 5133 5523 5149 5227 4735 4660 4875 4789 4689 4797 4869 5057 5264 5285 5377 5054 4768 5064 4867 5159 4992 5482 4553 5408 4979 4878 5162 4868 4959 5525 5000 4783 4610 5055 4922 4650 4771 5276 4977 4976 4623 4925 5196 5449 4745 4854 4862 5432 4557 4977 5233 4984 4423 4883 4824 4589 5086 4840 4636 4816 4853 4730 5175 4939 4931 4763 5239 5484 5151 4551 5163 4581 4761 4943 4796 5079 5120 4991 4993 5010 5152 4656 5224 4929 4863 4617 4666 5059 5082 4939 4851 4656 4991 5007 5265 5003 5000 5058 4964 4734 4470 4881 5274 4586 4881 4980 5154 5344 5061 4720 4884 4903 5193 5174 4457 4958 5017 4948 5213 4869 4601 4909 5030 4976 4629 5254 4704 5059 4636 4769 4685 4886 5256 4836 4895 4917
5815 5647 5603 5080 5705 5281 5038 5606 5226 5546 5495 5754 5191 5103 4916 5290 5417 5599 5408 5271 5658 4780 5348 5355 5017 4924 5585 5629 5415 4953 4833 5276 5756 5042 5385 5323 5266 5490 5213 5339 5480 5112 5777 4737 5320 5053 5062 5292 5278 5201 5670 5380 5345 5803 5535 5549 5664 5307 5180 5438 5669 5609 5797 5564 5581 5113 5393 5061 5350 5242 5501 5636 5465 5307 5725 5149 5190 5542 5213 5199 5231 5273 5577 5284 5612 5284 4989 5482 5443 5078 5506 5580 5251 5041 5118 5735 5007 5547 4798 5299 5137 5316 5401 5342 4914 5435 4924 4906 5357 5456 5785 5243 5876 5437 5322 5599 5007 5457 5055 5749 5190 5707 5362 5534 4853 5023 5066 5482 4943 5461 5111 5806 5683 5456 5308 5251 5044 5460 5129 5520 5254 5758 4836 5635 5534 5354 5637 5425 5126 5436 5242 5456 4875 5305 5277 5202 5197 5575 5254 5214 4815 5251 5297 5566 5182 5293 5438 5523 5380 5240 5796 5276 4926 5111 5247 5176 5568 4964 5085 5030 5219 5118 5536 5441 5156 5150 5617 5413 5613 4694 5701 5410 5269 5309 5442 5502 5321 5168 5512 5154 5257 5209 5691 5501 5107 5111 5214 5629 5376 5322 5309 5120 5240 5683 5689 5565 5351 5317 5350 5170 4969 5284 5664 5216 5142 5409 5657 5397 5365 5040 4829 5520 5480 5372 4727 5381 5678 5450 5470 5204 5212 5379 5286 5176 5064 5467 5212 5556 5324 5107 4750 5081 5948 5217 5522 5169
6056 6083 5935 5179 6005 5747 5347 5929 5263 5817 5662 6037 5559 5631 5255 5504 5535 5820 5851 5625 6094 5285 5559 5380 5329 5250 5724 6113 5550 5422 5055 5290 5820 5071 5898 5790 5175 5678 5403 5769 5903 5216 5835 5261 5704 5229 5579 5503 5601 5829 5832 6000 5532 6100 5811 6031 5776 5830 5587 5906 5807 5672 6073 5538 5863 5424 5630 5206 5273 5383 5659 6210 5616 5472 6315 5851 5362 6140 5473 5619 5434 5569 5685 5480 5710 5626 5360 5595 5568 5121 5688 5795 5653 5546 5512 6239 5473 5798 5544 5362 5684 5621 5507 5900 5577 5700 5452 5276 5587 5411 5943 5413 5953 5730 5459 5937 5105 5652 5363 6031 5517 6193 5713 5751 5115 5230 5690 5498 5399 5483 5278 6167 5739 5604 5987 5663 5341 6007 5659 5894 5928 6336 5210 5920 5949 5733 5678 5399 5553 6182 5537 5685 5396 5989 5540 5321 5282 6000 5440 5753 5255 5353 5768 5859 5562 5351 5317 6123 5658 5510 5907 5700 5382 5349 5541 5425 5740 5168 5551 5206 5405 5074 5726 5588 5581 5415 5750 5811 5993 5166 6123 5723 5490 5735 5449 5826 5756 5533 5685 5445 5714 5516 5681 5743 5604 5185 5821 5801 5829 5887 5615 5826 5253 5861 5935 5837 5370 5583 5639 5356 4894 5753 5933 5546 5558 5897 5777 5804 5782 5223 5388 5595 5925 5714 4975 5719 5709 5776 5970 5533 5409 5531 5430 5607 5115 6017 5702 5480 5599 5613 5404 5500 6167 5516 5805 5364
5824 5334 5326 4911 5513 4992 5116 5438 4726 4989 5450 5573 5197 5072 4824 4900 5648 5316 5238 5362 5450 5305 5077 5107 4866 4848 5457 5527 4996 5247 4954 5138 5661 4879 5456 5418 5067 5353 5360 5176 5405 5259 5502 4483 5219 4904 5289 5460 5285 5342 5658 5475 5118 5492 5737 5369 5351 5332 5619 5604 5385 5583 5800 5280 5802 5008 5396 4870 4965 5016 5195 5587 5228 5005 5963 5162 5339 5419 5275 5104 4867 5135 5357 5341 5668 5102 4904 5212 5307 4713 5477 5384 5241 4837 5235 5787 5206 5354 5147 5169 5187 5045 4973 5143 5151 5489 5061 5147 5245 5232 5298 4904 5782 5105 5317 5707 4927 5211 5065 5500 5475 5477 5229 5396 4720 4816 5144 5203 5101 5149 5429 5482 5476 5530 5297 5434 4909 5642 5196 5312 5225 5697 4857 5536 5395 5094 5237 4841 5163 5685 5406 5159 4885 5265 4845 4925 5061 5441 5203 5336 4915 4552 5335 5625 5309 5106 5228 5357 5042 5251 5473 5102 4996 5125 5271 5180 5059 5130 5141 5050 5033 4731 5379 5445 5384 4917 5414 5427 5714 4803 5433 5166 5016 5366 4998 5408 5257 5281 5447 4959 5282 5207 5660 5326 5222 4687 5119 5352 5311 5398 5131 5068 5096 5401 5398 5340 5201 5424 5023 5057 4719 4902 5623 4899 5407 5229 5336 5428 5147 5170 4999 5110 5607 5228 4963 5419 5210 5437 5370 5102 5179 5273 5390 5305 5025 5940 5386 4883 5187 5053 5102 5450 5823 5159 5421 5117
5293 5084 4844 4511 5260 5013 4789 4871 4629 4621 4937 5123 4723 4641 4631 4852 4920 4803 4752 4702 5092 4701 4865 4681 4564 4239 4892 5192 4597 4682 4153 4406 5176 4271 4883 4621 4671 4939 4562 4898 5082 4477 4967 4531 4731 4496 4886 4728 4773 4900 5094 5133 4747 5076 5284 4780 4823 5074 4720 5121 4772 4844 5246 4933 5065 4757 4960 4650 4483 4776 4882 5011 4887 4891 5532 4819 4584 5368 4622 4692 4522 4770 4689 4989 5176 4709 4556 4748 4732 4469 5112 4939 4881 4795 4599 5046 4824 4893 4349 4674 4565 4703 4928 4515 4894 4984 4659 4634 4922 5096 4974 4595 5274 4718 4642 5029 4464 4723 4686 5223 4701 5227 5053 4982 4808 4414 4745 4804 4488 4669 4819 5306 5053 4849 4824 4912 4509 5097 4858 5105 4463 5340 4331 4966 5010 4863 4836 4746 4671 5164 4919 4733 4636 5060 4450 4656 4818 5000 4453 5069 4613 4536 4876 5125 4796 4571 4648 4929 4687 4931 5121 4785 4233 4547 4547 4645 4797 4864 4554 4791 4695 4518 5002 4929 4838 4793 4804 5063 5145 4334 5071 4485 4448 4917 4763 4952 4891 4901 5075 4615 4779 4734 4952 4837 4769 4247 4628 5155 4806 5079 4879 4878 4850 4899 5074 5206 4757 4885 4775 4733 4473 4741 4696 4305 4811 4769 4899 4906 5138 4687 4554 4636 5213 4982 4339 4729 4685 5039 4838 4458 4537 4892 4861 4603 4624 4998 5017 4899 4676 4872 4687 4685 5150 4576 5089 4511
6025 5462 5663 5306 5592 5204 5395 5447 5486 5423 5280 5971 5307 5089 5092 5319 5667 5391 5373 5518 5851 5262 5290 5268 5098 5126 5375 5818 5298 5270 4922 5171 5478 5109 5472 5265 5245 5474 5363 5551 5801 5266 5560 5153 5418 5063 5363 5107 5184 5805 5682 5627 5285 6020 5614 5695 5468 5658 5386 5977 5818 5558 5940 5546 5966 4945 5467 4976 5134 5374 5622 5907 5009 5065 5733 5765 5220 5552 5406 5142 5395 5095 5457 5436 5551 5070 5040 5397 5577 5176 5438 5518 5258 5244 4823 5853 5241 5426 5238 5279 5355 5227 5583 5698 5367 5167 4985 5320 5165 5245 5625 5202 5791 5118 5389 5729 5042 5480 5324 5871 5554 5844 5572 5548 5064 5263 5244 5563 5418 5317 4858 6073 5483 5497 5717 5606 5623 5535 5221 5946 5437 6251 5010 5451 5617 5318 5213 5227 5164 6043 5290 5230 4921 5475 5031 5283 5238 5726 5249 5447 5031 5120 5646 5644 5145 5381 5240 5628 5193 5263 5552 5329 4905 5177 5540 5127 5567 5176 4791 5114 5079 5359 5756 5552 5439 5192 5436 5455 5631 4961 5628 5290 5080 5323 5121 5483 5393 5395 5604 5429 5267 5094 5893 5234 5383 5130 5215 5351 5373 5560 5299 5651 5383 5670 5381 5397 5355 5631 5663 5230 4977 5342 5583 5172 5226 5170 5883 5538 5640 4871 5335 5216 5674 5428 4891 5216 5339 5453 5890 5476 5315 4942 5217 5118 5101 5441 5491 5503 5048 5331 5085 5321 5941 5149 5381 5209
5367 4947 5197 4778 5182 4894 4716 4577 4413 5142 4812 5419 4728 4715 4467 4827 4929 4901 5043 4909 5123 4787 4823 4683 4751 4788 5100 5261 4665 4607 4333 4566 5011 4837 4973 4826 4689 4872 4928 4713 5032 4527 4826 4467 4866 4498 4749 4731 4729 4839 5366 5151 4908 5057 5099 4912 5170 4757 4800 5110 5088 4926 4992 4844 5173 4649 4956 4603 4857 4620 5045 4901 4650 4591 5169 4724 4646 5112 5071 4721 4754 4895 4817 5036 4916 4417 4775 5131 5027 4358 4815 4911 4869 4920 4505 5389 4791 4988 4655 4511 4556 4700 4631 4951 4959 4876 4608 4729 4845 5001 5027 4976 5342 4823 4464 5403 4660 4775 4608 5237 4957 5065 4948 4871 4636 4292 4689 4730 4603 4934 4758 5152 4988 4811 5030 4777 4839 5035 4630 5064 4616 5397 4197 4985 4976 4809 4941 4629 4565 5259 4818 4989 4747 5084 5000 4493 4391 4880 4614 4722 4452 4510 5307 5086 4746 4926 4481 5289 4527 4971 5209 4921 4358 4783 4798 4607 4978 4750 4792 4574 4764 4734 4911 5014 5006 4618 4987 4862 5071 4547 5117 4780 4618 4792 4822 5022 4936 5128 4909 4578 4957 4896 5152 5176 4855 4528 4878 5104 4876 4983 4963 4710 4808 4983 5135 5005 4718 5161 4821 4807 4597 4858 5140 4607 4952 4892 4769 4820 4846 4868 4568 4522 4847 4843 4491 4787 4917 5009 5049 4896 4803 4882 4808 5023 4413 4937 4683 4864 4784 4997 4489 4562 5286 4870 4770 4669
5647 5422 5318 5144 5509 5128 5320 5303 4807 5219 5052 5631 5090 5114 4733 5310 5379 5409 5303 4945 5416 4880 5033 4867 4921 4874 5459 5868 5023 5219 4418 4943 5600 4978 5236 5619 5044 5205 5148 5298 5455 5060 5528 4670 5096 5067 5085 5287 5251 5393 5394 5472 5315 5792 5426 5492 5265 5223 5089 5471 5591 5315 5841 5095 5509 4711 5221 4903 5329 4977 5301 5428 5086 4830 5549 5297 4886 5405 5317 4961 4910 5306 5359 5563 5415 5050 5090 5184 5345 4901 5156 5367 5089 5091 4942 5592 5032 5431 4806 4982 4947 5043 5388 5321 5238 5171 4855 4981 5074 5415 5453 4973 5792 5196 5136 5524 4860 5076 4885 5572 5098 5505 5220 5502 4980 5072 4967 5310 4803 5298 4754 5659 5372 5474 5558 5734 5261 5649 5167 5632 5116 5752 4835 5784 5590 5223 5624 5186 4805 5717 4977 5081 5032 5274 5034 4985 4919 5476 5232 5322 4852 4987 5500 5473 5373 5028 5273 5286 5009 5315 5678 5206 4680 5169 5022 5060 5400 5281 4848 5004 5102 4931 5270 5275 5416 5143 5454 5226 5728 4491 5454 5098 4945 5114 5015 5375 5388 5115 5421 5091 5180 5502 5576 5297 5349 4827 5372 5462 5170 5115 5224 5311 4930 5486 5206 5580 5304 5239 5479 4995 4686 5251 5566 4937 5189 5198 5223 5241 5518 5179 5146 5053 5390 5349 4619 5398 5309 5316 5331 5245 4842 5036 5007 5163 4920 5523 5452 5351 4881 5168 4854 4867 5698 5086 5239 5240
5492 5560 5566 5412 5451 5245 5332 5538 5142 5318 4968 5710 4994 5069 4813 5179 5414 5479 5275 5383 5484 5124 5121 4893 5040 4946 5574 5753 5208 5260 4905 5042 5366 5016 5841 5033 5321 5281 5141 5364 5511 5022 5426 5002 5236 4938 5593 5414 5204 5556 5652 5548 5262 5741 5526 5723 5425 5519 5376 5635 5718 5374 5830 5303 5475 5238 5189 4943 5077 5297 5683 5488 5256 4803 5795 5326 4945 5377 5262 5029 5128 5347 5211 5313 5465 5058 5394 5516 5460 5019 5203 5396 5093 5277 4841 5619 5134 5513 5023 5129 5208 5179 5357 5151 5125 5514 4958 5177 5342 5404 5423 5139 5845 5277 5315 5823 4975 5264 5233 5901 5390 5617 5398 5382 5075 4937 5112 5304 5083 5287 5000 5772 5596 5656 5513 5641 5382 5515 5302 5745 5427 5838 4919 5696 5653 5441 5356 5060 5022 5849 5423 5079 5065 5572 5389 5115 5079 5425 5286 5358 4909 4911 5291 5678 5327 5305 5084 5459 5162 5440 5620 5372 4789 5384 5216 5253 5536 4972 4777 5117 5123 5099 5648 5517 5450 5240 5309 5344 5539 4924 5517 5203 5260 5303 4883 5360 5492 5158 5211 5379 5258 5276 5702 5107 5563 5103 5306 5633 5480 5489 5295 5221 5219 5226 5514 5420 5286 5246 5507 5024 4796 5248 5719 4793 5321 5343 5330 5483 5683 5106 5063 4957 5466 5437 4732 5335 5327 5232 5528 5224 4817 5457 5232 5146 4869 5666 5233 5226 5044 5427 5265 5220 5855 4964 5253 5114
5695 5477 5661 5160 5949 5059 5425 5430 4973 5237 5170 5906 5196 5354 5049 5276 5524 5552 5317 5616 5588 5301 5114 5099 5173 4904 5382 5887 5120 4872 4751 5093 5717 5043 5710 5119 5265 5450 5048 5372 5840 4974 5562 4969 5473 5071 5158 5295 5166 5475 5871 5544 5491 5616 5600 5587 5081 5533 5465 5495 5542 5466 6122 5381 5794 5203 5614 5205 4974 4978 5413 5483 5163 5151 5906 5566 5131 5578 5201 5407 5448 5091 5400 5436 5544 5226 5153 5467 5278 5048 5394 5542 5308 5592 5186 5717 5076 5328 5108 5259 5323 5012 5535 5466 5447 5379 5122 5395 5453 5404 5373 5260 5748 5085 5313 5951 5060 5358 5163 5903 5423 5830 5446 5472 5006 5015 5296 5338 4894 5399 5473 5802 5774 5507 5682 5716 5145 5559 5143 5596 5325 6042 4827 5241 5952 5266 5300 4999 5016 5891 5651 5323 4950 5375 4896 5060 5100 5639 5504 5428 5101 5058 5509 5638 5387 5271 4978 5832 5165 5407 5663 5325 5083 4953 5277 5015 5502 5305 5076 5283 5153 5177 5411 5376 5428 5170 5508 5684 5774 4689 5514 4967 5204 5615 5561 5622 5461 5350 5591 5246 5207 5066 5552 5149 5225 4871 5124 5582 5387 5631 5374 5645 5378 5607 5514 5692 5251 5333 5407 5251 5095 5338 5625 4914 5257 5491 5646 5595 5471 5232 5152 5345 5913 5590 5034 4987 4982 5479 5712 5349 5254 5213 5323 5290 4957 5419 5172 5266 5194 5452 5160 5135 5956 5245 5418 5270
5478 5509 5411 5036 5511 5085 4944 5119 4960 5191 5001 5607 4589 4643 4707 4983 5297 5123 5042 5132 5249 5037 4856 4764 4912 4584 4973 5286 5026 4929 4745 4870 5129 4607 5347 5137 4700 5088 5177 5170 5385 4820 5364 4589 5035 4824 5109 4935 4972 5145 5312 5302 5139 5592 5216 5499 4846 5385 4972 5549 5302 5271 5526 5181 5555 5011 5296 4858 4809 4883 5103 5214 4858 4809 5472 4958 4903 5375 5243 5109 4998 4721 5252 5096 5655 4799 4578 5415 5216 4650 5092 5066 4977 5137 4760 5519 4701 5410 4671 4988 4809 4886 4926 5108 4900 5255 4986 4864 5186 5143 5311 4743 5422 5060 4954 5585 4723 4980 4922 5470 5179 5636 5136 5242 4715 4928 4787 5166 4890 4844 5113 5409 5450 4951 5186 5292 5324 5222 4393 5298 4813 5568 4568 5291 5547 5139 4922 4975 4933 5564 4957 5026 4914 5360 4880 4824 5026 5070 5111 5212 4629 4841 5358 5248 4722 5015 4908 5470 4982 5144 5485 5151 4459 5144 5218 4950 5152 4809 4870 4955 4887 4987 5415 4926 5276 5156 5041 5367 5340 4540 5254 4802 4976 4927 5118 5105 5039 5066 4916 4899 5194 5061 5285 5064 5033 4702 4699 5337 5138 5063 5032 5243 4870 5374 5285 5368 4971 4996 4851 4910 4815 4779 5265 4990 5094 5053 5292 5172 5267 4918 4940 4913 5041 5192 4756 4994 5147 5403 5388 5032 4996 5094 4961 5383 4957 5337 5160 5014 4988 5173 4835 4857 5517 4844 5284 4880
6096 5476 5376 5374 5695 5293 5463 5495 5122 5521 5577 5792 5121 5376 5076 5096 5972 5664 5434 5421 5704 5204 5579 5208 5320 5134 5303 5688 5210 5359 5030 5211 5703 5140 5581 5462 5266 5377 5314 5706 5597 5214 5715 4943 5542 5148 5584 5380 5546 5394 5851 5749 5520 5951 5889 5554 5341 5459 5561 5723 5676 5714 5946 5303 5770 5179 5442 5426 5095 5212 5657 5673 5382 5334 6049 5501 5420 5691 5342 5345 5177 5364 5407 5550 5947 5322 5216 5377 5534 5142 5620 5659 5607 5181 5251 6071 5404 5404 5089 5340 5567 5230 5433 5182 5164 5618 5198 5257 5573 5518 5524 5084 5982 5126 5396 5768 5087 5473 5236 6036 5641 5750 5393 5667 4953 5176 5164 5281 5186 5290 5575 6081 5593 5399 5829 5462 5180 5675 5208 5876 5344 5966 5202 5543 5695 5519 5615 5210 5247 5947 5291 5359 5061 5687 5346 5144 5424 5870 5347 5223 5040 5157 5767 5833 5233 5134 5408 5585 5073 5541 5621 5146 4803 5634 5129 5264 5722 5243 5329 5049 5337 5104 5851 5469 5271 5313 5671 5870 5643 4895 5858 5142 5119 5331 5582 5490 5460 5331 5617 5176 5467 5327 5600 5344 5279 4869 5200 5649 5517 5569 5544 5675 5155 5574 5762 5575 5228 5333 5605 5293 5067 5343 5741 5232 5487 5179 5331 5642 5782 5210 5297 5140 5759 5789 5049 5474 5461 5648 5554 5358 5203 5481 5472 5448 5006 5907 5657 5094 5019 5212 5362 5441 5967 5261 5336 5228
5483 5208 5294 4797 5188 5202 5211 5054 4812 5207 5081 5573 4843 4919 4531 4979 5347 5311 5083 5010 5452 4855 4899 4874 4732 4736 4880 5500 5128 5138 4508 4919 5252 4929 5229 5282 4906 5202 4856 5068 5565 4935 5312 4680 5139 4654 4944 4778 5097 5393 5705 5188 5059 5535 5363 5096 5268 5111 5131 5518 5015 5130 5707 5032 5503 5032 5252 4706 4603 5170 5101 5338 4826 5042 5654 5126 4862 5407 4913 5066 4915 5097 5248 4995 5181 5010 4820 5051 5168 4871 5225 5118 5146 5185 4791 5620 5032 5339 4881 5039 4900 5123 5164 5063 5099 5344 4855 5053 5253 5089 5405 4736 5289 5049 4899 5569 4692 5027 4840 5422 5228 5433 5317 5248 4918 4714 4998 4853 4848 5306 5094 5601 5486 5146 5325 5199 4930 5367 4874 5168 5076 5713 4635 5538 5143 5177 5109 4690 4739 5570 5119 5267 4813 5297 4792 4838 4900 5092 5003 5102 4770 4866 5199 5429 4908 4858 4780 5472 5065 4854 5214 4966 5007 4997 5009 5012 5123 4731 4932 5072 5124 4951 5147 5133 5036 5057 5083 5293 5282 4860 5403 4975 4887 5111 4840 5089 4876 5076 5229 5089 4982 4931 5276 5278 5040 4517 4928 5273 5126 5048 4789 4816 4964 5228 5303 5401 5251 5186 4911 4966 4784 4951 5367 4751 5270 5192 5050 5255 4942 4682 4779 5022 5381 5263 4701 5157 4867 5066 5404 4703 5160 5121 5134 4887 4692 5377 4937 5074 5066 5011 4722 4858 5685 4662 5325 4796
5633 5279 5333 4872 5338 5283 5096 5266 4710 5210 5005 5506 5078 5191 4827 4951 5556 5491 5003 5289 5292 4954 4957 4865 4855 4869 5183 5364 5092 4866 4669 5142 5409 4811 5409 5063 4879 5099 5088 5176 5449 5020 5457 4699 5231 4954 5160 5186 5012 4996 5437 5478 5266 5745 5275 5586 5170 5333 5295 5489 5285 5514 5544 5313 5598 5107 5346 4664 4997 4994 5184 5495 5019 4979 5763 5317 4901 5461 4785 5290 4934 4925 5278 5358 5222 4895 4967 5195 5255 5105 5235 5175 5082 5081 4935 5408 5064 5299 4889 4871 5094 4867 5105 5372 4678 5349 4854 5221 4982 5184 5324 4887 5627 5025 4936 5412 4781 5293 4854 5405 5108 5773 5197 5018 4881 4965 5066 5318 4939 5178 5005 5714 5489 5168 5256 5454 4819 5245 4981 5236 5261 5189 4698 5341 5465 5020 5410 5001 4955 5795 5212 5125 4774 5426 4816 4736 5002 5138 5070 4948 5008 5103 5363 5357 5184 4996 5130 5548 5179 5140 5380 4982 4536 5123 4978 5159 5530 5129 4825 5247 4993 4853 5041 5249 5140 5104 5251 5488 5435 4513 5363 4722 5123 4895 5116 5184 5382 5121 5126 5252 5059 5309 5407 5210 5114 4723 5074 5320 5274 5255 5161 5022 5195 5398 5492 5273 5398 4982 5187 4570 4865 4765 5510 4942 5043 5085 5310 5074 5391 5091 4953 5130 5270 5295 4730 5146 5089 5199 5298 5126 4922 5231 5217 5238 4858 5387 5021 5197 4973 5032 4855 4851 5566 4964 5431 5052
5499 5313 5458 4978 5373 5211 5061 5303 4978 5277 5019 5472 4855 4918 4807 5041 5323 5222 5117 4963 5269 4879 4811 4895 4797 4742 5209 5531 4965 5017 4731 5012 5304 4635 5200 5064 4987 5083 5040 5193 5581 4740 4828 4799 5121 4965 5265 5065 4939 5495 5656 5405 5162 5225 5413 5266 5233 5422 5077 5420 5319 5121 5701 4997 5386 5100 5133 5137 4864 5018 5285 5263 4870 4922 5578 5261 5007 5481 4969 4839 4947 5197 5033 5045 5355 4933 4802 5105 5158 4876 5107 5283 5043 4987 4834 5562 4875 5336 5011 4794 4801 4865 5090 5088 4952 5169 4752 5034 5249 5332 5106 4969 5435 5015 5089 5319 4853 5188 4893 5557 5207 5557 5101 5121 4958 4451 4684 5039 4964 5430 5046 5383 5212 4957 5528 5068 4971 5158 4937 5347 4972 5586 4652 5193 5305 5236 5196 5055 5095 5429 5071 4961 5016 5420 5044 4837 4948 5061 4998 5213 4839 4756 5150 5202 4939 4998 4929 5321 4899 5043 5364 5208 4707 5173 4995 5114 5255 4976 4834 4880 4932 4801 5307 4866 5377 5258 5099 5288 5293 4384 5527 4704 4690 5094 5154 5052 4997 5229 5285 5253 5080 5124 5176 5165 5109 4637 5179 5242 5374 5297 5124 4958 4804 5274 5496 5311 4964 5109 5003 4793 4913 5286 5265 5155 5297 4958 5279 5188 5492 4938 4977 4999 5172 5256 4520 4868 4813 5413 5203 5014 4759 5152 5305 5261 4474 5234 5245 4982 5082 5144 4844 5013 5408 5086 5406 5025
5583 5325 5287 4984 5247 5346 5052 5239 4881 5241 5024 5342 4895 4782 4784 5217 5217 5299 4975 5221 5753 5035 5069 5086 4957 4815 5263 5630 4985 4952 4636 4948 5552 4852 5324 5239 4827 5318 4912 5324 5294 4844 5385 4766 5047 4906 5165 5232 4942 5257 5492 5358 4911 5565 5429 5427 5013 5516 4944 5497 5218 5047 5684 5240 5326 5042 5095 4852 5089 5080 5083 5431 4843 5118 5752 5120 4979 5570 4990 5121 4947 5129 5230 5027 5259 4866 4784 5169 5202 4820 5233 5166 5148 5256 4869 5503 4858 5104 4851 4889 5170 4916 5194 5154 5233 5130 4809 5135 5139 5127 5491 4753 5581 5102 4956 5341 4854 5337 4944 5483 5054 5486 5377 5208 4887 4616 4796 4904 4865 5119 5067 5405 5627 5241 5407 5321 4882 5557 5142 5417 5091 5826 4665 5245 5283 5035 5241 5238 5041 5775 5146 5117 4872 5401 4992 4993 4788 5439 5079 5165 4702 4870 5269 5301 5097 5030 4926 5344 5237 5108 5441 5167 4689 5015 4951 4966 5295 4695 4763 4952 5008 4873 5330 5081 5223 5169 5400 5213 5405 4547 5398 4893 5034 5158 5002 5440 5415 4986 5274 5021 5088 5117 5441 5154 5129 4918 4891 5252 5059 5238 5120 5132 4990 5199 5245 5567 5180 5100 4868 5043 4618 5329 5180 5147 4872 5162 5107 5523 5327 4924 4817 5123 5540 5270 4665 5044 5362 5194 5344 4915 5067 5154 5002 5322 4933 5343 5177 5253 4809 4986 4925 5021 5737 5131 5390 4779
6075 5505 5485 5239 5652 5350 5273 5624 5131 5466 5287 5813 5148 5213 4772 5425 5508 5426 5224 5581 5610 5369 5336 4911 5099 4749 5494 5688 5075 5293 4661 4942 5657 4963 5386 5328 5251 5411 5102 5240 5473 5013 5519 5065 5242 4882 5387 5459 5249 5353 5588 5543 5344 5901 5744 5529 5415 5487 5318 5585 5367 5648 5933 5318 5749 4972 5400 5219 5342 5250 5475 5440 5111 4974 5795 5570 5349 5455 5373 5113 5177 5324 5579 5269 5726 5113 5291 5469 5462 4875 5481 5182 5124 5243 5092 6018 5254 5556 4914 5337 5337 5462 5607 5514 5151 5377 4913 5357 5595 5539 5520 5152 5779 5762 5362 5754 4987 5499 5113 5853 5363 5670 5569 5723 5027 5346 5110 5428 5187 5505 5192 5866 5642 5853 5816 5553 5197 5456 5188 5684 5446 5936 4926 5584 5606 5188 5559 5112 5035 5847 5378 5230 5070 5721 5170 5206 5322 5618 5238 5446 5043 5154 5518 5774 5149 4998 4965 5631 5170 5288 5873 4997 5145 5331 5311 5150 5473 5100 5148 5421 5142 4997 5566 5359 5325 5237 5530 5723 5573 4916 5677 4950 4933 5166 5071 5620 5470 5363 5735 5122 5287 5321 5497 5381 5577 5031 5343 5504 5424 5340 5277 5272 5204 5704 5757 5545 5371 5385 5530 5031 4821 5347 5474 5134 5114 5172 5315 5358 5709 5160 5393 5142 5507 5615 4761 5344 5217 5585 5466 5134 4957 5264 5328 5298 4991 5581 5342 5225 5157 5397 4972 5164 5555 4992 5447 5212
6367 5730 6179 5498 5938 5636 5522 5941 5391 5798 5977 6319 5503 5596 5133 5687 6057 5641 5666 5852 6062 5547 5596 5655 5480 5568 5694 6099 5533 5548 5144 5710 6197 5661 5856 5722 5545 5600 5685 5985 5968 5520 6084 5239 5952 5320 5502 5540 5469 5747 6261 6031 6014 6355 6021 5953 5734 5781 5872 6100 5915 6065 6375 6012 6357 5774 5936 5263 5474 5389 5858 6314 5800 5380 6427 5943 5459 6322 5656 5759 5486 5688 5901 6047 5909 5327 5854 5795 5752 5469 5764 5958 5787 5512 5577 6255 5429 5902 5690 5627 5385 5411 5610 5723 5476 5730 5698 5650 5483 5733 5975 5486 6103 5779 5471 6025 5636 5904 5672 5937 5761 5943 5907 5951 5221 5317 5728 5780 5672 5666 5565 6427 5882 6050 6119 5980 5681 5993 5452 6152 5738 6528 5065 6234 6020 5596 6085 5517 5382 6357 5998 5548 5461 5826 5478 5330 5433 6130 5579 5758 5337 5389 5781 6050 5883 5482 5705 6377 5738 6101 5859 5611 5073 5415 5579 5631 5951 5594 5324 5623 5493 5492 5813 5593 5726 5761 5942 6064 6255 5205 5778 5584 5552 5745 6049 5795 5871 5488 5863 5303 5730 5779 6147 5811 5603 5308 5648 5963 5734 5880 5738 5904 5575 5893 6080 6002 5786 6082 5807 5678 5314 5543 6234 5172 5828 5786 5789 5723 5949 5813 5480 5500 6222 5748 5415 5959 5559 5943 5890 5446 5602 5588 5408 6004 5283 6152 5518 5707 5415 5785 5509 5613 6272 5549 5950 5596
6011 5670 5420 5173 5880 5459 5594 5388 5212 5573 5402 5683 4974 5394 5089 5465 5734 5585 5473 5501 5730 5133 5343 5298 5026 4925 5554 5813 5314 5358 5003 5199 5649 5147 5634 5560 5207 5315 5213 5468 5775 5143 5885 5008 5435 5197 5505 5203 5411 5431 5776 5663 5592 5989 5808 5557 5486 5355 5369 5831 5732 5477 6052 5533 5987 5107 5639 5049 5190 5145 5528 5785 5294 5295 6118 5587 5412 5729 5469 5678 5471 5228 5701 5698 5789 5124 5342 5567 5584 5075 5370 5430 5433 5356 5206 5886 4827 5570 5055 5105 5519 5336 5372 5375 5219 5295 5372 5203 5366 5664 5785 5174 5965 5370 5299 5927 4987 5454 5174 5569 5729 5871 5475 5564 5052 5044 5490 5445 5336 5481 5278 5934 5767 5474 5806 5507 5403 5711 5254 5623 5181 5949 4561 5705 5638 5309 5514 5213 5299 5920 5574 5184 5269 5558 5040 5238 5191 5395 5364 5478 5295 5166 5752 5911 5427 5406 5200 5666 5305 5382 5880 5334 4904 5206 5357 5320 5507 5164 5185 5299 5414 5181 5534 5676 5345 5301 5388 5693 5771 4942 5552 5162 4971 5360 5525 5595 5607 5428 5538 5281 5359 5438 5803 5457 5453 5097 5316 5428 5641 5538 5465 5383 5348 5395 5760 5887 5175 5341 5419 5460 4961 5217 5577 5226 5180 5437 5649 5406 5808 5171 5155 5470 5828 5430 5200 5484 5303 5521 5740 5325 5295 5254 5271 5361 5168 5545 5284 5322 5283 5253 5257 5275 5978 5161 5509 5332
5625 5064 5162 5094 5296 5060 5091 5564 4999 5210 5199 5553 4778 4881 4761 5072 5471 5268 4937 5057 5318 4921 5111 4957 4783 4675 5084 5535 4926 5041 4652 5020 5343 4799 5299 4996 5073 5258 4966 5252 5307 4810 5264 4779 5227 4981 5295 5232 5162 5256 5539 5380 4923 5478 5444 5280 5292 5096 5272 5468 5356 5190 5685 5267 5671 5168 5183 4534 4866 4874 5161 5379 5246 4958 5473 5294 5073 5311 5089 4724 4841 4894 5238 5033 5479 4834 4950 5174 5083 4840 5072 5405 5275 4742 5174 5611 4873 5008 4860 4762 5176 4981 4994 4937 5118 5150 4938 4929 5043 4931 5309 4979 5333 4954 5280 5187 4657 4928 5068 5619 5159 5443 5168 5362 4905 4721 5098 4971 4900 5194 5022 5586 5180 5081 5337 5233 5024 5374 4827 5481 5149 5487 4637 5158 5388 5179 5237 4858 4969 5504 5310 5025 4781 5389 4912 4782 5026 5655 5172 5290 4757 4782 5313 5297 5104 4636 4936 5349 4892 4949 5592 4747 4596 5173 5093 5053 5355 4930 4794 4998 5079 4921 5052 5051 5100 4978 5305 5265 5651 4551 5413 4882 5013 4930 5107 5262 5306 4921 5198 4703 5216 5066 5231 5056 5357 4701 5146 5383 5017 5216 5142 5369 4977 5250 5267 5271 4793 4942 5134 5012 4762 5141 5597 4837 4975 4850 5332 5309 5277 4967 4880 4873 5420 5079 4637 5110 5022 5237 5268 5091 4972 5100 4954 5022 4741 5326 5209 5135 5015 4801 4976 4909 5492 5133 4974 5031
5705 5195 5428 5044 5456 5045 5047 5212 4982 5152 5241 5545 5116 5036 4943 5039 5312 5302 5162 5226 5520 5103 4900 4958 4781 5003 5191 5574 4956 4679 4485 4859 5667 4680 5310 5029 4741 5186 4884 5116 5506 4879 5505 5056 4963 4745 5059 5141 4857 5143 5461 5240 5308 5623 5506 5287 5153 5403 5111 5459 5264 5463 5766 5060 5214 4838 5169 4677 4974 5172 5372 5496 4982 5152 5456 5311 4741 5394 5056 4854 4984 5082 5063 5000 5519 5059 5108 5157 4989 4783 5397 5245 5071 5057 4712 5525 5135 5133 4953 4940 4970 5012 5286 5473 4939 5006 4836 5229 5004 5194 5135 5092 5523 5101 4897 5569 4811 4994 4724 5726 5091 5336 5236 5464 4740 4794 5279 5228 4495 5110 4981 5769 5443 5214 5122 5045 4998 5529 5096 5236 5020 5618 4636 5491 5614 5212 4852 4834 4685 5559 5190 4901 4746 5240 4890 4743 5011 5509 5005 5260 4962 5002 5496 5682 4950 5020 4985 5162 4886 5287 5452 4924 4608 4682 4766 5158 5391 5042 5010 5029 4822 4861 5241 5132 5048 4768 5134 5319 5462 4643 5509 4934 5063 5003 4989 5301 5178 5050 5234 4928 5113 5032 5406 4833 5171 4694 5276 5444 5114 5371 5449 5232 5034 5410 5244 5486 5024 5114 5197 4925 4739 4980 5248 5025 5062 5062 5190 5107 5509 4915 5045 5038 5169 5238 4525 5173 5027 5177 5315 5187 4878 5028 4891 4987 4778 5316 4957 4901 4998 5021 4874 4823 5593 4718 5100 5182
5919 5432 5373 4910 5518 5291 5262 5364 5114 5424 5169 5507 4984 5102 4917 5347 5618 5377 5267 5255 5540 5189 5061 5018 4767 4880 5141 5665 5037 5153 4785 5013 5597 4854 5406 5303 4953 5110 4920 5474 5599 5111 5470 4793 5179 4970 5242 5239 5122 5140 5573 5484 5627 5753 5424 5517 5128 5308 5148 5367 5651 5376 5979 5171 5583 4894 5235 4996 4935 5156 5534 5512 4926 5062 5800 5148 5457 5600 5178 5267 5166 5017 5335 5114 5670 5171 4967 5079 5289 4854 5355 5542 5270 5128 4851 5607 5110 5469 5173 5403 5367 4952 5227 5364 4942 5646 4844 5026 5317 5348 5532 4928 5803 5197 5218 5710 4681 5289 5167 5461 5288 5571 5341 5223 4929 5008 4919 5372 5081 5409 5473 5418 5605 5310 5534 5445 5103 5584 5173 5497 5212 5881 4725 5596 5697 5191 5232 5128 5172 5710 5376 5433 4769 5253 4883 4927 5150 5378 5159 5247 4686 5132 5456 5710 4986 5114 4937 5244 5136 5159 5485 5117 4869 5093 5257 4902 5366 4869 5030 5133 5319 4845 5402 5686 5084 5151 5162 5544 5377 4817 5650 4911 4850 4886 5052 5300 5376 5136 5585 4978 5265 4899 5557 5153 5314 4813 5224 5376 5136 5314 5398 5245 5157 5393 5504 5391 5258 5347 5151 5116 5017 4994 5348 5195 5072 5184 5172 5401 5565 4931 5072 5408 5479 5324 4868 5343 5306 5368 5520 5080 5065 5229 5152 5296 4773 5396 5211 5197 4956 5293 4817 5220 6045 4873 5403 5010
5924 5669 5565 5453 5668 5531 5458 5697 4967 5488 5334 5875 5325 5584 5012 5209 5593 5461 5521 5205 5698 5065 5303 5407 5240 5120 5478 5901 5226 5373 4728 5226 5843 4987 5541 5457 5050 5621 5045 5573 5790 5188 5532 4944 5300 4906 5196 5406 5369 5700 5719 5546 5707 5674 5767 5411 5326 5547 5546 5645 5367 5517 5923 5356 5676 5225 5545 5067 5398 5334 5598 5599 5117 4955 6067 5589 4910 5970 5372 5275 5225 5258 5438 5422 5856 5486 5431 5312 5490 5029 5643 5400 5488 5310 5165 5701 5175 5360 5291 5355 5237 5344 5344 5506 4965 5631 5507 5038 5525 5322 5525 5103 5785 5422 5333 5632 5004 5456 4970 5924 5128 5714 5576 5847 5171 5157 5043 5118 5270 5339 5527 5770 5433 5648 5619 5785 5055 5688 5110 5633 5175 5787 5067 5745 5722 5382 5852 5150 5308 5872 5307 5237 5251 5494 5119 5049 5185 5740 5248 5425 5212 5247 5581 6020 5223 5203 5408 5943 5362 5451 5780 5228 5107 5073 5295 5165 5782 5202 5057 5425 4892 5178 5604 5514 5338 5420 5543 5666 5596 5053 5525 5283 5028 5458 5363 5637 5524 5631 5644 5179 5520 5430 5695 5533 5325 4883 5328 5510 5248 5423 5365 5457 5052 5616 5589 5806 5188 5434 5166 5120 4962 5562 5711 5036 5475 5528 5449 5688 5927 5176 5235 5401 5684 5405 4981 5487 5355 5366 5563 5096 5006 5377 5394 5455 4837 5435 5515 5104 5193 5338 5175 5155 5962 5497 5499 5327
5576 5274 5348 5014 5230 5305 5032 5136 4716 5050 5068 5736 4872 5243 4728 4917 5311 5178 4983 5111 5582 5055 5119 4988 5057 4784 5287 5491 5054 4927 4858 5009 5332 4832 5525 4980 4996 5326 5176 5205 5697 4677 5328 4576 5046 4884 5094 5085 4987 5396 5606 5550 5072 5419 5501 5423 4946 5213 5233 5647 5293 5215 5608 5106 5625 5031 5183 4660 4867 5068 5342 5419 4851 5072 5569 5201 4893 5372 5116 5041 4971 5105 5294 4988 5137 5047 4809 5171 5285 4648 5238 5194 5164 5081 4887 5424 4714 5326 4744 4715 4969 5172 5111 5354 4891 5153 5075 4999 5119 5179 5398 4900 5543 5024 5201 5577 4731 5038 4945 5670 5035 5662 5333 5329 4797 4457 4980 5127 4841 5082 5090 5560 5379 5150 5343 5176 5270 5127 4821 5291 5256 5596 4535 5597 5484 5047 5245 4740 5051 5763 5197 4939 5153 5385 5151 4881 4983 5547 5274 5048 4775 4922 5276 5439 5036 5001 4986 5407 5176 5305 5247 5127 4919 4883 5273 5107 5215 4834 4641 4856 4824 4936 5166 5092 5250 4969 5319 5013 5308 4796 5275 4875 5017 5427 4855 4908 5063 5348 5364 5007 5074 5119 5302 5356 5298 4852 5205 5175 5217 5088 5232 5172 5047 5394 5413 5222 5354 4958 5054 5088 4656 5075 5421 4872 4991 5234 5278 5496 5340 4779 5161 4938 5482 5283 4587 4891 5076 5159 5540 5010 4859 5296 5087 5038 4890 5468 4875 5207 4897 5109 4815 4736 5705 5187 5175 5062
5482 5444 5111 4673 5183 4872 5034 5126 4706 4979 5026 5396 4628 4833 4448 4805 5384 5097 4804 5099 5084 4596 5108 4898 4684 4518 4845 5387 4799 4741 4605 4970 5199 4795 4982 4763 4825 4955 4860 5142 5249 4685 5078 4349 5121 4663 4916 4941 4955 4888 5304 4999 5155 5190 5066 5059 4768 5043 5000 5145 4954 5042 5620 4816 5334 4830 5146 4667 4676 4794 4878 5041 4908 4751 5525 4981 4781 5224 5029 4930 4737 4876 5222 4986 5383 4882 4836 5005 5054 4452 5026 4967 5244 4897 4881 5468 4751 5016 4738 4619 4764 4800 4514 4760 4742 4748 4870 4645 5085 4875 5214 4675 5453 4892 4979 5159 4768 5214 4591 5324 5060 5207 5158 5072 4721 4481 4887 4915 4759 4961 4801 5281 5265 4846 5270 5287 4831 5160 4684 5101 4941 5438 4469 5203 5033 4832 4920 4769 4889 5472 4858 4952 4906 5107 4632 4957 4673 5007 5050 5084 4822 4450 5232 5182 4955 4676 4731 5170 4741 4900 5438 4845 4386 4789 4825 4724 4833 4584 4637 5043 4685 4853 5019 4860 5145 4502 5209 5170 5212 4406 5183 4678 4780 4964 5025 5204 5056 4966 5088 4639 4897 5092 5339 5065 4981 4555 4938 5195 4811 5059 4906 5091 4809 4991 5171 5007 4905 4753 4947 4806 4380 4732 5261 4619 4943 4974 5295 5152 5148 4609 4772 4890 5156 4901 4478 4701 4941 4957 5337 4897 4695 5097 5073 5001 4657 5121 4709 4839 4642 4873 4753 4933 5419 4926 4962 4590
5215 4884 4961 4634 4743 4859 4672 4762 4493 4889 4660 4943 4299 4288 4231 4686 4917 4710 4765 4558 5042 4355 4634 4775 4278 4389 4612 4764 4637 4529 4116 4520 4925 4390 4735 4925 4271 4647 4481 4852 4905 4530 5127 4099 4792 4276 4605 4250 4544 4544 4935 4965 4595 5289 4960 4827 4582 4822 4581 5023 4785 4784 5036 4794 5086 4535 4824 4281 4540 4689 4886 4893 4617 4186 4804 4591 4583 4776 4658 4611 4561 4631 4603 4536 4847 4677 4616 4958 4751 4129 4687 4683 4656 4382 4538 4909 4279 4699 4732 4397 4664 4608 4507 4842 4535 4530 4501 4628 4373 4672 4943 4624 5155 4587 4524 4917 4309 4608 4423 5267 4623 4890 4612 4728 4334 4406 4612 4647 4320 4689 4491 5214 4944 4726 4589 4655 4717 4919 4569 5144 4636 5122 4246 4964 5122 4596 4754 4381 4471 4935 4716 4515 4360 4523 4560 4419 4517 4752 4743 4451 4372 4644 4819 5007 4733 4209 4320 4786 4576 4957 4888 4418 4213 4665 4860 4632 4695 4608 4254 4352 4490 4102 4720 4898 4732 4397 4558 4855 4870 4050 4823 4486 4534 4528 4608 4602 4574 4643 4533 4884 4574 4323 4866 4602 4709 4319 4558 4762 4906 4713 4639 4498 4402 4670 4927 4849 4504 4663 4577 4440 4282 4532 4844 4577 4621 4569 4846 4830 5082 4348 4500 4390 4493 4531 4247 4553 4844 4772 4817 4687 4581 4732 4591 4456 4352 4922 4705 4958 4758 4863 4512 4503 4920 4535 4861 4575
6275 6000 5993 5457 5669 5658 5606 5811 5373 5511 5517 5987 5488 5495 5101 5552 5758 5612 5699 5702 5985 5607 5775 5482 5574 5712 5717 5848 5616 5375 5026 5259 6052 5592 5769 5693 5346 5455 5451 5804 5739 5423 5958 5154 5636 5093 5792 5460 5648 5812 5996 6017 5726 6033 5803 5798 5752 5755 5711 5942 5989 5763 6254 5541 5975 5276 5821 5364 5650 5437 5766 6016 5419 5300 6128 5820 5304 5983 5438 5527 5432 5486 5590 5658 5918 5360 5711 5612 5800 5118 5569 5882 5650 5560 5351 5834 5352 5865 5389 5647 5457 5399 5571 5660 5380 5711 5446 5361 5550 5726 5782 5428 5980 5421 5515 6059 5215 5766 5388 5852 5571 6008 5926 5587 5177 5336 5484 5467 5425 5511 5261 6222 5786 5790 5852 5619 5646 5987 5561 5940 5606 6315 5375 6149 5674 5651 5501 5498 5342 5845 5520 5539 5320 5725 5295 5333 5439 5762 5545 5639 5085 5139 5724 6086 5446 5296 5264 5675 5491 5800 6020 5829 5249 5532 5550 5118 5876 5256 5221 5287 5564 5342 5984 5720 5786 5568 5920 5904 5731 4873 5900 5469 5266 5510 5386 5673 5530 5686 5918 5568 5619 5477 6028 5414 5615 5505 5544 5907 5720 5603 5588 5647 5659 5706 5692 5891 5648 5814 5737 5402 5104 5419 5779 5365 5514 5468 5772 5624 5858 5181 5476 5539 5925 5591 5110 5431 5459 5632 5900 5512 5417 5422 5535 5567 5299 5657 5524 5676 5325 5608 5280 5360 6080 5061 5552 5403
5617 5239 4969 4590 5186 5115 4952 5013 5101 5104 5057 5374 4937 4926 4508 5028 5323 5421 5077 4983 5152 4962 4897 4817 4896 4525 4871 5126 4971 5146 4536 4865 5269 4988 4951 4993 4810 4902 5079 5186 5062 4774 5176 4664 5010 4808 4988 4695 5111 5090 5473 5282 5018 5481 5028 5306 4999 5108 4899 5163 5251 5084 5629 5106 5545 4945 5043 4718 4644 5091 5052 5209 4679 4565 5712 5164 4961 5096 4815 4984 4635 4738 5221 5125 5164 4760 4909 5036 5040 4543 4801 5169 5056 4983 4690 5601 4868 5064 4714 4895 5049 4734 4952 5087 5023 5107 4836 4853 5094 5475 5098 4859 5289 4862 4919 5378 4710 5129 4864 5271 5202 5331 5076 5283 4693 4751 4821 4790 5015 4754 4889 5683 5285 5135 5540 5252 5178 5037 4804 5459 4928 5768 4565 5147 5224 4776 4890 4836 4817 5470 4912 5141 4896 5010 4855 4751 4520 5342 4919 5105 4398 4882 5155 5173 4922 4717 4688 5136 5071 5150 5402 5189 4498 4889 4977 4728 5071 5071 4659 4755 4968 4785 5340 5098 5236 4965 5053 5388 5402 4514 5213 4659 5011 4922 5126 4994 4971 5116 5017 4799 4978 4883 5113 4875 5123 4539 5004 5294 5122 5162 4939 5319 5000 5141 5005 5034 4974 5009 4995 5058 4532 4674 5084 4886 4922 4862 5281 4991 5313 4793 4937 4838 5236 5325 4558 4836 5000 5181 5243 4952 4614 5196 4903 5086 4770 5397 5119 5157 4865 5169 4911 4798 5723 4898 5168 4641
5648 5451 5254 5011 5450 5366 5160 5161 4900 5248 4928 5578 4888 5144 4583 5190 5389 5312 5254 5276 5440 4953 5119 5083 5138 4631 5284 5694 4843 5163 4672 4889 5507 4900 5400 5243 5119 5325 5113 5381 5482 4894 5768 4720 5055 5138 5027 5279 5039 5076 5648 5365 5242 5667 5400 5508 5214 5360 5261 5468 5260 5227 5801 5332 5868 5112 5248 5008 5174 5299 5253 5126 5160 5116 5858 5232 5214 5546 5223 5262 5182 5082 5422 5217 5465 5215 5030 5136 5373 4802 5592 5502 5158 5126 5002 5733 5046 5497 5066 5269 4965 5335 5374 5206 5088 5278 5041 5024 5295 5299 5465 5147 5590 5117 4941 5677 4888 5177 5053 5824 5247 5567 5170 5468 4892 4740 5129 4981 5003 5133 5093 5649 5522 5333 5385 5282 5155 5371 4936 5454 5039 5829 4602 5552 5857 5230 5277 5027 5191 5571 5147 5286 5025 5346 5056 4813 5071 5379 5163 5216 4896 5192 5269 5477 5145 5081 4956 5611 4917 5397 5501 5205 4667 5068 5110 5155 5519 5065 4984 4782 4900 4852 5502 5330 5168 5090 5194 5352 5523 4841 5331 5069 5010 5287 5331 5124 5474 5246 5217 5253 5054 5117 5435 5131 5171 4946 4974 5301 5323 5383 5337 5210 5246 5416 5526 5316 5015 5414 5091 5060 5014 5190 5451 4916 5373 5330 5118 5316 5543 4868 5022 5324 5608 5670 4807 5271 5302 5740 5455 5019 4973 5221 5208 5181 4904 5459 5295 5235 5234 5277 4923 5109 5931 4926 5319 5320
5849 5390 5493 4893 5124 5107 5142 5236 4855 5261 5270 5424 4797 4933 4659 5160 5320 5353 5211 5191 5199 4972 4873 4940 4732 4953 5149 5694 4865 5063 4504 4792 5346 4955 5352 5323 5232 4946 5271 5293 5646 5071 5222 4701 4819 4881 5032 5168 5063 5122 5337 5467 5295 5448 5141 5521 5438 5361 5109 5394 5316 5184 5721 5336 5572 4591 5322 4876 4878 5110 5210 5301 5033 4796 5562 5127 5019 5255 4899 4853 4904 4867 5214 5010 5351 4899 5071 5107 5456 4707 5264 5259 4976 5051 4826 5503 4898 5439 4956 5009 5069 5033 5169 5257 4965 5213 4617 5079 5052 5321 5264 4636 5490 5039 4828 5736 4653 4959 4961 5415 5035 5378 5269 5197 4840 4989 4946 4999 5091 5206 4861 5545 5401 5247 5132 5479 5104 5230 5075 5426 5068 5570 5019 5508 5374 5116 5231 5014 4820 5284 5103 4877 4878 5174 4935 4845 4872 5112 5105 5351 4692 5008 5287 5578 5099 5036 4856 5279 5190 5208 5627 5077 4766 4991 5117 4982 5275 4880 4791 5099 4806 4710 5248 5089 5154 5194 5168 5313 5405 4594 5375 4980 4759 4927 5230 5243 5243 4939 5328 4962 5095 4956 5373 4887 4916 4689 4943 5378 4945 5200 5184 5159 4945 5275 5312 5380 5141 5063 5140 4789 4625 5012 5267 5023 5100 5173 5165 5212 5358 4890 4929 5386 5116 5234 4800 5235 5027 5183 5397 4980 5168 5173 5168 4923 4636 5283 5336 5046 4908 5031 4934 4948 5927 4862 5334 4937
5814 5416 5349 5274 5526 5264 5331 5029 4914 5513 5151 5485 4879 5051 4891 5252 5431 5438 5315 5284 5401 5132 5194 5083 4862 4829 5433 5641 4931 5220 4893 5282 5769 4900 5437 5238 5019 5240 5290 5338 5455 5157 5710 4760 4948 5053 5391 5100 5122 5339 5763 5625 5169 5688 5784 5561 5345 5585 5461 5479 5559 5385 5729 5275 5842 5087 5398 4900 4944 4872 5498 5308 5077 4983 5892 5570 5166 5643 5416 5031 5022 4975 5184 5157 5718 4899 4846 5312 5432 4983 5268 5268 5046 4939 5032 6015 5321 5520 5087 5091 5259 5241 5392 5096 5276 5310 4912 5233 5469 5444 5507 5238 5532 5316 5030 5443 4856 4992 4992 5496 5372 5634 5377 5311 5050 4858 4977 5328 4907 5170 5242 5805 5477 5302 5461 5251 5066 5481 4965 5416 5103 5972 4865 5571 5479 5220 5080 4976 5006 5644 5236 5334 4877 5418 5031 4839 5126 5379 5065 5320 4870 4947 5610 5356 4872 5047 5134 5398 5218 5182 5375 5012 4740 5198 5137 5258 5306 4680 5080 5112 5263 4910 5466 5405 5044 5049 5244 5565 5628 4623 5595 5128 5096 4976 5228 5450 5350 4956 5349 5084 5505 5024 5757 5536 5255 4895 5102 5563 5010 5125 5289 5563 5299 5222 5403 5721 5167 5256 5053 5179 5017 5166 5436 5215 5384 5413 5154 5209 5560 5039 4955 5107 5499 5502 4928 5283 5346 5527 5483 5128 5192 5210 5160 5220 4985 5243 5168 5074 5107 5112 5169 4834 5800 4826 5347 4984
5579 5336 5323 4889 5349 5042 5244 5195 4811 5172 5053 5481 5206 4920 4519 4705 5484 5204 5284 5052 5255 4953 5050 5016 4901 4848 5191 5560 4801 4986 4630 5058 5300 4832 5415 5269 4824 5353 4969 5294 5334 4882 5306 4557 5150 4525 5217 5159 4788 5408 5141 5402 5252 5576 5319 5327 5113 5119 5036 5452 5540 5300 5512 5010 5507 4868 5070 4927 4615 4883 5257 5207 4794 4831 5524 5104 4777 5347 5144 5109 4804 4925 4880 5300 5384 5271 4941 5028 5371 4864 5227 5208 5180 4854 5104 5386 4919 5141 5140 5066 4907 4860 4892 5248 4825 5105 4899 4970 5201 5296 5590 4956 5725 5286 4963 5530 4928 5126 4829 5557 5231 5767 4947 5072 4723 4785 4940 4905 5001 5202 4968 5439 5344 5141 5511 5177 4989 5394 4890 5568 4933 5508 4762 5520 5228 5038 5228 4860 5021 5499 4943 5195 4772 5239 5046 4594 5039 5361 4983 5020 4748 4743 5278 5430 4870 5087 4901 5168 5018 5153 5337 4959 4760 5016 5067 5051 5227 4971 4836 4905 4832 4908 5289 5393 5129 4872 5065 5531 5535 4673 5414 5020 5153 5018 5129 5120 5031 5253 5382 5044 4985 5125 5140 5008 5193 5104 4936 5352 5113 4958 5007 5071 5147 5175 5513 5105 5098 4762 5269 4693 4790 5150 5265 4951 4978 5146 5250 5334 5440 4983 4840 4972 5332 5419 4665 5053 4853 5294 5297 4844 4644 5013 5188 5059 4941 5556 5089 5186 5045 5185 4856 5098 5422 5087 5167 4870
5165 4830 4966 4559 4988 4795 4692 4744 4844 4897 4603 5054 4334 4677 4316 4718 4750 4786 4694 4525 5306 4469 4853 4681 4748 4630 4924 5114 4779 4418 4255 4461 4998 4381 5045 4751 4625 4810 4786 4865 4983 4532 4971 4185 4846 4269 4639 4388 4549 4878 5270 4869 4710 5223 5276 5058 4464 4909 4726 5201 5060 4816 5189 4687 5188 4616 4968 4417 4812 4557 4993 5033 4733 4493 5274 4816 4745 4997 4766 4709 4486 4763 4686 4604 4917 4829 4919 4753 4624 4482 4831 4639 5036 4591 4435 4973 4602 4780 4515 4606 4599 4676 4751 5029 4737 4613 4707 4831 4650 4669 4838 4642 5214 4788 4656 4995 4433 4816 4763 5042 4919 4810 4970 4778 4560 4210 4513 4660 4504 4503 4590 5371 5163 4728 5004 4900 4808 4926 4775 5192 4888 5334 4319 4978 4840 4835 4674 4305 4589 5155 4796 4730 4510 4774 4543 4753 4404 5070 4655 4700 4427 4422 4889 5401 4791 4783 4524 4952 4674 4954 4972 4777 4480 4584 4774 4664 4969 4445 4306 4478 4658 4534 4947 4990 4737 4328 4817 4972 4973 4219 4854 4600 4549 4789 4741 4837 4732 4601 4980 4794 4604 4493 5352 4794 4914 4390 4763 4877 4838 5090 4863 4635 4608 5091 5088 4676 5001 4793 4946 4617 4257 4672 4971 4454 4952 4926 4790 4902 5049 4702 4767 4300 5090 5006 4347 4618 4533 4711 4830 4742 4514 4745 4613 4749 4428 4875 4773 4956 4720 4775 4464 4485 5345 4499 4971 4625
5196 5012 4963 4630 4835 4972 4660 4989 4604 4746 4897 5101 4777 4805 4362 4521 4837 4918 4941 4768 5124 4617 4367 4454 4559 4311 5276 5091 4595 4739 4228 4558 5140 4517 4826 4864 4656 4915 4629 4969 5218 4596 5122 4414 4882 4596 4869 4738 4697 5041 5247 5040 4715 5302 4987 5081 4781 5049 4878 5086 5143 4731 5182 4817 5111 4665 4854 4652 4730 4669 5003 5038 4739 4742 5203 4735 4818 5158 4685 4818 4623 4741 4743 4673 4994 4626 4802 5016 4682 4479 4922 4973 4787 4838 4445 4933 4730 4811 4561 4472 4773 4844 4558 4974 4639 4878 4448 4651 4739 4651 5058 4737 5337 4983 4443 5179 4617 4908 4418 5207 4642 5289 4894 4664 4290 4629 4664 4657 4766 4836 4726 5345 5088 4875 4924 5078 4728 5045 4558 5082 4795 4958 4760 5074 5138 4902 5069 4701 4883 5291 4733 4584 4736 4864 4514 4565 4793 5163 4812 4752 4734 4587 5016 5133 4698 4488 4583 4825 4947 4846 5119 4779 4510 4566 4633 4879 5123 4525 4613 4654 4702 4399 4685 4786 4976 4545 4991 4883 5031 4269 5053 4644 4625 4858 4701 5040 5154 4485 4982 4704 5037 4817 4902 4766 4948 4632 4871 4912 4790 5028 4951 4889 4749 5121 5208 5060 4899 4919 4735 4543 4527 5068 5125 4744 4606 5056 5048 4964 4942 4821 4514 5126 4968 4931 4210 4798 4753 4922 5111 4799 4688 5039 4925 4651 4450 4963 4990 4932 4855 4783 4639 4719 5363 4597 5054 4736
5882 5543 5447 5065 5552 5073 4903 5406 5138 5233 5324 5640 5166 5201 4782 5021 5294 5161 5281 5112 5524 5234 5288 5121 4814 4899 5464 5654 4931 4951 4890 4750 5537 4905 5462 4899 4954 5148 5023 5234 5625 5093 5589 4827 5251 4699 5007 5242 5182 5419 5764 5436 5130 5500 5233 5125 5218 5322 5300 5664 5425 5543 5760 5251 5582 4969 5188 4901 5084 5092 5375 5509 5207 5206 5778 5404 5184 5698 5116 5018 5090 4917 5223 5080 5408 5000 4982 5276 5059 4936 5337 5528 5220 5213 4926 5410 4880 5570 4970 5068 5159 5192 5254 5300 5227 5352 5094 5253 5163 5457 5228 5147 5537 5364 5025 5454 4876 5343 5039 5704 5249 5538 5383 5358 4959 4930 5254 5098 5062 5307 4891 5583 5617 5207 5350 5209 5073 5303 5187 5511 5339 5651 4727 5493 5394 5178 5358 5020 4997 5509 5241 5163 4710 5438 4970 4939 4900 5693 5276 5393 4697 5034 5363 5797 5100 5188 5232 5548 5023 5186 5326 5045 4917 4864 5346 5042 5445 5003 4935 5078 5041 4950 5557 5660 5370 5103 5122 5416 5540 4569 5345 5109 4871 5276 5042 5311 5174 5270 5418 5015 5058 4924 5381 5025 5198 4861 5040 5268 5362 5393 5142 5023 5291 5482 5496 5364 5235 5271 5471 4829 4803 5075 5279 4765 5125 4921 5573 5313 5332 5112 4814 5113 5512 5349 4686 5054 5205 5335 5334 5003 5226 5051 5083 5014 5029 5289 5114 5316 4998 4979 4936 5129 5747 5131 5100 5220
5970 5800 5768 5453 5793 5498 5501 5879 5343 5480 5413 6077 5605 5391 5321 5628 5513 5871 5510 5685 5764 5482 5575 5404 5067 5212 5616 6302 5301 5616 4857 5566 5853 5277 5806 5603 5282 5660 5538 5752 5899 5371 5712 5234 5537 5391 5564 5455 5164 5795 5873 5713 5447 6029 5832 5880 5781 5992 5608 6081 5678 5752 6076 5617 5994 5402 5835 5340 5304 5355 6022 5995 5453 5446 6185 5829 5388 5925 5626 5269 5394 5426 5511 5791 5797 5335 5316 5480 5559 5193 6049 5749 5525 5441 5278 6469 5069 5950 5302 5394 5375 5583 5513 5716 5717 5789 5373 5626 5609 5724 5865 5569 5930 5724 5403 5835 5307 5336 5568 6182 5737 5784 5621 5931 5585 5422 5569 5841 5203 5698 5591 5758 5909 5657 5803 5826 5429 6001 5512 5893 5524 6203 5114 5692 6054 5425 5865 5470 5031 6041 5548 5495 5288 5815 5499 5024 5420 5860 5554 5610 5341 5132 5843 5945 5377 5453 5661 5989 5432 5546 5734 5353 5215 5656 5441 5584 6006 5403 5411 5543 5181 5377 5909 5613 5292 5751 5469 5648 5995 5183 5973 5578 5574 5705 5387 5845 5707 5738 5858 5485 5721 5312 5810 5793 5292 5425 5686 5799 5583 5784 5801 5536 5629 5726 5723 5996 5359 5740 5447 5279 5250 5619 5913 5164 5738 5541 5655 5706 5802 5356 5359 5549 5789 5590 5290 5836 5158 5685 5936 5372 5414 5325 5562 5350 5026 5991 5700 5465 5564 5844 5283 5466 6115 5431 5796 5564
5378 5090 5190 4780 5312 4776 4785 5043 4583 4889 4872 5069 4964 5049 4563 4718 5236 5061 5222 4942 5398 4799 4800 4909 4809 4476 5159 5505 4745 5001 4173 4569 5259 4734 5294 5045 4596 5049 4873 4811 5323 4639 5081 4518 5175 4431 4980 4767 4688 5006 5282 5137 4946 5395 5050 4921 5016 5294 4913 5274 5428 5175 5153 4726 5515 5086 4962 4699 4836 4718 5196 5404 4817 4693 5674 5111 4846 5283 4807 4906 4768 4720 4953 5102 5134 4773 4832 4904 4992 4379 5321 4762 5096 4711 4788 5268 4556 5245 4677 4914 4769 4794 4741 5075 4951 5011 4813 4723 5056 4838 4851 4614 5098 4954 4757 5478 4684 4823 4753 5430 5109 5063 4795 5072 4359 4525 4859 4929 4527 5072 5011 5530 5131 5033 5123 4892 4839 5060 4912 5408 4896 5484 4592 5012 5257 4942 4837 4733 4724 5166 4983 5000 4555 5237 4636 4749 4596 5178 4890 4746 4610 4408 4923 5399 5157 4628 4787 5111 4858 5050 4959 4594 4742 4558 4827 4935 5142 4962 4708 4752 4437 4642 5080 5148 4497 4847 5156 4997 5287 4454 5193 5117 4648 5088 4935 4944 5255 5050 5350 4961 4849 4768 5231 4694 5113 4569 5041 5164 4937 5164 5249 4849 4853 5224 5270 5080 4866 4952 5090 4583 4442 4948 5253 4612 5046 5009 5126 5052 5186 4493 4667 4948 5060 5041 4408 4819 4746 5197 5207 4810 4820 5099 4806 4556 4700 5190 4887 4934 4817 4893 4621 4869 5471 4510 4843 5138
5292 5203 5262 4881 5446 5141 4982 5171 4824 5160 5300 5287 4871 5115 4673 5040 5004 5106 5216 4650 5482 4912 4850 4592 4855 4645 5194 5368 4852 4868 4518 4714 5268 4769 5540 5110 4812 5072 4765 4993 5465 4706 5261 4597 5103 4787 5109 4755 5033 5181 5541 5316 5263 5061 5390 5242 4953 5113 4956 5511 5427 5174 5331 5048 5496 4915 5076 4946 4825 4653 4989 5385 5127 4787 5553 4891 4886 5392 5092 5341 4708 4994 5000 5032 5290 5016 5118 5328 4914 4614 5014 5076 4939 5030 4827 5279 4833 5188 4809 5008 5076 4902 4924 5075 5079 5166 4717 4998 5096 5106 5205 4980 5386 5028 5040 5434 4670 4932 4913 5488 5071 5380 5122 5065 4607 4585 4940 4990 4772 5071 5144 5465 5304 5101 5163 5097 5099 5407 4667 5335 4840 5492 4514 5160 5493 5174 5137 4811 5029 5618 5259 4996 5133 5261 4620 4490 4825 5469 4978 5037 4684 4657 5259 5552 5089 5056 4748 5312 5094 5352 5445 5049 4684 4792 4967 5098 5218 5073 4824 5054 5067 4784 5236 4998 5131 4805 5151 5185 5447 4528 5038 4815 4803 5028 5120 5089 5363 5040 5199 4921 5159 4842 5169 4997 5263 4704 4911 5393 5292 5173 5047 4971 4889 5167 5229 5312 5052 5238 5237 5052 4756 5022 5098 4940 5122 5300 5144 5005 5231 4879 4896 5084 5346 5005 4568 5153 4520 5274 5364 5077 4950 5100 5029 5054 4491 5043 5367 5020 5021 5321 4792 4777 5589 4944 5128 4923
5913 5397 5566 5180 5844 5639 5109 5575 5183 5546 5289 5805 5242 5067 5059 5425 5401 5501 5237 5420 5595 5217 5233 5009 5140 4895 5425 5720 5271 5076 4964 5457 5574 4915 5540 5472 5144 5387 5185 5315 5544 5049 5616 4797 5239 5073 5448 5448 5514 5446 5887 5714 5450 5541 5565 5515 5265 5515 5250 5793 5616 5492 5941 5037 5492 4947 5478 5166 4945 5234 5502 5507 5186 5180 5995 5346 5173 5516 5518 5102 5064 5208 5385 5350 5539 5291 5259 5423 5528 5008 5513 5229 5370 5429 5211 5895 5321 5515 5170 5309 5184 5173 5478 5392 5272 5569 4972 5167 5344 5301 5397 5283 5934 5330 5216 5747 4994 5389 5019 5571 5516 5621 5475 5561 5165 5123 5320 5505 5138 5524 5340 5549 5634 5387 5681 5445 5362 5618 5330 5454 5269 5833 4823 5684 5487 5202 5411 5027 5212 6035 5452 5287 5294 5736 5267 5161 5220 5346 5461 5546 5275 5045 5545 5917 5242 5456 5193 5678 5253 5302 5575 5171 4891 5102 5116 5374 5321 5018 5092 5282 5271 4984 5644 5350 5441 5401 5205 5632 5610 4838 5476 5200 4991 5226 5143 5616 5702 5216 5512 5035 5495 5267 5568 5598 5421 4888 5317 5726 5494 5382 5383 5322 5105 5375 5784 5407 5345 5469 5272 5278 4773 4935 5434 4981 5147 5429 5448 5575 5768 4952 5447 5379 5442 5356 4873 5376 5085 5422 5601 5204 5197 5205 5345 5327 4878 5388 5265 5178 5008 5276 5325 5009 5828 5132 5512 5147
5388 5243 4832 4667 4991 4921 4606 4800 4526 4791 4830 5249 4758 4507 4592 4846 5197 4696 4729 4970 5028 4739 4696 4699 4397 4299 4861 5026 4572 4634 4270 4493 5196 4371 4936 4562 4507 4825 4693 4937 4936 4328 4804 4373 4826 4424 4758 4902 4807 4982 5095 4937 4967 5331 4938 4818 4911 4753 4617 4886 5075 4907 5209 4998 5139 4631 4937 4391 4795 4859 4719 5080 4648 4830 5364 4704 4548 5105 4620 4857 4556 4889 4839 4845 5005 4883 4624 4862 4930 4513 4924 4650 4872 4592 4573 5272 4784 4936 4790 4799 4397 4477 4642 4859 4652 4700 4439 4692 4749 4877 4967 4466 5399 4779 4526 4992 4534 4796 4389 5331 4802 5297 4913 4680 4439 4514 4580 4763 4777 4889 4609 4893 5067 4932 4850 4772 4610 4782 4861 4985 4832 4967 4602 4771 4850 4735 4886 4814 4534 5145 4703 4850 4431 4832 4490 4588 4672 5082 4741 4625 4477 4481 4849 5038 4610 4513 4477 5054 4749 4737 5306 4596 4297 4484 4424 4499 4828 4546 4756 4685 4557 4188 5126 4955 4887 4629 4799 4767 5014 4414 4853 4860 4640 4742 4530 5101 4775 4921 5032 4766 4799 4422 4841 4765 4836 4451 4889 4955 4977 4910 4891 4667 4725 4988 5152 5048 4465 4723 5075 4592 3944 4823 4915 4502 4718 4693 5016 4766 5168 4458 4482 4568 4863 4661 4436 4626 4686 4936 4673 4695 4556 4808 4844 4676 4407 5057 4829 4868 4712 4619 4637 4894 5325 4690 4680 4417
5495 4981 5192 4702 5177 5075 4733 5061 4520 5151 5023 5385 4624 4851 4457 5009 5314 5144 4940 5068 5173 4904 4802 4832 4746 4773 5110 5292 4872 5035 4502 4933 5302 4685 4882 4940 4864 5044 4914 5269 4873 4832 4923 4679 4958 4759 5029 4815 4659 4827 5330 5375 4908 5265 5186 5180 5131 5141 5160 5219 5132 5086 5430 4926 5150 4977 5222 4674 4838 5002 5276 5257 4745 4820 5476 5030 4681 5330 4817 4855 4820 4766 4967 4990 5206 4623 4587 4915 4967 4884 5127 5141 4961 4699 4691 5509 4952 5066 4939 4718 4829 4742 4761 4866 4731 5072 4826 4815 5082 5088 5315 4634 5381 4634 4776 5136 4297 4906 4842 5346 4907 5351 5224 5214 4654 4484 4842 4908 4810 5146 4812 5521 5187 5134 5389 5066 4876 5165 4608 5319 4846 5333 4610 5413 5143 4992 5134 4811 4999 5341 5126 4963 4711 5117 4768 4671 4774 5101 4772 4982 4740 4629 5349 5283 4786 4690 4803 5077 4956 4901 5056 4814 4479 4887 4803 4912 5129 4930 4559 5181 4810 4723 4944 5197 4852 4946 5097 5227 5286 4572 5285 4635 4697 4602 4985 4848 4908 4975 5278 4793 5144 4819 5660 5064 5131 4459 4913 5153 5077 5008 5060 4929 5066 5154 5201 5044 4918 5262 4874 4569 4756 4923 5185 4733 4824 5077 4913 5012 5134 4790 4858 4729 5108 4946 4510 4982 4860 5015 5012 4841 4909 4868 5145 5134 4470 5113 5047 4975 4856 5104 4667 4873 5589 4520 5102 4726
5329 5257 4964 4783 5009 4811 4907 5004 4704 5102 4849 5306 4709 4704 4576 4927 5175 4861 4829 5030 5101 4827 4660 4763 4423 4379 5240 5474 4868 4815 4361 4431 5440 4604 5055 4701 4820 4940 4860 5004 4975 4932 4924 4678 4691 4621 4825 4789 4725 5052 5405 5398 4618 5125 5154 5152 5060 4953 5164 5213 4875 5214 5359 5098 5290 4839 5019 4642 5015 4748 5196 5295 4824 4737 5519 5115 4640 5303 4697 4734 4795 4569 4984 4795 5234 4790 4710 4784 5139 4438 5022 4907 4699 4706 4420 5481 5019 5116 4602 4905 4925 4843 5041 5118 4822 4763 4879 4787 5081 4901 4930 4510 5407 4978 4791 5141 4503 4664 4757 5438 4739 5252 4781 4992 4599 4665 4618 4905 4772 4948 4455 5425 5036 4945 5022 4965 4852 5185 4829 5144 4925 5515 4785 5182 5337 5138 4997 4787 4881 5428 4948 4888 4773 5002 4546 4808 4836 5325 4749 4847 4505 4835 5015 5080 4734 4821 4826 5307 4820 5217 5194 4636 4470 4881 4775 4697 5192 4566 4542 4905 4668 4418 5152 5139 4856 4699 5068 4863 5271 4345 4851 4870 4535 4768 4756 5013 5066 4938 5257 4781 5072 4826 5104 4959 4789 4525 4907 5126 4658 4944 5152 5092 4826 5234 5106 5109 4899 5052 5039 4634 4442 5087 5341 4629 5048 4976 4976 5240 5203 4777 4955 4604 5152 5076 4614 5020 4820 5093 4834 4680 4671 4930 4921 4757 4447 5209 5142 4843 4941 5025 4463 4599 5435 4834 5065 4717
5860 5503 5725 4926 5619 5564 5322 5316 4891 5486 5517 5756 5107 5301 4796 5154 5533 5378 5479 5444 5656 5371 5253 5079 5158 4937 5529 5697 5388 5183 4652 5421 5639 5356 5699 5494 5320 5304 5375 5361 5406 4969 5924 4786 5385 5029 5239 5157 5223 5582 5899 5414 5662 5737 5790 5568 5191 5323 5684 5710 5630 5421 5947 5375 6005 5205 5200 5144 5038 5249 5753 5832 5187 5103 6035 5214 5261 5696 5202 5512 5432 5273 5264 5674 5690 4917 5141 5396 5410 4762 5257 5477 5614 5342 5082 5741 5058 5528 5287 5120 5192 5229 5317 5272 5019 5236 5081 5167 5490 5379 5656 5219 5714 5248 5554 5758 5068 5382 5142 5796 5450 5835 5482 5453 4794 5025 5222 5116 5356 5383 5125 5645 5685 5684 5854 5451 5113 5556 5390 5792 5230 5646 4970 5701 5558 5396 5502 5094 5138 5889 5567 5301 5192 5618 5306 5175 5031 5249 5425 5042 4964 4895 5754 5757 5187 5317 5100 5637 5311 5428 5569 5412 4909 5364 5378 5197 5531 5098 5114 5393 5278 5005 5490 5452 5454 5215 5432 5529 5785 4964 5517 5217 5098 5437 5325 5527 5363 5407 5753 5243 5245 5225 5525 5525 5411 5202 5226 5474 5496 5356 5210 5325 5348 5278 5540 5570 5314 5274 5388 5137 4932 5254 5708 5198 5405 5327 5571 5642 5718 5254 4958 5193 5671 5508 5097 5201 5315 5370 5638 5275 5234 5476 5391 5333 4919 5895 5358 5268 5244 5312 4968 5317 5928 5220 5347 4942
5781 5593 5463 5119 5858 5280 5429 5583 5241 5538 5216 5816 5036 5247 4937 5482 5529 5635 5400 5370 5620 5234 5420 5347 5182 4873 5408 5885 4964 5416 4784 5236 5752 5182 5622 5650 5296 5351 5255 5493 5784 5007 5789 4948 5375 4991 5396 5326 5322 5499 5681 5954 5190 5774 5520 5674 5260 5746 5199 5979 5792 5475 6194 5506 6007 5023 5422 5061 5223 5029 5369 5805 5319 5039 5991 5557 5285 5776 5483 5376 4925 5279 5368 5443 5374 5446 5305 5293 5182 5180 5396 5611 5403 5256 5195 5828 5170 5504 4992 5129 5441 5322 5244 5446 5160 5248 5341 5311 5251 5412 5662 5019 5821 5439 5326 5604 4965 5181 5250 5655 5686 5785 5704 5551 5491 4835 5283 5163 5101 5400 5166 5742 5479 5377 5583 5521 5150 5822 5159 5787 5430 5911 5001 5568 5775 5310 5482 5253 5094 6024 5380 5243 4910 5404 5147 4940 5093 5645 5449 5805 4944 5159 5624 5786 5404 5285 5282 5614 5387 5408 5498 5485 5065 5272 5635 5409 5634 5289 4819 5050 5050 5306 5399 5679 5265 5285 5356 5852 5786 4871 5704 5068 4931 5406 5293 5318 5576 5572 5560 5154 5184 5210 5641 5211 5513 5059 5185 5588 5518 5444 5437 5410 5374 5790 5637 5484 5689 5288 5459 5241 4929 5368 5699 4994 5328 5431 5462 5596 5678 5082 5310 5292 5437 5310 5001 5276 5203 5458 5653 5371 5164 5386 4991 5088 5209 5470 5443 5296 5081 5481 5278 5031 5918 5193 5534 5208
5464 5264 5085 4893 5249 5218 5040 5097 4878 5164 4763 5164 4821 4835 4841 4895 5279 5171 4992 4870 5050 4860 4938 4670 4619 4810 5096 5278 5027 4888 4385 4712 5228 4881 5101 5044 4611 4986 5011 5255 5019 4903 4880 4677 4958 4721 5068 4759 4968 4895 5324 5123 5063 5392 5032 5008 4998 5034 5061 5169 5224 5103 5442 5039 4951 4749 4912 4531 4959 4641 5220 5248 4732 4848 5762 5002 4680 5423 4946 4937 4816 4702 5030 4983 5228 4931 4967 5061 4895 4459 4948 5087 4936 4930 4564 5405 4653 5031 4802 4980 4923 4898 4837 4863 4801 5196 4888 4774 4965 4898 5246 4621 5486 5154 4886 5597 4513 5033 4624 5196 5130 5479 4917 4884 4862 4709 4853 4691 4755 4845 4849 5118 4969 5058 5127 5186 4955 5228 4890 5207 5080 5347 4576 5150 5117 4810 4785 5123 4823 5730 4849 5050 4692 5266 4749 4851 4632 5241 4999 4929 4354 4767 4969 5222 4999 4749 4744 5269 4978 4950 5291 4758 4498 4924 4700 4619 5283 4610 4778 4818 4808 4716 5053 5066 5030 4906 5039 5156 5145 4616 5174 4680 4716 4949 4704 5456 5075 5156 5196 4869 4802 4592 5167 5069 5050 4722 5102 5100 4939 5118 5227 4945 4761 4839 5340 5003 4860 4727 4963 4662 4432 4865 5235 4641 4852 4978 5000 5163 5340 4392 4906 4854 5244 4667 4463 4989 4962 4809 5105 4863 4815 5026 5008 5035 4648 5171 4901 4973 4888 4847 4439 5042 5422 4799 5106 4824
5860 5520 5782 5174 5686 5360 5215 5404 4937 5362 5333 5811 5175 5224 4867 5339 5256 5503 5330 5464 5591 5147 5256 5212 5136 5156 5380 5582 5247 5301 4927 5119 5459 5075 5465 5377 5030 5397 5133 5695 5663 5338 5460 4974 5298 4882 5314 5529 5232 5080 5813 5641 5112 5603 5706 5397 5575 5597 5378 5690 5347 5561 5831 5156 5863 5204 5396 5038 5373 5166 5726 5651 5499 5282 5897 5428 5180 5736 5091 5305 5308 4973 5280 5396 5747 5255 5237 5369 5505 4954 5439 5580 5297 5152 4844 5612 4751 5813 5232 5404 5191 5154 5234 5423 5097 5372 5230 5394 4983 5676 5561 5337 5931 5408 5159 5836 5120 5633 5274 5752 5391 5752 5426 5434 5204 5024 4842 5328 5099 5426 5158 6003 5582 5339 5616 5475 5065 5698 5245 5681 5466 5922 4842 5612 5821 5476 5326 5261 5201 5828 5338 5082 4998 5527 5164 5110 5303 5438 5313 5129 4934 5016 5530 5569 5131 5411 5366 5699 4966 5294 5461 5351 4730 5160 5183 5014 5510 5038 5057 5241 5485 5226 5815 5401 5289 5483 5395 5596 5781 4874 5636 5000 5057 5250 5150 5394 5513 5323 5383 5257 5462 5243 5644 5343 5364 5107 5130 5438 5200 5245 5426 5402 5334 5566 5673 5767 5280 5465 5231 5116 4910 5292 5527 5229 5298 5522 5429 5362 5380 5213 5249 5350 5656 5466 5245 5368 5155 5607 5462 4972 5143 5516 5397 5204 4898 5507 5231 5216 5121 5166 5283 5297 6086 4992 5576 5144
5433 4942 5266 4747 5223 4904 5142 5031 4797 5162 4828 5553 4703 4859 4797 5055 5059 5130 5080 4963 5137 4805 4710 4706 4701 4661 4920 5362 5012 4968 4495 4808 5443 4602 4982 5117 4984 4903 4811 4731 5239 4924 4995 4559 5005 4515 4926 5042 4912 5199 5425 5094 4890 5277 5257 5053 4747 5115 4931 5342 5267 5202 5359 4971 5198 4971 5368 4628 4884 4885 5325 4985 4475 4571 5415 5035 4784 5407 4979 4743 5183 4833 5025 5105 5297 4952 4789 5037 5039 4655 5142 4862 5015 5018 4774 5346 4726 5412 4749 4797 4759 4902 5002 4831 4971 5283 4843 4833 5156 5081 5108 4721 5277 4967 4979 5267 4576 4775 4555 5441 5152 5105 5128 5056 4820 4676 4882 4967 4877 5027 4797 5497 5082 4888 5283 5110 4770 5378 4695 5262 4880 5439 4561 5331 5356 4981 5038 4943 4737 5072 5048 5024 4546 5435 4719 4379 4712 5013 4829 5057 4554 4753 5260 5350 4837 4928 4930 5598 4715 4571 5033 4813 4475 4917 5236 4836 5261 4862 4665 4931 4507 4998 4963 4926 4902 4775 4855 5155 5121 4534 5261 4773 4600 4909 5064 4973 5036 4849 5371 4990 4658 4887 5424 5128 4890 4747 4865 5364 4900 5025 4897 5101 4842 5155 5085 5115 4976 5097 4968 4471 4753 4956 5352 4592 5105 4731 5012 5187 5360 4766 4697 4868 5208 5124 4685 4987 4648 5105 5103 4841 4780 4933 4935 5044 4779 5202 4977 4836 4897 5010 4615 4840 5359 4858 5248 4867
5584 5098 5184 4945 5274 5044 5087 5046 4849 4930 5199 5443 4895 5024 4510 4856 5028 5110 4819 5098 5411 4896 5003 4878 4730 4714 5088 5630 4624 5110 4194 4633 5368 4815 5104 5048 4958 5060 4869 5082 5391 4846 5048 4317 4757 4775 4805 4892 4621 4890 5078 5357 4987 5383 5131 5191 4849 5262 5063 5273 5320 5216 5406 4826 5321 4698 5067 4639 4674 4815 5101 5273 4771 4696 5660 4940 4778 5489 5084 4825 4693 4806 5104 5090 5088 4657 4749 4928 4963 4834 4898 4834 5056 4836 4630 5495 4717 5317 4727 5013 5027 4790 5050 4712 5008 5163 4710 4893 5264 4943 5222 4939 5253 5129 4928 5375 4710 4900 4906 5324 5180 5344 4948 5085 4759 4913 4893 4950 4630 4931 5025 5322 5072 5295 5310 5260 4731 5418 4912 5316 5190 5583 4633 5316 5055 4886 5006 4687 4699 5234 5064 4827 4813 5288 4692 5045 4711 5380 4982 4939 4636 4626 5247 5166 4908 4844 4918 5280 4966 4893 5408 4967 4554 4981 4839 4926 5237 4716 4817 4898 4698 4623 5155 5113 4798 4653 5235 5256 5143 4608 5173 4823 4679 4644 4904 4980 5064 5024 5293 5084 5086 4881 5121 5131 4877 4597 4936 5170 5040 5005 4944 5038 4977 5081 5352 4952 5076 4982 5131 4832 4413 4903 5276 4608 5073 5136 5220 5218 5145 4499 4946 4925 4992 5228 4618 5121 4627 5077 5404 4719 4783 4738 5031 4881 4497 5159 4981 4718 4776 4834 4640 4973 5556 4715 5165 4930
5801 5545 5781 5070 5710 5299 5250 5282 5112 5459 5418 5377 5187 5266 4818 4998 5441 5184 5276 5270 5711 4816 5283 5147 5321 4952 5341 5343 5205 5586 5066 5281 5792 4918 5567 5400 5039 5138 5045 5363 5777 5085 5583 4691 5266 5090 5225 5227 5258 5288 5766 5488 5357 5515 5756 5364 5494 5454 5106 5911 5618 5456 5595 5270 5561 5185 5478 5323 4975 4999 5383 5253 5025 5166 5908 5369 5084 5636 5439 5315 5073 5323 5326 5460 5550 5195 4889 5799 5552 4844 5429 5488 5417 5174 5238 5741 5267 5432 4976 5266 5311 5024 5230 5127 5259 5478 5155 5089 5419 5434 5447 5100 5684 5365 5153 5802 4936 5446 5096 5801 5617 5623 5602 5268 4848 5040 5153 5333 5079 5362 5445 5667 5664 5523 5527 5614 5237 5638 5171 5541 5119 5935 4759 5597 5515 5017 5359 5055 5271 5801 5344 5372 5242 5492 5188 4955 4886 5676 5522 5590 4888 5335 5672 5590 5275 4937 5189 5220 5313 5395 5673 5288 4782 5163 5031 4913 5443 4934 4985 5293 5342 5058 5501 5335 5422 5088 5457 5592 5715 4774 5597 5087 4999 5567 5364 5647 5313 5272 5544 5184 5399 5092 5426 5500 5573 4889 5142 5441 5277 5374 5037 5239 4978 5485 5731 5362 5206 5517 5248 5230 4770 5142 5364 5213 5196 5496 5540 5604 5556 5159 5086 5431 5677 5267 4925 5250 5264 5439 5746 5350 5236 5579 5541 5425 5011 5576 5250 5344 5293 5318 5364 5125 5500 5175 5502 5387
5363 5024 5064 5028 5378 4954 4858 5027 4577 4774 5084 5233 4626 4775 4544 4915 5163 5086 4790 5095 5226 4929 4855 4825 4886 4628 5128 5232 4772 4551 4399 4725 5104 4701 5060 4821 4534 4917 4851 4870 5237 4545 5189 4567 4879 4610 5051 4810 4485 4958 5197 5125 4915 4995 5180 5113 4861 5333 5082 5238 4939 5066 5348 4830 5298 4674 4972 4597 4729 4820 5071 5223 4692 4651 5175 5164 4719 5203 4848 4803 4702 4844 5001 5059 5150 4781 4685 5006 4886 4449 5223 5079 4752 4888 4636 5190 4739 4997 4748 4941 4833 4651 4988 5001 4819 4802 4851 4911 5041 5080 5094 4682 5212 4837 4928 5474 4579 4745 4853 5342 5084 5257 4894 5197 4516 4377 4650 5024 4580 5078 4791 5415 5096 5025 5054 4914 4898 5148 4533 5230 4773 5490 4587 5154 5207 4976 4937 4879 4772 5592 5030 4860 4652 5005 4767 4446 4792 5111 4989 4854 4531 4499 5029 5395 4782 4691 4593 5045 4741 5123 5073 4933 4376 4707 4729 4847 5158 4795 4597 4724 4738 4642 5204 4778 4756 4620 4883 5089 5233 4472 5039 4815 5015 4826 4905 4931 5095 4979 5129 4944 4807 4676 4955 4957 4892 4507 4810 5501 4803 5015 5024 5203 4984 5028 5085 5354 4932 5031 4918 4632 4573 5030 5116 4686 4830 4798 5098 5029 5203 4598 4637 4585 4975 4802 4561 4851 4868 5165 5262 4954 4788 4771 4841 4941 4643 5209 4851 4889 4724 4837 4560 4737 5404 4782 5016 4835
5635 5489 5280 4802 5391 5280 4985 5249 5006 5269 5111 5289 4767 5102 4754 5134 5359 5065 5227 5157 5403 5020 5029 4957 5078 4543 5245 5722 4955 4873 4791 4889 5574 4915 5550 5123 5089 5057 4901 5077 5563 4617 5341 4572 5050 4956 4879 5195 4894 5452 5352 5399 5012 5536 5452 5172 5106 5478 5255 5519 5568 5220 5845 5222 5706 4868 5319 4847 4829 5077 5401 5472 5226 4966 5687 5252 5116 5432 5257 4858 5152 5421 5274 5220 5405 4989 4965 5103 5489 4695 5322 5389 5197 5023 4787 5636 5015 5378 5152 4980 5137 4883 4994 5087 4969 5276 4957 4906 5248 5275 5233 4815 5647 5403 5044 5469 4742 5127 5175 5721 5357 5486 5283 5294 4967 5044 4915 5234 4630 5107 5228 5512 5344 5189 5382 5398 5352 5218 5109 5456 5049 5868 4752 5555 5441 5076 5045 5105 4947 5409 5182 4971 5086 5237 4984 4888 5008 5457 5221 5098 4859 4952 5099 5568 5192 4927 5022 5258 4874 5438 5542 5381 4765 5254 5028 4977 5458 5016 4677 5027 5190 5087 5389 5169 5191 5151 5262 5339 5449 4877 5194 4897 4875 5104 5284 5495 5213 5316 5263 5167 5177 5337 5486 5354 5311 4809 5017 5432 4858 5164 5371 5010 4995 5168 5603 5211 5089 5348 5191 4977 4875 5071 5273 4764 5309 5107 5094 5200 5459 4779 4965 5041 5273 5295 4761 5080 4978 5425 5609 5146 5020 5334 5303 5101 4588 5520 4997 5266 5019 5309 5044 5138 5669 4997 5338 4958
5474 5248 5355 4731 5468 4945 5117 5197 4721 5178 5049 5403 4924 5246 4575 5102 5008 5294 5190 5108 5387 5127 4955 4834 4904 4838 5338 5728 5101 4863 4576 4841 5280 4978 5104 5243 4915 5379 5226 5385 5533 4988 5616 4817 5280 4832 4848 4964 5055 5322 5486 5590 5034 5595 5130 5047 5417 4989 5311 5517 5718 5443 5411 5266 5755 4648 5187 4717 4924 4903 5441 5414 4900 4873 5832 5355 4941 5369 5334 4928 5120 5104 5300 5254 5541 4854 4892 5068 5288 4712 5400 5358 5129 4995 4779 5432 4768 5149 4909 5048 5315 5212 5080 5264 4956 5194 5001 4864 4905 5343 5453 4922 5644 5134 4950 5633 4807 5108 5123 5666 5132 5705 5314 5148 4625 4903 5101 5504 4997 5084 4906 5611 5089 5063 5537 5275 4923 5330 5014 5546 5104 5559 4765 5556 5431 5154 5209 4889 4984 5537 5417 5090 4924 5462 4829 4959 4932 5363 5251 5113 4636 5098 5344 5597 4857 5025 4858 5195 4853 5324 5441 5242 4435 4991 5301 4593 5553 4985 4856 5066 4790 4895 5184 5483 5218 5048 5057 5186 5634 4580 5256 4813 4920 5102 5503 5129 5124 4969 5239 5261 5139 4905 5359 5184 5275 4774 4925 5363 4873 5027 5098 5300 4848 5378 5103 5370 5088 5164 5306 4946 4729 4863 5515 4850 4941 5026 5012 5157 5395 4894 4746 4974 5216 5172 4842 5267 5152 5394 5456 4984 5134 5156 5157 4913 4944 5325 5211 5162 5118 5167 4841 4959 5929 5050 5141 5007
5543 5030 5296 4911 5350 5279 5143 5301 4874 5154 5115 5282 4838 4904 4765 4754 5441 5358 5145 5132 5295 4943 5136 5190 4840 4792 5009 5315 5127 4889 4614 5171 5217 4991 5273 5200 4841 5191 5098 5048 5402 4896 5693 4925 5140 4997 5071 5241 4899 5124 5477 5177 5185 5574 5475 5237 5117 4973 5082 5387 5282 5190 5370 5200 5501 4949 5033 4660 4866 4825 5405 5364 4930 5071 5658 5076 4875 5536 4684 5054 5182 4950 5112 5117 5371 4811 5153 5220 5325 4930 5018 5029 5223 5146 4919 5430 4609 5385 4750 4805 5023 4894 5002 5225 4795 5101 5091 4765 4762 5276 5453 4932 5405 5364 4859 5477 4812 5038 4791 5500 5327 5684 4909 5099 4717 4647 4930 4966 4750 4773 4959 5525 5366 5189 5423 5076 4742 5392 4926 5221 5148 5348 4659 5271 5448 5018 5019 5095 4825 5542 5202 5035 4717 5309 5092 5112 4822 5261 4996 5156 4810 4823 5107 5468 4923 4962 4884 5293 5121 5279 5410 4848 4663 4848 4776 5068 5376 4979 4761 4921 4950 4747 5306 5375 5208 5022 5069 5468 5568 4618 5455 5170 5059 5230 5111 5250 5261 5148 5426 4998 5055 5157 5082 5101 5075 4783 4978 5317 5095 5015 5099 4935 5136 5252 5334 5244 5238 5003 5078 5140 4743 5015 5423 4633 5127 5262 4999 5314 5324 4911 5037 5016 5206 5210 4729 5252 4744 5078 5337 4868 4955 4929 5034 4986 4771 5238 4773 5297 5020 5074 4667 4933 5422 4917 4993 5075
5684 5512 5594 5200 5918 5097 5449 5374 4861 5349 5299 5718 5384 5104 4883 5081 5224 5649 5323 5520 5518 5005 5158 4978 5000 5081 5509 5647 4985 5073 4729 5135 5585 4918 5549 5134 4999 5379 4907 5343 5548 5059 5314 4614 5021 4743 5338 5479 5128 5259 5675 5537 5249 5498 5639 5352 5391 5160 5278 5478 5514 5358 5746 5425 5812 5028 5352 4787 4920 5100 5365 5479 5164 4905 5855 5282 4920 5307 5255 5155 4925 5179 5304 5090 5609 5238 5238 5433 5328 4850 5325 5644 5451 4937 4951 5519 5257 5439 4726 5418 5171 5179 5468 5301 4784 5396 5030 5285 5454 5369 5585 5189 5692 5271 5144 5870 4884 5141 5003 5821 5188 5535 5527 5269 4771 5050 5121 5230 5129 5358 5309 5883 5315 5328 5215 5299 4884 5418 5195 5423 5159 5905 4791 5745 5443 5279 5371 5121 4904 5578 5216 5424 5008 5416 4859 5008 5281 5769 5324 5213 5023 5043 5252 5616 4990 5232 5047 5409 5159 5243 5628 5164 4777 4902 5314 4977 5389 4969 4901 5176 4975 5129 5520 5446 5468 5181 5315 5616 5372 4972 5418 5105 4822 5379 5256 5383 5461 5213 5491 5065 5156 5192 5454 5272 5168 4786 5113 5829 5091 5176 5108 5318 5139 5508 5450 5437 5205 5385 5484 4932 4917 5113 5329 4966 5056 5310 5594 5416 5441 5110 5010 5300 5327 5295 4738 5272 5195 5270 5533 5109 4955 5352 5185 5037 5252 5182 5223 5224 5083 5057 5005 5091 5776 5020 5124 5262
5815 5257 5594 4966 5288 5320 5171 5378 4911 5354 5101 5604 4840 5009 4475 5167 5301 5406 5298 5052 5400 4833 4975 4798 4896 4775 5196 5671 4809 5260 4742 4791 5142 4560 5064 5181 5114 5103 5268 4908 5331 4720 5349 4643 4947 4962 5216 5313 5097 5070 5299 5385 5065 5349 5254 5513 5270 4983 5128 5184 5429 5131 5703 5199 5612 4891 5329 4680 5146 4813 5151 5107 4912 4971 5621 5017 4780 5264 5019 5139 4930 5091 5473 4984 5473 4899 4756 5127 5529 4890 5380 4883 5028 4943 4890 5548 5137 5549 4756 4995 4895 5074 5323 5181 4938 5243 4989 4707 5135 5337 5134 5000 5526 5079 5004 5448 4667 5079 4963 5709 5324 5613 5034 5131 4799 4733 4925 5209 4869 5154 4878 5354 5146 5494 5479 5372 4792 5264 5063 5223 5066 5619 4736 5555 5301 5145 5347 5035 4861 5577 5300 4998 4783 5099 5036 4926 4831 5063 4723 5219 4713 5084 5388 5496 5130 5031 4756 5476 5054 5176 5558 5304 4696 4837 4854 5118 5208 4963 4919 5141 4680 4811 5288 5304 5144 5169 5133 5446 5735 4724 5400 4946 4898 4990 5033 5280 5233 5060 5384 4913 5203 4883 5594 5060 5028 4811 5360 5413 4927 5254 5196 4990 5087 5327 5517 5340 4867 5284 5309 4880 4613 5020 5441 5095 5306 5144 5299 5285 5328 4945 5017 4958 5201 5265 4690 5290 4796 5383 5181 5113 4922 5040 5232 5158 4665 5416 5237 5174 4986 5269 4647 4971 5547 4791 5482 4855
5171 4806 5098 4418 4955 4745 4708 5103 4749 4993 4746 5201 4861 4737 4389 4756 4852 5020 4804 4833 5013 4728 4730 4623 4440 4317 5090 5344 4755 4709 4284 4838 5210 4522 4953 4967 4574 4838 5105 5044 4901 4554 4858 4265 4763 4427 4808 4591 4637 4883 5379 5041 4940 5318 4830 4923 4634 4978 4732 4903 5259 4803 5427 4937 5235 4640 4997 4638 4884 4527 5208 5183 4575 4292 5502 5049 4632 5125 4730 4592 4659 4927 4896 4967 4790 4668 4653 4647 4880 4385 5117 4833 5219 4593 4537 5152 4612 4900 4831 4892 4593 4966 4782 4899 4715 4692 4416 4739 4674 4758 5131 4567 5022 5049 4521 5025 4333 4735 4759 5193 5028 4804 4997 5156 4554 4324 4615 4879 4889 4878 4833 5317 4956 5080 5343 5121 4658 4873 4720 5251 4986 5144 4452 5250 5384 4733 4614 4701 4659 5306 4850 5008 4678 4904 4833 4469 4494 5230 5028 4695 4399 4744 4987 5082 4701 4747 4685 5029 4677 5074 5260 4788 4473 4533 4603 4504 5094 4724 4569 4547 4660 4484 5050 5021 4821 4619 4850 4923 5328 4277 5243 4854 4553 4585 4739 5052 4937 4770 5189 4732 4793 4734 5188 4789 5135 4428 4949 5018 4623 4928 4927 4884 4592 5090 5147 4744 4846 5112 4924 4717 4190 4488 5016 4519 4791 5002 4709 4914 5033 4672 5070 4505 4942 5003 4369 4929 4785 4871 4879 4847 4325 4873 5038 4805 4481 5229 4737 4934 4876 4930 4592 4793 5400 4582 4797 4559
5157 4782 5134 4448 4983 4715 4722 5087 4723 4864 4757 5286 4750 4783 4421 4688 4877 4800 4897 4841 4939 4782 4728 4540 4533 4432 4791 5053 4725 4653 4227 4870 5196 4662 5142 4717 4642 4845 4500 4885 5046 4627 5203 4534 5022 4516 4802 4817 4681 4856 5075 5065 4792 5181 5163 5045 4603 4911 4981 4921 5243 4980 5295 4912 4941 4565 4828 4309 4905 4413 4884 5100 4679 4654 5407 4715 4754 5264 4686 4838 4615 4752 4678 4701 5037 4563 4771 4821 4731 4528 4680 4912 4931 4940 4514 5095 4859 4958 4643 4660 4900 4484 4970 4855 4586 4989 4695 4617 4815 4885 4668 4560 5477 4814 4547 5289 4502 4731 4670 5110 4939 5260 4644 5097 4372 4453 5001 4669 4447 4847 4906 5123 4780 4985 5083 4902 4549 5003 4705 5119 4907 5223 4491 5130 5276 4885 4940 4722 4697 5132 4666 4701 4654 5121 4376 4468 4678 4954 4816 4631 4233 4741 4872 5504 4741 4784 4575 5130 4672 5103 5028 4632 4384 4942 4674 4840 5040 4758 4472 4633 4444 4518 4983 4748 4968 4620 4921 5129 5407 4423 5097 4731 4585 4833 4889 4845 4998 4889 4984 4913 4794 4907 5113 4642 4814 4678 4699 5104 4963 5050 4860 4715 4871 4877 5050 4851 4837 4967 4711 4256 4597 4703 5423 4564 4675 4557 4698 4899 5105 4898 4796 4553 5045 5012 4331 4848 4718 4949 4905 4718 4682 4954 4666 5017 4474 5057 4649 4681 4628 4902 4493 4771 5475 4610 4807 4878
5636 5591 5524 5193 5453 5438 5152 5444 4838 5359 5348 5761 5268 5086 5167 5321 5458 5503 5280 5362 5780 5099 5381 5096 5073 5046 5541 5728 5180 5086 4805 4970 5724 5064 5519 5174 5144 5507 5350 5459 5635 5142 5489 4802 5300 5125 5341 5200 5085 5178 5774 5561 5407 5843 5513 5340 5439 5596 5396 5849 5610 5468 5962 5301 5594 5051 5518 5169 5227 5339 5536 5643 5324 5158 5888 5317 5473 5714 5391 5173 5214 5240 5600 5269 5409 5110 5207 5366 5647 4968 5732 5419 5211 5225 4891 6016 5001 5389 5122 5212 5078 5309 5482 5529 5425 5426 5094 5074 5510 5694 5722 5061 5804 5278 4888 5775 4984 5362 5268 5898 5124 5475 5415 5663 4966 4923 5267 5556 5422 5466 5065 5817 5652 5287 5341 5504 5328 5439 5212 5729 5255 5933 5062 5843 5616 5148 5397 5156 5228 6089 5287 5161 4974 5506 5228 4898 5060 5707 5588 5289 4865 5285 5485 5606 5350 5219 5162 5331 5256 5499 5684 5146 4908 5232 5017 5176 5351 5023 5105 5219 5108 5154 5492 5359 5400 5205 5534 5238 5695 4897 5524 5245 5163 5184 5337 5484 5677 5353 5694 5005 5307 5401 5540 5475 5492 5154 5514 5389 5423 5399 5250 5444 5355 5587 5623 5582 5460 5283 5346 5260 4651 5383 5548 5042 5140 5316 5591 5384 5664 5029 5305 5215 5561 5358 4734 5408 5423 5359 5684 5440 5209 5411 5405 5354 5181 5613 5287 5215 5268 5323 5279 5135 5978 5309 5494 5021
5730 5301 5280 5087 5527 5166 5125 5321 4933 5227 5392 5477 5076 4901 4868 5079 5379 5710 5268 5185 5218 4942 5229 5045 4996 4748 5291 5544 5043 5157 4748 5316 5607 5057 5296 5242 5018 5109 5301 5514 5344 5134 5442 4813 5218 4958 5340 5029 5488 5034 5465 5436 5295 5307 5475 5373 5304 5255 5369 5536 5595 5393 5706 5281 5690 4843 5406 5031 5139 5025 5389 5306 5088 4915 5860 5371 5094 5436 5297 4808 5017 5104 5137 5275 5485 5017 5030 5282 5393 4874 5316 5523 5241 5004 4904 5694 5138 5438 5062 4977 5315 5044 4951 5142 5008 5327 5070 5003 5362 5489 5410 5046 5717 5197 5159 5813 5209 5258 4960 5560 5338 5625 5178 5497 4973 5013 4950 5126 5105 5444 5177 5710 5498 4965 5473 5202 5004 5489 5105 5462 5255 5579 4722 5578 5547 5410 5422 5020 5120 5674 5333 5195 4976 5305 5050 4925 5102 5579 5356 5316 4777 5127 5346 5704 5014 5115 5051 5311 5001 5229 5626 5198 4811 5057 5178 4992 5158 5027 5108 4941 5241 4958 5410 5278 5296 5057 4987 5450 5557 5034 5605 5059 5155 5040 5332 5415 5296 5244 5518 4885 5376 5216 5544 5239 5342 4887 5189 5484 5291 5337 5274 5321 4931 5559 5461 5227 4863 5156 5176 5049 4847 5253 5526 5056 5205 5191 5248 5289 5405 4991 4916 5053 5465 5408 4985 5362 5130 5366 5555 5186 5245 5363 5174 5187 5069 5583 5007 5209 4975 5072 4991 5242 5671 5114 5107 4932
5746 5369 5390 4989 5296 5230 5163 5623 5081 5005 5098 5493 4934 4954 4701 5212 5188 5545 5099 5434 5610 4953 5212 5060 4900 4981 5161 5772 5017 4996 5061 4859 5418 4857 5608 5119 5171 5246 5076 5385 5938 4910 5572 4677 5268 4876 5194 5356 5113 5360 5531 5663 5157 5538 5711 5426 5334 5250 5212 5516 5478 5327 5736 5130 5637 4858 5312 4812 5086 4974 5519 5329 5145 4965 5702 5217 5126 5675 5270 4906 4878 5277 5264 5016 5395 5045 4905 5465 5330 4726 5071 5327 5158 5010 5033 5532 4812 5441 4967 5140 5036 5252 5156 5214 5078 5310 4769 5019 5186 5319 5223 4826 5469 5395 5160 5385 4752 5278 5094 5872 5289 5494 5317 5359 4865 5178 5222 5205 5158 5243 5081 5591 5242 5439 5454 5511 5125 5466 5142 5605 4958 5497 4572 5379 5579 5013 5197 5021 4820 5582 5311 5082 5161 5397 4907 4794 4941 5465 5391 5336 4838 4850 5507 5670 5137 5464 4998 5507 4989 5389 5601 5008 4817 5035 5163 4985 5226 5094 4827 4947 4877 5004 5413 5464 5359 5189 5240 5366 5422 4858 5379 5007 4787 5171 4907 5213 5337 5388 5206 5028 5133 5275 5133 5022 5211 4915 5362 5312 5120 5394 5290 4900 5159 5452 5652 5370 5345 5237 5246 4812 4781 5068 5593 4883 5261 4984 5554 5422 5439 5091 5121 5248 5533 5334 4987 5047 5314 5421 5455 4957 4940 5257 5089 5060 5022 5406 5224 5145 5121 5321 5033 5119 5836 5236 5443 5268
5487 5384 5129 4939 5356 4793 4869 5110 4744 4944 4957 5601 4834 4869 4673 4759 5128 4859 4992 5055 5190 4730 5113 4954 4690 4505 5131 5663 4629 4804 4606 4524 5126 4765 5184 5022 4779 5138 4841 5397 5300 4667 5228 4627 4833 4612 4999 4929 4955 5006 5403 4946 4928 5435 5080 4980 4898 5139 4755 5382 5130 5103 5612 4922 5308 4793 4927 4879 4722 4574 5181 5420 4985 4568 5321 5022 4861 5134 5087 5058 4920 4662 4863 4882 5141 4889 4890 5115 5031 4525 5162 4963 4979 4753 4829 5352 4567 5081 4881 4823 5002 4808 4946 4997 4929 5165 4697 4960 5003 5199 5207 5205 5564 4965 5052 5302 4764 4983 4663 5552 4938 5366 5025 4935 4785 4623 5023 5012 4705 5217 4740 5255 5171 4991 4999 5053 4945 5044 4809 5007 5051 5496 4692 5335 5397 4789 4744 4728 4939 5481 4844 4840 4854 4987 4713 4635 4980 5073 5004 4894 4640 4719 4850 5361 4696 4822 4855 5002 4851 4991 5066 4555 4453 4703 5015 5008 5162 4659 4848 4928 4898 4583 5409 4852 4918 4638 4982 5004 5443 4616 5503 4728 4773 4798 4776 4908 5047 4980 5030 4843 4908 4789 4847 4806 5200 4807 4987 5295 4910 5014 5133 5075 4676 5261 5278 5259 4873 5009 5082 4974 4452 4792 5071 4665 4810 5203 5034 4869 4855 4672 4928 4849 5043 4828 4612 5099 4670 5180 5353 4825 4879 4879 4976 4882 4479 5224 4810 4743 4776 4931 4969 4577 5621 4705 5079 4798
5967 5535 5636 4923 5868 5410 5210 5535 5181 5561 5482 5678 5309 5345 5025 5477 5567 5433 5331 5378 5818 5272 5166 5021 5053 4967 5516 5847 5437 5138 4987 5022 5783 5091 5726 5365 5219 5574 5261 5507 5763 5218 5789 5087 5468 4972 5236 5359 5287 5309 5851 5874 5427 5811 5599 5584 5332 5602 5453 5720 5804 5663 5880 5413 5788 5149 5538 5399 5180 5148 5868 5857 5249 5249 6268 5641 5411 5794 5414 5354 5483 5211 5412 5500 5780 5122 5200 5546 5495 4843 5637 5576 5513 5300 5101 5792 5151 5728 5130 5192 5151 5359 5352 5386 5228 5755 5152 5111 5332 5307 5626 5080 5707 5560 5345 5942 4965 5390 5218 5741 5654 5984 5676 5533 5195 5268 5208 5522 5143 5302 5441 6127 5727 5396 5929 5417 5495 5785 5221 5865 5519 5928 5107 5654 5664 5640 5570 5145 5280 5937 5518 5377 5188 5689 5081 5097 5353 5603 5582 5443 5192 5120 5879 5855 5181 5131 5187 5702 5298 5370 5548 5178 5079 5245 5428 5252 5661 5475 5024 5204 5096 5239 5679 5432 5238 5380 5622 5782 5648 5054 5858 5230 5026 5324 5549 5533 5412 5324 5779 5427 5518 5342 5621 5172 5460 4900 5341 5658 5345 5386 5460 5442 5465 5707 5586 5475 5380 5509 5546 5158 5132 5231 5875 5112 5344 5295 5500 5592 5640 4981 5174 5499 5673 5833 5022 5269 5535 5459 5729 5192 5238 5560 5192 5397 5059 5777 5376 5248 5421 5601 5082 5318 6032 5209 5616 5225
5859 5355 5438 4743 5603 5365 5108 5263 5077 5400 5357 5657 5075 5094 4875 5064 5475 5451 5020 5074 5709 5057 5089 5125 5023 4747 5270 5602 5262 4770 4869 4938 5338 4846 5411 5153 4868 5061 5022 5291 5531 5033 5349 4851 5340 4890 5141 5184 4990 5077 5358 5508 5116 5643 5505 5317 4977 5214 5101 5667 5417 5372 5705 5115 5624 4974 5317 4841 4855 5040 5245 5572 5050 4892 5556 5179 5236 5280 5095 5250 4933 4895 5425 5116 5348 5194 5095 4999 5436 4892 5100 5494 5300 5257 4917 5634 5015 5236 4955 4966 5142 4898 5279 5347 5053 5272 5136 4917 5132 5340 5366 4951 5618 5071 5057 5701 4902 5321 4923 5616 5228 5648 5156 5532 4912 4616 4927 5163 5117 5043 5203 5849 5344 5156 5508 5185 5076 5309 5263 5615 5159 5713 4909 5421 5179 5170 5130 4931 4972 5871 5162 5112 4884 5519 5112 4921 4906 5396 5140 5160 4497 5048 5321 5701 5218 5220 5125 5314 5091 5184 5437 5235 4728 5121 5066 5086 4980 5049 4901 4812 4941 4977 5567 5107 5161 5039 5161 5335 5364 4639 5570 4848 5244 5305 5103 5232 5557 4894 5245 5041 5206 5365 5386 5193 5285 4838 5256 5348 5371 5362 5255 5371 4933 5437 5615 5300 5165 5308 5046 4980 4797 5205 5427 4899 5068 5012 5390 5460 5441 5022 4973 4890 5307 5015 4627 5091 5301 5536 5470 5320 5016 5127 5016 5414 4985 5590 5092 5059 4835 5020 5018 5226 5867 5023 5256 5067
5702 5315 5401 4885 5366 5158 5138 5490 4965 5216 5150 5582 4925 4992 4838 4920 5518 5167 5107 5334 5273 5193 5132 5124 5129 4851 5376 5737 4842 5079 4712 4893 5734 4807 5450 5230 4908 5285 5136 5365 5390 4935 5273 4981 5162 4935 4974 5076 4924 5217 5701 5242 5412 5626 5438 5460 5317 5344 5448 5186 5476 5406 5833 5332 5368 5085 5149 5056 4965 4995 5525 5515 5053 5113 5749 5325 5002 5380 5099 5126 5192 4762 5191 5109 5424 4927 5115 5348 5133 4912 5504 5591 5117 5206 4707 5643 4849 5392 4994 5127 5205 5133 5140 5168 4912 5208 5153 4986 5204 4960 5373 5053 5574 5193 4838 5554 4634 4877 5003 5579 5120 5387 5411 5358 4798 5066 5060 5199 5059 5201 5027 5704 5435 5250 5572 5581 5138 5264 4969 5511 5157 5781 4993 5282 5484 5062 5213 5213 5201 5452 5219 5173 4618 5221 5141 4965 5087 5297 5292 5406 4900 4970 5461 5389 4940 4827 5140 5336 5018 5309 5671 5138 4916 5176 5119 5060 5578 5215 4799 5158 5040 4755 5503 5690 5206 5070 5440 5350 5700 4629 5526 5055 4807 5126 5036 5147 5207 5176 5195 4991 5244 4988 5324 5196 5252 5005 5270 5421 5129 5248 5376 5323 5137 5180 5160 5594 5130 5433 5287 4998 4761 5199 5457 4967 4939 5135 5488 5340 5380 5023 4838 5235 5474 5298 4420 5183 5284 5328 5428 5073 5073 5164 5354 5078 4989 5213 5130 5326 5186 5259 5095 4958 5624 4939 4921 5313
5650 5221 5299 4962 5156 5099 4932 4859 4830 5374 4923 5225 4723 4836 4628 4958 5291 5293 5217 4851 5269 4942 5014 4870 4740 4785 5228 5074 5208 5067 4427 4802 5029 4712 5269 5110 4914 5123 5028 5010 5139 4713 5222 4817 4922 4817 5025 4849 5284 4973 5244 5303 5174 5372 5372 4961 5048 5041 4884 5436 5346 5010 5719 4871 5430 4973 4852 4888 5057 4710 5325 5128 5149 4836 5399 5073 4825 5386 4894 4784 4792 5021 4946 5094 5206 4681 4632 4899 5162 4559 4832 5240 4974 4830 4823 5309 4881 5121 4838 4874 4990 4803 5096 5158 4823 5013 4909 4903 4932 5346 5067 4724 5413 4863 4843 5204 4421 5035 4579 5404 5041 5235 5151 5074 4746 4760 4830 5022 4862 5058 4806 5288 4975 4889 5275 4969 4900 5310 4903 5205 4876 5298 4805 5105 5157 5181 4834 4915 4825 5439 5079 4767 4675 5396 4701 4806 4816 5045 4713 5241 4717 4737 5176 5397 5113 4848 4739 5212 4964 5157 5330 4902 4617 4703 5012 4836 5316 4931 4640 4888 5055 4646 5301 5231 5092 4846 5103 5234 5458 4402 5048 4771 4839 4677 4881 4823 5280 5116 4890 4925 4946 4696 5312 4781 5093 4429 4882 5460 5068 5224 5035 4946 4815 5213 5323 5217 5091 5139 5123 4682 4619 4789 5240 4876 4878 4901 5201 4865 5466 4773 4653 4963 4872 4941 4655 4990 4885 5279 5253 5089 5025 5153 5007 4944 4676 4967 5211 5068 4857 4887 5071 4934 5704 4905 5102 4918
6029 5628 5791 4802 5644 5207 5422 5397 5208 5568 5278 5655 5227 5060 4970 5117 5306 5509 5556 5672 5574 5283 5283 5235 5012 5025 5455 5838 5227 5234 4949 5318 5547 4864 5516 5434 5321 5465 5145 5267 5604 5208 5644 4836 5107 5093 5124 5560 5401 5262 5857 5335 5425 5850 5319 5405 5375 5187 5260 5299 5622 5533 5999 5305 5617 5141 5517 4974 5042 5263 5512 5649 5235 5267 5626 5373 5233 5379 5298 5269 5263 5338 5460 5357 5654 5191 5157 5356 5613 5000 5412 5302 5558 5023 4956 5855 5031 5695 5143 5386 5192 5182 5389 5505 5306 5329 5192 5355 5268 5454 5669 5185 5792 5560 5244 5591 4965 5325 5061 5688 5359 5849 5595 5409 5137 5006 5413 5147 5299 5326 5117 5725 5486 5394 5658 5426 4892 5467 5496 5619 5382 5882 4967 5744 5560 5525 5330 5377 4948 5544 5318 5353 5033 5718 5185 5219 5185 5563 5202 5021 5105 5148 5660 5766 5127 5284 5117 5831 5014 5293 5590 5554 4873 5266 5478 5328 5559 4942 5141 5299 5142 5140 5680 5413 5441 5313 5628 5527 5663 5035 5643 5218 5032 5082 5308 5558 5573 5447 5683 5244 5165 5167 5538 5428 5536 4954 5127 5476 5392 5353 5287 5466 5099 5506 5613 5477 5540 5333 5350 5110 4802 5118 5482 4974 5171 5249 5398 5479 5356 4954 5122 5445 5455 5638 4846 5444 5178 5501 5532 5118 5264 5195 5538 5286 4887 5528 5323 5401 5066 5530 5203 5177 6127 5068 5254 5141
5797 5280 5408 4816 5532 4969 5109 5268 5096 5233 5273 5547 5084 5069 4670 5171 5557 5293 5156 5141 5507 4989 5193 5004 4876 4780 5535 5573 4971 5048 4565 4787 5889 5039 5521 5215 5032 5235 4804 5142 5347 4931 5479 4832 5014 4716 5135 4986 4817 5258 5651 5574 5250 5553 5439 5397 5134 5275 5413 5425 5682 5318 5815 5235 5729 4782 5453 5045 5029 5072 5473 5490 5025 4967 5675 5380 5044 5371 5425 5364 5074 4966 5040 5078 5461 4973 5286 5173 5359 4792 5428 5307 5207 5015 4752 5739 5046 5120 4862 5068 5131 4954 5379 5158 5139 5376 5010 5053 5106 5404 5262 5261 5724 5054 5000 5449 4901 5155 5168 5408 5347 5502 5028 5451 4763 4870 5102 5215 4934 5267 5019 5477 5464 5404 5551 5345 4974 5484 5191 5642 4959 5964 4762 5451 5493 5209 5667 4794 4794 5534 5265 4909 4849 5161 4942 4697 5077 5635 5340 4958 4852 5161 5509 5534 4977 4980 5043 5489 5103 5497 5511 4990 4669 5110 5047 5153 5317 5086 5078 5083 4950 4936 5586 5366 5084 4953 5306 5201 5674 4857 5492 5201 4972 5167 5228 5366 5284 5349 5461 5055 5447 5103 5592 5165 4921 4910 5384 5254 5392 5275 5104 5231 5356 4994 5493 5514 4858 5270 5376 5189 4818 5053 5577 4914 5324 5174 5256 5207 5330 4957 4853 4931 5486 5591 4670 5379 5158 5181 5609 5042 5018 4987 5050 4993 4943 5527 5100 5187 5095 5149 5048 4947 5998 5073 5302 4865
5729 5392 5281 4734 5350 5179 5212 5125 4766 5174 4983 5369 4803 4794 4899 5012 5365 5332 5326 5167 5390 5086 5183 4979 4897 4820 5265 5374 4816 5190 4605 4716 5450 4695 5253 5027 4968 5112 5011 5033 5073 5060 5074 4548 5011 4630 4942 5091 5085 5126 5577 5511 5097 5455 5570 5307 5279 5051 5168 5446 5160 5437 5613 5248 5564 5105 5264 4482 4871 4840 5308 5435 5002 4864 5682 5265 4945 5162 5185 5158 4997 5035 5211 5011 5137 4985 5104 5245 5238 4675 5285 5080 5258 4748 4776 5414 4966 5353 4871 4866 5045 5155 5162 5185 4966 5341 4967 4895 5012 5423 5463 4973 5464 5159 5253 5564 4474 4910 5040 5549 5098 5454 5263 5051 4868 4687 5133 4992 4981 5061 4984 5579 5110 5211 5198 5058 5202 5362 4917 5402 5002 5707 4819 5345 5193 4863 5154 5260 4993 5733 5232 4989 4698 5250 5098 4738 5057 5358 5050 5216 4952 5068 5291 5259 5424 4828 4723 5411 4751 5093 5404 5066 4599 4831 5188 4949 5315 4964 4705 5095 4987 4946 5048 5218 5309 4972 5182 5362 5558 4559 5277 4940 4710 5305 4914 5077 5330 5089 5395 4978 5032 4915 5118 5072 5137 4729 4877 5521 4985 5051 5221 5171 5019 5340 5316 5345 5199 5168 5331 5079 4742 5041 5173 4948 4897 5011 5278 5074 5382 5076 5010 4967 5141 4899 4694 5037 5079 5235 5484 5019 4826 5021 5007 5087 4669 5554 5281 4942 5000 5225 4758 4728 5243 5030 5118 5002
5924 5780 5621 5179 5701 5615 5465 5359 5130 5576 5483 5645 5199 5482 5105 5336 5538 5677 5588 5534 5585 5368 5440 5351 5022 5107 5209 5667 5299 5053 4760 5267 5833 5233 5596 5436 5436 5392 5351 5436 5811 5107 5682 5118 5518 4893 5312 5440 5373 5505 5705 5757 5416 5697 5700 5638 5647 5430 5379 5758 5428 5433 5980 5463 6077 5280 5333 5182 5351 5146 5500 5728 5155 5198 6015 5580 5305 5652 5251 5401 5237 5394 5324 5534 5679 5187 5229 5549 5396 4832 5531 5425 5494 5384 5064 5860 5159 5538 5415 5299 5716 5339 5334 5535 5293 5405 5266 5196 5232 5580 5746 5356 6097 5250 5342 5905 5042 5487 5268 5642 5535 6028 5393 5545 5284 4892 5373 5026 5004 5464 5183 6061 5632 5630 5726 5784 5165 5797 5345 5433 5360 6109 4981 5754 5658 5356 5541 5236 5167 5785 5643 5561 5146 5421 5067 4893 5530 5499 5301 5521 5201 5188 5761 5643 5335 5177 4958 5535 5203 5364 5561 5160 5039 5134 5444 5230 5314 5357 4915 5142 5324 5101 5443 5269 5564 5109 5485 5727 5875 4960 5837 5175 5094 5432 5381 5551 5589 5550 5670 5259 5308 5415 5859 5415 5478 5064 5428 5586 5176 5496 5293 5434 5452 5735 5801 5620 5279 5279 5444 5047 5078 5248 5780 5257 5504 5437 5505 5559 5659 5329 5198 5343 5495 5576 5057 5310 5050 5379 5675 5198 5201 5316 5505 5299 4975 5673 5515 5199 5503 5349 5065 5365 5919 5045 5534 5206
5740 5102 5251 4910 5281 4971 5046 5108 4692 4955 4840 5263 4734 4839 4766 5044 5192 5062 4636 4918 5216 4781 4874 4887 4711 4850 4971 5330 4778 4871 4628 4920 5285 4488 5135 5291 4802 4782 4738 4880 5403 4945 5114 4657 4944 4720 4850 4995 4828 5088 5308 5126 5002 5414 5249 5225 4986 5086 5157 5228 5167 5067 5535 4869 5442 4971 5106 4586 4640 4693 5298 5175 4808 4797 5242 5207 4734 5103 4784 4760 4756 4588 5172 5098 5136 4815 4758 4919 5147 4592 5114 5245 4795 4932 4650 5526 4719 5204 4899 5029 4643 4836 5113 5040 4888 5087 4814 4842 4810 5138 5084 4844 5202 5034 4964 5362 4673 5050 4733 5368 4833 5342 4900 5157 4863 4847 4490 4892 5014 4900 4697 5196 5058 5121 5247 5093 4823 5247 4682 5268 4697 5370 4553 5184 5490 4795 5145 4828 4661 5192 4976 4899 4438 5193 4912 4420 4802 4930 4846 5185 4397 4865 5043 5303 4972 4951 4997 5212 4968 4955 5138 5020 4530 4805 5129 4872 5266 4790 4569 4832 4762 4667 5137 4991 4997 5215 4879 5118 5083 4594 5317 4786 4672 4950 4830 4998 5120 4973 5152 4847 4933 4866 4948 4907 4781 4599 4940 4956 5022 4964 4976 5019 4845 5151 5202 5235 4931 5015 4960 4661 4651 4903 5228 4575 5081 4909 4890 5126 5273 4602 4776 4999 5085 5065 4513 4989 4967 5094 4978 4869 4541 4606 4871 5001 4645 5212 4974 4852 4630 4668 4495 4780 5449 4814 5067 4996
6222 5533 5544 5170 5682 5299 5551 5603 5106 5602 5442 5969 5286 5125 5077 5610 5479 5479 5426 5446 5615 5509 5433 5141 4917 5125 5550 5877 5524 5207 4836 5081 5710 4999 5445 5445 5255 5581 5400 5531 5961 5288 5831 4977 5341 4962 5365 5506 5559 5499 5632 5824 5291 5864 5591 5847 5147 5583 5428 5729 5795 5671 6062 5417 5914 5194 5330 5018 5268 5237 5639 5793 5415 5159 6124 5627 5560 6043 5431 5355 5252 5052 5542 5453 5691 5190 5121 5454 5189 4919 5459 5513 5372 5418 5299 5895 4944 5691 5212 5243 5523 5513 5492 5595 5335 5520 5368 5356 5573 5327 5800 5035 6157 5440 5546 5771 5072 5481 5460 5808 5558 5787 5539 5729 5110 5229 5375 5353 5215 5570 5219 5740 5564 5548 5785 5867 5287 5730 5282 5747 5578 6043 5151 5649 5944 5450 5398 5420 5056 5976 5589 5364 5078 5605 5211 5378 5244 5444 5621 5466 5104 5045 5753 5782 5200 5388 5227 5929 5323 5697 5665 5308 4859 5228 5762 5475 5595 5033 5253 5212 5281 4895 5519 5496 5542 5211 5544 5575 5849 5005 5699 5348 4967 5248 5421 5435 5473 5478 5656 5316 5467 5266 5726 5299 5410 5073 5371 5579 5681 5432 5620 5490 5328 5714 5545 5792 5441 5621 5527 5084 4913 5237 5821 5069 5503 5423 5416 5547 5667 5221 5450 5319 5510 5634 5153 5418 5179 5620 5710 5338 5295 5375 5445 5297 4796 5719 5347 5407 5119 5421 5283 5536 6137 5288 5648 5271
5809 5270 5338 5066 5210 5446 5294 5366 4903 5187 5249 5648 4922 4939 4710 4983 5548 5645 5153 5065 5556 5178 5186 4953 4703 4836 5332 5533 5059 5118 4406 4932 5617 5141 5434 5152 4954 5377 5049 5244 5351 5123 5403 4766 5080 4774 5183 4897 5016 5283 5446 5389 5179 5442 5494 5353 5132 5248 5474 5384 5385 5348 5709 5065 5781 4973 5408 4951 5173 4861 5396 5440 5170 4857 5563 5435 5125 5350 5174 5234 4988 4908 4967 5150 5272 5062 4887 5178 5251 4723 5178 5187 5190 4935 4675 5702 5106 5384 5099 4974 5299 5091 5120 5300 5407 5277 4895 5192 5062 5119 5271 5157 5570 5224 4989 5721 4700 5209 5078 5522 4840 5688 5104 5395 4724 4936 5114 5106 4870 5160 5090 5550 5185 5199 5433 5486 5188 5474 5015 5390 5151 5443 4830 5472 5429 4986 5112 4914 4735 5711 5248 5051 4995 5424 5093 4836 5050 5469 5238 5113 4729 4951 5329 5529 5106 5107 5061 5261 5284 5255 5391 5048 4990 4813 5078 5132 5372 5104 5014 5110 4996 4931 5307 5253 5172 5198 5320 5451 5603 4682 5507 4810 4928 5046 4994 5405 5223 5175 5466 5184 5142 5105 5492 5030 5120 4941 5291 5209 5599 5445 5389 5283 5131 5428 5615 5388 5078 5160 5193 5000 4692 5144 5401 4892 5075 5176 5453 5373 5516 4919 5372 4818 5345 5220 4694 5155 5109 5377 5546 5199 5136 4976 5375 5103 4847 5374 5109 5274 4949 5208 4641 4839 5690 4967 5309 5178
5583 5785 5433 5128 5627 5226 5139 5392 5016 5327 5251 5405 5063 5418 5048 5272 5612 5238 5375 5294 5577 5034 5263 5256 5069 4994 5732 5813 5452 5145 4622 5224 5471 5023 5546 5498 5373 5373 5368 5315 5790 5049 5776 4628 5307 4873 5302 5175 5147 5359 5831 5462 5493 5968 5293 5257 5294 5220 5046 5717 5708 5355 5715 5338 5776 5022 5301 5021 5090 5271 5359 5732 5255 5132 6054 5225 5151 5761 5236 5305 5060 5171 5622 5205 5500 5001 5050 5253 5605 4954 5530 5621 5385 5178 5255 5725 4957 5530 4925 4925 5185 5240 5160 5279 5013 5227 5062 5191 5232 5311 5573 5202 5806 5395 5192 5616 4852 5381 4858 5857 5518 5646 5533 5410 4877 4931 5271 5336 5112 5358 5177 5737 5463 5641 5733 5387 5291 5359 5156 5466 5540 5496 4737 5777 5920 5216 5509 5265 5164 5877 5275 5248 5120 5636 5338 5122 5069 5504 5399 5409 4914 5175 5435 5697 5272 5046 5370 5747 5067 5188 5637 5206 4724 5067 5262 5324 5540 5258 5089 5314 5211 5033 5524 5404 5432 5136 5353 5389 5664 4775 5570 5291 5188 5416 5341 5335 5506 5321 5536 5076 5061 5244 5663 5350 5641 4962 5239 5484 5462 5178 5302 5263 5147 5667 5764 5285 5149 5178 5385 5214 4878 5244 5627 4907 5378 5429 5490 5471 5566 4910 5035 5364 5596 5346 4930 5356 4885 5275 5718 5218 5186 5406 5638 5183 4650 5660 4944 5272 5488 5183 5094 5276 5890 5402 5671 5114
5778 5470 5734 5239 5993 5311 5429 5453 5092 5592 5291 5731 5099 5417 4623 5291 5640 5427 5536 5424 5671 5472 5350 5400 5388 5059 5631 5862 5299 5416 4832 5165 5878 4803 5599 5325 5164 5639 5028 5443 5765 5050 5733 4852 5319 4807 5455 5422 5411 5312 5530 5764 5436 5658 5762 5902 5284 5706 5486 5622 5620 5562 6176 5424 5795 5228 5388 5073 5071 5208 5532 5550 5286 5099 6003 5635 5404 5901 5548 5198 5365 5332 5196 5529 5636 5233 5204 5510 5297 4788 5400 5670 5516 5238 5221 5784 5203 5621 5120 5362 5445 5462 5622 5329 5082 5458 5331 5398 5399 5468 5751 5284 5901 5414 5353 5865 4981 5254 5358 5776 5692 5698 5461 5537 5186 5091 5424 5317 5057 5443 5225 5940 5668 5587 5652 5665 5295 5714 5280 5729 5499 6096 4891 5701 5729 5393 5413 5119 5226 5917 5730 5522 5111 5374 5154 5271 5177 5771 5340 5401 4993 5078 5661 5877 5330 5117 5151 5762 5490 5716 5618 5171 4812 5240 5452 5333 5718 5296 5074 5158 5024 5003 5658 5455 5376 4895 5596 5810 5741 5023 5615 5430 4958 5462 5244 5699 5516 5384 5469 5351 5581 5190 5686 5377 5635 5058 5305 5712 5489 5547 5529 5454 5424 5578 5739 5667 5421 5661 5597 5084 4887 5264 5478 5153 5260 5467 5690 5618 5677 5221 5087 5363 5767 5475 5075 5111 5189 5489 5714 5367 5112 5500 5245 5357 4856 5578 5484 5233 5345 5518 5312 5164 5837 5171 5364 5341
5238 4969 4915 4657 4990 4927 4796 4900 4490 5002 5004 5156 4597 4617 4302 4852 4664 4585 4531 4990 4948 4730 4547 4620 4675 4326 4643 5073 4640 4709 4110 4592 5071 4335 4905 4713 4413 4625 4502 4922 4784 4522 5023 4326 4659 4631 4690 4768 4487 4782 5293 5105 4951 5037 4886 4889 4547 4999 4701 4885 5008 4936 5283 4663 5103 4538 4876 4679 4614 4590 5014 5051 4582 4613 5619 4828 4631 5295 4680 4562 4703 4469 4623 4808 4947 4617 4493 4776 4664 4443 4856 4848 4812 4900 4146 5053 4377 5093 4664 4736 4618 4638 4863 4941 4482 4897 4552 4681 4651 4743 4783 4594 5153 4856 4543 5075 4445 4959 4413 4986 4684 4945 4890 4952 4556 4412 4535 4520 4761 4713 4496 5120 4898 4962 5049 4916 4545 5016 4646 4936 4849 5220 4508 5069 4808 4796 4838 4690 4511 5009 4765 4853 4634 4997 4496 4529 4523 4900 4702 4951 4425 4389 4933 5150 4631 4762 4851 5011 4730 4749 4992 4694 4373 4672 4618 4434 5043 4620 4560 4568 4522 4432 5108 4947 4648 4691 4711 5106 5017 4597 5028 4650 4351 4605 4693 4890 5023 4752 4982 4877 4937 4635 5124 4714 4729 4320 4554 4853 4632 4918 4912 4642 4836 4819 5019 4885 4734 4709 4736 4414 4245 4811 4798 4476 4811 4709 4872 4817 4904 4506 4617 4786 4717 5059 4376 4849 4619 4755 5016 4694 4669 4729 4603 4842 4521 4894 4769 4643 4454 4563 4356 4859 5184 4542 5095 4468
6181 5670 5796 5215 5588 5393 4935 5315 5431 5479 5213 5613 5079 5291 4722 5347 5729 5526 5509 5272 5614 5260 5100 5356 4916 5251 5671 5542 5259 5278 4723 5099 5777 5108 5450 5583 5344 5499 5046 5445 5657 5159 5728 5009 5375 5085 5284 5360 5114 5438 5561 5761 5429 5673 5675 5477 5658 5369 5296 5672 5762 5504 6020 5369 5647 5101 5505 4983 5296 5185 5244 5386 5251 5054 5648 5401 5125 5710 5534 5220 5284 5420 5462 5470 5506 5169 4939 5455 5469 4968 5395 5179 5372 5370 5006 6062 5306 5398 5146 5153 5288 5310 5386 5563 5219 5445 5084 5111 5303 5370 5577 5208 6051 5374 5378 5955 4854 5619 4983 5687 5234 5718 5390 5431 5006 5085 4971 5176 5194 5500 4937 5714 5507 5424 5757 5658 5456 5680 5242 5661 5414 6010 4833 5679 5309 5355 5382 5296 5266 6007 5376 5504 5001 5451 5038 4972 5076 5480 5451 5300 4836 5152 5604 5605 5245 5195 5330 5736 5092 5283 5757 5665 4774 5425 5136 4999 5524 4948 4983 5332 5151 5128 5523 5661 5545 5092 5509 5345 5470 4821 5663 5209 5157 5169 5322 5657 5474 5453 5525 5398 5433 5370 5785 5389 5371 5154 5142 5563 5463 5420 5158 5684 5138 5628 5528 5482 5373 5490 5477 5206 4895 5306 5570 5035 5268 5382 5448 5505 5762 4844 4922 5044 5546 5379 4863 5340 5320 5113 5808 5390 5403 5351 5231 5470 5236 5645 5362 5169 5080 5250 5177 5081 5859 5396 5513 5111
5147 4848 4943 4650 5069 4904 4874 4932 4700 5062 4835 5020 4870 4599 4700 5036 4889 5068 4823 5002 5009 4704 4880 4884 4501 4470 4951 4921 4730 4482 4641 4736 5229 4553 5198 4924 4863 4802 4731 4654 5136 4656 4908 4357 4724 4408 4649 4688 4768 4769 4982 4911 4672 5269 5158 5373 5035 4915 4617 4991 5246 4889 5697 4885 5040 4548 4985 4559 4726 4801 5043 5273 4512 4829 5278 4802 4808 5001 4558 4652 4658 4764 4804 4886 4806 4663 4615 4665 4815 4360 4728 5059 4898 4675 4412 5134 4591 5024 4673 4873 4765 4991 4725 4826 4801 4886 4660 4683 4803 5131 5170 4571 5334 4703 4634 4853 4309 4903 4620 5079 5097 5146 4921 4909 4670 4391 4675 4998 4753 5030 4586 5399 5113 5069 4943 5064 4823 5052 4788 5255 4645 5409 4376 5064 5113 4707 4811 4883 4761 5057 5033 4706 4743 4943 4736 4357 4625 5045 4867 4939 4515 4368 5024 5209 4622 4711 4547 5060 4652 5051 5133 4878 4273 4742 5018 4637 4710 4700 4292 4529 4634 4620 5012 5072 5258 4636 5024 4876 5056 4437 5245 4731 4463 4779 4484 5050 4986 5036 4929 4792 4728 4685 5099 4989 4849 4655 4914 5168 4987 4788 4729 4772 5030 5006 4860 5075 5013 4816 4989 4566 4271 4547 5042 4643 4805 4647 4894 5072 4964 4523 4720 4723 5179 4884 4405 4866 4922 4935 4846 4965 4683 4583 4781 4910 4524 5105 4951 4722 4647 5136 4543 4781 5520 4474 4858 4613
5695 5401 5365 4913 5470 5269 5163 5179 4882 5150 5298 5617 4916 4918 4642 5095 5591 5277 5316 5117 5631 5242 4920 5000 4852 4777 5436 5582 5209 5147 4734 5219 5334 4941 5193 5270 4875 5459 5069 5320 5391 5031 5548 4796 5004 4923 5151 5099 4929 5475 5449 5471 5039 5387 5278 5604 5239 5340 5235 5574 5592 5449 5648 5034 5557 4897 5387 4956 4963 5123 5090 5537 4999 4841 5673 5181 5019 5357 5207 5097 4856 4986 5241 5233 5328 5277 5043 5219 5222 4747 5335 5383 5132 5325 4887 5570 5037 5548 5112 5021 5037 5017 5180 5264 4976 5217 5222 5204 5161 5318 5348 5055 5630 4919 4882 5862 4867 5214 5105 5413 5086 5589 5207 5516 5058 4847 4977 4992 4982 5170 5091 5650 5465 5179 5593 5345 4997 5561 5061 5470 5000 5646 4977 5592 5491 5216 5046 5284 5213 5915 5193 5148 4987 5108 4921 4930 4997 5394 5211 5286 4809 4733 5297 5560 5121 5026 5007 5385 5207 5455 5628 5346 4901 4807 5183 4972 5239 4880 4907 4943 5063 4886 5383 5430 5405 4826 5448 5366 5728 4684 5549 5024 5108 5063 4975 5188 5238 5120 5463 5295 5296 5221 5617 5176 5240 5037 5147 5609 5132 5280 5250 5328 5092 5404 5335 5457 5112 5190 5172 5020 4859 5178 5509 4892 5090 5222 5281 5387 5106 4739 4857 5026 5380 5321 4489 5098 4868 5362 5788 5023 5036 5256 5348 5337 4735 5551 5022 5105 5196 5197 4949 4838 5706 4940 5307 5075
6085 5208 5578 4829 5420 5276 5157 5190 5172 5289 5241 5474 4993 5166 4953 5151 5327 5309 5283 5165 5717 5042 4997 5044 5039 4954 5431 5552 5058 4952 4653 4823 5671 4760 5438 5416 5131 5167 4932 5229 5792 5192 5404 4766 5119 4799 5157 5144 4983 5250 5544 5500 5139 5474 5477 5172 5160 5538 5138 5620 5454 5341 5780 5143 5788 4949 5476 5105 5178 4937 5490 5688 5197 5103 5735 5092 5329 5305 5243 5170 5063 5254 5346 5296 5421 5119 5233 4981 5558 4688 5398 5439 5136 5208 4934 5507 5051 5312 4882 5071 5229 5147 5156 5497 5174 5106 5219 5096 5056 5368 5096 4896 5699 5122 5073 5795 4924 5059 5001 5690 5296 5532 5513 5517 5199 4829 5127 5353 5102 5280 5037 5487 5338 5011 5387 5436 5339 5690 5267 5681 5129 5718 4951 5596 5585 4914 5404 4947 4952 5690 5168 5007 5232 5394 5008 5060 4844 5628 5378 5283 4933 4889 5568 5786 5206 5059 5141 5398 5090 5409 5669 5300 4930 5049 5016 5224 5539 5069 4964 4996 4873 5228 5298 5220 5222 5127 5641 5577 5564 4832 5452 4875 4744 5434 4893 5426 5425 5480 5541 5231 5108 5231 5728 5263 5295 4794 5063 5417 5494 5462 5215 5219 5150 5455 5431 5308 5264 5099 5578 5109 4684 5210 5216 5064 5297 5152 5504 5306 5502 4850 5382 5245 5234 5131 4928 5044 4894 5176 5500 5328 5347 5360 5160 5093 4725 5526 5204 5345 5101 4976 4929 4966 5623 5124 5213 4934
5861 5362 5438 4715 5464 5098 5197 5338 5025 5385 5139 5598 4979 4837 4889 5299 5369 5342 5653 5314 5500 5055 4835 4754 4779 4781 5539 5501 5055 5243 4776 5071 5339 5049 5345 5286 5058 5180 5135 5243 5540 4923 5601 4796 5026 5019 5164 5045 5036 5090 5512 5385 5329 5610 5391 5119 5098 5274 5113 5592 5700 5365 5669 5083 5803 4993 5391 4776 4951 5021 5275 5527 4903 5008 6057 5389 5048 5470 5294 5160 4793 5043 5259 5359 5408 4970 5067 5015 5467 4750 5083 5145 5069 5123 4797 5735 4990 5491 4833 5072 5108 5024 5204 5432 5065 5157 4774 4935 5340 5341 5317 4923 5777 5044 5019 5612 4815 5374 4900 5461 5310 5707 5157 5529 4856 4951 5122 5263 4915 5197 5314 5738 5097 5291 5476 5074 5103 5292 5025 5577 5194 5787 4591 5508 5429 5119 5151 5107 5088 5797 5181 5043 5287 5536 4923 4862 4928 5327 5230 5005 5001 4968 5309 5477 5174 5084 4967 5432 5048 5409 5614 5088 4482 5019 5123 5173 5228 4874 4925 4931 4942 5093 5565 5184 5385 5153 5135 5433 5663 4620 5505 4830 4986 4961 4884 5254 5362 5326 5435 5110 5149 5258 5359 5200 5441 5073 5156 5524 5227 5223 5380 5026 5121 5432 5516 5300 5420 5280 5255 4975 4793 5027 5327 4989 5152 5133 5067 5312 5435 4884 5253 5185 5359 5227 4903 5295 4906 5714 5682 4943 4834 5175 5195 5062 4737 5618 4973 4978 4981 5280 5046 4940 5679 5079 5477 5020
5225 4920 5040 4746 5283 4913 4914 5033 4677 5171 4954 5266 4798 4630 4798 4694 4948 4942 4948 4834 4990 4733 4805 4617 4632 4599 5112 5115 4617 4666 4399 4806 5049 4576 4896 4623 4487 5069 4858 4926 4981 4658 5093 4300 4842 4556 4828 4678 4739 4892 4978 4988 4671 4929 4906 5058 4700 5142 4976 4935 5244 5035 5069 5022 5372 4675 4822 4520 4544 4546 4978 5226 4805 4766 5572 4645 4751 5254 4992 4664 4687 4586 4713 4928 5183 4848 4849 4811 4650 4566 4768 4968 4836 4752 4487 5054 4676 5121 4194 4687 4756 5010 4682 4769 4636 5073 4881 4699 4871 4863 5376 4689 5081 5023 4685 5192 4483 4601 4577 5102 4936 5287 4752 4966 4511 4574 4642 4888 4560 4882 4839 5190 4903 4999 4812 4813 4535 5106 4358 5030 4690 5204 4328 5066 5145 4739 4585 4681 4568 4984 4915 5030 4632 5015 4668 4757 4639 4871 4845 4890 4322 4389 4910 5047 4714 4738 4765 4964 4557 4603 5225 4828 4354 4523 4880 4594 5072 4408 4797 4760 4750 4643 4904 5051 4844 4807 4729 5119 5243 4489 4842 4719 4621 4852 4591 4992 4989 4982 4899 4572 4753 4837 5205 4954 4702 4568 4586 5236 5014 4901 4693 4730 4679 4997 5088 4894 4711 4747 4850 4602 4466 4669 5027 4490 4853 4801 4846 5001 4935 4349 4696 4842 5239 4623 4379 4832 4718 5192 4980 4671 4716 4962 4788 4452 4573 4890 4743 5023 4595 4742 4452 4707 5194 4608 4967 4713
5293 5016 5023 4774 5054 4904 4847 4939 4675 4834 4924 5161 4919 4820 4569 4771 5134 5031 5010 4886 5171 4576 4961 4653 4700 4723 4868 5126 4665 5032 4192 4778 5320 4472 5167 4957 4779 5067 4818 4863 5232 4515 5152 4427 4884 4456 4854 4724 4936 4894 4970 4877 4892 5156 5295 5270 5004 4778 5014 5000 5208 4990 5530 4951 5526 4767 4784 4820 4725 4831 5202 4921 4587 4461 5426 5108 4664 4899 4742 4632 4504 4714 4930 4809 4933 4730 4831 4932 4947 4523 4807 4969 4861 4511 4583 5187 4750 4934 4773 4769 4934 4991 4725 4845 4954 4883 4788 4756 4755 4907 5095 4816 5399 4814 4755 5193 4529 4769 4692 5299 4802 5173 4846 4876 4431 4846 4762 4999 4694 4944 4668 5308 4918 5172 5247 5216 4556 5120 4904 5354 4630 5186 4635 5145 5318 4758 5067 4581 4696 5195 5114 4636 4629 5177 4755 4387 4719 4963 5082 4944 4737 4653 5141 5243 4660 4843 4634 4981 4908 4806 5400 4846 4380 4572 4882 4692 4888 4654 4593 4619 4895 4434 4897 4972 5195 4912 5146 5108 5209 4230 4927 4634 4549 4702 4645 4919 5095 4738 4975 4715 4820 4824 4938 4850 4891 4591 4986 5084 5230 4993 4834 4804 4432 5126 5082 5341 4846 4693 4950 4569 4343 4722 5003 4650 4811 4939 5041 5251 5313 4700 4730 4882 5207 4895 4541 4870 4864 5056 4970 5009 4493 4817 4903 4764 4528 4999 4849 4913 4650 5059 4771 4615 5321 4630 4831 4855
5548 4998 5180 4734 5252 4979 4925 5302 4998 5156 4827 5454 4908 4858 4634 4765 5127 5113 5049 5138 5093 5004 5069 4866 4937 4638 5141 5382 4802 4651 4896 4893 5360 4854 5053 5182 4742 5002 5100 4960 5112 4790 5437 4654 4839 4783 5019 4914 4898 4842 5279 5170 5123 5296 5318 5379 4859 5156 5043 5456 5357 5178 5683 5160 5635 4717 4877 5024 5013 4678 5173 5223 4641 4668 5810 4915 4743 5489 4962 4900 4638 4635 4976 5193 5248 4854 4953 5007 4800 4799 5017 5200 4927 4945 4810 5230 4774 5252 4627 4720 5174 4953 5028 4923 4633 5095 5081 4624 5061 5337 5101 4948 5373 4787 4981 5412 4787 4856 4605 5233 5170 5533 5089 5288 4693 4561 5183 4824 4872 4947 4903 5562 5219 4935 5371 5113 5082 5324 4622 5357 4727 5541 4646 5239 5147 4875 4952 4896 4877 5383 5247 5011 4603 5044 4774 4583 4923 5330 5058 5221 4645 4658 5168 5300 4893 4659 4801 5155 4738 5324 5216 5019 4658 4854 5157 4870 5185 4917 4959 4842 4872 4837 5303 5130 5028 4818 5020 5334 5534 4694 4979 4766 4910 4688 4928 5137 5182 5236 5115 4966 5203 4805 5224 4801 5045 4814 4941 5330 5067 5129 4962 5061 4874 5557 5352 4910 4768 5151 5222 4930 4698 4788 5203 4972 5214 4736 5156 5058 5399 4820 4752 4761 5385 5174 4700 4905 4785 5241 5175 4958 4855 4965 5008 5247 4587 5507 5179 4682 4820 5031 4660 4882 5405 5047 5014 5131
5740 5370 5491 4860 5243 5359 5023 5132 4982 5185 4864 5412 4605 4763 4683 5406 5384 5260 5164 5111 5275 4880 4805 4919 4896 4729 5257 5509 4993 4762 4323 4865 5246 4926 5357 5264 4701 4934 5001 5114 5244 4888 5307 4851 5058 4919 4833 4992 4769 5296 5340 5535 5337 5426 5269 5307 5042 5305 5280 5363 5181 5403 5380 5075 5518 5051 5348 4544 5051 4943 5072 5491 5114 4962 5456 5063 4614 5569 4966 4999 5037 5023 5244 4932 5514 4904 4696 5271 5057 4784 5218 5347 5110 5170 4874 5361 4851 5458 5107 5151 5114 5263 5366 5269 5042 5157 4866 5078 4998 5290 5319 4733 5511 4915 4974 5557 4576 5140 5016 5754 4876 5749 5195 5225 5079 4675 4901 5115 5019 5000 5134 5621 5439 5205 5476 5165 4976 5461 4946 5486 5247 5513 4901 5288 5273 5177 4986 5005 4964 5700 5179 5176 4866 5325 4951 4802 4988 4784 4989 5095 4683 4753 5412 5401 5126 5066 4893 5375 5041 5093 5440 5060 4656 4892 5011 4821 5277 4884 4660 5158 5213 5011 5153 5039 4908 5090 4962 5201 5234 4223 5329 4852 5085 5139 5284 5155 5309 4806 5344 4948 5320 5015 5230 4829 5190 4789 5013 5341 4971 5095 5344 5427 5197 5274 5536 5449 5069 5224 5217 5059 4726 5056 5424 4898 5084 5392 5215 5402 5523 4818 5055 4896 5334 5135 4692 4971 5072 5190 5313 4939 5067 4797 5257 5062 4625 5177 5202 5192 5006 5310 4855 4849 5721 5098 5357 4897
5549 4960 5309 4794 5303 5195 5110 5221 4754 5103 4862 5276 4524 5000 4686 5016 5195 5088 5021 4857 5305 4790 5027 5093 4622 4736 5114 5433 5038 4868 4572 4915 5342 4679 5164 5026 5011 4968 4818 5058 5240 4830 5276 4570 4784 4824 4946 5017 4995 5089 5775 5088 5086 5342 5324 5377 5029 4961 5122 5354 5214 5239 5663 5025 5538 4755 5176 4613 4726 5024 5028 5066 4735 4546 5511 4984 4847 5029 4923 4736 4900 4963 5250 4904 5292 5065 5050 5114 5173 4580 4875 5130 5211 4864 4736 5314 4750 5351 4929 4835 4862 5062 5000 5201 4993 5332 4899 4870 4988 5245 5293 4857 5277 5096 4910 5265 4759 5190 5002 5391 4967 5298 4897 5291 4648 4914 4769 5003 4799 5121 5014 5572 5172 5060 5145 4975 5004 5019 4898 5510 5057 5658 4648 5502 5296 4985 5198 4606 4952 5473 5108 4951 4904 5015 4963 4730 4848 5204 4927 4911 4454 5007 5233 5501 4804 5100 5029 5101 4906 5146 5334 4931 4578 4928 5224 4743 5148 4642 4490 4629 5009 4921 5229 4862 5277 4899 5101 5271 5326 4530 5067 4913 4725 5084 5034 5118 5146 4887 5001 5001 5152 4937 5103 5228 5007 4658 5067 4912 4911 4990 5002 4998 4975 5210 5326 5397 5014 5145 4857 4912 4765 5045 5037 4489 5194 5083 5153 5170 5141 4600 4734 4940 5145 4941 4511 4977 5074 5051 5342 4957 4718 5129 5061 4927 4615 5473 4861 4968 4678 4994 4840 4857 5565 4605 5197 4711
5822 5821 5622 5211 5653 5422 5241 5556 5121 5299 5351 5731 5525 5323 4886 5310 5686 5568 5651 5353 5643 5409 5163 4983 4988 5033 5530 6060 5283 5356 4856 5122 5817 5141 5463 5519 5404 5499 5511 5566 5405 5169 5793 4912 5504 5167 5347 5363 5339 5503 5855 5742 5437 5879 5689 5680 5336 5467 5381 5498 5641 5653 5971 5237 5695 5087 5424 5158 5529 5062 5622 5772 5192 5010 6078 5412 5194 5673 5296 5462 5320 5379 5607 5393 5604 5281 5117 5280 5572 4993 5449 5364 5363 5332 5376 5756 5012 5428 4887 5047 5351 5266 5186 5504 5208 5477 5177 5319 5302 5723 5409 5093 5885 5426 5403 5856 4848 5225 5187 5919 5267 5888 5273 5572 5053 4808 5287 5183 5141 5413 5272 5576 5637 5720 5913 5500 5185 5498 5280 5592 5384 5876 5216 5782 5594 5403 5395 5399 5241 6071 5666 5365 5073 5457 5011 5094 5340 5454 5222 5486 4939 5077 5543 5582 5597 5283 5212 5858 5188 5411 5661 5324 4882 4950 5253 5307 5548 5373 4982 5356 5312 5098 5619 5612 5375 5417 5500 5683 5851 4557 5468 5206 5089 5487 5327 5408 5592 5337 5711 5171 5415 5140 5705 5316 5491 5002 5433 5610 5304 5502 5372 5459 5336 5644 5766 5718 5252 5497 5594 5496 4959 5442 5684 5196 5439 5595 5415 5420 5738 5127 5195 5236 5704 5451 4862 5390 5184 5619 5763 5230 5345 5296 5733 5414 4909 5708 5400 5380 5196 5605 5004 5278 5823 5206 5458 5151
5911 5430 5626 5310 5607 5340 5435 5467 5134 5349 5283 5692 5019 5157 5198 5404 5359 5505 5427 5378 5715 5456 5495 5102 5071 5109 5572 5638 5218 5463 4719 5233 5574 4946 5467 5644 5120 5583 5407 5376 5650 5123 5705 4806 5116 4896 5375 4986 5126 5308 5669 5582 5279 5766 5763 5698 5656 5459 5452 5836 5310 5325 5828 5416 5988 5129 5499 5080 4737 5205 5775 5508 5094 5130 5997 5680 5146 5863 5214 5100 5380 5147 5233 5586 5758 5085 5061 5305 5483 4987 5433 5673 5222 5251 4769 5988 5067 5735 4940 5296 5342 5433 5486 5333 5381 5423 5236 5168 5318 5396 5640 4966 5704 5220 5242 5910 5071 5173 5082 5704 5458 5790 5428 5411 5217 5066 5158 5428 5082 5310 5345 5702 5627 5318 5304 5355 5224 5486 5330 5495 5064 5978 4836 5525 5686 5244 5328 5507 5148 5764 5476 5000 5063 5592 4909 4981 5243 5543 5440 5418 4901 5062 5357 5415 5126 5171 4951 5518 5170 5553 5647 5443 4754 5163 5404 4961 5448 5072 5155 5132 5120 5019 5653 5262 5458 5246 5167 5440 5667 5002 5671 5262 5045 5129 5051 5457 5647 5502 5349 5336 5252 5024 5475 5582 5072 5097 4952 5447 5386 5276 5429 5197 5422 5523 5473 5924 5624 5515 5331 5104 4961 5131 5583 5046 5372 5468 5373 5274 5669 4804 5002 5271 5647 5225 5151 5494 5361 5481 5743 5058 5212 5105 5337 5142 5013 5608 5374 5155 5366 5380 5096 5045 6027 5177 5786 5276
5799 5282 5162 4797 5543 4980 5052 5208 5089 5224 5096 5427 4789 4902 4771 5231 5058 5363 4981 4948 5250 4841 5000 4927 4754 4578 4975 5432 5008 5146 4533 4959 5633 4723 5147 5273 4824 5012 4964 5084 5327 4884 5548 4697 5103 4929 5064 5105 5196 5423 5690 5232 5027 5402 5294 5209 5063 5128 5069 5507 5382 5217 5577 5221 5602 4780 5288 4710 5047 4849 5062 5207 4864 4794 5588 5072 4968 5430 5236 4914 5108 4864 5080 5241 5377 5001 4958 5501 5007 4753 5202 5155 4953 5142 4778 5563 4856 5173 4844 4962 5232 5041 5183 4928 4897 4932 4903 4932 5186 5390 5264 4962 5417 5266 5165 5201 4573 5167 4872 5428 5355 5469 5126 5517 5006 4517 4868 5272 4838 4976 4979 5572 5460 5088 5293 5159 4715 5578 4890 5440 4916 5671 4746 5214 5386 4998 4978 5006 5061 5426 5260 5084 4681 5182 4990 4882 4983 5425 5232 5131 4888 4958 5547 5452 5134 5060 4781 5238 5160 4919 5238 5125 4970 4899 5269 4880 5194 5017 4871 4761 4854 4913 5198 5529 5173 4862 5077 5435 5540 4704 5322 4929 4984 5210 5251 5196 5360 5051 5319 4969 5025 5068 5483 5119 5248 4810 4872 5324 5265 5483 5134 5093 5140 5524 5320 5320 5016 5108 5316 5075 4702 5090 5461 4809 5072 5018 5308 5242 5340 4740 4801 5118 5388 5454 4655 4928 5081 5489 5320 5077 5017 5112 5009 4946 4840 5236 5242 5095 4856 4942 5102 4848 5554 5162 5253 4957
5897 5277 5302 5172 5242 5359 5257 5415 4952 5230 5049 5559 4952 5235 4804 5070 5314 5464 5261 5466 5445 5305 5073 4833 4985 4861 5085 5411 4964 4922 4784 4912 5526 5092 5404 5179 5071 5358 5215 5211 5435 4862 5507 4703 5175 4737 5282 5120 5205 5237 5582 5684 5037 5586 5376 5221 5353 5227 4997 5420 5511 5282 5721 5111 5721 4962 5303 4814 5140 5040 5124 5423 5280 4922 5623 5183 5007 5500 5253 4993 4888 4985 5374 5184 5532 4970 4794 5105 5291 4738 5255 5380 5144 5062 5168 5664 4911 5580 4818 5039 5227 5186 5115 5267 4990 5323 4893 4790 5246 5397 5338 4912 5472 5021 5090 5441 4875 5308 4977 5539 5272 5623 5443 5480 4834 4971 5329 5009 4954 5063 5031 5825 5429 5135 5417 5178 4980 5442 5080 5319 5106 5682 4787 5544 5193 5175 5084 5002 5061 5508 5233 4911 4835 5387 4859 5079 5100 5445 5047 5380 4717 4702 5215 5593 5118 4907 5108 5564 4768 5186 5225 5204 5042 5066 5200 4744 5473 4877 4849 5006 4649 4804 5359 5168 5020 5104 5261 5286 5472 4581 5337 5051 4592 5089 5100 5258 5215 5166 5393 4819 5211 4836 5735 4960 5131 4900 5023 5266 5310 5170 5279 5058 5001 5395 5342 5312 5103 5209 5351 5024 4765 4830 5397 4970 4938 5176 5123 5035 5274 5106 5047 4986 5411 5179 4845 5105 5108 5269 5126 5023 5133 5013 5186 4907 4894 5155 5434 5256 5039 5151 4889 5217 5845 4955 5308 5041
5862 5440 5457 5106 5459 5087 5288 5395 4972 5497 5365 5626 5079 5032 4952 5353 5374 5559 5562 5583 5456 4988 5305 5232 5013 5053 5278 5731 5085 5275 4781 4914 5222 4851 5435 5211 5161 5250 4873 5351 5518 4938 5465 4971 5009 4881 5261 5260 5325 5342 5563 5618 5335 5566 5514 5548 5434 5376 5155 5688 5627 5372 5938 5193 5650 5009 5420 5037 4956 5270 5413 5806 5259 4899 5974 5268 5059 5511 5084 5166 4868 5334 5287 5373 5351 5173 4975 5295 5367 5033 5114 5309 5358 5029 5035 5879 4868 5432 4956 5309 5424 5253 5202 5655 5060 5320 5115 5233 5380 5415 5527 4955 5798 5009 5186 5740 4801 5123 5088 5757 5273 5528 5492 5415 5034 4997 5080 5130 5187 5275 5108 5662 5314 5437 5433 5375 5144 5642 5162 5539 5390 5641 4884 5446 5288 5319 5511 5008 4878 5654 5144 5036 5281 5185 5070 5049 4810 5685 5092 5398 5147 4858 5386 5516 5135 5045 5121 5520 5087 5238 5691 5160 4815 5219 5225 5031 5315 4954 5111 5182 5112 5231 5326 5130 5215 5100 5429 5378 5735 4802 5710 5370 4918 5156 5274 5326 5409 5244 5566 5035 5498 5211 5621 5005 5265 4882 5118 5331 5291 5271 5266 5179 5069 5660 5492 5666 5293 5339 5551 5130 4660 5481 5242 5184 5339 5510 5304 5295 5411 4896 5124 5182 5524 5071 4945 5393 4981 5388 5478 5030 5180 5263 5294 5078 4791 5342 5468 5003 5053 5162 5177 5382 5579 4867 5209 4950
6076 5793 5859 5317 5910 5469 5606 5547 5294 5763 5376 5749 5029 5022 5115 5237 5605 5569 5602 5498 5769 5002 5337 5250 5156 5014 5628 5901 5480 5291 4817 5123 6098 4718 5623 5540 5143 5714 5362 5581 5895 4969 5839 4912 5249 5107 5442 5419 5447 5427 5900 5647 5368 5804 5743 5681 5491 5662 5455 5832 5729 5700 5904 5197 5859 5488 5468 5297 5289 5300 5797 5689 5366 5131 5978 5581 5293 5634 5741 5409 5356 5328 5279 5491 5949 5356 5267 5725 5330 5173 5631 5278 5437 5228 5040 5718 5255 5559 5345 5457 5326 5464 5634 5376 5234 5325 5531 5185 5365 5463 5923 5345 6052 5398 5314 5850 5237 5479 5272 6085 5671 5873 5662 5518 5235 5139 5185 5339 5143 5536 5264 6036 5836 5784 5825 5765 5148 5673 5314 5889 5329 6040 5240 5832 5893 5442 5400 5009 5231 6092 5637 5317 5223 5532 5261 5279 5333 5585 5345 5501 4999 5478 5714 5727 5166 5279 5298 5530 5391 5356 5808 5375 4985 5162 5281 5375 5701 5183 5072 5238 5130 5101 5549 5448 5579 5277 5386 5619 6025 4997 5638 5208 5376 5485 5228 5543 5727 5497 5591 5406 5561 5351 5601 5405 5574 5139 5388 5436 5628 5496 5663 5447 5292 5677 5934 5735 5408 5541 5650 5266 5094 5436 5512 5224 5372 5618 5625 5629 5872 5026 5342 5147 5837 5563 5027 5479 5382 5489 5581 5284 5312 5329 5510 5359 5082 5691 5534 5294 5331 5491 5404 5201 5882 5214 5640 5134
5563 5447 5458 4784 5586 4981 5048 5197 4823 5169 4967 5383 4964 4850 4565 4716 5240 5091 5052 5006 5375 5014 4920 5031 4707 4849 5180 5566 5058 5121 4576 4657 5359 4560 5146 5147 5045 5090 4907 5215 5553 4881 5288 4776 5216 4798 5155 4705 4967 5284 5620 5106 5271 5548 5245 5068 5096 5201 5022 5599 5378 5301 5507 5018 5373 4917 5337 5117 4674 4799 5326 5276 4799 4871 5624 5382 5052 5132 5105 5056 5126 4950 5300 5183 5271 4828 4941 5110 4917 4477 5151 5254 5015 4826 4734 5529 4935 5286 4874 4908 5093 4693 4872 5059 4982 5263 4792 5155 5213 5157 5529 4802 5338 4857 5130 5521 4641 5246 5032 5512 5053 5426 5266 4968 4653 4924 4914 5176 5262 5113 4957 5326 5505 5255 5445 5280 4933 5079 4854 5381 4855 5752 4825 5288 5157 4995 5143 4987 4912 5553 5104 5361 4870 5201 4927 4755 4947 5117 4893 4985 4536 4791 5123 5476 5104 4825 4769 5121 4907 5206 5380 5062 4739 4949 5152 4734 5256 4996 4751 5252 4804 4641 5460 5142 5126 5173 5425 5192 5245 4806 5407 4602 4840 5235 5019 4891 5226 5001 5429 4999 4750 4881 5252 5062 5330 4759 5089 5246 5061 5296 4969 5183 4769 5330 5247 5212 4933 5167 5182 4853 4588 5124 5171 4933 4982 4971 5101 5278 5349 4672 4985 5055 5236 5180 4598 5271 5117 5376 5424 4927 4980 4873 5385 5104 4966 5371 5276 5130 4965 5140 4875 4790 5513 4958 5316 5099
5956 5542 5450 5388 5687 5205 5357 5110 5041 5444 5163 5617 5039 5297 5018 5454 5598 5730 5310 5493 5890 5229 5507 5399 5247 5025 5495 5727 5321 5239 4963 4998 5644 4902 5558 5605 5317 5517 5189 5626 5624 5320 5637 5104 5424 5107 5302 5307 5261 5362 5739 5735 5319 5801 5819 5508 5401 5347 5328 5811 5816 5235 5904 5347 5578 5213 5449 5109 5140 5319 5636 5770 5264 5162 5823 5639 5318 5644 5298 5739 5079 5045 5393 5620 5562 5053 5081 5457 5582 5159 5372 5580 5412 5563 5172 6094 5166 5149 5160 5225 5416 5100 5317 5508 5419 5482 5398 5197 5295 5654 5506 5234 5743 5458 5292 5614 4700 5578 5222 5942 5404 5865 5414 5542 5177 4835 5035 5240 5218 5314 5167 5725 5635 5387 6115 5481 5172 5519 5106 5433 5417 5818 4691 5490 5588 5359 5353 5165 5492 5963 5484 5129 4837 5505 5367 4801 5315 5653 5213 5487 4917 5218 5467 5662 5350 5440 5188 5548 5342 5421 5527 5168 4776 5080 5441 5333 5642 5339 4925 5296 5128 5002 5747 5563 5461 5167 5477 5658 6018 4903 5845 5255 5200 5500 5401 5394 5490 5420 5686 5313 5195 5022 5375 5328 5467 4839 5145 5391 5378 5521 5570 5560 5099 5452 5656 5868 5504 5394 5303 5218 4853 5245 5542 5323 5308 5484 5319 5488 5582 5012 5276 5089 5509 5524 4898 5368 5214 5516 5410 5373 5362 5299 5363 5674 4943 5428 5321 5164 5146 5381 5119 5181 5873 5428 5524 5134
5968 5599 5509 5298 5759 5520 5478 5422 5340 5499 5371 5680 4999 5442 4904 5298 5648 5220 5350 5232 5879 5392 5335 5261 5464 4828 5512 6045 5340 5319 4677 5167 5834 5226 5687 5655 5135 5624 5337 5642 5669 5181 5652 5027 5272 4996 5455 5260 5238 5491 5637 5685 5517 5890 5645 5654 5246 5726 5617 5734 5578 5528 6039 5254 5612 5279 5469 5196 4994 5032 5391 5572 5201 5357 5986 5445 5076 5606 5631 5344 5273 5171 5344 5530 5758 5238 5118 5158 5513 5105 5564 5394 5278 5426 4963 6154 5320 5383 5245 5114 5115 5105 5335 5334 5577 5284 4795 5364 5351 5442 5633 5296 5694 5762 5325 5750 4791 5430 4992 5748 5500 5833 5492 5542 5133 5234 5419 5264 5243 5158 5294 5489 5761 5389 5781 5713 5243 5702 5289 5802 5393 5831 4893 5716 5685 5437 5251 5120 5327 5807 5497 5402 5156 5582 5271 5087 4973 5587 5300 5261 4931 5204 5526 5854 5219 5300 5322 5734 5236 5378 5582 5356 4981 5394 5181 5259 5761 5112 5191 5408 5395 5187 5578 5289 5268 5214 5523 5681 5652 5026 5593 5171 5230 5203 5396 5686 5389 5300 5676 4996 5647 5338 5671 5334 5584 5247 5374 5544 5386 5464 5315 5380 5236 5397 5852 5641 5336 5319 5266 5242 4923 5362 5653 4923 5256 5280 5604 5688 5646 5218 5385 5382 5771 5492 4818 5297 5322 5366 5837 5340 5271 5390 5710 5421 5023 5707 5397 5520 5119 5350 5292 5301 6031 5327 5477 5329
5870 5495 5345 5069 5470 4969 5247 5279 5045 5371 5176 5487 4933 5114 4850 5319 5464 5402 5401 5160 5405 4936 5367 5243 5173 4797 5288 5908 5267 4962 4812 5072 5797 4870 5511 5459 4989 5297 5250 5612 5550 5447 5568 4844 5289 4900 5046 5091 5045 5563 5802 5521 5270 5805 5524 5393 5408 5235 5310 5477 5755 5399 5683 5392 5633 4940 5277 4882 5197 5079 5600 5366 5101 5119 5698 5093 4965 5247 5253 5185 5093 5064 5446 5280 5630 5212 5173 5368 5269 4801 5395 5453 5034 5148 4849 5735 4780 5383 5231 5153 5073 5261 5172 5333 5000 5130 5030 4816 4952 5415 5367 5140 5890 5257 5155 5622 4893 5299 4861 5788 5325 5764 5383 5341 4854 4875 5247 5078 5191 5120 4985 5594 5607 5203 5416 5275 5189 5613 5116 5613 5110 5616 4782 5567 5448 5400 5405 5104 5169 5487 5308 5147 4847 5179 5173 4912 5012 5379 5210 5307 4927 5248 5335 5625 4971 5312 5108 5452 5211 5483 5432 5201 4801 5241 5274 5262 5331 4980 5121 4983 4951 4782 5445 5373 5260 5088 5263 5384 5417 4868 5624 5268 4921 5382 5473 5358 5294 5135 5553 4999 5382 5132 5571 5190 5163 4900 5038 5419 5213 5227 5549 5182 4870 5329 5505 5523 5330 5172 5083 5082 4949 5297 5547 4862 5302 5042 5316 5404 5461 5038 4956 5317 5431 5357 4860 5319 5368 5347 5319 5353 5168 5214 5147 5276 4884 5445 5299 5287 5268 5219 4980 5102 5866 5046 5331 5156
5891 5329 5286 4740 5532 4981 4931 5123 5089 5341 5076 5418 5110 4965 4880 5039 5256 5332 5210 5232 5264 4983 4798 4841 4576 4765 5251 5638 4530 4894 4533 4819 5535 4534 5484 5322 5202 5184 5076 5120 5439 4878 5075 4743 4995 4640 4909 5128 5074 5135 5121 5339 5310 5517 5247 5450 5111 5200 5106 5195 5163 5274 5760 5232 5333 4907 5207 4706 4952 4843 5087 5383 5050 4772 5646 5103 4922 5380 5082 4914 4792 4853 5164 5126 5291 5103 4891 5204 4970 4757 5254 5076 4960 5134 4924 5516 4916 5266 4902 5027 5080 5141 5247 5216 4630 5283 5016 4929 5132 5365 5142 4990 5566 5041 5157 5370 4633 5107 4987 5369 5196 5276 5190 5347 5021 4919 4817 5084 5112 5011 4979 5567 5317 4995 5139 5528 4730 5542 5020 5333 5040 5560 4938 5249 5479 4876 5176 5244 4955 5570 5065 4953 4732 5360 4772 4715 4816 5411 5265 5278 4764 4679 5047 5482 5284 5200 5128 5418 4922 4919 5499 5204 4883 4919 4778 4894 5383 4966 4924 4928 4965 4881 5313 5484 5303 5077 5203 5267 5478 4491 5364 4976 4623 5002 5025 5543 5473 5103 5416 4805 5190 5197 5318 5119 5156 4615 5079 5569 5240 5337 5049 5262 4892 5454 5236 5395 5175 5002 5344 4750 4504 4871 5367 4807 5129 5122 5311 5248 5326 4888 4845 5082 5530 5007 4443 5053 5065 5118 5442 5226 4746 5065 4885 4933 4681 5269 5121 4896 4669 5113 4937 4883 5498 4992 5160 4851
5894 5604 5841 5439 5634 5467 5424 5549 5233 5650 5598 5803 5153 5453 4857 5179 5698 5618 5615 5239 5915 5395 5592 5410 5340 5206 5737 5884 5446 5389 5053 5081 5607 4969 5651 5288 5472 5508 5339 5350 5629 5204 5540 4955 5448 4959 5286 5413 5188 5265 5847 5715 5367 5778 5517 5444 5502 5509 5500 5756 5584 5458 6037 5520 5575 5275 5489 5309 5146 5210 5836 5772 5535 5177 6022 5308 5285 5461 5445 5274 5264 5422 5483 5376 5829 5072 5137 5514 5495 4919 5494 5565 5545 5234 5112 5696 5093 5607 5123 5115 5094 5265 5433 5516 5377 5443 5078 5472 5256 5491 5826 5231 5812 5209 5461 6015 5053 5458 5157 5874 5429 5854 5444 5694 5179 4957 5184 5243 5148 5363 5236 5864 5701 5635 5585 5636 5463 5844 5228 5683 5342 5967 5041 5758 5803 5500 5507 5262 5317 5863 5593 5395 5210 5640 5251 5463 5238 5396 5252 5601 5059 5151 5861 5873 5466 5363 5267 5702 5149 5373 5752 5257 5123 5200 5429 5303 5578 5322 4993 5432 5212 5382 5776 5611 5325 5221 5576 5662 5668 5043 5768 5303 5202 5457 5321 5541 5694 5534 5442 5258 5543 5173 6112 5198 5379 4813 5099 5624 5353 5662 5518 5425 5535 5610 5620 5486 5244 5360 5466 5252 5046 5602 5646 4998 5327 5245 5970 5667 5682 5109 5249 5480 5686 5412 4947 5120 5648 5372 5702 5384 5083 5578 5455 5297 5136 5534 5337 5523 5378 5292 5154 5319 6251 5022 5613 5162
5774 5595 5632 5205 5790 5163 5251 5472 5305 5770 5467 5810 5272 5057 4997 5299 5263 5646 5531 5173 5650 5234 5326 5318 4860 5202 5580 5800 5285 5492 4896 5142 5614 5019 5746 5416 5232 5519 5243 5435 5890 5226 5711 5007 5353 4995 5456 5115 5224 5639 5692 5777 5411 5868 5434 5644 5652 5634 5438 5610 5717 5512 5585 5585 5886 5052 5341 5025 5195 5038 5870 5849 5407 5413 6195 5614 5213 5806 5609 5168 5183 5278 5589 5394 5511 5155 5055 5452 5217 4944 5402 5454 5165 5147 4824 5981 5172 5544 5150 5266 5214 5098 5278 5507 5153 5359 5268 5348 5291 5264 5843 5090 5624 5488 5511 5900 5125 5136 5339 5872 5229 5854 5503 5357 5036 5101 5211 5355 5349 5353 5134 5680 5575 5585 5575 5818 5479 5581 5134 5795 5465 6081 5269 5689 5724 5148 5517 5374 5327 5842 5188 5292 5385 5553 5395 5190 5134 6006 5409 5658 4980 5133 5872 5823 5278 5304 5180 5643 5191 5566 5691 5337 4918 5304 5460 5310 5722 4964 4974 5528 5073 5093 5470 5471 5289 5254 5645 5409 5700 5001 5723 5439 5206 5437 5329 5381 5433 5502 5630 5427 5179 5116 6041 5243 5218 4984 5379 5564 5619 5527 5514 5623 5196 5707 5759 5657 5504 5224 5316 5191 5085 5550 5607 5157 5446 5609 5299 5662 5542 4750 5081 5429 5628 5558 4874 5537 5062 5458 5857 5150 5152 5432 5217 5138 4983 5528 5536 5435 5472 5335 5021 5151 5881 5366 5451 5148
5170 5003 4541 4606 4866 4794 4656 4612 4595 4550 4690 5216 4399 4570 4313 4420 4933 4672 4756 4673 4951 4616 4816 4833 4513 4300 4773 5143 4563 4537 4034 4424 5021 4255 4732 4573 4522 4792 4726 4536 4712 4621 4900 4180 4602 4484 4706 4407 4412 4617 5277 4805 4957 5219 4873 4856 4413 5180 4943 4886 4600 4949 5141 4627 4891 4535 4898 4709 4431 4567 4741 5122 4418 4290 5098 4934 4487 4841 4639 4573 4301 4279 4652 4791 4822 4291 4376 4575 4436 4279 4923 4454 4581 4693 4258 5063 4397 4924 4471 4617 4509 4456 4610 4842 4383 4811 4606 4699 4889 4892 5033 4708 5064 4731 4555 4962 4255 4635 4378 4741 4602 4964 4729 4957 4254 4672 4480 4403 4442 4726 4414 5018 4844 4656 4979 5152 4669 4986 4480 5024 4613 5173 4435 5015 4978 4503 4508 4368 4496 5053 4717 4627 4403 4589 4392 4538 4598 4670 4554 4622 4453 4486 4795 4945 4387 4447 4606 4790 4463 4761 4938 4562 4351 4587 4773 4727 4612 4676 4509 4723 4656 4495 4940 4877 4772 4525 4708 4719 5203 4177 4737 4338 4661 4542 4443 4507 4740 4800 4922 4654 4680 4790 4763 4501 4667 4462 4856 4853 4659 4581 4515 4783 4697 4967 4901 4911 4920 4758 4716 4396 4227 4660 4961 4344 4480 4589 4818 4694 4999 4694 4285 4640 4721 4784 4304 4723 4297 4813 4942 4572 4379 4446 4909 4560 4355 5068 4814 4352 4477 4730 4528 4350 4932 4328 4640 4638
6062 5590 5600 5179 5678 5539 5118 5226 5247 5525 5308 5699 5240 5133 5092 5262 5621 5593 5390 5509 5546 5350 5035 5271 5085 5200 5391 5621 5190 5102 4725 5037 5605 4877 5674 5424 4983 5314 5152 5106 5588 5248 5984 5221 5446 4912 5320 5210 5150 5438 5654 5577 5339 5652 5560 5336 5499 5780 5342 5673 5628 5567 5998 5373 5703 5438 5486 5054 5343 5178 5640 5417 5131 5149 5799 5477 5235 5561 5366 5475 5165 5139 5423 5210 5511 5005 5229 5403 5410 4972 5373 5651 5347 5312 5238 5521 5150 5324 5240 5398 5552 5200 5292 5670 5154 5436 5091 5264 5279 5455 5738 5122 5677 5406 5452 5724 4944 5311 5007 5660 5331 5815 5232 5228 4954 4905 5024 5355 5140 5646 5169 5602 5707 5378 5624 5482 5273 5629 5155 5646 5156 5985 5109 5641 5536 5158 5483 5012 5080 5859 5442 5476 5082 5662 5172 5017 5223 5330 5378 5578 4778 5290 5605 5833 5370 5105 5212 5484 5239 5284 5691 5274 5208 5151 5459 5345 5561 5171 4976 5248 5359 4907 5429 5577 5384 5221 5650 5583 5788 4566 5488 5140 5085 5218 5166 5394 5324 5360 5483 5288 5168 5184 5620 5317 5443 5027 5716 5600 5701 5552 5636 5367 5378 5470 5648 5644 5355 5512 5298 5265 5114 5476 5707 5237 5141 5497 5628 5236 5698 5116 5161 5262 5335 5525 4759 5379 5140 5694 5514 5413 5240 5173 5345 5458 5042 5582 5677 5355 5073 5326 4992 5067 5866 5387 5586 5184
5886 5155 5377 4788 5353 5317 5124 4867 4845 5321 4967 5341 5115 4807 5002 5142 5652 5311 5265 5109 5438 5102 5054 5095 4685 4736 5376 5683 4933 4868 4701 4916 5479 4813 5522 5386 4880 5124 4997 5365 5361 4976 5526 4835 5060 4797 5299 5072 5146 5296 5612 5330 5326 5899 5526 5479 5250 5223 5161 5556 5473 5223 5742 5058 5657 5044 5174 5000 4991 4946 5248 5654 4972 5089 5800 5312 5040 5593 5204 5177 4930 5007 5233 5302 5202 5031 4663 5138 5291 4817 5287 5390 5288 4755 5034 5590 5139 5207 4968 5033 5157 5135 4869 5429 5294 5263 5056 5052 5101 5120 5508 4936 5636 5056 5089 5470 4769 5036 5133 5417 5418 5573 5244 5143 4995 4778 4975 5101 5045 5294 5251 5732 5180 5123 5511 5282 5133 5385 5064 5466 5047 5716 4644 5555 5431 5323 5078 5007 4996 5804 4976 4985 4761 5183 4962 4922 4870 5483 5220 5144 4878 4792 5408 5448 4849 4705 4885 5259 5035 5227 5527 5078 4680 4725 5203 5239 5199 4806 4716 4872 5446 5036 5345 5325 5280 5085 5208 5309 5562 4701 5649 5067 4716 4955 4962 5343 5290 5205 5625 5111 5315 4939 5204 5158 5268 4628 5379 5214 5130 5203 5178 5422 5106 5341 5414 5356 5101 5220 5246 5169 4767 5064 5366 5120 5124 5269 5248 5336 5286 4725 4851 5177 5280 5284 4685 5053 5205 5158 5489 5023 5054 5053 5095 5030 4762 5453 5147 5183 4972 5066 4773 4919 5514 4919 5087 4889
5807 5503 5415 4982 5298 5424 5239 5208 5084 5395 4984 5533 4761 5086 4866 5084 5541 5331 5057 5200 5488 4981 4966 5177 5010 4833 5229 5774 4968 4918 4707 4893 5608 4886 5521 5484 5099 5301 4998 5063 5402 4731 5466 4801 5121 4944 5307 5240 5076 5269 5544 5591 5285 5673 5503 5332 5267 5516 5399 5343 5536 5284 5929 5016 5665 4917 5306 4741 5224 4926 5081 5454 5324 4752 5594 4966 4937 5679 5291 5069 5175 5229 5378 5161 5394 5153 4984 5252 5283 4727 5294 5368 5515 5176 5160 5675 5093 5163 5202 5110 5413 5235 4999 5421 5243 5067 4918 5013 4992 5189 5489 5060 5473 5312 5120 5295 4636 5272 4829 5558 5283 5449 5184 5442 4879 4809 5099 5087 4919 5426 5012 5732 5367 5073 5555 5270 5056 5395 5099 5492 5176 5743 4828 5418 5470 4999 5264 5205 5055 5649 4975 5319 4825 5433 5087 4979 5104 5523 5454 5170 4901 4901 5289 5565 5279 5073 5159 5788 4860 5179 5525 5253 5017 5182 5092 4964 5410 4825 4979 4943 4934 4874 5197 5308 5306 4946 5191 5345 5483 4559 5371 5159 4756 4961 5195 5603 5382 5145 5406 5175 5156 5048 5510 5237 5249 4708 5213 5415 5457 5412 5242 5267 5000 5427 5647 5327 5038 5297 5487 4925 4747 5153 5452 4878 5120 5175 5306 5187 5583 5028 4888 4901 5370 5255 4581 4994 5065 5382 5322 5091 5092 4993 5366 5161 4848 5077 5485 5107 4873 5056 5141 5033 5586 5196 5321 5207
5814 5691 5311 5176 5741 5190 5302 5375 5103 5529 5530 5731 5293 5408 4986 5310 5585 5581 5316 5342 5670 5319 5467 5192 5044 4889 5378 5841 5211 5296 4698 5093 5793 4968 5501 5520 5223 5546 5037 5471 5766 5095 5556 4959 5587 4900 5412 5237 5459 5536 5657 5853 5273 5814 5624 5729 5723 5532 5311 5664 5799 5615 6012 5287 5391 5056 5487 5297 5219 5126 5489 5749 5055 5176 5995 5738 5493 5752 5584 5359 4911 5321 5545 5340 5601 5024 5022 5342 5248 5035 5613 5477 5437 5281 5027 6098 5184 5242 5417 5467 5517 5306 5365 5452 5426 5527 5224 5348 5324 5559 5485 5462 5945 5282 5210 5764 4928 5448 5308 5781 5617 5749 5407 5483 5003 4826 5184 5550 5412 5585 5297 6020 5849 5567 5829 5773 5169 5588 5132 5632 5353 6067 5090 5690 5720 5460 5477 5258 5221 5939 5458 5367 5098 5390 5295 5009 5260 5590 5433 5648 5165 5156 5685 5897 5483 5096 4980 5454 5308 5487 5568 5229 4913 5222 5202 5229 5345 5296 5225 5379 4995 4944 5497 5541 5473 4944 5639 5631 5861 4741 5888 5210 5226 5352 5483 5395 5673 5200 5887 5490 5495 4912 5683 5352 5511 4939 5227 5593 5426 5442 5513 5700 5157 5644 5581 5708 5417 5190 5610 5097 4684 5112 5838 5127 5098 5369 5405 5425 5488 4899 5228 5305 5680 5495 4723 5577 5110 5540 5792 5484 5164 5339 5244 5445 4958 5635 5275 5114 5398 5411 5140 5231 5760 5019 5448 5387
5681 5501 5577 4720 5281 5107 5056 5441 5293 5250 5417 5757 5138 5043 4763 5000 5197 5296 5252 5467 5663 5018 5096 5345 4959 4763 5090 5509 5096 5277 4536 5293 5430 4950 5426 5453 4847 5163 5251 5339 5546 4923 5312 4641 5276 4719 5119 4965 5120 5262 5551 5206 5301 5662 5531 5518 5194 5397 5009 5402 5485 5615 5835 5038 5629 5067 5265 4795 4955 5195 5284 5427 5283 5053 5768 5378 4902 5654 5117 5054 5055 5205 5232 5353 5161 5230 5099 4961 5211 4881 5394 5091 5324 5134 4792 5720 4871 5475 5144 5154 5032 5083 4932 5331 4963 5225 5059 5101 5126 4987 5367 5199 5805 5205 5189 5596 4853 5351 5181 5582 5373 5564 5191 5514 4588 4828 5107 5139 4917 5323 5146 5727 5581 5472 5469 5234 5386 5184 5146 5519 5400 5899 4852 5604 5544 5304 5394 4973 5018 5786 5169 5115 4793 5307 5008 4970 4812 5390 5228 5133 4802 4901 5485 5635 5097 5062 5260 5600 5113 5414 5555 5340 4808 5074 5094 5078 5144 4942 4899 4944 4925 4881 5406 4867 5027 4995 5500 5583 5437 4673 5328 5185 4999 5051 5313 5154 5082 5007 5466 5011 5090 5154 5489 5065 5290 5011 5167 5305 5139 5261 5340 5145 5235 5629 5576 5381 5186 5269 5306 4956 4570 4927 5467 4955 5058 5434 5488 5272 5606 4904 5330 5158 5401 5442 4834 5139 4983 5366 5389 5236 4764 5065 5245 5123 4695 5563 5062 5187 4904 5298 4844 5110 5524 4821 5284 5067
5919 5600 5727 5404 5625 5609 5242 5568 5357 5450 5262 5782 5304 5265 5168 5440 5522 5794 5628 5454 5923 5297 5528 5479 5224 5392 5584 5895 5068 5183 4783 5187 5906 5022 5816 5414 5384 5554 5328 5562 5657 5241 5671 4868 5680 5027 5515 5229 5218 5543 5886 5734 5330 5891 5730 5584 5654 5525 5546 5694 5651 5537 5919 5364 5695 5275 5522 5147 5418 5253 5781 5683 5183 5230 5929 5505 5268 5737 5389 5232 5290 5350 5555 5325 5614 5159 5209 5417 5568 5099 5595 5551 5445 5406 5091 6081 5314 5558 5218 5290 5470 5494 5571 5651 5519 5458 5253 5325 5439 5573 5546 5260 5865 5503 5189 5827 5105 5332 5296 5838 5249 5782 5382 5693 5182 5196 5383 5399 5157 5599 5303 5974 5508 5483 5529 5465 5437 5722 5371 5684 5328 5955 5150 5673 5658 5473 5864 5308 5118 5886 5551 5363 5348 5660 5404 5216 5402 5852 5398 5661 4970 5312 5793 5721 5234 5543 5479 5729 5307 5535 5695 5468 5051 5329 5121 5277 5674 4964 5188 4977 5054 5148 5720 5537 5601 5213 5724 5740 5715 5158 5721 5548 5124 5310 5440 5546 5678 5542 5644 5274 5497 5306 5739 5403 5523 5161 5075 5691 5672 5674 5631 5397 5370 5818 5740 5572 5433 5694 5484 5182 4960 5656 5628 4979 5352 5466 5619 5462 5746 5138 5324 5206 5453 5514 4982 5466 5262 5476 5831 5624 5285 5311 5327 5509 5091 5770 5492 5150 5437 5433 5326 5125 5907 5200 5484 5324
5600 5065 5265 4765 5295 5078 4970 5086 4823 5052 4899 5195 4975 4825 4680 4837 5425 5072 4889 5075 5335 5148 4930 5207 4887 4679 5193 5417 4730 4983 4438 4886 5487 4818 5309 5210 4840 5085 5057 5121 5050 4700 5311 4508 5060 4592 4949 5376 4773 5116 5156 5336 5351 5687 5279 5511 4925 5068 5120 5116 5469 5260 5646 5176 5247 4724 5084 4527 4586 4810 5056 5127 4713 4658 5570 5119 4709 5484 5093 4817 4726 4893 5114 5098 5216 4860 4832 4790 5161 4912 5132 5116 4903 4790 4729 5390 5001 5176 4765 4813 4937 4814 5068 4995 4965 5353 5037 4935 5182 5068 5368 4955 5173 4980 5014 5257 4536 4872 4693 5378 5210 5491 5027 5334 4460 4700 5032 4897 4940 5088 4923 5775 5153 5169 5380 5249 4607 5127 5130 5438 5053 5471 4764 5435 5214 4944 5056 4890 4905 5415 5234 5214 4407 4998 5053 4813 4650 5210 5086 5026 4514 4856 5031 5427 5091 4681 4890 5293 5024 4920 5281 5174 4517 4843 5048 4911 5083 4941 4678 4737 4644 4767 5383 5145 5209 4686 5140 5136 5379 4492 5366 5107 4700 5005 5000 5070 5235 5018 5155 4924 4992 5068 5345 5018 5099 4936 5017 5266 4981 5198 5017 5292 5164 5261 5094 5109 4917 5242 5258 4766 4543 4829 5407 4573 4872 4795 5403 5373 5276 4755 4683 4856 5235 5167 4346 4777 5010 5141 5369 4916 4870 4805 4927 4801 4811 5264 4990 5226 4842 5019 4944 4996 5658 5056 4989 4930
5799 5470 5328 5101 5437 5072 5217 5436 4903 5327 5167 5403 4933 4926 5010 5326 5407 5319 5147 5241 5314 4863 5086 4917 4718 4767 5376 5642 4967 5077 4658 5160 5493 4716 5373 4916 5221 5130 5032 5121 5640 5007 5419 4841 5194 4774 5019 5065 5212 5413 5551 5360 5133 5457 5523 5395 5201 5314 5147 5459 5449 5485 5650 5219 5723 5099 5001 4947 5174 5046 5446 5463 5220 4747 5530 5529 4947 5423 5096 4979 4745 5087 5336 5315 5429 5080 4956 5260 5323 4805 5340 5182 4930 4886 5145 5622 5040 5342 4984 5150 5098 5014 5210 5128 5040 5386 4832 5323 5289 5415 5324 4892 5390 5279 5227 5301 4634 5360 5078 5769 5192 5614 5008 5410 5032 4884 5153 5313 4917 5244 4911 5783 5445 5126 5236 5398 5197 5305 4996 5322 5103 5685 4983 5548 5557 5053 5357 5132 5096 5588 5171 5110 4912 5389 4997 4882 5116 5430 5275 5100 4847 4817 5201 5482 5247 5057 5189 5336 4990 5253 5551 4993 4688 5018 5147 5221 5279 4923 4761 5083 5010 4787 5205 5257 5194 5129 5339 5450 5550 4671 5402 5138 4886 5033 5237 5190 5254 5138 5522 5117 5019 5200 5379 5209 5466 4608 5050 5398 5304 5185 5087 5153 5066 5382 5256 5377 5253 4868 5393 4945 4597 5146 5579 5007 5195 5042 5269 5043 5482 4829 4977 5198 5350 5560 4608 5207 4972 5530 5342 5150 4742 5335 5173 4992 4844 5614 5295 5102 5107 5127 4999 5104 5696 5054 5291 5059
5496 5026 5215 4862 5238 5162 5034 5105 4839 5193 4976 5614 4877 4960 4921 5309 5320 5191 5158 5123 5376 4976 5086 4865 5018 4902 5132 5652 5038 4657 4578 4762 5187 4660 5305 4906 5010 5311 4640 5140 5369 4893 5623 4488 5198 4538 5034 4766 4844 5180 5445 5213 5033 5552 5241 5396 5100 5272 4782 5317 5571 5231 5584 4793 5589 5034 4969 4507 4857 5174 5199 5514 5087 4826 5523 4983 4837 5419 5003 4893 4930 5064 5294 5213 4971 5368 5087 5201 5010 4661 4941 5314 5345 5024 4805 5499 4606 5505 4672 5072 5142 5011 4868 5093 4799 5175 4925 4906 5039 5028 5449 5146 5432 4859 4906 5366 4529 5185 4972 5355 5163 5361 5120 5017 4694 4921 5091 4992 4805 4928 5025 5542 5296 5254 5331 4882 5005 5252 5117 5468 5010 5593 4555 5498 5286 5243 5067 5021 4798 5399 5146 5105 4881 4905 4797 4887 4896 5211 5279 4987 4770 4953 5052 5538 4817 4862 5052 5231 4600 5241 5314 5205 4627 5275 5099 5145 5136 4870 4763 4997 4933 4812 5359 5388 5139 4869 5394 5204 5350 4731 5182 4960 4669 4739 5106 4924 5198 4898 5308 5153 4958 5036 5389 5035 4896 4807 4957 5220 5141 5050 5005 5206 5087 5434 5099 5224 5323 5214 5111 4775 4790 5034 5638 4728 5000 5017 5087 5310 5342 4685 4735 4971 5136 5152 4451 5008 5027 5118 5299 5009 5122 4995 4965 4867 4932 5132 5069 4806 4979 5480 4879 4872 5747 4676 5191 5139
5340 5125 5004 4832 5278 4814 4738 4960 4867 5119 5119 5085 4659 4740 4624 4871 5162 5244 5125 4566 5410 4765 4780 4626 4462 4522 5017 5193 5007 4676 4374 4617 5291 4320 5219 4897 4859 5180 4762 4969 5452 4728 5126 4352 4951 4616 4997 4663 4805 5076 5162 5054 4765 5176 5038 5025 4830 5068 4851 5293 5190 5075 5524 4651 5356 4752 5092 4445 4676 4671 5113 4979 4877 4761 5365 4989 4883 4997 4794 4578 4807 4686 4929 4841 5002 4765 4635 4937 4788 4534 4769 4977 4594 4867 4667 5328 4667 5078 4545 4879 5028 5058 4867 5078 4746 5110 4910 4808 4885 5044 4857 4831 5355 4827 4939 5235 4514 4620 4686 5435 5098 5090 4777 4838 4465 4665 4726 4860 4436 5073 4591 5192 5323 4752 5057 5009 4677 5283 4600 5249 4928 5271 4629 5141 5237 4902 4831 4677 4823 5154 5074 4747 4771 5048 4606 4765 4557 5141 5029 5289 4663 4988 5123 5499 4809 4833 4886 4999 4839 5026 5230 4957 4597 4819 4923 4814 4973 4727 4666 4739 4791 4525 5030 4994 5031 4512 5018 4989 5317 4386 5175 4616 4756 4996 4701 4817 5241 4943 5030 4944 4968 4797 5189 4721 4992 4410 4861 5142 5032 5126 4950 4978 4927 5348 5036 5299 4980 4775 5222 4522 4481 4982 5243 4676 4897 4930 4897 4777 5199 4724 4541 4793 4985 4784 4421 4863 4605 5026 5367 5015 4792 4949 4568 4782 4656 5088 4900 4887 4782 4597 4750 4586 5347 4762 5003 4951
5433 5287 4876 4707 5218 5073 4813 5010 4605 4877 4847 5213 4616 4829 4522 4888 5239 4952 4976 4829 5266 5029 4750 4702 4996 4438 4879 5394 4765 4695 4502 4609 5161 4455 5116 5052 4661 5165 4507 4699 5118 4692 5047 4441 4818 4605 4864 4885 4906 4921 5253 5310 4973 5168 5193 4648 4760 5007 5008 5085 5034 5186 5420 4814 5353 4777 4889 4658 4689 4653 5098 5151 4861 4599 5403 4990 4894 5079 4812 4726 4842 4797 4998 4977 5279 4797 4850 4919 4993 4411 4895 5180 4964 4847 4555 5475 4911 4798 5080 5199 4890 4682 5048 4972 4995 5063 4670 4828 4926 5058 5055 4770 5191 5131 4863 5404 4605 5026 4570 5420 4858 5406 4995 5309 4612 4684 4713 4685 4847 4862 4965 5240 4968 5047 5223 4878 4580 5171 4666 5144 4840 5369 4379 5180 5108 4863 5175 4582 4728 5451 4834 4952 4592 5181 5072 4466 4926 5069 4689 4936 4802 4832 5259 5274 4880 4865 4873 5070 4851 4889 5113 4940 4813 4560 4843 4630 4995 4688 4994 4507 4649 4763 5027 4835 4903 4714 5091 5243 5364 4569 5158 4827 4857 4831 4565 5279 4858 4941 5053 4700 4763 4862 5047 4898 5212 4445 4950 5106 4948 5099 5060 4937 4688 5153 5301 5127 5029 5211 4919 4664 4562 4870 5330 4673 4743 4927 4978 5103 5409 4810 4691 4877 5296 5155 4719 4892 5021 5260 4978 4784 4637 4725 4869 5023 4578 5185 4835 4604 4695 5042 4731 4725 5283 4902 5179 4805
6110 5821 5665 4978 5733 5495 5276 5399 5147 5753 5369 5625 5168 5200 4918 5292 5644 5369 5439 5358 5775 5349 5088 5176 5065 4798 5375 5671 5347 5214 4837 5245 5758 4911 5434 5406 5052 5568 5307 5513 5823 5230 5414 5092 5356 5054 5013 5468 5332 5526 5774 5472 5654 5881 5564 5661 5225 5342 5523 5514 5615 5559 5808 5553 5479 5125 5421 5064 5085 5082 5486 5617 5385 5207 5589 5453 5232 5594 5468 5442 4989 4946 5555 5520 5564 5174 5031 5385 5400 5102 5614 5507 4968 5313 5007 5833 5188 5530 5356 5358 5140 5134 5349 5536 5315 5422 5222 5585 5361 5120 5542 5286 5886 5462 5190 5659 4946 5459 5155 5809 5378 5949 5409 5480 5363 5103 5401 5125 4946 5218 5187 5938 5689 5522 5570 5739 5088 5614 5281 5573 5339 5875 5164 5646 5832 5439 5393 5226 5391 6148 5549 5172 5161 5442 5125 5133 5193 5487 5273 5409 4912 5073 5752 5826 5239 5260 5156 5699 5442 5463 5774 5322 4889 5157 5248 5366 5817 5233 5062 5467 5209 5000 5611 5181 5559 5266 5570 5570 5840 4979 5732 5221 5317 5227 5426 5627 5541 5233 5539 5202 5478 5181 5451 5223 5496 4871 5241 5546 5118 5587 5533 5435 5268 5483 5726 5722 5354 5519 5421 5084 5070 5412 5734 5068 5529 5464 5420 5592 5472 5285 5209 5243 5488 5400 5101 5416 5098 5568 5702 5340 5068 5348 5350 5432 4717 5564 5388 5483 5388 5352 5200 5160 5799 5048 5486 5128
5608 5358 5453 4740 5355 5259 5113 4918 4957 5241 4793 5324 4854 5137 4738 5003 5522 5061 5128 5078 5491 4848 5056 4982 4798 4722 5174 5677 5014 5016 4580 4813 5272 4783 5356 5367 4920 5371 5029 5263 5579 4717 5264 4784 5018 4804 5127 5297 4864 5335 5548 5100 5085 5723 5469 5380 4982 5095 4936 5584 5341 5045 5678 5070 5388 5006 5181 5060 4970 4978 5146 5282 4814 4866 5499 5029 4967 5559 5096 5240 4589 4739 5207 5098 5182 5095 4867 5062 5131 5049 5268 5255 5178 5045 4905 5461 4798 5298 5002 4817 4961 4754 4912 5128 5036 5276 5156 5186 5097 5256 5100 5085 5471 4976 4864 5418 4777 5249 4809 5263 5315 5354 5042 5196 4797 4728 4816 4818 5029 5141 5079 5416 5373 5266 5481 5290 4909 5180 5024 5575 5006 5437 4740 5075 5290 5333 5319 5119 5030 5634 5110 4991 4778 5241 4861 4658 4903 5146 4981 5302 4823 4819 5125 5609 4987 4895 5052 5481 5088 4946 5209 5117 4755 4991 5129 5010 5314 5062 4864 4837 4738 4933 5483 4998 5067 4805 5295 5266 5414 4502 5628 4717 4903 5132 4985 4935 5385 5066 5418 5084 5097 4840 5174 5143 5208 4666 4921 5228 5162 5140 5172 5070 4724 5397 5498 5286 5017 5026 5169 4824 4903 5251 5339 4843 5154 5119 5196 5330 5212 5155 4974 4744 5179 5188 4821 5336 4776 5459 5225 5136 4801 5228 5052 5316 4658 5565 5275 5174 5139 5198 4856 4902 5552 5262 5455 5200
5696 5394 5376 4892 5565 5380 5203 5325 4881 5287 4821 5645 5009 4869 5056 5156 5385 5279 5186 5204 5517 4985 5080 4940 4963 4970 5452 5546 5012 4744 4572 4852 5496 4855 5473 5206 5034 5455 4962 5431 5526 5055 5536 4795 5095 4969 5135 5118 4936 5170 5593 5508 5017 5539 5469 5292 5307 5337 5107 5446 5573 5329 5854 4954 5335 4788 5273 4791 5056 5119 5530 5453 5094 4657 5837 5190 5093 5643 5178 4925 4972 5218 5222 5292 5454 4989 5029 5044 5245 5013 5371 5394 5310 5298 4882 5575 4911 5392 5019 5061 5085 5032 5077 5189 5268 5403 4998 4861 5026 5285 5407 4912 5656 5141 4989 5674 4866 5040 5247 5554 5250 5611 5017 5292 4840 4827 4923 5196 5166 5357 4997 5472 5266 5264 5324 5063 5093 5311 5054 5662 5068 5613 4828 5479 5596 5349 5499 5040 4987 5859 5295 5046 4830 5341 4774 4763 5206 5455 5349 5209 4572 4948 5220 5795 5077 4942 5078 5569 4698 5140 5653 5230 4602 5320 5142 5052 5315 4964 4745 5169 5133 5086 5326 5414 5367 5131 5064 5155 5364 4927 5497 5220 4916 5071 5167 5370 5342 5245 5330 5022 5085 5092 5437 5190 5339 4724 5157 5329 5286 5453 5337 5357 5240 5248 5487 5211 5077 5339 5071 4895 4704 5395 5747 4592 5119 5041 5277 5398 5428 4849 5092 4973 5409 5176 4935 5123 5183 5366 5384 5098 5257 5125 5304 5055 4687 5559 5126 5088 4987 5134 5011 5202 5868 5202 5427 4810
5711 5437 5604 4927 5505 5242 4895 5329 5087 5300 5304 5386 4978 4987 4821 5390 5391 5512 5444 5381 5827 4933 5324 5052 4890 4864 5150 5499 5211 4984 4723 4962 5494 4786 5360 5344 4936 5113 4893 5197 5450 4737 5526 4741 5308 5026 5117 5106 4910 5296 5653 5612 5041 5708 5562 5376 5200 5287 5121 5781 5561 5223 5512 5262 5547 5018 5410 4932 4934 4961 5533 5559 5078 5220 5769 5387 5191 5570 5325 5093 5075 5219 5317 5136 5388 4983 4983 5301 5500 4945 5332 5311 5305 5105 4826 5643 4804 5354 4940 5263 5340 5047 5360 5111 5047 5171 5104 4959 5172 5201 5554 4856 5660 5216 5013 5700 4705 5027 5250 5604 5333 5680 5435 5306 4725 5033 5159 5296 5262 4971 5178 5684 5403 5125 5489 5092 4939 5470 5310 5526 5049 5856 4922 5257 5276 5132 5233 5164 5039 5703 5200 5086 4829 5289 4966 4994 4964 5468 5378 5140 4931 4980 5353 5548 5222 5069 4984 5239 5109 5329 5300 5166 4682 5142 5163 4876 5349 5056 4826 5077 5011 4767 5586 5340 5189 5113 5408 5529 5324 4990 5310 5152 4831 5310 5268 5549 5462 5093 5680 5058 5290 4886 5224 5259 5333 5122 5068 5420 5253 5306 5391 5195 5161 5069 5381 5547 5227 5086 5149 4926 4537 5181 5628 5009 4885 5190 5476 5432 5402 4874 4916 4873 5267 5298 4852 5188 5208 5503 5475 5293 5206 5128 4850 5325 4793 5495 5266 5157 5258 5244 5203 4951 5888 5108 5335 5160
5658 5668 5292 4732 5534 4869 5187 5366 5060 5264 5173 5576 5023 4920 4813 4910 5407 5194 5307 5137 5492 5064 5085 5035 4893 4927 5343 5622 4971 5043 4720 4935 5539 5026 5678 5490 5146 5101 5063 5435 5647 5342 5410 4785 5167 5029 5168 5171 5338 5224 5521 5341 5321 5717 5442 5348 5000 5262 5207 5570 5214 5271 5653 5233 5385 4779 5344 5027 4880 5011 5326 5485 5088 5119 5743 5361 5220 5777 5225 5081 5000 4897 5365 5134 5648 5203 5006 5310 5344 4966 5239 5221 5192 4758 5074 5914 4828 5614 4920 4862 5144 5169 5062 5110 4899 5321 4962 4930 5287 5149 5670 4927 5804 5329 5268 5669 4793 5026 4966 5401 5346 5616 5384 5274 4551 4879 5387 5179 5133 5158 4980 5496 5364 5311 5231 5472 4922 5631 5267 5781 5109 5956 4721 5670 5393 5096 5370 4850 5139 5529 5331 5013 4896 5449 5175 4766 4972 5392 5126 5178 5034 4787 5380 5878 5076 4955 5023 5195 5222 5299 5500 5040 4739 5425 5277 5185 5233 4730 5012 5175 4936 4831 5529 5341 5052 5012 5362 5496 5450 4815 5493 5129 4992 5197 5254 5230 5179 5087 5629 5249 5014 5128 5530 5055 5264 4923 5067 5441 5541 5213 4921 5142 4835 5436 5410 5454 5198 5087 5016 4998 4682 5121 5439 4812 5095 5239 5283 5722 5675 4943 5075 5336 5671 5203 5041 5263 5138 5393 5525 4800 4943 5112 5185 4934 5037 5427 5163 5271 5271 5338 5235 4989 5834 5219 5342 5141
5763 5658 5627 5099 5858 5372 5306 5425 5238 5504 5271 5695 5151 5326 5128 5413 5448 5379 5554 5431 5649 4894 5232 5146 5237 4877 5366 5756 5329 5169 4995 5158 5550 5097 5664 5561 5190 5414 5193 5623 5735 5217 5513 4976 5262 5025 5084 5038 5307 5289 5785 5231 5058 5861 5721 5546 5400 5389 5189 5759 5643 5465 5999 5355 5922 5174 5286 5147 4980 5030 5428 5649 5224 4875 5904 5466 5108 5448 5288 5342 5003 5139 5339 5494 5793 5257 5211 5470 5631 5026 5266 5365 5507 5433 5249 5927 5314 5351 5162 5339 5241 5318 5272 5312 5214 5272 4975 5009 5193 5480 5444 5101 5718 5487 5209 5774 4908 5345 5111 5658 5419 5791 5344 5425 5122 5046 5314 5323 4933 5342 5192 5733 5498 5281 5571 5553 5080 5571 5147 5648 5191 5950 4863 5782 5775 5272 5242 4860 5504 5768 5322 5238 5076 5522 5112 4928 5360 5384 5230 5258 4886 5321 5611 5597 5169 5233 5243 5510 5274 5641 5707 5434 4776 5324 5435 5273 5431 5213 5094 5406 5291 5072 5590 5438 5299 5255 5404 5790 5827 4746 5599 5177 5107 5352 5418 5529 5183 5485 5452 5228 5346 5233 5393 5456 5540 4774 5477 5565 5312 5286 5354 5510 5163 5369 5671 5519 5404 5351 5335 5282 4795 5104 5679 5138 5456 5565 5450 5499 5491 5139 5229 5179 5613 5605 5095 5289 5012 5520 5361 5341 5033 5378 5208 5400 4916 5760 5632 5243 5352 5338 5311 5024 6047 5322 5736 5213
5826 5604 5568 5203 5504 5209 5434 5155 4920 5369 5438 5750 5070 5290 4871 5172 5216 5296 5469 5360 5538 5245 5255 5173 4998 4841 5263 5691 5189 5129 4600 5210 5461 5290 5100 5102 5082 5484 5344 5349 5444 5180 5529 4941 5022 4806 5254 5372 5316 5532 5720 5284 5336 5652 5556 5601 5300 5364 5282 5448 5646 5558 5640 5457 5394 5103 5069 5031 4847 5217 5325 5642 5025 5253 5873 5267 5196 5499 5250 5145 5113 5097 5456 5143 5656 5164 5296 5181 5292 4710 5374 5320 4956 5106 5002 5450 5102 5565 5179 4995 5193 4966 5068 5190 5062 5367 4859 5132 5015 5092 5502 5345 5467 5324 5367 5586 4896 5339 5080 5657 5341 5574 5391 5035 4834 4833 5473 5077 5309 5232 4920 5783 5383 5508 5382 5345 4850 5255 5044 5543 5189 5678 4919 5528 5648 5458 5297 5084 4930 5596 5429 5122 5147 5502 4789 5053 5064 5420 5111 5160 4662 5002 5250 5524 5164 5146 5080 5549 5246 5365 5630 4932 4839 4926 5487 5057 5369 4941 4971 5080 5115 4825 5482 5264 5270 4870 5452 5422 5560 4855 5471 5193 5006 5204 5130 5340 5384 4965 5521 5138 5097 5220 5308 5240 5189 5105 5078 5481 4965 5088 5299 5336 5074 5279 5619 5423 5085 5285 5180 4846 4853 5227 5616 4967 5181 5166 5499 5429 5352 4997 5078 5226 5370 5388 4801 5363 5182 5358 5610 5046 4976 5319 5432 5028 4653 5322 5236 5059 5160 5060 4817 5352 5810 4954 5382 5018
6087 5265 5260 5019 5667 5176 4839 5515 5084 5321 5453 5455 5071 5208 4944 5202 5294 5219 5295 4942 5445 5012 5095 4986 5072 4972 5234 5662 5254 5019 4697 4921 5681 4992 5234 5034 5017 5260 5090 5384 5593 5130 5549 4567 5260 4900 5142 5059 5219 5228 5586 5622 5254 5508 5488 5425 5581 5374 5234 5505 5698 5257 5760 5289 5449 5082 5323 4945 5047 4933 5356 5468 5141 5023 5633 5299 5119 5403 5213 5156 4975 5162 5131 5198 5246 4965 5045 5266 5096 4782 5353 5347 5356 4874 4897 5430 4885 5098 5002 5199 5117 5192 5184 5387 5021 5065 4919 4870 5196 5198 5214 4974 5778 5232 5070 5257 4767 5175 4910 5659 5180 5438 5322 5097 4736 5055 4989 5325 5004 5574 4822 5691 5465 5356 5348 5520 5075 5664 5029 5652 4941 5744 4644 5603 5180 4982 5440 5078 5096 5706 5170 5133 5126 5319 4943 4950 4981 5515 5192 5185 4868 5120 5331 5745 5063 4958 5141 5274 5172 5209 5561 5160 4725 4997 5135 5248 5734 5157 4586 5193 5093 4959 5214 5528 5389 5018 5446 5296 5383 4538 5528 5162 5032 5258 5277 5452 5149 5153 5374 5013 5061 5176 5190 5037 5388 5107 5309 5462 5168 5381 5209 5302 5080 5164 5273 5392 5275 5400 5192 4905 4811 5016 5457 4961 5045 5130 5330 5145 5569 5031 4942 5168 5168 5300 4656 5279 5366 5180 5425 5268 5158 5293 5328 5155 4932 5207 5294 5214 4900 5117 5011 5121 5738 4903 5409 5155
6128 5393 5670 4895 5643 5509 5452 5436 5322 5477 5301 5728 5085 4999 4996 5223 5618 5399 5201 5429 5567 4898 5472 5451 5375 4960 5568 5541 5463 5149 4874 5324 5704 5041 5394 5192 5273 5504 5384 5438 5684 5163 5565 4911 5331 5221 5433 5177 5411 5436 5751 5680 5496 5734 5726 5763 5488 5676 5346 5640 5887 5660 5998 5413 5964 5293 5546 4990 5055 5034 5487 5787 5366 5171 5967 5524 5257 5574 5424 5463 5121 5176 5447 5639 5553 5182 5249 5417 5562 4941 5184 5278 5327 4939 4930 5852 5324 5475 5144 5389 5202 5214 5303 5359 4959 5114 5029 5211 5298 5435 5488 5094 5831 5459 5309 5787 4869 5287 5200 5614 5291 5854 5371 5327 5028 5078 5070 5461 5324 5482 5033 5948 5557 5363 5683 5670 5065 5578 5118 5721 5236 5870 4959 5677 5645 5529 5326 5141 5373 5791 5296 5422 5309 5354 5117 5232 5169 5419 5422 5347 5113 5228 5683 5534 5180 5128 5050 5574 5124 5330 5595 5437 4943 5342 5330 5424 5536 5073 5135 5371 5188 5090 5471 5247 5394 5162 5430 5607 5786 4928 5659 5309 5276 5277 5411 5353 5530 5449 5637 5390 5477 5548 5623 5304 5330 5085 5292 5634 5457 5375 5366 5792 5212 5706 5704 5341 5486 5274 5602 5254 4985 5289 5692 5234 5462 5252 5493 5489 5712 5022 5252 5351 5649 5566 5049 5273 5207 5589 5632 5094 5132 5440 5196 5229 5000 5732 5387 5213 5240 5129 5341 5120 5913 5431 5617 5153
5603 5275 5247 4910 5499 5254 4913 5158 4978 4895 5287 5440 4967 4783 4574 5105 5458 5334 5231 5063 5370 5084 5062 4868 4755 4797 5346 5427 4913 4896 4747 4854 5166 4862 5228 5214 4981 5177 5051 5356 5168 4838 5575 4731 5134 4734 4918 5268 4810 5464 5202 5543 4956 5279 5550 5189 4988 5101 5135 5326 5296 5291 5640 5270 5671 4695 4985 4697 4833 4980 5257 5488 5192 4807 5681 5216 5103 5551 5108 5058 4936 4783 5233 5233 5659 4894 4896 5200 5339 4749 4876 5201 5016 4916 4912 5590 5040 5198 4836 4968 4908 5306 5148 4788 4900 5509 4529 4809 5154 5158 5154 4866 5483 5231 5119 5458 4497 5209 4974 5429 4947 5740 5099 5275 4786 4610 4789 5145 5067 5007 5034 5555 5010 5086 5269 4934 4981 5188 4915 5476 5056 5655 4789 5152 5225 5177 4951 4976 5196 5486 5293 4898 4639 5031 4876 4799 5181 5119 5062 5234 4746 4801 5000 5460 4974 5061 4868 4963 5103 5148 5051 4980 4532 4821 5047 4945 5009 5022 4673 4793 4802 4621 5265 5238 5368 4984 5159 5538 5280 4704 5544 4893 4593 5159 5156 5101 5117 4904 5170 4959 5126 5214 5275 5055 5275 4630 4894 5368 5407 5192 5250 5044 4926 5472 5346 5338 4995 5145 5048 4943 4921 4956 5439 4797 5057 5061 5243 5211 5453 4826 4863 4938 5138 5172 4674 4815 5197 5315 5188 5084 5079 5174 4915 5062 4917 5271 5100 5017 4809 5118 4873 4942 5706 5082 5092 4903
5734 5419 5471 5054 5373 4891 4981 5350 4858 5213 5356 5634 5186 4933 4985 5173 5461 5327 5528 5274 5304 4860 5062 4831 4860 4774 5340 5767 5004 5341 4894 5035 5409 4797 5353 4918 4885 5162 5073 5069 5496 5075 5244 4889 5114 4896 5437 5107 4909 5286 5508 5268 5086 5617 5501 5252 5215 5470 5145 5596 5600 5245 5861 5389 5946 5131 5190 4842 5031 5267 5394 5710 5030 4936 5834 5325 5043 5466 5045 5293 5028 4980 5198 5266 5494 5010 5059 5090 5228 4924 5597 5405 5226 5024 4813 5715 5149 5555 4788 5220 4925 4992 5135 5149 5051 5369 5244 5081 5302 5479 5308 5047 5779 5052 5000 5462 5090 5213 5019 5844 5353 5608 5489 5448 4803 4813 5490 5563 5003 5441 5234 5734 5573 5338 5395 5484 5081 5128 4996 5715 5057 5781 4573 5714 5292 5125 5319 5081 4976 5456 5157 5085 4972 5332 5049 4928 5100 5636 5058 4889 4927 4962 5363 5533 5072 5119 4983 5256 4926 5045 5615 5214 4741 5000 4905 5195 5336 5166 5153 5195 5085 5139 5587 5315 5102 5060 5147 5233 5761 4942 5622 5242 5121 5391 5151 5429 5404 5332 5476 5083 5037 5277 5638 5231 5195 4881 5252 5401 5332 5253 5275 5099 5090 5571 5383 5386 4988 5321 5337 5019 4923 5027 5384 4784 5139 5270 5432 5347 5308 5058 4917 5102 5587 5362 4612 5292 4871 5521 5526 5091 4684 5239 5354 4859 4736 5474 4826 5170 4965 5313 5012 5203 5960 4733 5205 5012
5911 5322 5300 4874 5561 5398 5130 5014 4917 5314 5042 5627 5105 5125 4937 5137 5404 5417 5208 5107 5618 5180 5292 5068 5159 4854 5546 5609 4996 4753 4836 4976 5625 4863 5525 5020 5309 5371 5228 5253 5468 5018 5481 4664 5108 4671 5195 5449 5120 5338 5509 5471 5182 5538 5367 5695 5360 5359 5143 5333 5273 5456 5641 5141 5693 4909 5283 4750 4747 5145 5163 5290 4792 4952 5912 5339 5125 5480 5173 5256 4957 5158 5385 5401 5387 5368 4916 5199 5387 4906 5392 5227 5167 5148 5157 5650 5116 5635 4994 5317 5100 5294 5111 5408 5207 5481 5045 5178 5318 5214 5229 4796 5613 5269 5177 5614 4707 5193 5154 5765 5122 5403 5254 5463 5154 4758 4979 5126 4872 5227 5281 5576 5363 5143 5352 5117 4833 5355 5141 5499 5208 5815 4771 5676 5576 5231 5264 5050 5105 5835 5240 5259 5099 5392 4996 4914 4913 5355 5237 5410 4764 5127 5506 5500 4994 5362 5047 5353 5153 5393 5523 5101 4701 5136 5052 5296 5109 4899 4961 5181 4985 5040 5360 5168 5302 4936 5544 5506 5521 4733 5494 5249 4691 5178 5273 5395 5290 5472 5384 5090 4938 5244 5458 5201 5206 4829 5208 5495 5196 5572 5307 5188 5224 5566 5328 5533 5186 5195 5354 5097 4699 5058 5744 5080 5090 5334 5436 5444 5530 4815 5013 5182 5580 5405 4528 5035 5060 5189 5714 4926 4735 5308 5228 5166 5031 5417 4935 5242 5100 5395 5056 4965 5692 5087 5403 4980
5709 5523 5337 4854 5655 5106 5175 5479 4885 5359 4868 5505 4888 4897 4968 5128 5167 5551 5137 5134 5377 4923 5416 5183 4862 4924 5101 5662 4940 5294 4732 4957 5668 4903 5565 5279 5195 5472 5004 5495 5339 4817 5338 4933 5227 4824 5003 5271 4991 5275 5821 5708 5281 5569 5495 5503 5383 5198 5048 5596 5705 5434 5855 5118 5541 4979 5212 4840 5117 4938 5243 5302 4932 5117 5629 5028 5080 5445 5582 5208 5095 4991 5224 5124 5276 5271 5105 5214 5104 4911 5540 5503 5417 5158 4873 5634 4785 5289 4829 4999 5433 5242 5136 5392 5120 5223 5087 5122 5244 5635 5375 5230 5797 5062 5142 5492 4672 5348 5014 5420 5438 5475 5269 5425 4894 4798 5033 5346 4894 5618 4966 5644 5614 5230 5636 5302 5226 5631 4926 5757 4920 5699 4757 5527 5404 4981 5475 5156 4815 5798 5295 5133 4859 5089 5209 4762 5040 5602 5352 5365 5069 5027 5389 5526 5315 5060 5033 5346 4872 5347 5641 5169 4805 5198 5285 5002 5482 4930 4751 5034 4976 4947 5262 5466 5490 5214 5462 5641 5588 4532 5573 4940 4801 5403 5190 5270 5356 5299 5528 4975 5170 5027 5325 5148 5122 5117 5167 5232 5133 5013 4945 5059 5064 5617 5496 5530 5262 4979 5496 5176 4681 5174 5243 5062 5300 5076 5339 5275 5381 4792 5167 5108 5400 5222 4962 5171 5254 5227 5595 5224 5010 5280 5178 4995 4992 5327 5312 5059 5164 5215 4918 4813 5654 4940 5085 5352
5168 4897 4847 4301 5170 4950 5070 4829 4616 4808 4832 4910 4663 4724 4474 4792 4879 5017 4925 4904 4768 4715 4621 4765 4697 4499 4753 5335 4677 4835 4354 4473 5099 4513 4917 5012 4700 4909 4737 5282 5096 4537 5060 4684 4683 4686 4663 4807 4814 4969 5177 4948 5059 5136 4966 4968 4878 4655 4677 5137 5355 4688 5378 4898 5328 4607 4942 4698 4828 4691 5106 4986 4352 4512 5438 4860 4619 5263 4608 4799 4417 4628 4847 5100 5007 4678 4858 4962 4756 4445 4782 4915 4892 5134 4676 4972 4081 4756 4603 4900 4839 4762 4762 4941 4660 4799 4743 4584 4638 5067 5056 4587 5220 4581 4585 5152 4369 4859 4535 5178 4910 5308 4745 5205 4512 4442 4603 4843 4656 4821 4670 5387 4769 4910 5205 5004 4625 5210 4621 5295 4554 5335 4698 5084 4923 4836 4972 4844 4841 5341 4837 4829 4707 4900 4843 4606 4505 5064 4913 4916 4622 4744 5032 5325 4848 4819 4666 5108 4892 4990 5103 5095 4194 4987 4805 4508 5040 4651 4499 4411 4259 4620 5193 5204 5209 4886 5145 5038 5099 4483 5013 4556 4691 4721 4870 4837 4978 4955 5001 5045 4970 4458 4996 4699 4911 4662 4630 5205 4752 4968 4666 4979 4885 4894 4772 4964 4948 4795 5186 4879 4167 4608 5050 4698 4714 4688 5094 4989 5263 4607 4655 4685 5095 4873 4576 4633 4758 4713 4967 4818 4481 4812 4497 4968 4720 5033 4884 4792 4768 4969 4601 4566 5312 4775 4952 4586
6018 5287 5387 4970 5267 5080 5191 5438 4950 5437 5309 5377 4958 4966 4701 5028 5422 5285 5296 5104 5486 4934 5052 5160 5204 4725 5246 5320 4921 4952 4690 4940 5657 4901 5218 5164 4754 5312 4912 5448 5351 4656 5672 4779 5134 4846 5135 5061 4958 5121 5526 5105 5042 5351 5305 5264 5055 5033 4891 5055 5461 5271 5407 5174 5398 4984 5044 5008 4958 4916 5273 5227 5134 4813 5679 5122 5101 5247 5075 5336 5077 4774 5060 5299 5388 5039 4865 5118 5066 4901 5294 5304 5186 5137 4702 5578 4744 5265 4727 4926 5130 5011 5242 5189 4963 5406 5018 4849 5210 4966 5314 4964 5548 5043 5063 5476 4830 5049 4816 5715 5095 5383 5034 5181 4803 4702 5115 4815 4744 5245 4991 5539 5476 5213 5508 5105 5075 5385 4952 5153 5117 5411 4852 5440 5162 5035 5391 5218 4757 5746 5104 5167 4855 5080 5066 5043 4723 5377 5115 5066 4640 4938 5423 5392 4973 4886 5061 5282 4891 5233 5461 4964 4815 5003 4955 5219 5340 5202 4766 4915 4988 4846 5563 5232 4877 5173 5157 5276 5522 4695 5520 5150 4936 5099 5004 5331 5282 5351 5449 5115 5229 4954 5411 5020 5319 4847 5046 5136 5388 5239 5213 4905 5023 5066 5478 5401 4839 5255 5359 5010 4566 5258 5250 5022 4980 5166 5143 5176 5261 4853 4992 5002 5297 5207 4363 5162 5188 5312 5386 5093 5179 4889 5032 5327 4805 5237 5127 5270 5152 5190 4542 4969 5471 5065 5159 5214
5618 5022 5333 4731 5394 5001 4815 5066 4702 5062 5051 5283 4729 4834 4758 4917 5186 5030 5058 5012 5089 4934 4978 4933 4859 4589 5309 5286 4853 4903 4477 4785 5228 4480 5112 4824 4825 5161 4810 5034 5268 4691 5098 4604 4804 4576 4882 4865 4874 4884 5589 5245 5029 5326 5328 5087 4884 5186 4845 5202 5452 4944 5598 4944 5030 4715 5101 4783 4786 4846 5098 5139 4752 4541 5619 4894 4948 5246 4932 4972 4803 4893 5138 4870 5230 4797 4768 4831 5079 4512 4790 5371 5090 4836 4657 5315 5127 5073 4712 4840 4888 4701 5130 5130 4898 4849 4831 4637 5169 5059 5264 4583 5428 5035 4993 5124 4638 4846 4648 5364 4914 5420 5271 5086 4692 4539 5079 4780 5025 5076 4839 5253 5131 5097 5515 5072 4924 5174 4935 5546 5041 5369 4548 5256 5121 4808 5084 4858 4753 5417 4872 5098 4715 5291 4782 4737 4756 5411 4783 5084 4492 4711 5181 5176 4897 4863 4619 5344 5067 5055 5361 4830 4761 4770 4993 4710 5230 4823 4638 4878 4610 4821 5116 5119 5264 4559 5153 5306 5190 4536 5235 4835 4670 4968 4719 5121 5096 5120 5163 4806 4765 4897 5061 5121 5133 4738 5097 5205 4901 5061 5149 4870 4812 5208 5408 4950 5180 5083 5264 4756 4394 5041 5241 4713 4800 5027 5231 5034 5186 4708 4889 4965 5150 5109 4569 4878 4668 5104 5029 4769 4690 4880 4976 4846 4683 5167 5286 4950 4933 4859 4861 4870 5447 4716 5006 4808
5382 4664 5097 4761 5004 4645 4690 4764 4431 4515 4699 5106 4599 4639 4430 4852 5118 4758 4835 4781 5128 4782 4370 4537 4476 4625 4961 5226 4711 4725 4101 4621 5161 4458 4821 4785 4738 4895 4674 4942 5103 4509 4782 4468 4582 4312 4763 4760 4459 4767 5285 5167 4959 5284 5040 5123 4836 5118 5069 5053 4773 5070 5026 4991 5275 4604 4855 4125 4628 4817 4947 4695 4714 4681 5346 4849 4325 5145 4490 4638 4697 4620 5107 4534 5122 4610 4396 4701 4777 4531 4791 4928 4504 4754 4654 5164 4673 4975 4613 4722 4806 4725 4910 4880 4710 4977 4484 4875 4848 4974 4966 4594 5016 4719 4659 4937 4365 4521 4703 5302 4496 5251 4840 4914 4290 4536 4749 4733 4854 4812 4907 5459 5116 4765 4895 4811 4351 4843 4554 5089 4706 5233 4443 4809 5128 4877 4717 4555 4636 5118 4868 4695 4360 5076 4521 4591 4536 5041 4725 4699 4228 4857 4888 5041 4663 4616 4603 5278 4794 4886 4940 4602 4322 4713 4900 4714 4932 4581 4470 4984 4827 4793 4691 4856 4582 4714 4716 4841 4976 4504 4842 4534 4674 4717 4733 4874 4882 4672 4929 4609 4892 4545 4832 4676 4746 4427 4785 4881 4443 4844 4690 5035 4909 4722 4963 5258 4808 4556 4779 4622 4298 4912 5191 4457 4745 4930 5075 4888 5116 4524 4564 4725 4938 4901 4196 4666 4741 4753 5165 4274 4620 4832 4652 4508 4824 4885 4694 4971 4567 4583 4449 4598 5165 4331 4772 4582
5935 5571 5663 5257 5722 5288 5489 5437 5151 5558 5518 5639 5066 5159 5095 5090 5610 5464 5491 5346 5543 5300 5328 5327 5161 4950 5530 5715 5210 5544 4880 5354 5704 4964 5482 5478 5238 5281 5324 5335 5614 5117 5572 4837 5314 5055 5625 5431 5013 5516 5914 5664 5367 5784 5586 5495 5203 5668 5364 5651 5617 5413 6016 5344 5735 5009 5718 5193 4906 4940 5625 5797 4876 4961 6122 5473 5374 5885 5386 4983 5141 5209 5466 5290 5781 5176 4886 5283 5564 4963 5618 5694 5513 5212 4944 5849 5261 5871 5126 5198 5315 5482 5364 5252 5362 5611 5274 5201 5386 5315 5683 5288 6005 5389 5238 5847 5069 5031 5192 5866 5461 5884 5362 5557 5170 4996 5343 5129 5213 5609 5330 5695 5294 5375 5634 5595 5266 5638 5226 6023 5337 5911 5311 5889 5609 5250 5367 5282 5141 5740 5376 5307 5094 5658 5251 5300 5212 5660 5584 5402 4698 5092 5571 5779 5282 5406 5089 5443 5364 5394 5609 5196 5054 5195 5486 5146 5375 5249 5173 5311 5134 5288 5709 5556 5570 5438 5407 5627 5701 5026 5785 5286 4921 5457 5162 5527 5654 5347 5612 5358 5503 5520 5879 5441 5527 4819 5403 5584 5284 5462 5587 5224 5494 5796 5954 5506 5330 5363 5606 5053 5057 5414 5575 4859 5391 5313 5510 5624 5584 5102 5221 5348 5593 5347 4739 5325 5150 5408 5787 5252 5111 5229 5554 5087 4932 5715 5391 5466 5140 5191 5293 5377 5874 4910 5405 5407
5135 5057 5032 4773 5355 5192 4958 5180 4751 5091 5018 5438 4847 4712 4639 4921 5105 5132 4930 5006 5352 4674 4996 4991 4634 4580 4858 5519 4641 4934 4456 4635 5228 4649 5157 5002 4732 5002 4649 5286 5184 4779 5213 4841 4994 4561 5044 4966 4742 5019 5471 5389 4913 5325 5204 5136 4894 5134 4967 5405 5529 5116 5434 5314 5339 4766 4867 4751 4810 4860 5127 5255 4928 4692 5628 5067 4822 5336 5079 5131 4558 4842 4859 4777 5188 4920 4805 5032 4808 4690 5368 5167 4949 5049 4836 5360 4760 4932 4845 4960 5008 4925 4995 5125 4897 5219 4808 4758 4933 5193 5135 4872 5354 4761 4789 5243 4707 5140 5007 5426 5147 5336 4801 5297 4752 4536 4784 4863 4681 5056 4800 5420 5111 5233 5336 5286 4823 5203 4801 5340 4885 5619 4810 5255 5299 5153 5033 4818 4933 5351 5003 4991 4776 4914 4965 4582 4865 5306 4925 5186 4712 4813 5208 5351 5003 4745 4694 5013 4937 5070 5308 4626 4336 4902 4897 4897 5173 4948 4707 4720 4788 4763 5377 4994 4817 4755 5100 5131 5489 4479 5188 4814 4773 4940 5039 4954 5089 4990 5147 5032 4800 4693 5163 4830 4830 4724 5188 5165 4757 5160 5118 5099 4828 5147 5317 5200 4733 4934 5103 4922 4473 5044 5246 4807 5025 4955 5139 5134 5178 4823 4896 4925 5302 5246 4565 4885 4744 5148 5055 4752 4619 5040 4920 5023 4488 5213 5223 5088 4869 5081 4701 4874 5655 4681 5068 4819
5914 5275 5732 5356 5663 5358 5584 5574 5132 5295 5081 5845 5229 5314 4887 5548 5581 5778 5311 5408 5321 5215 5491 5252 5156 5101 5541 5774 5071 5332 4763 4946 5782 5262 5622 5523 5162 5560 5584 5520 5525 5126 5449 5023 5401 5024 5318 5427 5379 5452 5812 5805 5284 5937 5663 5631 5570 5495 5584 5687 5819 5584 5901 5451 5954 5034 5570 5042 5342 5157 5705 5677 5329 4853 5873 5416 5148 5641 5379 5397 5185 5291 5488 5461 5944 5131 5254 5497 5489 5000 5508 5734 5702 4986 5230 5882 5214 5414 5303 5180 5352 5327 5407 5489 5314 5456 5170 5267 5466 5388 5800 5232 6105 5365 5385 5656 5102 5287 5392 5908 5514 5820 5513 5610 4921 5196 5231 5475 5199 5497 5278 5920 5807 5520 5747 5478 5087 6009 5463 5816 5265 5878 5093 5764 5633 5214 5472 5123 5087 5982 5426 5225 4993 5430 5258 5186 5478 5628 5470 5373 4836 5129 5637 5900 5077 5053 5179 5487 5412 5645 5600 5095 4944 5664 5539 5414 5661 5350 5272 5326 5259 5054 5669 5752 5448 5480 5191 5348 5746 4989 5849 5235 5165 5277 5157 5825 5415 5444 5545 5411 5466 5194 5880 5388 5449 5136 5565 5410 5795 5577 5588 5332 5385 5540 5544 5793 5242 5247 5276 5180 4827 5421 5750 5327 5323 5308 5448 5780 5563 5174 5437 5070 5459 5392 5006 5321 5485 5685 5444 5273 5196 5320 5328 5265 5030 5673 5883 5277 5337 5275 5136 5339 5785 5148 5583 5522
5497 5061 5187 4595 5263 5083 4910 5163 5112 5054 5071 5426 5002 4675 4547 4931 5224 4982 5061 4877 5376 5074 4945 4881 4856 4690 5226 5579 5159 4733 4551 4916 5365 4750 5023 5322 4728 5018 4940 5019 5350 4966 5494 4504 5122 4711 4954 4826 5011 5261 5341 5358 5039 5327 5320 5212 5004 5381 5177 5316 5408 5249 5545 5049 5525 4796 4857 4749 4881 4533 5209 5542 4909 4560 5659 5268 5047 5409 5133 4814 4697 4901 5274 5101 5298 4781 4854 4826 5033 4494 5171 5233 4982 4872 4806 5513 4827 5224 4893 4902 4904 4888 5082 5067 4977 5206 5063 4767 4925 5214 5250 4892 5308 5136 5068 5435 4593 4928 5073 5266 5060 5642 5203 5189 4620 4697 5072 4971 4859 5074 4719 5168 5110 4887 5543 5436 5044 5323 4806 5328 5202 5639 4784 5301 5225 4976 4796 4894 5008 5384 5010 5172 4748 5102 4810 4807 4868 5284 5020 5013 4620 4772 5211 5339 4823 4688 4987 5102 5039 4945 5229 4867 4573 4914 4931 5002 5343 4785 4905 4857 4886 4758 5416 4990 5129 4844 4975 5138 5659 4474 5226 5191 4976 4929 4951 5246 5142 5130 5168 4861 5048 4967 5091 4932 5145 4672 5074 5318 5035 5208 5220 5145 4852 5341 5441 5054 4758 5195 4979 4995 4788 4906 5291 4868 5168 4800 5197 5132 5255 4910 5089 4882 5395 4935 4685 4972 4641 4957 5311 4925 4921 5108 5293 4965 4423 5235 5165 5020 4915 4880 4952 5053 5439 4864 5090 4714
5662 5485 5366 5276 5307 5069 5192 5029 5058 5184 4951 5270 4783 5162 4569 5213 5311 5520 5048 5195 5312 4834 5176 4758 4840 4927 5256 5528 4902 5056 4706 4953 5337 4944 5632 5040 5041 5140 5077 5237 5360 5019 5255 4567 5091 4761 5130 4961 4946 5071 5306 5546 5127 5553 5445 5346 5362 5186 5327 5500 5436 5107 5428 5047 5677 4772 5185 4616 4999 4887 5307 5558 4892 4466 5563 5131 4834 5462 5149 5112 4775 4839 5079 4925 5168 4908 4933 5356 5195 4809 5147 5147 4873 4967 4729 5603 4881 5245 4846 5126 5176 5000 4969 5211 4915 5101 4852 5055 5111 5465 5572 4747 5406 5393 4918 5563 4380 5256 4997 5525 5144 5394 5065 5193 4840 4834 4896 5138 4732 4958 4886 5959 5425 4916 5210 5471 4767 5490 4965 5193 4940 5422 4617 5507 5350 4991 4927 4896 5079 5501 5364 4802 4871 5176 5033 4949 5099 5535 5214 4947 4610 4973 5350 5464 5091 5249 4980 5064 5045 5067 5391 5141 4690 4845 4971 4832 5213 4646 4765 5145 5012 4927 5351 5552 5347 5009 4967 5325 5427 4689 5328 4991 4856 5029 4915 5395 5203 4998 5439 5001 5221 5064 5478 4912 5243 4978 5173 5415 5218 5081 4990 5115 5314 5404 5226 5488 5176 5227 5221 4951 4659 5026 5513 4904 4943 5312 5255 5369 5383 4931 5051 4859 5197 5230 4767 5111 5104 5159 5447 5066 4991 5057 5090 4881 4715 5096 5208 4954 4866 5150 4955 4937 5646 4889 5249 5060
5893 5404 5387 4972 5415 5397 5124 5389 5078 5467 5119 5608 4821 5035 4756 5038 5575 5412 5461 5303 5674 5154 5142 5043 5049 4904 5143 5434 5123 4915 4669 4837 5632 4886 5456 5034 4943 5366 4899 5013 5517 5031 5435 4842 5357 4617 5258 5193 5072 5631 5561 5399 5180 5600 5558 5596 5206 5398 5052 5420 5335 5216 5897 5050 5593 4851 5280 4989 5064 4990 5369 5631 4986 4856 5820 5448 4821 5527 5019 5245 4986 4983 5343 5287 5478 4928 4977 5378 5257 4864 5186 5405 5460 5074 4920 5701 5090 5301 4933 5181 5177 5211 5179 5246 5109 5325 4855 4997 5248 5203 5306 4933 5592 5122 4973 5471 4616 5282 5071 5730 5251 5744 5289 5199 4935 5138 5014 5143 4711 5040 5177 5626 5484 5298 5429 5383 5074 5505 5096 5656 5311 5747 4821 5360 5344 5237 5198 5126 5228 5536 5285 5302 4949 5185 4912 5068 5071 5290 5303 5484 5040 5012 5241 5630 4697 4815 4908 5404 5332 5389 5530 4973 4958 5121 5228 4941 5404 5176 4836 4968 4819 4943 5621 5499 5419 5037 5216 5555 5311 4652 5539 5187 4971 5232 5135 5507 5090 5326 5418 5141 5079 4980 5239 5039 5117 4622 5129 5413 5337 5435 5272 5121 5027 5632 5451 5259 5181 5052 5315 4820 4825 5353 5487 4949 5205 5207 5353 5516 5511 5125 4981 5038 5081 5319 4804 5045 5067 5325 5354 4874 4992 5014 5293 5240 4795 5192 5427 5080 5097 5166 5036 4984 5692 5112 5359 5293
5985 5396 5333 5079 5368 5094 5062 5357 4719 5258 5129 5770 4897 5288 4877 4949 5458 5239 5080 5111 5398 5123 5105 5146 4877 4893 5307 5531 4774 4828 4735 4734 5565 4938 5249 4978 4809 5264 4848 5478 5596 5144 5216 4964 5051 4770 4973 5149 4964 5183 5666 5604 5220 5661 5467 5358 5271 5240 5159 5676 5453 5255 5543 5094 5761 4997 5477 4822 5056 4952 5200 5247 4800 5095 5711 5049 5095 5429 5170 5064 5040 5044 5210 5031 5326 5151 4999 5349 5530 5016 5061 5327 5318 4959 4998 5295 4826 5583 5052 4802 4966 4960 5366 5111 4946 5118 4884 5008 5245 5267 5714 5029 5488 5104 4916 5554 4836 5152 4750 5633 5095 5638 5319 5203 5078 4874 5109 5126 5184 5279 5115 5592 5436 5170 5317 5010 4998 5288 5034 5592 5051 5585 4643 5274 5247 5289 4936 5097 4964 5569 5002 4956 4779 5161 5121 4747 5137 5343 5044 5369 4767 5098 5203 5504 4970 4948 4870 5346 5115 5201 5521 5096 4813 4945 5424 5021 5650 5047 4733 4854 5127 4937 5623 5385 5295 5194 5100 5313 5427 4762 5377 5126 5108 5101 5002 5349 5267 5220 5248 5123 5290 5017 5208 5204 5244 4982 5093 5447 5219 5180 5127 5224 5172 5142 5631 5372 5033 5203 5164 4969 5120 5318 5198 4794 5171 5076 5520 5141 5337 5149 4833 4700 5178 5317 4647 5288 5155 5372 5488 4959 5241 5118 5299 5258 4846 5286 5198 5147 4939 5125 4826 5060 5667 5197 5275 5028
5979 5584 5390 5203 5808 5422 5435 5506 5358 5604 5253 5837 5259 5140 5168 5210 5647 5485 5515 5430 5519 5307 5250 5295 5134 4996 5637 5856 5211 5257 4926 5149 5738 4891 5421 5268 5279 5527 5144 5527 5895 5146 5250 4871 5279 5059 5328 5375 5087 5456 5712 5864 5385 5691 5696 5612 5484 5611 5214 5675 5523 5284 5996 5289 5802 5280 5516 4997 5245 5383 5637 5619 5296 5113 6092 5619 5248 5669 5439 5260 5120 5354 5336 5529 5538 5219 5126 5461 5309 5166 5416 5648 5634 5345 4968 6044 5175 5680 5358 5193 5170 5275 5373 5590 5410 5571 5270 5349 5331 5404 5634 5213 5933 5217 5134 5844 5025 5391 5223 5862 5525 5909 5392 5401 5190 5066 4990 5170 5426 5333 5238 5620 5691 5278 5610 5630 5341 5564 5194 5664 5543 5942 4981 5596 5719 5257 5253 5275 5197 5922 5363 5436 4929 5367 5198 5020 5133 5420 5300 5235 5009 5063 5519 5577 5147 5322 5225 5672 5115 5461 5630 5286 4870 5225 5442 5381 5605 5142 5178 5319 5136 5098 5515 5319 5657 5333 5327 5584 5598 4861 5674 5377 4914 5272 5335 5709 5357 5714 5626 5130 5278 5142 5398 5371 5282 4862 5289 5190 5567 5465 5619 5406 5238 5417 5906 5427 5110 5382 5457 5334 4593 5386 5578 5066 5495 5254 5636 5525 5659 5041 5265 5390 5447 5428 5097 5211 5334 5327 5690 5429 5143 5446 5624 5332 4918 5848 5306 5377 5454 5413 5006 5302 6015 5322 5539 5279
5962 5746 5659 5096 5687 5406 5315 5502 5196 5556 5477 5739 5017 5157 4934 5424 5913 5428 5363 5233 5596 5332 5064 5166 5236 4992 5503 5773 5149 5165 4639 5184 5664 5094 5650 5422 5308 5253 5298 5679 5639 5078 5703 4747 5344 5019 5170 5452 5226 5394 5426 5763 5491 5913 5649 5769 5190 5397 5647 5683 5443 5500 6086 5372 5766 5198 5529 5140 5092 5237 5411 5663 5202 5050 6034 5468 5397 5922 5419 5310 5165 5198 5465 5417 5778 5338 5058 5299 5288 4983 5560 5453 5221 5522 5074 5685 5320 5630 5005 5112 5258 5261 5433 5408 5081 5726 5042 5094 5342 5582 5549 5109 5879 5485 5406 5897 5148 5431 5384 5721 5333 5904 5542 5463 5124 4872 5350 5109 5170 5305 5468 6073 5598 5726 5824 5586 5261 5627 5051 5929 5545 5937 4975 5740 5386 5409 5377 5156 4996 5807 5390 5275 4952 5577 5175 5074 5285 5694 5289 5389 4750 5058 5541 5727 5539 5184 5083 5755 5449 5481 5659 5379 5010 5429 5249 5096 5754 5171 5050 5191 5252 4981 5435 5439 5530 5136 5502 5800 5599 4903 5458 5325 5076 5542 5447 5577 5418 5390 5610 5089 5234 5420 5666 5237 5548 4782 5423 5657 5525 5511 5488 5350 5091 5646 5863 5324 5253 5515 5459 5164 5136 5305 5657 5244 5243 5490 5313 5527 5795 5352 4908 5493 5732 5490 4834 5032 4994 5382 5601 5110 5080 5461 5359 5349 4741 5507 5579 5462 5438 5423 5104 5157 5857 5397 5630 5111
6147 5509 5775 5180 5867 5520 5584 5609 5325 5494 5423 5679 5070 5322 5287 5482 5855 5720 5427 5443 5612 5426 5452 5366 5275 5059 5665 5829 5349 5188 5035 5288 5915 4895 5905 5658 5388 5459 5133 5504 5500 5364 5960 4775 5437 4984 5346 5630 5178 5365 5858 6081 5630 5827 5641 5516 5565 5614 5562 5682 5900 5646 5973 5495 5852 5188 5825 5077 5281 5250 5529 5676 5511 4914 6096 5348 5505 5916 5759 5471 5431 5453 5452 5584 5792 5174 5239 5470 5529 5087 5625 5747 5549 5324 5192 5795 5228 5585 5537 5496 5591 5255 5586 5389 5238 5867 5513 5313 5340 5579 5766 5175 6038 5498 5278 5923 4896 5430 5226 5806 5443 5926 5502 5689 5489 5080 5431 5335 5400 5593 5548 5795 5468 5426 5681 5635 5085 5912 5657 5868 5255 5904 4875 5980 5567 5183 5345 5557 5266 5907 5334 5547 5106 5584 5388 5144 5338 5618 5560 5708 4981 5092 5469 5882 5380 5268 5462 5856 5080 5592 5643 5590 4786 5563 5672 5611 5564 5381 5284 5377 5511 5286 5637 5741 5657 5338 5477 5677 5887 5199 5923 5102 5088 5260 5255 5645 5499 5814 5505 5351 5522 5466 5984 5515 5383 5261 5175 5849 5443 5707 5447 5445 5619 5574 5939 5743 5543 5391 5475 5384 5178 5464 5799 5119 5543 5223 5593 5502 5856 5208 5085 5272 5692 5517 5146 5397 5124 5697 5793 5481 5471 5504 5490 5503 5308 6054 5710 5426 5280 5194 5516 5427 5771 5120 5819 5513
5896 5306 5608 4748 5544 4957 4944 5267 5030 5442 5152 5619 5000 5070 4914 5091 5334 5126 5461 5198 5357 5227 5043 5024 4868 4744 5273 5739 4863 4938 4718 4954 5378 4748 5619 4967 4999 5270 4723 4895 5450 4803 5320 4721 5055 4590 5123 4974 4983 5204 5500 5252 5223 5543 5435 5466 5243 5432 5237 5371 5496 5511 5515 5217 5468 4953 5406 5059 4605 4965 5013 5361 4886 4994 5801 5291 5090 5237 5270 4923 5146 5157 5164 5219 5181 5237 5196 5282 5299 4819 5088 5278 5161 4853 4850 5532 5069 5344 5005 4860 5157 4826 4911 5110 4888 5081 5048 5034 5380 4982 5457 4743 5522 5296 5023 5609 4799 5122 5119 5649 5239 5424 5256 5364 5136 4961 5201 5227 4884 5328 5123 5630 5165 5452 5312 5185 5027 5337 5030 5767 5030 5831 4936 5346 5534 5167 5457 4894 5027 5547 5121 5043 4822 5343 4872 4734 4865 5349 4961 5120 4741 5004 5436 5396 5193 4831 4968 5466 5056 5292 5753 5083 4731 5123 5257 5082 5310 4923 4836 5147 5137 4920 5315 5141 5125 5057 5466 5186 5472 4622 5434 5112 4948 5209 5128 5462 5246 5236 5482 5304 5048 5264 5242 5184 5146 5085 5172 5446 5140 5313 5091 5102 5144 5426 5402 5498 5030 5316 5201 4826 4897 5238 5412 4852 5119 5215 5128 5440 5507 4764 4702 5041 5565 5368 4533 4926 5170 5312 5572 5023 4940 5255 5307 5039 4640 5572 4949 5198 4935 5332 5023 5197 5366 5000 5080 4949
5895 5441 5532 5098 5275 5271 5232 5215 5091 5420 5225 5708 5013 5276 4906 5157 5659 5337 5313 5376 5678 5153 5434 5196 4902 5123 5369 5756 5265 5181 4513 5134 5505 5022 5516 5292 5168 5496 5493 5366 5548 5161 5463 4982 5301 4948 5119 5491 5184 5476 5766 5342 5478 5792 5418 5574 5423 5271 5259 5772 5465 5389 5963 5200 5715 5193 5463 5165 5224 5094 5428 5663 4988 5143 5702 5456 5054 5575 4969 5229 4819 5191 5389 5314 5368 5201 5169 5137 5469 5087 5446 5134 5385 5106 5097 5673 4752 5602 5016 5281 5144 5157 5215 5400 5165 5252 5191 5292 4894 5494 5653 4968 5641 5266 4946 5618 4699 5044 5199 5753 5153 5500 5351 5381 4929 5162 4926 5466 5156 5409 5106 5758 5620 5230 5470 5477 5154 5564 5183 5821 5123 5855 4961 5783 5735 5243 5509 5014 5385 5697 5110 5312 5090 5496 4947 4928 5044 5575 5314 5438 4865 5015 5397 5544 5216 5011 5143 5747 5200 5310 5473 5255 4920 5240 5447 5169 5641 4947 4789 5189 5034 5215 5409 5265 5453 5193 5629 5508 5588 4768 5494 5274 5070 5271 5355 5209 5549 5288 5756 5161 5296 5293 5590 5255 5365 5021 5220 5568 5231 5291 5270 5419 5163 5453 5479 5380 5371 5303 5354 4999 4940 5344 5586 4978 5354 5420 5500 5579 5544 5051 5055 5186 5479 5518 4837 5475 5125 5563 5482 5288 5115 5310 5557 5321 4880 5343 5402 5463 4938 5271 5072 5208 5808 5121 5411 4929
5798 5380 5568 4818 5494 5380 5211 5251 5064 5380 4825 5472 4996 5083 4926 5145 5383 5314 5190 5279 5262 4985 5261 4905 4894 4936 5256 5651 5099 5044 4900 4939 5503 4877 5572 5378 5095 5179 5034 5083 5464 5107 5526 4768 4811 5091 5052 5266 5094 5065 5537 5472 5061 5469 5420 5525 5099 5026 5157 5470 5384 5365 5779 5227 5898 5074 5203 4876 5218 5106 5447 5366 5291 4745 5660 5049 5131 5439 4969 5268 4883 5102 5184 5237 5206 5166 5051 5201 5215 4917 5293 5310 5383 5210 5112 5438 4987 5584 5058 5182 5122 5015 5294 5245 5138 5305 5160 5017 5149 5216 5236 4969 5732 5275 5092 5519 4911 5159 5064 5493 5496 5472 5211 5209 5022 4764 5144 5065 4932 4876 4991 5587 5436 5412 5631 5198 5044 5567 5123 5427 5155 5572 4790 5702 5459 5249 5079 5149 4950 5531 5237 5021 4872 5358 5109 4481 5149 5315 5023 5238 4935 5091 5553 5604 5039 5306 5278 5545 4896 4901 5415 5294 4542 4957 4897 5242 5343 5101 4969 4894 4938 5008 5528 5330 5126 5109 5451 5450 5450 4368 5444 4976 4893 5085 5052 5175 5598 5135 5526 5090 4955 4895 5475 4938 5076 5000 5000 5473 5284 5214 5277 5081 5109 5355 5693 5363 5286 5286 5167 5080 4839 4907 5607 4915 5236 5171 5330 5542 5516 5039 4799 5189 5383 5209 4912 5050 5245 5380 5371 5145 4825 5022 5139 5238 4568 5271 5234 5056 4880 5251 4970 5062 5845 4990 5288 5168
5869 5635 5401 4994 5489 5465 5221 5483 5151 5444 5303 5636 5198 5285 5110 5124 5610 5422 5431 5353 5532 5290 5119 5132 5159 4956 5332 5719 5213 5216 4607 5227 5395 4796 5601 5227 5078 5284 5051 5406 5743 5343 5403 5012 5514 4856 5452 5082 5210 5225 5759 5505 5301 5582 5570 5599 5334 5335 5428 5622 5360 5335 5761 5330 5764 5470 5147 4942 5050 5297 5636 5783 5415 5018 5944 5348 5225 5649 5035 5231 5165 5009 5099 5305 5453 4896 5102 5439 5343 5045 5568 5461 5559 5238 5091 5766 5038 5506 5150 5151 5180 5218 5109 5458 5268 5672 4916 5126 5224 5272 5610 5033 5683 5181 5203 5801 4962 5461 5287 5620 5304 5716 5149 5567 5037 4993 5322 5167 4968 5102 5264 5802 5486 5512 5410 5553 5100 5494 5195 5736 5294 5778 4731 5407 5555 5193 5437 5008 5137 5936 5342 5274 5003 5510 5139 5197 5073 5385 5177 5322 4598 5136 5294 5599 5227 5109 5321 5724 5164 5308 5548 5032 4763 5156 5087 5286 5398 5284 5108 5154 5179 4967 5444 5212 5039 5274 5488 5508 5815 4801 5542 5172 5089 5141 5233 5423 5405 5606 5600 5060 5380 5104 5667 5151 5312 4712 5369 5440 5427 5559 5573 5252 5232 5542 5486 5401 5119 5300 5267 4911 4904 5364 5478 4925 5347 5355 5697 5541 5435 5111 5036 5213 5235 5288 4885 5170 5084 5473 5611 5019 5003 5284 5261 5109 4761 5818 5258 5316 5137 5325 5151 5415 5712 5146 5444 5172
5599 5305 5294 4954 5376 5023 5112 5312 4783 5347 5022 5713 5139 4985 4690 5007 5238 5210 5123 5001 5518 4976 5102 5003 4688 4641 5250 5678 4956 4792 4805 4566 5510 4866 5441 5130 5128 5125 5067 5493 5299 5174 5275 4699 5168 5233 5190 4933 5148 5201 5598 5541 5191 5610 5259 5280 5053 5108 5072 5677 5266 5226 5688 5139 5639 4756 5185 4784 5071 5114 5158 5603 5149 4684 5779 5062 5193 5525 5021 5097 4941 4998 5192 5333 5542 4832 4861 5092 4920 4721 5208 5351 4995 5383 4960 5351 4689 5408 4948 4937 5118 5206 5058 5063 5022 5212 4872 5010 5205 5037 5556 4777 5600 5103 5071 5464 4791 5384 5161 5775 5130 5334 5139 5336 4724 4735 5104 5002 5015 5426 5147 5573 5113 5345 5360 5456 5102 5230 4973 5373 5199 5648 4692 5528 5213 5340 5345 4959 5107 5658 5195 5043 5000 5233 5282 4795 4886 5556 5201 4980 4589 4848 5359 5429 5219 5258 5067 5242 4981 5526 5476 5013 4576 5012 4848 4907 5297 4828 5007 5044 5028 4830 5627 5243 5249 5187 5268 5353 5357 4561 5285 5143 4602 5135 4958 5215 5224 5110 5210 5003 4981 4768 5383 4820 5379 4678 5233 5262 5373 5401 5028 5005 5025 5365 5462 5367 4995 5381 5137 5077 4599 5154 5653 4876 4931 5042 5198 5270 5425 5025 4830 4974 5508 4959 4772 5264 4973 5275 5277 5103 5197 4939 5221 5243 4635 5637 5175 5166 5156 5406 4953 5222 5694 5067 5350 5035
5997 5489 5534 5191 5710 5359 5218 5533 5203 5387 4938 5649 5258 4998 5032 5146 5536 5486 5305 5270 5564 5239 5129 5071 5341 4905 5163 5802 5160 4865 4926 5032 5739 4830 5619 5472 5148 5513 5186 5465 5862 5031 5378 4775 5248 5039 5515 5217 5260 5503 5587 5906 5175 5599 5776 5517 5341 5445 5105 5769 5535 5358 5772 5295 5787 5084 5386 4844 5014 5110 5372 5377 5106 4943 5686 5102 5162 5519 5541 4916 5115 5329 5449 5237 5537 5461 5088 5359 5594 4887 5276 5504 5349 5208 5324 5630 5143 5573 5111 5272 5185 5203 5349 5333 4896 5519 5047 4874 5165 5442 5365 5091 5702 5225 5222 5691 5144 5162 5219 6052 5626 5662 5312 5410 5152 5289 5322 5198 5280 5390 5335 5743 5529 5141 5624 5162 5133 5461 5180 5464 5183 5803 4987 5529 5692 5232 5454 5083 5152 5771 5257 5217 5069 5286 4915 4838 5215 5628 5471 5332 4826 5130 5452 5688 5231 5310 5047 5500 4979 5630 5634 5228 5070 5233 5013 4931 5408 5172 5076 4898 5098 5002 5520 5332 5316 5188 5465 5530 5546 4872 5528 5366 4828 5308 5118 5548 5543 5442 5502 5104 5445 5256 5344 5225 5271 4999 5304 5439 5125 5482 5316 5126 5251 5532 5793 5599 5152 5313 5255 5201 4874 5378 5632 5142 5382 5421 5343 5499 5507 5018 5422 5202 5546 5270 4691 5247 5517 5290 5513 5255 5304 5386 5367 5231 4772 5338 5163 5274 5292 5414 5305 5197 5969 5184 5433 5066
5781 5418 5536 5066 5489 5469 5213 5259 4920 5368 5123 5497 5101 5452 5085 5263 5524 5349 5487 5522 5559 5032 5139 5019 4846 4986 5422 5700 5059 5059 4912 5225 5598 4824 5422 5282 5062 5245 5372 5314 5723 4928 5610 4965 5264 5199 5004 5559 5186 5480 5716 5511 5496 5677 5600 5361 5138 5678 5301 5457 5618 5504 5679 5567 5706 5411 5341 4987 5314 5040 5578 5592 5169 5035 6157 5404 5153 5771 5105 5062 5214 5207 5377 5523 5768 5244 5111 5330 5274 4852 5423 5321 5484 5332 5297 5563 5234 5624 4919 5056 5419 5139 5060 5328 5044 5447 5285 5136 5125 5404 5280 4974 5702 5146 5147 5553 4889 5258 4960 5735 5311 5751 5692 5521 5178 4912 5115 5246 4922 5205 5414 5988 5493 5478 5688 5535 5173 5449 5270 5721 5097 5643 4890 5613 5669 5124 5455 5069 5160 5475 5314 5429 5102 5401 4968 5082 5171 5528 5001 5349 5136 4878 5610 5599 5339 5054 5335 5450 5146 5373 5818 5410 4851 5164 5327 5089 5573 5052 4736 5230 4935 5103 5522 5636 5388 5161 5503 5512 5609 4597 5604 4909 5039 5449 5230 5411 5401 5253 5422 5269 5627 5386 5442 5263 5234 4723 5112 5301 5111 5306 5422 5375 5333 5627 5392 5375 5358 5285 5279 4990 5044 5197 5252 5114 5559 5157 5189 5513 5446 5228 5221 5097 5484 5599 4995 5154 5142 5522 5205 4924 4958 5512 5346 5109 5026 5697 5342 5208 5111 5490 4974 4953 5778 5056 5125 5104
5723 5730 5581 5026 5943 5166 5224 5433 5064 5333 5195 5790 5271 5268 5104 5250 5104 5432 5443 5351 5500 5260 5217 4938 5084 4853 5508 5833 5386 5214 4830 5367 5491 4786 5460 5082 5099 5484 5158 5403 5729 5170 5403 4718 5104 4976 5388 5203 5211 5606 5627 5497 5411 5657 5378 5723 5217 5724 5170 5681 5622 5436 5987 5299 5561 4846 5565 5221 4928 5024 5660 5842 5243 5036 5949 5443 5214 5698 5327 5041 5454 5163 5115 5380 5571 5103 5058 5279 5200 4947 5590 5635 5165 5317 4980 5951 4991 5721 4940 5019 5309 5202 5232 5536 5112 5436 5199 5172 5455 5459 5349 5145 5733 5112 5215 5701 4792 5139 5207 5641 5375 5633 5654 5526 5048 5065 5248 5317 5176 5476 5077 5766 5691 5289 5631 5766 5364 5444 5157 5612 5367 5886 4978 5603 5847 5329 5433 5194 5030 5777 5400 5195 5047 5557 4954 4984 5109 5698 5313 5259 5196 4987 5450 5546 5077 5010 5140 5663 5097 5451 5625 5230 5018 5181 5479 5340 5400 5161 5078 5303 5040 5152 5432 5383 5614 5120 5424 5572 5762 4785 5722 5145 5025 5336 5190 5387 5388 5266 5549 5244 5085 5371 5432 5559 5327 4967 5175 5495 5402 5234 5241 5514 5066 5792 5528 5441 5366 5252 5476 4905 4747 5352 5487 5289 5109 5405 5397 5450 5576 5055 5267 5309 5507 5449 4852 5412 5011 5134 5627 5360 5215 5312 5442 5244 4932 5510 5214 5205 5433 5417 5080 5065 5725 5149 5339 5226
5631 5544 5474 5091 5576 5221 5206 5453 4965 5253 5297 5766 4976 5110 4822 5271 5322 5391 5334 5126 5442 5297 5235 4896 4976 4989 5398 5630 4858 5223 4698 4923 5439 4956 5534 5296 5109 5367 5111 5342 5691 5250 5765 5067 5223 5016 5176 5367 4994 5163 5605 5744 5211 5726 5545 5506 5283 5327 5542 5554 5560 5413 5941 5321 5830 5064 5345 4756 5160 4941 5196 5384 5133 5102 5813 5076 5227 5631 5552 5147 5174 5239 5405 4986 5461 4884 5122 5248 5317 4919 5267 5525 5479 5271 4937 5540 4989 5655 5007 5039 5100 5301 5231 5246 5161 5404 5021 5196 5194 5416 5607 5293 5870 5464 4915 5923 4945 5148 4955 5646 5386 5448 5275 5511 4966 4770 5186 5350 5226 5589 5285 5749 5411 5467 5645 5318 5087 5716 4887 5672 5337 6023 4527 5680 5654 5307 5015 4864 4898 5782 5256 5065 4844 5276 5026 4869 5117 5354 5337 5308 4485 4887 5560 5756 5047 4942 5019 5419 5039 5170 5743 5312 4792 5219 5310 5328 5514 5098 5223 5044 5374 4954 5478 5441 5432 5093 5237 5292 5452 4911 5497 5147 4986 5573 5152 5550 5358 5119 5188 5065 5236 5303 5508 5407 5318 4940 5425 5348 5446 5223 5406 5461 5512 5491 5515 5613 5354 5441 5171 5215 4833 5247 5532 4916 5296 5383 5522 5346 5406 4993 4901 5288 5434 5427 4833 5227 5342 5308 5548 4984 5146 5318 5366 5044 5008 5519 5081 5242 5020 5114 5077 5114 6005 4919 5418 5158
5918 5608 5393 4974 5682 5355 5492 5269 5173 5561 5217 5686 5029 5080 4957 5289 5622 5251 5317 5497 5689 5281 5032 5051 4943 4672 5221 5796 4967 4800 4663 5193 5686 4980 5585 5145 5249 5603 4906 5482 5935 4937 5559 5060 5329 5074 5389 5352 5119 5509 5676 5405 5406 5599 5729 5564 5090 5533 5168 5564 5236 5462 5950 5305 5604 5371 5361 5177 5043 5226 5372 5523 5090 5172 5957 5412 5202 5687 5220 5221 5123 5376 5162 5334 5557 5397 5341 5427 5264 5007 5451 5333 5400 5421 5186 5526 5218 5548 5273 5138 5333 5135 5317 5389 5045 5517 5159 5325 5232 5367 5354 5327 5945 5331 5260 5746 5323 5336 5148 5841 5518 5967 5276 5172 5338 4825 5228 5101 4924 5445 5262 5619 5654 5191 5540 5389 5319 5513 5301 5542 5369 5987 4778 5557 5500 5424 5504 5260 5210 5805 5403 5380 5122 5521 4766 5206 5172 5548 5384 5304 4992 4878 5163 5783 5169 5332 5093 5779 5169 5429 5528 5233 5079 5294 5127 5091 5535 5016 5015 5118 5264 5040 5602 5381 5299 4816 5524 5592 5498 4822 5588 5112 4839 5287 5347 5427 5325 5298 5615 5318 5408 5146 5647 5215 5371 4754 5077 5665 5407 5714 5552 5200 5292 5525 5603 5539 5299 5337 5461 5193 5099 5528 5607 4889 5280 5473 5412 5294 5500 5052 4940 5378 5641 5451 4651 5132 5080 5381 5630 5059 5297 5238 5211 5216 4779 5526 5056 5254 5008 5530 5125 5303 5799 5288 5343 5064
5373 5292 5011 4881 5184 4820 4991 5119 4956 5012 4949 5225 4553 4873 4297 4799 4998 4953 4768 4882 5371 4981 5027 4824 4703 4775 4813 5460 5070 4966 4592 4720 5145 4534 5011 4959 4748 4834 4876 4885 5151 4927 5391 4470 5129 4615 5003 5134 4709 5375 5556 5041 4899 5352 4985 5080 5012 5225 4887 5448 5330 5253 5482 4769 5323 4681 4994 5047 4735 4429 5081 5244 4677 4898 5338 5156 4703 5105 4889 4922 4740 5056 5214 5128 4871 4779 4708 4983 5005 4611 4971 5077 4903 4772 4780 5306 4708 5410 4668 4860 4861 4608 4835 5070 4839 4815 4892 4757 4813 5152 5363 4700 5350 4998 4870 5166 4611 4936 4603 5075 5295 5302 5156 4919 4576 4621 4676 5020 4896 4767 4311 5098 5383 4853 5057 5204 5035 5476 4823 5233 4935 5523 4766 5236 5240 4601 5121 4728 4845 5256 4890 5141 4811 5103 4738 4821 4717 5192 4877 5012 4572 4880 5206 5334 4762 4814 4831 5202 4942 4831 5037 4842 4612 4831 4890 4576 5181 4573 4494 4671 4639 4537 5149 5213 5019 4853 4998 4999 5333 4468 5392 4889 4743 5038 4887 4968 5170 4827 5356 4790 4676 4758 5214 4834 4801 4545 4567 5163 4929 4942 4886 4776 4793 5420 5042 5103 4984 4794 4900 4869 4666 4887 5044 4595 4897 4801 4970 5010 5040 4635 4994 5054 5000 5148 4550 5079 4802 4900 5143 4829 4646 4937 4956 4900 4643 4939 5158 5062 4918 4567 4715 4842 5508 4618 5033 4748
5783 5509 5372 4846 5472 4888 4774 5410 4846 5030 5026 5469 5199 4669 4840 4870 5159 4952 5108 5261 5275 4785 4953 4723 4884 4677 5202 5550 4858 4866 4591 4977 5544 4811 5247 5105 4699 5015 4894 5317 5174 4698 5273 4544 4851 4916 4943 5060 5030 5307 5396 5144 4837 5573 5332 5187 4976 5213 4807 5466 5188 5185 5771 4900 5522 5058 4876 4636 4652 5037 5082 5361 5036 4677 5835 5221 4842 5421 5108 4770 4918 4962 5328 5201 5414 4995 4866 4994 5077 4685 5269 5260 5073 5018 4817 5700 4721 5299 4900 4839 4782 4792 5141 5094 5003 5144 5064 4767 5240 5146 5010 5036 5411 4995 5113 5522 4714 5317 4858 5529 5186 5330 5262 5122 4761 4608 5150 5008 4934 5040 5004 5529 5254 5036 5325 4995 4889 5342 4992 5426 5002 5754 4494 5291 5359 4737 5044 4822 4878 5669 5169 5131 4776 5202 4826 4803 4634 5424 5111 5250 4660 4734 5048 5415 5175 4893 4852 5206 4729 5053 5245 5282 4656 4752 4814 4641 4992 4694 4832 4699 4827 4806 5132 5106 5208 5014 4886 5429 5362 4565 5273 4801 4830 5204 4853 5102 5071 4975 5094 5133 5105 4886 5273 5029 5186 4687 4958 5366 5170 5259 5227 5093 4820 5266 5364 5243 4934 4940 5053 4839 4437 4686 5272 4413 4893 4894 5455 5278 5166 4719 5014 4874 5396 5073 4555 4930 4784 5174 5332 4848 4873 4784 4906 5166 4596 5392 4978 4890 4937 4966 5043 5038 5693 5025 5320 4726
5598 5291 5226 5006 5509 5384 5102 5437 5065 4945 4947 5325 4922 5022 4769 5083 5461 5271 5020 4968 5277 4995 4951 5057 4979 4986 5182 5666 4856 5047 4689 4970 5283 4668 5433 5300 4971 4975 4668 5156 5429 4727 5276 4590 5371 4741 5282 4971 4832 5101 5459 5411 5226 5471 5294 4991 5008 5254 5369 5423 5629 5242 5669 5160 5514 5145 5231 4878 5012 4846 5241 5575 5193 5066 5716 5122 4964 5200 5206 5213 5139 4890 5103 5010 5509 4949 5322 5357 5064 4798 5185 5482 5196 5054 4756 5424 4911 5079 4899 5089 5110 4879 5073 5112 5002 5160 4994 5143 5198 5047 5450 4976 5699 5188 5181 5445 5026 5279 4789 5613 5287 5533 5111 5211 4741 4634 4839 4968 5028 5322 4803 5611 5362 5318 5604 5269 5112 5526 4942 5511 4998 5482 4838 5327 5380 5065 5370 4845 4932 5620 5312 5190 4870 5182 4931 4805 4992 5369 5042 5138 4825 4906 5335 5827 5126 5038 5133 5400 4865 5143 5372 5167 4718 5015 5279 5183 5271 5116 4595 4928 5152 4671 5445 5176 5083 4988 5212 5282 5452 4540 5414 4768 5054 5037 4991 5547 5302 4853 5322 4885 5073 5148 5472 4972 5231 5014 5193 5303 5382 4972 5111 5253 5176 5327 5489 5227 4991 5492 5205 5019 4972 5288 5358 4679 5041 5107 5372 5291 5790 4818 4925 5177 5621 5065 4751 4887 4970 5205 5169 5045 4877 5024 5037 5096 4803 5391 5096 4821 4907 5056 4878 4897 5773 5008 5048 5213
5836 5390 5192 5139 5474 5010 5217 5524 5053 5397 5082 5660 5050 5182 4929 5071 5423 5380 5071 5002 5509 5406 5200 5004 4875 4863 5196 5803 4914 5058 4635 5036 5718 4917 5633 5277 5080 5554 4886 5369 5684 5020 5532 4711 5201 4816 5039 5211 5505 5315 5800 5481 5293 5777 5600 5250 5329 5174 5124 5450 5178 5191 5691 5243 5706 5064 5032 4933 5017 4972 5301 5208 5159 5175 5603 5450 5247 5320 5365 5067 4918 5030 5298 5103 5638 5170 4995 4990 5401 4878 5370 5278 5171 5108 4899 5747 5215 5419 4990 5164 5160 4990 5552 5289 5046 5430 4895 4896 5311 5529 5417 5206 5528 5512 5226 5473 5106 5124 4814 5585 5355 5636 5247 5198 5141 5024 5104 5205 5012 5338 5107 5516 5492 5143 5322 5325 5127 5412 5149 5323 4843 5938 4693 5691 5610 5195 5455 4966 5094 5734 5249 4996 4845 5401 4996 4872 5066 5513 5345 5280 4653 5069 5512 5777 5108 5096 5088 5436 4977 5275 5505 5081 4815 5206 5112 5185 5302 5129 5050 5144 5179 4839 5540 5493 5341 5283 5090 5442 5467 4916 5457 5125 4992 5230 5071 5372 5281 5233 5547 5167 5266 5003 5396 5182 5109 4905 4999 5216 5254 5372 5138 5045 5044 5282 5510 5720 4784 5291 5183 5115 4770 4961 5504 4793 5464 5360 5126 5217 5245 4946 4761 5357 5557 5421 4842 5321 5087 5406 5480 5315 4842 5237 5173 4983 4804 5293 5191 5099 5313 5130 4930 5038 5910 4811 5223 4994
5552 5528 5399 5055 5510 5253 4904 5297 4972 5417 5207 5595 5118 5249 4809 4802 5463 5372 5304 5026 5585 4804 5114 5054 4737 4789 5076 5580 4714 5194 4737 5026 5179 4975 5367 5070 4896 5161 5123 5237 5564 4933 5473 4793 5385 4936 5118 4852 4982 5112 5573 5469 5187 5484 5465 5188 5213 5196 5052 5629 5325 5112 5742 5247 5517 4943 5187 5199 4877 4860 5301 5543 5223 4939 5495 5262 5003 5643 5212 5056 4811 5006 5080 5007 5443 4883 4993 5445 5099 4849 5071 5254 5069 5025 4983 5648 4974 5371 4815 4817 5239 5075 4982 5196 5055 5334 4958 5137 5205 5331 5279 4985 5690 5229 5196 5472 4704 5085 4876 5757 5318 5316 4954 5357 5044 4646 4833 4866 4926 5409 5269 5758 5266 5249 5323 5403 5210 5161 4750 5307 5104 5552 4610 5462 5426 5328 5387 4856 4835 5717 4958 5043 5091 5297 4800 4657 5001 5382 5059 4927 4759 4854 5266 5451 4926 5191 5103 5562 4878 5385 5518 4924 4689 4801 5040 5222 5140 4960 4805 4951 5104 5035 5437 5194 5390 4994 5124 5658 5499 4731 5512 5033 4884 4996 5096 4967 5157 5045 5285 4923 5073 5505 5250 5121 5160 4734 5079 5455 5121 4848 5090 5209 4931 5277 5531 5083 5135 5342 5340 4841 4789 4958 5317 4961 5367 5330 5217 5212 5240 5023 5045 4868 5171 5378 4829 5233 4827 5312 5426 5203 4922 5173 5394 4986 4826 5285 5048 5154 5002 5101 4956 5111 5611 4895 5303 5095
5656 5259 5414 4989 5184 5045 5137 5149 4893 5528 4893 5466 4764 5043 4458 5204 5295 5515 5304 5178 5618 5072 5127 4822 4808 4825 5184 5468 5011 5035 4650 4602 5478 4735 5524 5359 5031 5182 5182 5232 5381 4863 5332 4804 5357 4933 4920 5186 5025 5212 5412 5418 5191 5783 5297 5365 5175 5067 5174 5315 5274 5426 5681 5026 5549 4917 5247 4773 4896 5081 5234 5454 4959 5240 5987 5044 5046 5328 5082 4936 5044 4889 5355 5045 5483 4985 4970 5172 5149 4870 5287 5247 5190 5194 4931 5739 4992 5118 4686 5226 4964 5122 5164 5200 4955 5282 5065 4822 5307 5152 5423 4785 5739 5213 4885 5596 4923 5062 4731 5559 5327 5486 5181 5289 4886 5111 4982 5189 4870 5016 4995 5400 5194 5332 5458 5181 5055 5511 5034 5513 5154 5717 4678 5247 5429 5034 5121 5025 4906 5589 5212 5143 4918 5319 4808 4839 4833 5336 4995 5327 4748 4838 5058 5555 4965 5177 4735 5364 4988 5346 5456 5044 4822 5037 4822 4737 5449 5043 5033 4925 4797 4838 5328 5214 5137 4770 5312 5311 5435 4749 5487 4803 4966 5200 4959 5330 5478 5148 5245 5025 5245 4768 5293 5168 4892 4937 5031 5443 5169 5298 5112 5189 5034 5374 5328 5295 5279 5283 5252 4716 4676 5149 5531 4759 5045 5136 5202 5595 5334 4713 4987 5028 5574 5132 4683 5335 5214 5086 5142 4827 5009 4885 4869 5159 5030 5300 5102 5030 5089 5291 4588 5015 5433 5012 5328 5145
5800 5598 5317 5022 5404 5362 5221 5228 5143 5333 5387 5680 5027 5111 4899 5155 5603 5248 5409 5097 5594 5319 5399 5242 5073 4721 5023 5570 4972 5229 4450 5004 5571 5036 5356 5237 4822 5294 5246 5562 5665 5294 5505 4963 5280 4809 5254 5368 5137 5429 5558 5403 5219 5508 5743 5453 5215 5651 5209 5403 5428 5408 5813 5335 5477 5201 5265 5082 5237 5153 5396 5504 4871 4999 5879 5369 5199 5741 5179 5348 4990 5286 5294 5237 5442 5356 5124 5045 5213 5000 5567 5319 5071 5143 4884 5435 5097 5477 5223 4977 5400 5101 5066 5130 4996 5189 5251 5202 5092 5521 5363 5017 5780 5312 5109 5559 4762 5135 5079 5785 5217 5777 5084 5519 5073 4735 5182 5036 4808 5271 5219 5594 5451 5269 5424 5631 4900 5757 5111 5719 4911 5897 5000 5627 5381 5174 5457 5201 5071 5675 5333 5268 4888 5562 5155 4838 4995 5642 5147 5158 4764 4930 5415 5612 5062 5123 5138 5488 5319 5419 5706 5153 4746 5226 5162 5252 5703 5203 4851 5268 5168 5072 5742 5349 5167 5158 5534 5894 5512 4779 5243 5027 4907 5275 5339 5331 5255 5376 5571 5004 5288 5228 5520 5178 5192 4987 5074 5679 5115 5309 5473 5283 5292 5443 5464 5551 5083 5377 5281 5068 4905 5267 5426 5282 5341 4988 5334 5590 5669 5143 5262 5100 5313 5576 4813 5132 4920 5432 5445 5051 4823 5224 5416 5139 4726 5685 5398 5285 5278 5304 4969 5181 5743 5158 5453 5150
6008 5435 5781 5366 5681 5500 5354 5388 4973 5408 5436 5729 5214 5458 4929 5324 5882 5307 5415 5233 5774 5374 4998 5197 5248 5054 5540 5851 5353 5206 4741 5266 6028 5193 5571 5573 5136 5640 5290 5565 5693 5179 5473 4944 5406 4862 5173 5344 5332 5344 5917 5605 5596 6007 5590 5484 5375 5488 5496 5670 5767 5693 5825 5230 5728 5256 5480 5253 4964 5127 5361 5583 5275 5147 5786 5468 5368 5723 5404 5362 5202 5238 5435 5416 5719 5126 5254 5436 5561 5100 5571 5707 5187 5279 5203 5796 5426 5377 5182 5346 4965 5103 5464 5589 5242 5342 5021 5276 5362 5552 5498 5086 5577 5447 5386 5975 5083 5300 4993 5875 5347 5877 5476 5383 5117 4965 5323 5226 5403 5442 5476 5777 5605 5516 5607 5522 5129 5649 5003 5889 5215 5735 4970 5716 5837 5329 5728 5330 5488 5941 5353 5333 5180 5775 5232 5080 5112 5718 5226 5219 4942 5268 5691 5650 5227 5260 5452 5691 5343 5452 5926 5202 4827 5072 5371 5277 5583 5289 4988 5314 5190 5322 5401 5233 5365 5132 5587 5585 5709 4913 5691 5100 5064 5513 5210 5309 5547 5406 5593 5078 5499 5363 5481 5350 5478 5327 5287 5571 5238 5335 5389 5734 5372 5806 5539 5665 5490 5503 5457 5266 5173 5249 5870 5037 5244 5492 5606 5640 5695 5196 5167 5410 5913 5322 4959 5390 5318 5512 5885 5310 5151 5479 5397 5414 4956 5765 5454 5391 5322 5306 5174 5128 5979 5398 5370 5226
5674 5525 5430 4982 5491 5178 4989 5469 4783 5334 4921 5443 5286 5125 4707 4811 5623 5504 5322 5201 5512 5131 4964 5070 4886 5079 5491 5619 5090 5154 4368 5110 5750 4996 5589 5505 5100 5367 5036 5401 5185 5148 5496 4861 5399 4946 5364 5045 4988 5307 5635 5530 5367 5586 5372 5298 5240 5362 5409 5407 5564 5382 5760 5293 5668 5174 5185 4822 4980 5290 5551 5714 5159 4916 6078 5150 5000 5642 5065 5151 5181 5051 5311 5271 5664 4796 5303 5178 5288 4872 5144 5399 5376 5093 4971 5669 4962 5265 5028 4885 5193 5009 4997 5229 5024 5600 5237 5246 5080 5183 5652 4881 5463 5392 5116 5618 4753 5175 4969 5710 5128 5553 5227 5262 4843 4895 5077 5039 5159 5084 5199 5660 5285 5222 5523 5432 4910 5317 5127 5552 5302 5496 4765 5575 5387 5214 5137 5018 4996 5660 5140 5377 4910 5283 5072 5073 4985 5513 5204 5214 4749 4865 5218 5701 5337 5050 5271 5491 4970 5220 5521 5390 4795 5252 5278 4970 5539 5125 4913 5299 5105 4871 5451 5737 5351 5137 5440 5437 5549 5011 5368 5155 5154 5095 4932 5330 5048 5093 5601 5211 5276 5150 5656 5269 5243 4998 5293 5427 5367 5185 5097 5435 5017 5173 5406 5128 5089 5176 5184 4888 4743 5316 5560 4873 5183 5316 5420 5225 5621 4951 4821 5138 5350 5339 4708 5433 5052 5073 5509 4881 5243 5372 5160 5151 4910 5495 5227 5058 5052 5136 4889 5100 5613 5345 5335 5063
5331 5313 4970 4444 4946 4667 4372 4942 4347 4763 4606 4794 4482 4646 4180 4304 5007 4900 5104 4581 4770 4400 4376 4539 4536 4320 4741 4627 4476 4645 4551 4555 4903 4556 4930 4551 4224 4561 4499 4666 5025 4200 4681 4251 4611 4459 4655 4479 4768 4704 4941 5064 4652 4791 4899 4692 4792 4505 4549 4918 4806 4590 5055 4613 5108 4534 4627 4323 4476 4423 4622 4831 4589 4362 5059 4805 4526 4930 4704 4622 4308 4717 4716 4729 4919 4308 4225 4826 4799 4158 4810 4790 4672 4448 4505 4934 4651 4631 4455 4280 4463 4496 4618 4685 4564 4853 4402 4525 4602 4801 4769 4426 5157 4680 4513 5094 4357 4699 4410 5072 4882 5052 4655 4853 4274 4301 4463 4394 4225 4759 4720 5060 4645 4743 4903 4676 4642 4736 4446 4886 4653 5127 4246 5012 4881 4583 4715 4556 4575 5284 4557 4581 4219 4809 4481 4235 4567 5006 4697 4432 4201 4163 4733 5017 4915 4352 4408 4908 4557 4863 5204 4620 4360 4375 4254 4294 4895 4448 4318 4480 4636 4396 4930 4780 4868 4643 4660 4803 5016 4231 4718 4734 4437 4754 4591 4927 4624 4815 4868 4400 4782 4626 4823 4436 4959 4361 4898 4798 4737 4719 4700 4429 4532 4757 5054 4902 4437 4631 5030 4496 4059 4412 4607 4579 4651 4769 4697 4474 4869 4415 4548 4497 4908 4371 4560 4499 4538 4908 4920 4683 4389 4680 4715 4553 4168 4843 4627 4790 4559 4538 4714 4381 5123 4638 4503 4543
5504 5241 5282 4653 5531 5011 5103 5093 4693 5231 4903 5462 5159 5096 4722 4917 4904 5486 5232 5242 5273 5112 5032 4803 4721 4762 5081 5552 5115 5215 4527 5101 5220 4801 5330 5125 4764 5452 5069 5075 5278 4748 5173 4920 5189 4901 5102 4915 5121 5389 5430 5557 5178 5534 5331 5258 5123 5197 5108 5481 5546 5051 5628 5103 5627 5039 5102 4819 4866 4852 5482 5507 5219 4961 5830 5127 4985 5408 4927 5189 4882 5359 4958 5295 5133 4711 4894 5168 4888 4739 5077 5169 5196 5056 4803 5509 4637 5249 4884 4945 5227 4781 5041 5193 4794 5214 4955 4802 5075 5282 5471 4772 5573 5129 5075 5404 4707 5006 4981 5733 5333 5374 5328 5330 4723 4715 5110 5026 4880 5257 5152 5568 5392 5248 5594 5212 4742 5327 5249 5516 5297 5629 4527 5260 5355 5040 5277 4914 5040 5507 5214 5125 4785 5326 4827 4980 4841 5355 5076 4954 4936 4809 5245 5443 5075 4982 4862 5534 4956 5144 5351 5030 4788 5002 5213 5050 5141 5060 4881 5050 4992 4839 5237 5292 5175 5258 5214 5297 5213 4651 5117 4931 4858 5088 5035 5289 5387 5055 5289 5228 5071 4864 5398 5044 5003 4801 5027 5265 5298 5291 5148 5098 4877 5423 5373 5478 5148 5180 5241 4971 4717 4891 5404 4951 4932 5126 5036 5232 5471 4865 4875 5025 5269 5381 4686 5171 4948 5233 5185 4833 4952 5138 5190 5006 4499 5291 5168 5168 4959 5419 4806 5171 5848 4837 5137 4902
5853 5489 5668 5279 5690 5638 5148 5291 5177 5279 5295 5556 5189 5321 4915 5295 5582 5443 5478 4983 5624 5231 5446 5179 5190 5083 5502 5621 5234 5235 4492 5006 5525 4915 5397 5335 5329 5372 5202 5334 5740 5203 5929 4986 5394 5147 5334 5202 5221 5506 5602 5429 5371 5671 5554 5461 5296 5432 5293 5662 5494 5364 5858 5160 5530 5210 5178 5154 5185 4938 5463 5468 5061 5148 5941 5246 5094 5733 5335 5028 5230 5210 5692 5178 5526 5081 5049 5247 5331 4896 5270 5645 5269 4974 5243 5655 4880 5383 5163 4963 5470 5209 5387 5286 5295 5412 5058 5168 5259 5697 5519 5246 5918 5175 5498 5449 4938 5409 5033 5671 5372 5797 5506 5446 5017 4767 5183 5242 5369 5261 5136 5571 5302 5535 5586 5594 5123 5633 5240 5781 5146 5723 5117 5679 5494 5279 5462 5088 4997 5840 5357 5270 5117 5374 5011 5087 5081 5396 5367 5526 4657 5019 5472 5795 5132 5062 5390 5408 5080 5249 5646 5261 4833 5242 5112 5372 5512 5121 4930 5273 5297 5056 5537 5401 5464 5112 5393 5607 5719 4665 5413 5022 5008 5400 5456 5466 5427 5163 5514 5195 5498 5281 5611 5471 5277 4932 5309 5423 5426 5214 5414 5537 5041 5547 5642 5519 5189 5246 5414 5074 4978 5459 5581 5012 5208 5312 5512 5572 5560 5119 5313 5481 5586 5039 4877 5362 5097 5216 5605 5355 5272 5278 5291 4943 4851 5727 5339 5461 5141 5225 5224 5095 5789 5176 5371 5315
5401 5424 5073 4806 5673 5122 5091 5162 4871 5161 5009 5671 4842 4931 4893 4686 5321 5062 5033 5072 5342 4789 4897 4809 4665 4739 5181 5564 4868 4858 4436 4930 5292 4737 5278 5274 4776 5093 4979 5266 5425 4824 5547 4563 5219 4942 5136 5037 4970 5161 5509 5301 5193 5524 5325 5270 5070 5045 5050 5466 5396 5146 5819 5247 5530 4956 5296 4748 4836 5058 5066 5499 4912 4742 5450 4939 4948 5327 5023 5028 4962 5207 5120 5241 5053 5064 4902 5201 5136 4853 5157 4957 5126 4938 4827 5299 5026 5254 4884 4888 4912 4843 4890 5330 5077 5090 5110 4552 5238 5176 5498 4680 5697 5298 5090 5561 4947 4946 4754 5564 4995 5409 4969 5142 4613 4812 4823 4971 4790 5232 5024 5314 5482 4983 5329 5347 5061 5333 5317 5618 4938 5793 4702 5531 5368 5088 5287 4958 4910 5458 4959 5143 4907 5193 4915 4718 4902 5342 4906 4889 4650 4809 5406 5329 4804 5203 4923 5473 5028 5003 5494 5278 4666 5035 4751 4991 5170 4741 4773 4690 5002 4532 5352 5260 5273 4937 5175 5280 5540 4700 5177 4978 4924 4964 5056 5187 5060 5167 5491 4789 5017 5081 5177 5106 4955 4700 5172 5472 5104 5201 5140 5234 4935 5299 5362 5356 5049 5161 5156 5122 4765 5170 5458 4631 5051 5337 5204 5136 5382 4852 4872 4955 5099 4975 4806 5094 5047 5021 5566 5094 4517 5156 5066 4961 4752 5574 5167 5198 4879 4975 4923 4934 5690 4823 5005 4774
6002 5833 5858 5693 6189 5822 5594 6054 5683 5947 5761 6152 5486 5476 5137 5725 5974 5749 5519 5601 6190 5614 5813 5644 5395 5173 5640 6094 5859 5587 4947 5696 5828 5262 5768 6020 5781 5745 5574 5771 6110 5682 6061 5119 5511 5465 5642 5548 5842 5874 5780 5931 5824 5973 5864 5960 5638 5897 5559 6067 5998 6090 6338 5791 5997 5615 5480 5431 5595 5647 5876 6094 5777 5635 6123 5689 5741 6195 5478 5570 5675 5712 5663 5755 5946 5543 5456 5751 5707 5412 5829 5761 5944 5616 5548 6162 5255 5843 5470 5743 5626 5711 5373 5784 5505 5826 5557 5828 5509 5841 5909 5336 6008 5637 5873 5913 5317 5927 5551 6076 6056 6125 5664 5937 5459 5261 5397 5706 5382 5617 5387 6181 6167 6030 5964 6002 5632 5949 5496 6011 5606 6310 5102 6122 6003 5715 5849 5502 5559 6208 5779 5524 5336 5717 5630 5640 5523 5983 5766 5848 5372 5406 5971 6333 5732 5554 5952 5786 5740 5842 6104 5372 4962 5770 5590 5892 5909 5583 5307 5723 5375 5381 5986 5660 5560 5342 6101 5957 5938 5242 6124 5639 5462 5681 5625 6072 5620 5323 6218 5607 5627 5474 5943 5720 5532 5065 5545 5760 5776 5851 5790 5872 5565 5789 6038 5701 5698 5660 5528 5621 5275 5725 5965 5490 5700 5780 5906 5861 6195 5438 5449 5793 5964 5778 5330 6005 5574 5697 5949 5770 5461 5671 5629 5778 5125 5995 5788 5489 5666 5825 5331 5489 6390 5632 5905 5315
5679 5168 5441 5160 5501 5017 5281 5229 5131 5113 5232 5530 4938 5185 4979 5176 5697 5357 5043 5294 5541 5188 5085 5019 4890 4944 5280 5539 5022 5118 4796 4926 5480 4800 5475 5073 5013 5189 4984 5002 5521 4851 5409 4885 5248 4899 5219 4967 5128 5533 5564 5415 5306 5781 5424 5552 5269 5235 5333 5279 5451 5443 5960 5192 5633 5104 5359 4799 4844 5002 5425 5635 4920 5058 5670 5541 5201 5524 5136 5120 5000 4920 5366 5060 5425 5133 4919 5167 5302 4960 5143 5384 5216 5097 4982 5626 5137 5046 5221 5453 5174 5158 5094 5387 4908 5401 5125 5002 5102 5235 5215 5017 5485 5323 5235 5507 4796 5058 5110 5557 5110 5563 5422 5268 4843 5043 4855 5232 5105 5299 5231 5682 5508 5262 5719 5249 5003 5293 4872 5676 5121 5654 5023 5621 5658 4865 5027 4890 4905 5589 5344 4851 4771 5334 4788 4856 5069 5491 5171 5487 4709 4987 5624 5402 5137 5248 5015 5366 5026 5211 5479 5057 4751 5083 5090 4990 5263 4906 5192 5053 5140 5184 5145 5435 5186 4876 5417 5632 5636 4715 5576 5046 4854 5051 5129 5352 5385 5302 5378 4989 5217 5081 5408 5112 4936 4854 5169 5162 5405 5356 5519 5451 5065 5518 5476 5515 5095 5162 5332 5010 4900 5119 5644 4835 5195 5307 5291 5573 5310 4698 5077 5120 5508 5377 4747 5081 5144 5289 5443 5395 5004 4947 5117 5121 4842 5362 5110 5049 4843 5144 4918 5064 5749 4855 5183 4979
5637 5090 5666 4967 5486 5347 5604 5341 4914 5389 5409 5850 5162 5175 4887 5252 5468 5428 5289 5301 5813 5173 5129 5341 4850 5014 5425 5616 5291 4845 4715 5314 5767 5127 5622 5493 5165 5318 5266 5723 5702 5252 5485 4921 5433 4845 5079 5090 5367 5307 5866 5667 5393 5652 5757 5690 5212 5314 5136 5643 5678 5705 5784 5157 5745 5196 5515 4974 5016 5120 5436 5674 4789 5210 5845 5479 5132 5513 5096 4943 5157 5296 5277 5198 5360 5155 5221 5019 5518 5133 5358 5336 5285 4968 4973 5643 4989 5457 4900 5036 5222 5143 5164 5238 5075 5341 5035 5025 5071 5620 5622 5234 5552 5190 5033 5921 4960 5105 5084 5758 5026 5661 5543 5462 5103 4990 5162 5234 5162 5431 5413 5925 5485 5125 5570 5154 5273 5334 5236 5732 5052 5947 4826 5565 5605 5523 5432 4983 4947 5816 5279 5119 5189 5607 5130 4965 5031 5507 5348 5194 4818 5135 5399 5503 5068 4925 5186 5447 5227 5635 5539 5273 4796 5255 5548 4997 5320 5112 4582 5037 5290 5053 5613 5323 5362 5164 5512 5624 5649 4824 5463 4902 4847 5169 5251 5185 5443 5194 5503 5198 5518 5045 5561 5270 5498 4953 5211 5520 5295 5360 5259 5469 5383 5531 5548 5570 5275 5303 5272 5160 4751 5051 5579 5222 5087 5273 5415 5413 5571 4914 5283 5037 5761 5376 4733 5283 5219 5170 5489 5119 5127 5338 5323 5528 4878 5323 5335 5058 5118 5188 5170 4924 5730 4940 5238 5033
5197 5005 4825 4772 4989 4836 4644 4853 4503 5247 4964 4952 4508 4788 4374 4867 4911 5086 5013 4613 5162 4888 4804 4768 4665 4432 5047 5216 4574 4514 4129 4603 5306 4354 5138 4760 4571 4716 4703 4582 4894 4407 5052 4241 4838 4470 4535 4683 4742 4799 5036 4936 4994 5061 5153 5208 4703 4778 4793 4832 4917 4843 5338 4667 5285 4509 4705 4861 4457 4241 4928 4766 4692 4581 5194 4978 4582 5002 5066 4348 4557 4527 4571 4729 5017 4519 4450 4755 4622 4288 4969 4895 4686 4637 4629 5137 4651 4719 4646 4646 4742 4661 4668 4907 4693 4730 4222 4504 4562 4813 5071 4778 5284 4869 5010 5034 4614 4712 4366 4906 4806 5082 4892 4732 4390 4600 4800 4671 4446 4647 4711 5070 4956 5067 5048 4847 4751 5251 4637 5262 4723 5283 4359 5105 5007 4545 4987 4663 4526 5255 4940 4786 4412 4808 4583 4210 4329 5077 4742 4743 4224 4490 4949 5322 4818 4723 4863 4948 4796 5018 5238 4977 4287 4607 4672 4576 4812 4768 4686 4268 4641 4371 4859 5070 4882 4698 4683 4903 4864 4358 4915 4629 4721 4976 4729 5074 4916 4725 5082 4514 4870 4628 4954 4795 4826 4391 4769 5119 4787 4815 4920 4629 4615 4822 4990 5098 4784 4724 4860 4347 3946 4549 4912 4545 4643 4700 4966 4957 4597 4710 4291 4826 5095 4621 4450 4394 4756 4823 4962 4845 4080 4319 4643 4725 4451 4906 4930 5111 4607 4372 4495 4743 4918 4665 4785 4719
6144 5652 5506 5314 5731 5368 5297 5296 5347 5645 5240 5826 4998 5361 5132 5437 5569 5726 5473 5326 5863 5380 5499 5301 5227 5355 5682 6107 4965 5333 5052 4932 5659 4992 5818 5425 5274 5185 5480 5481 5900 5510 5536 5102 5330 5042 5409 5430 5125 5714 5749 5784 5399 5728 5556 5672 5616 5636 5684 5768 5582 5576 6043 5519 5752 5099 5466 5126 4981 5228 5452 5803 5251 5379 6285 5695 5351 5734 5489 5352 5175 5420 5719 5469 5750 5158 5176 5650 5584 5152 5680 5644 5423 5420 4991 6253 5237 5687 5280 5277 5456 5371 5548 5417 5625 5448 5122 5398 5376 5426 5775 5032 5869 5680 5546 5801 4966 5348 5315 5860 5475 5965 5417 5419 5295 5112 5088 5451 5204 5308 5221 5781 5572 5295 5630 5687 5250 5851 5183 5659 5506 6082 5013 5764 5780 5297 5652 5318 5391 5937 5480 5569 5005 5527 5345 5221 5266 5628 5425 5712 5023 5289 5991 5812 5133 5315 5300 5686 5311 5499 5700 5445 4880 5344 5335 5582 5563 5048 5114 5215 5230 5153 5667 5473 5267 5483 5517 5609 5845 4808 5903 5191 5098 5448 5391 5711 5485 5490 5580 5354 5362 5449 5773 5435 5359 4946 5321 5570 5540 5438 5706 5420 5372 5349 5619 5853 5477 5373 5503 5252 4915 5436 5585 4913 5560 5275 5766 5808 5591 5127 5337 5538 5407 5484 4876 5334 5372 5566 5790 5396 5077 5379 5424 5477 4853 5619 5445 5494 5150 5269 5082 5362 5886 5128 5426 5263
5169 4643 5030 4710 4759 4787 4748 4961 4451 5028 4803 5237 4205 4654 4375 4629 5022 4752 4757 4839 4976 4774 4952 4678 4792 4559 4718 5002 4789 4525 4147 4698 4673 4596 4959 4891 4495 4738 4563 4745 4898 4531 4985 4309 5044 4255 4612 4541 4672 4662 4912 4984 4799 5180 5110 4911 4787 4958 4759 5151 4983 4981 5256 4760 5112 4834 4701 4265 4462 4730 4849 5171 4691 4579 5450 4881 4517 4950 4536 4492 4284 4644 4879 5024 4868 4484 4724 4671 4677 4289 4757 4913 5078 4657 4391 5164 4626 4778 4492 4686 4922 4597 4645 4699 4626 4773 4539 4607 4692 4550 5209 4535 5122 4495 4624 5261 4257 4947 4808 5118 4769 5044 4952 4945 4366 4555 4750 4584 4473 4610 4809 5040 4785 5049 4825 4642 4949 4981 4514 5259 4742 5246 4225 4801 4959 4624 4613 4548 4450 5064 4770 4860 4413 4898 4762 4577 4395 4774 4798 4726 4158 4426 4522 4945 4818 4391 4508 4819 4561 5095 5020 4532 4255 4596 4828 4669 4849 4571 4466 4769 4652 4539 4842 4596 4634 4661 5048 4958 5009 4478 4815 4479 4569 4592 4852 4770 4880 5060 4852 4548 4771 4588 4873 4840 4649 4296 4629 4888 4745 4928 4759 4519 4750 4793 4992 4646 4606 4948 4776 4418 4389 4500 4927 4374 4811 4498 4950 5098 4781 4318 4543 4476 4775 4434 4498 4432 4568 4873 5081 4788 4534 4706 4771 4541 4252 5203 4840 4641 4472 4827 4489 4743 5099 4679 4789 4934
5704 5243 5009 4849 5325 5401 5004 5090 4755 5041 4967 5340 4807 4780 4601 5021 5262 5322 5087 5129 5245 5047 4990 5022 4860 4589 5118 5452 5004 4816 4384 4622 5219 4842 5360 5191 4766 5137 5037 5274 5343 4528 5398 4697 5326 4726 5058 4969 4903 4996 5474 5374 5138 5328 5439 5343 4946 5115 5248 5476 5162 5255 5342 5167 5652 4781 5276 4652 4769 4954 5153 5351 4940 4908 5650 5203 4880 5529 5250 5112 4682 4986 5097 5126 5432 5026 4582 4989 5079 4713 5186 5113 4878 5138 4808 5345 4802 5301 5018 4887 5110 5275 5050 5250 5092 5216 4816 5006 4974 5233 5222 4988 5578 4870 4971 5281 4831 5109 4811 5479 5068 5714 5054 5298 4730 4947 5133 5239 4793 5131 5148 5520 5251 5119 5370 5217 4723 5251 5025 5419 5016 5257 4481 5258 5209 5206 5095 4946 4670 5599 5255 4812 4831 5242 4961 4856 5015 5148 5287 4877 4803 5051 5326 5478 4865 4984 4633 5459 4989 5322 5148 4839 4616 4914 4985 4974 5286 4935 4908 4952 4972 4774 5286 5008 5056 4875 5014 5322 5399 4762 5088 4970 5124 5139 5122 5164 5297 5209 5189 4886 5078 4811 5036 4937 4994 4653 5167 5263 5005 5277 5340 5111 5098 5302 5659 5535 4969 5277 5053 4940 4725 5184 5514 4612 5098 5211 5178 5124 5263 4709 4751 4876 5175 4990 4580 5108 5040 5172 5314 4998 5004 4963 5122 4666 4674 5476 5058 5373 5198 4968 4886 5104 5527 4965 5252 4834
5541 5125 4999 4839 5259 4805 4888 5367 4983 5029 4908 5306 4953 4784 4419 4681 5152 5046 5069 5125 5202 4937 4892 4734 4738 4510 4833 5300 4766 5029 4589 4885 5390 4700 5282 4997 4775 5115 4819 5269 5409 4780 5142 4408 4949 4633 5048 4947 4939 5191 5293 5127 4988 4982 5339 5263 4938 5096 4990 5367 5111 5293 5336 5220 5675 4862 4812 4582 4598 4870 4639 5099 4975 4629 5659 5201 5005 5291 4953 4904 4636 4755 4780 5271 5168 5067 4879 5233 4864 4606 5194 4931 5018 4722 4796 5449 4787 5277 4977 4933 4984 4963 4693 4838 4911 5011 4809 4943 5047 4773 5158 4832 5315 4838 4988 5221 4691 5066 5056 5473 5367 5239 5008 5197 4796 4689 4933 4949 4620 4841 4957 5518 5169 4796 5007 5088 4793 5331 4654 5311 4921 5687 4505 5152 5130 4790 4812 5024 5116 5508 4880 4869 4795 4874 4631 4828 4829 5269 5229 4822 4769 4695 5101 5297 4868 4881 4701 5010 4792 5066 5116 4738 4228 4743 4692 4763 5118 4915 4766 4749 4656 4692 5368 4968 4974 4742 5262 5141 5307 4435 5242 4661 4623 5075 5016 5078 4871 5044 5188 4927 4728 4754 5210 4898 5028 4584 4904 5248 4952 5244 4925 4884 4971 5247 4939 5205 4908 5126 4946 4826 4462 4641 5394 4710 4919 4991 5306 5196 5184 4798 4924 4944 5154 4929 4594 4774 5054 5196 5378 4776 4717 5033 5281 4671 4508 5246 4861 4976 4897 4940 4799 4794 5385 4890 4999 5121
6000 5417 5402 4978 5398 5277 4866 5450 5026 5529 4933 5742 5003 4854 4815 5225 5464 5367 5176 4876 5386 5403 5273 5225 4966 4895 5381 5665 5178 4926 4741 4761 5748 4750 5455 5362 5296 5032 4998 5210 5444 5252 5349 4810 5081 4946 5297 5277 5387 5323 5601 5526 5401 5631 5337 5285 5189 5368 5014 5674 5371 5359 5840 5168 5620 4838 5469 4962 5099 5179 5250 5595 5083 5019 5566 5399 5202 5746 5125 5032 5057 5278 5212 5272 5460 4982 4906 5289 5500 4776 5220 5508 5467 5094 5200 5688 5267 5386 5031 5210 5025 5061 5291 5297 4838 5471 4944 4942 5361 5109 5407 4930 5579 5230 5395 5358 4826 5327 4917 5471 5316 5530 5412 5489 4835 5179 4975 5038 5144 5111 5140 5448 5208 5192 5650 5413 5073 5611 4940 5491 5277 5804 4865 5593 5446 5158 5382 5157 4873 5797 4948 5197 4693 5576 5031 4556 4928 5377 5312 5069 4822 5006 5337 5698 5158 4787 5378 5520 5090 5067 5423 5219 4763 5364 5096 4821 5349 4943 4910 5178 5008 4972 5516 5426 5354 5213 5326 5453 5251 4767 5562 5262 4781 4952 5330 5497 5029 5073 5578 4938 5221 4987 5499 5226 5161 4789 5028 5316 5247 5241 5145 5187 5011 5507 5611 5273 5363 5263 5162 4845 4880 4918 5592 5138 5114 5050 5186 5334 5450 4765 5192 5190 5560 5257 4722 5165 5418 5211 5451 4893 5071 5183 5022 5166 4683 5187 5074 4842 5019 5073 5099 5119 5822 5112 5402 5005
5731 5425 5551 5092 5670 5319 5368 5405 4973 5383 5171 5634 5095 5143 4761 5279 5349 5599 5327 5481 5649 4984 5318 5071 5032 5066 5370 5774 5109 5375 4716 4883 5459 4969 5902 5413 4853 5274 5256 5127 5509 4949 5967 4858 5315 5033 5245 5320 5181 5412 5841 5540 5470 5787 5532 5467 5175 5128 5289 5580 5510 5332 5891 5071 5705 4686 5561 4833 5025 5161 5439 5552 5360 5246 5913 5239 5105 5756 5113 5424 5018 5064 5452 5251 5776 5083 4814 5422 5136 4880 5352 5371 5412 5115 5385 5745 5016 5433 4898 5251 5384 5206 5309 5373 5181 5484 4927 4860 5450 5236 5769 4880 5729 5278 5345 5611 4838 4973 4873 5667 5409 5755 5501 5420 4771 4985 4913 5277 4970 5257 5055 5725 5715 5567 5572 5326 5177 5891 5169 5568 5331 5773 5316 5600 5485 5333 5300 5049 5091 5730 5409 5253 5038 5416 4840 5080 5266 5531 5317 5443 4801 5156 5491 5744 5088 5147 5010 5539 5131 5268 5452 5126 5145 5109 5133 5049 5225 4917 5054 5086 5078 4636 5397 5715 5235 5090 5126 5458 5699 4796 5664 5168 5110 5170 5390 5401 5534 5254 5601 5351 5156 5101 5451 5223 5228 4762 5309 5249 5710 5301 5295 5313 5252 5430 5555 5650 5276 5339 5387 5201 4737 5395 5567 5061 5214 5360 5261 5526 5366 4911 4927 5288 5564 5283 5060 5519 5367 5479 5541 5060 5122 5216 5230 5248 4942 5499 5642 5182 5193 5275 4966 5191 5900 5080 5333 5140
6017 5528 5501 5183 5707 5494 5335 5355 5159 5430 5346 5742 5111 5009 4915 5332 5628 5422 5487 5363 5779 5139 5350 5312 5167 4988 5349 5681 5242 5316 4948 5268 5487 5037 5692 5181 5027 5421 5217 5337 5396 5285 5572 4710 5180 4956 5340 5278 5192 5434 5907 5581 5295 5618 5640 5512 5270 5586 5235 5612 5659 5620 6150 4999 5848 5177 5327 5108 5167 5178 5674 5772 5240 4868 6046 5288 5323 5791 5249 5385 5161 5303 5291 5223 5604 5199 5197 5374 5198 4812 5371 5535 5494 5382 5174 5645 5115 5735 5124 5099 5264 5229 5303 5343 5213 5288 4933 5336 5398 5341 5474 5292 6072 5187 5419 5837 4956 5271 5082 5611 5399 5749 5414 5437 5236 4783 5342 5357 4882 5646 5335 5841 5348 5487 5669 5422 5008 5756 5322 5631 5387 5922 4801 5813 5658 5105 5424 5280 5263 5859 5478 5389 4994 5716 5147 5001 5135 5418 5308 5397 5153 5108 5493 5889 5434 5136 5384 5773 5252 5458 5678 5173 4713 5140 5107 5260 5432 5063 5183 5148 5178 5175 5499 5405 5196 5079 5349 5415 5634 4836 5947 5336 5010 5349 5036 5388 5398 5422 5372 5530 5294 5169 5692 5208 5357 4887 5217 5657 5598 5602 5465 5223 5365 5654 5534 5432 5453 5250 5350 5249 5014 5192 5710 5008 5380 5221 5593 5579 5695 5121 5089 5394 5339 5366 4875 5155 5052 5600 5687 5185 5047 5222 5519 5054 5026 5534 5186 5422 5170 5302 5138 5406 5896 5048 5578 5210
5741 5672 5741 5107 5660 5611 5309 5605 5009 5548 5644 5765 5034 5191 4875 5341 5242 5440 5590 5501 5730 5335 5094 5157 5079 4968 5510 5666 5309 5407 4792 5469 5625 4919 5499 5193 5098 5464 5149 5207 5462 5135 5484 4815 5281 5134 5423 5387 5396 5344 5925 5673 5527 5826 5558 5369 5366 5640 5133 5791 5616 5362 5950 5289 5856 5310 5412 4988 5167 5239 5699 5640 5341 5231 6002 5446 5222 5705 5250 5300 5279 5397 5377 5517 5384 5150 5120 5519 5378 4951 5175 5560 5601 5046 4864 5772 5130 5502 5204 5456 5252 5051 5281 5566 4988 5243 5234 5088 5622 5294 5856 5071 5733 5428 5202 5799 5197 5358 5118 5794 5443 5717 5605 5563 4937 5221 5243 5149 5216 5293 5202 5852 5697 5521 5555 5471 5368 5809 5421 5713 5217 5886 4995 5914 5456 5117 5500 5041 5171 5661 5358 5337 5440 5535 5253 5212 4800 5666 5411 5558 4962 5288 5676 5678 5301 5056 5470 5425 5169 5530 5934 5619 4808 5460 5448 5246 5517 5234 4850 5340 5266 5285 5557 5480 5666 5202 5506 5807 5798 5343 5318 5287 5204 4981 5200 5593 5639 5313 5697 5292 5565 5420 5652 5297 5447 5367 5308 5436 5295 5467 5215 5423 5417 5549 5579 5629 5446 5603 5426 5144 4789 5501 5620 5049 5134 5454 5369 5393 5881 5444 5073 5434 5427 5535 5051 5316 5366 5561 5723 5244 4999 5520 5112 5587 4891 5660 5555 4992 5197 5380 5265 5336 5892 5163 5506 5142
5619 5320 5335 5109 5459 5343 5266 5387 4962 5380 5265 5234 4996 5141 5144 4986 5441 5337 5198 5287 5676 4882 5340 5093 5013 5106 5101 5752 5078 5001 4921 5116 5469 4785 5529 5244 4967 5145 5250 5442 5504 5279 5459 4804 5260 5194 5264 5189 4820 5113 5608 5498 5060 5561 5412 5560 5104 5659 5206 5511 5256 5516 5637 5249 5562 5193 5271 4821 4995 4990 5510 5732 5006 5143 5807 5420 4899 5509 5152 5073 5046 5258 5363 4933 5263 4939 4824 5167 5347 4867 5399 5125 5069 5209 4969 5457 5101 5319 5011 5160 4982 5064 5216 5396 4927 5218 4743 5111 5155 5175 5343 4963 5492 5248 5204 5410 4627 5065 4844 5524 5383 5627 5492 5315 4747 4624 5031 5191 4791 5230 4956 5662 5333 5355 5360 5405 5224 5418 5050 5760 5141 5752 4569 5628 5537 4932 5085 5033 5259 5589 5289 5167 4880 5431 5061 4845 4921 5288 4862 5128 4794 5111 5275 5571 5042 4978 5125 5455 5075 5229 5389 5140 4636 5163 5130 5155 5122 4879 4920 5056 5022 4894 5185 5329 5064 5125 5402 5415 5416 4516 5519 5129 4793 5231 4878 5395 5374 4984 5464 4884 4949 5395 5633 5188 4971 4811 5290 5569 5078 5019 5053 5073 5079 5269 5370 5319 5290 5321 5011 5024 4924 5176 5362 4881 5029 5125 5394 5314 5351 4840 4978 5299 5563 5365 4633 4919 5117 5167 5352 4925 4989 5151 5442 4803 4821 5263 5303 5238 4829 5186 4827 5013 5717 4802 5314 5177
5730 5387 5388 5157 5801 5212 5406 5412 5022 5014 4968 5623 5025 5234 4996 5078 5545 5412 5330 5334 5469 5248 5177 5009 5002 5125 5471 5791 4878 5250 4780 5080 5664 4914 5544 5277 5330 5367 4970 5358 5718 5002 5399 4748 5320 4677 5387 5237 4971 5603 5471 5597 5322 5670 5452 5447 5227 5397 5069 5371 5605 5327 5744 5180 5555 5211 5253 4691 4946 5196 5310 5484 4989 5134 5589 5321 5102 5431 5084 5142 5234 5260 5410 5287 5465 4977 5182 5333 5221 5014 4965 5383 5309 5243 4998 5753 5149 5309 4990 5144 5293 5135 5134 5247 5189 5442 5053 4958 5444 5320 5259 5017 5609 5166 5161 5524 4886 5293 4956 5691 5152 5749 5320 5517 4969 5084 4932 5254 5088 5326 5172 5752 5574 5293 5496 5236 5185 5342 5155 5581 5220 5812 5113 5561 5505 5161 5596 4970 5114 5533 5167 5180 4971 5192 5105 4921 5037 5527 5024 5276 4960 4845 5491 5395 5227 5293 5241 5457 5045 5092 5439 5146 4915 5300 5293 5238 5221 4880 4641 4967 4927 4951 5371 5488 5403 5263 5347 5458 5408 4578 5596 5116 4749 5263 4988 5401 5321 5128 5651 4993 5118 5232 5555 5338 5057 4888 5055 5431 5269 5284 5199 5347 5125 5440 5582 5599 5402 4965 5190 4924 4779 5306 5489 4998 5186 5328 5352 5631 5419 4792 5131 5240 5407 5409 4758 5010 5353 5210 5631 5172 5044 5395 4975 5169 5102 5393 5231 5101 5042 5399 4834 4981 5831 4968 5169 4962
5841 5535 5468 5160 5625 5481 5283 5463 5233 5541 5423 5689 4960 5105 5133 5453 5625 5403 5198 5226 5610 5348 5358 4995 5088 4899 5510 5685 5380 5302 4943 5198 5548 5046 5577 5203 5078 5254 5182 5410 5679 5058 5529 5144 5102 5005 5669 5357 5245 5423 5610 5768 5314 5738 5518 5483 5354 5861 5380 5905 5477 5536 5903 5171 5651 5099 5557 5020 5099 5158 5503 5814 5016 5114 6089 5484 5279 5927 5375 5216 5270 5074 5246 5358 5467 5248 5185 5440 5369 5118 5461 5636 5462 5360 5147 5940 5192 5295 5041 5327 5195 5234 5034 5481 5097 5513 5153 5145 5328 5659 5632 4921 5708 5237 5122 5776 4985 5124 5314 5504 5660 5859 5605 5379 5058 5163 5270 5315 5176 5485 5029 5548 5542 5198 5397 5617 5425 5533 4967 5700 5444 5893 4808 5728 5724 5053 5309 5286 5287 5754 5481 5323 5001 5589 5325 4995 4926 5726 5377 5539 4966 5115 5554 5716 5309 5283 5241 5372 5220 5246 5910 5225 4807 5167 5257 5223 5500 5098 5131 5372 5245 5309 5431 5186 5312 5265 5276 5651 5721 5221 5436 5057 5048 5392 5267 5382 5432 5464 5670 5168 5407 5158 5512 5495 5238 5069 5449 5378 5496 5673 5341 5318 5357 5602 5822 5413 5165 5329 5544 5143 4743 5195 5453 4947 5446 5382 5579 5365 5719 4883 5228 5242 5609 5174 5071 5430 5053 5271 5605 5323 5270 5415 5318 5296 5005 5599 5189 5513 5135 5247 5067 5229 5886 5135 5438 5064
6095 5608 5292 5322 5642 5435 5431 5578 5179 5549 5294 5777 5124 5248 5101 5348 5657 5491 5359 5442 5656 5360 5157 5174 5118 4985 5611 5661 5144 5085 4697 5168 5733 4759 5580 5294 5014 5442 5159 5543 5741 5212 5516 5008 5456 4968 5370 5300 5314 5591 5653 5533 5357 5756 5578 5549 5131 5570 5363 5801 5683 5708 6085 5239 5703 4985 5478 5009 5229 5309 5571 5586 5330 5100 5903 5366 5541 5699 5399 5274 5194 5319 5158 5410 5571 5179 4891 5435 5346 5039 5420 5530 5319 5377 4991 5926 5297 5670 5102 5072 5331 5208 5555 5601 4980 5414 5341 4975 5231 5765 5694 5204 5928 5181 5237 5716 4978 5301 5129 5760 5256 5643 5293 5794 5147 5338 5243 5503 5234 5238 5299 5848 5742 5407 5467 5727 5338 5407 5555 5726 5256 5766 5001 5900 5913 4993 5505 5082 5137 5813 5370 5092 5179 5630 5151 5132 5186 5697 5310 5341 4917 5071 5428 5810 5274 5346 5276 5392 5314 5314 5802 4978 5249 5317 5191 5191 5612 5174 5105 5114 5181 5009 5619 5474 5509 5257 5458 5597 5822 4772 5548 5291 5121 5338 5244 5526 5516 5440 5564 5225 5182 5389 5728 5409 5417 4793 5439 5444 5624 5622 5474 5303 5061 5722 5734 5597 5307 5280 5462 5035 4537 5182 5549 4998 5033 5283 5367 5549 5858 5154 5124 5323 5526 5593 4771 5442 5416 5361 5664 5433 4944 5176 5212 5268 5050 5494 5465 5517 5310 5253 5119 5103 5702 5163 5448 5161
6056 5389 5630 4841 5712 5353 5276 5264 4961 5464 5469 5904 5066 5054 4856 5378 5500 5522 5479 5518 5571 5300 5342 5318 5076 5120 5308 5955 5207 5117 4857 5171 5640 5219 5548 5514 5358 5475 5440 5495 5465 5368 5494 4634 5434 4823 5342 5242 5063 5263 5762 5592 5361 5843 5524 5644 5679 5357 5232 5597 5571 5479 6014 5339 5740 5122 5427 5076 4821 5162 5324 5719 5227 5052 5811 5387 5204 5522 5348 5411 5327 5262 5169 5575 5523 5202 5219 5339 5479 5020 5519 5597 5498 5105 4956 6104 5113 5456 5400 5479 5403 5074 5291 5444 5304 5238 5144 5306 5325 5516 5440 5090 6070 4967 5329 5689 5021 5419 5378 5705 5486 5779 5364 5644 5237 4930 5411 5254 5087 5426 5190 5957 5511 5654 5496 5777 5110 5566 5190 5733 5466 6034 4755 5718 5580 5293 5496 5171 4773 5893 5367 5285 5096 5556 4948 5096 5200 5493 5207 5294 5071 4920 5603 5688 5417 5003 5220 5798 5223 5445 5512 5112 4867 5208 5340 5393 5260 5259 5157 5093 5016 5424 5520 5423 5114 5281 5491 5608 5841 4835 5563 5134 5000 5332 5358 5512 5411 5521 5497 5351 5079 5253 5753 5314 5139 4957 5327 5413 5275 5544 5551 5500 5157 5703 5529 5613 5606 5379 5536 4974 4746 5069 5768 5138 5358 5199 5477 5526 5412 5138 5169 5234 5612 5364 4947 5178 5196 5627 5480 5179 5237 4960 5495 5454 4707 5608 5498 5215 5140 5332 5113 5375 5997 4959 5647 5459
5438 5127 5227 4852 5437 4999 5106 4963 4751 5274 4661 5346 4736 5071 4784 4963 5199 5238 5190 4945 5269 4897 5205 4912 4815 4826 5281 5387 4965 4734 4401 4759 5285 4652 5387 5034 4993 5199 4636 5034 5415 4995 5574 4741 5135 4561 5037 5042 4984 4998 5295 5386 5027 5408 5210 5149 4896 5109 5087 5201 5451 5370 5682 4949 5394 4673 5093 4633 5043 4831 5315 5362 5045 4752 5439 5326 5038 5231 4998 4879 5056 4951 5089 5256 5311 4952 5127 5135 5071 4616 5342 5324 5226 4907 4666 5467 4687 5260 4851 4843 5026 4882 4916 5234 4915 5276 4959 4828 4822 5105 5347 4925 5462 4975 5040 5525 4671 5175 4998 5411 5201 5123 4858 5248 4954 4702 4904 5269 4825 5007 4890 5217 5238 4980 5348 4812 5034 5136 5173 5292 5003 5394 4429 5656 5521 5171 5283 4852 5015 5542 5027 5126 4710 4930 4992 4902 4858 5316 5211 5122 4599 4939 5220 5644 4783 4897 4770 5055 4791 5305 5421 4864 4676 5094 4943 5039 5235 4865 4818 4806 4997 4592 5277 5074 4985 4816 5138 5221 5609 4609 5498 4940 4695 4796 4913 5120 5172 5146 5494 5029 4861 4801 5640 4921 5191 4678 5020 5224 5286 5246 5236 5067 5164 5278 5429 5171 5112 5116 4888 4825 4759 5144 5173 4762 4895 4835 5213 5260 5411 4589 4906 4959 5032 5208 4551 4920 5093 5244 5275 5097 4970 5044 5048 4901 4667 5292 5011 5001 4819 5086 4701 4925 5464 4804 5077 4949
5513 5204 5016 4843 5021 4869 4688 5162 4715 4938 4670 5239 5011 4736 4505 4842 5182 5036 4968 4862 5291 4720 5076 4438 4556 4770 5132 5263 5031 4606 4421 4958 5215 4683 5075 4994 4894 5001 4937 4960 5050 4801 5197 4736 4911 4714 5124 4791 4850 5301 5294 5126 5061 5396 5180 5284 4807 4923 4949 5427 5218 5026 5531 4755 5454 4859 4797 4701 4794 4690 5264 5320 4866 4796 5559 4889 4785 5382 4707 4500 4680 4874 4823 4916 4965 4694 4767 5032 4942 4599 4973 5217 4857 4875 4768 5155 4510 5223 4807 4809 4831 4786 4837 4950 4663 4887 4967 4945 4929 4977 5143 4713 5513 4767 4898 5416 4534 4926 4784 5259 4952 5102 4949 5065 4326 4680 4937 4825 4847 4701 4874 5317 4903 4974 5168 5259 4925 5127 4629 5012 5014 5062 4706 5143 5012 4612 4879 4777 4752 5294 4962 4928 4801 5115 4649 4760 4798 4996 4985 4800 4674 4627 4967 5382 4728 4744 4730 5050 4661 5093 5046 4958 4301 4670 4690 4832 5117 4592 4751 4893 4785 4588 5169 4796 4897 4748 5175 5066 5076 4182 5300 4699 4769 4977 4887 4809 5063 4791 5264 4822 4845 4879 5151 4661 5083 4607 5016 5392 5008 5036 4879 5003 4804 5055 5116 5095 5156 4903 4998 4570 4369 4923 5407 4598 4733 4750 5170 5226 5172 4766 5032 4723 4806 4975 4487 4870 4614 5078 5242 4849 4741 4607 5191 4823 4205 5087 4976 4953 4803 4942 4723 4661 5478 4887 4897 5170
5923 5692 5704 5327 5804 5759 5345 5624 5288 5605 5492 5999 5542 5317 5201 5492 5687 5787 5841 5516 5973 5296 5542 5268 5186 5237 5446 5827 5302 5269 5089 5471 5808 5145 5645 5450 5210 5459 5486 5507 5624 5253 5531 5032 5572 4997 5572 5459 5388 5653 5830 5661 5446 5747 5871 5622 5399 5686 5663 5745 5582 5724 5876 5520 5979 5309 5506 5300 5210 5307 5700 5621 5401 5215 6072 5724 5310 5606 5530 5381 5265 5267 5702 5591 5840 5112 5374 5880 5464 5052 5547 5569 5682 5451 5314 6381 5296 5648 5105 5339 5513 5404 5110 5756 5393 5546 5060 5415 5713 5406 5770 5156 5844 5530 5516 5803 5000 5455 5375 5791 5638 5688 5507 5536 5138 5271 5177 5474 5304 5512 5356 5919 5833 5587 5802 5501 5216 5569 5270 5701 5437 6251 4980 5462 5549 5254 5701 5181 5581 6051 5274 5562 5292 5668 5282 5365 5483 5678 5346 5355 5448 5041 5872 5815 4744 5368 5367 5690 5191 5408 5958 5355 4966 5432 5447 5532 5536 5243 5181 5417 5357 5261 5790 5354 5255 5233 5794 5792 5764 5060 5766 5307 4987 5465 5394 5670 5411 5560 5728 5127 5444 5326 5659 5840 5443 4918 5394 5566 5559 5546 5427 5611 5415 5641 5542 5672 5426 5348 5448 5505 4904 5298 5635 5286 5293 5435 5649 5636 5809 5515 5465 5576 5421 5435 4986 5514 5589 5732 5700 5437 5082 5416 5685 5470 5231 5806 5601 5594 5300 5710 5080 5212 5890 5351 5446 5229
5717 5095 5080 4560 5356 4916 5048 4980 4833 5020 4869 5427 4834 4916 4765 4961 5214 5165 5255 5121 5071 4963 4871 4516 4597 4791 5094 5399 4827 4679 4419 4666 5136 4799 5220 5093 4921 5003 4863 4992 5166 5007 5327 4790 5036 4600 4869 4855 4855 5128 5445 5405 4910 5390 5123 5133 5003 4925 4998 5393 5195 5060 5543 5123 5386 4760 5117 4503 4741 4800 5173 5426 4821 4711 5535 5019 4884 5154 5033 4981 4700 5093 5038 5168 5275 4725 5116 4918 4965 4758 5100 5004 5051 4852 4560 5447 4774 5063 4798 4845 4902 4860 5043 4905 5059 4887 4597 5013 4962 5098 5251 4799 5594 5068 5061 5601 4768 5110 4730 5526 5178 5443 5116 5124 4777 4925 5016 4818 4857 4929 4949 5196 5149 5241 5393 4904 4968 5414 5037 5273 5127 5446 4670 5030 5194 5110 5029 4998 4649 5276 5091 4799 4680 5026 4808 4762 4937 5143 4892 5061 4699 4688 5050 5166 4936 4716 4488 5412 4779 5219 5129 4919 4529 4801 4893 5142 5336 4700 4960 4946 4659 4471 5013 5092 5177 4774 4863 4963 5334 4415 5275 4759 4730 4960 5050 5168 5198 4896 5412 4798 4816 4934 5231 4749 4880 4406 4989 5028 5274 5267 5157 4895 4880 5174 5074 5210 5080 5126 5065 4939 4798 5221 5185 4640 5077 4915 5161 5206 5263 4705 4779 4922 5020 5148 4707 5054 4568 5353 5114 4978 4771 4829 5279 4843 4529 5449 5063 4782 5071 5247 4758 5048 5542 4956 5063 4974
5676 5371 5460 4910 5527 5308 5077 5204 5089 5480 4807 5427 4976 5136 4841 4933 5483 5473 5136 5143 5368 5112 4924 5116 4811 4896 5460 5917 5247 5020 4883 4979 5349 4968 5430 5300 5129 5356 5336 5231 5446 5226 5322 4832 5131 4933 5282 5074 5057 5194 5741 5568 5278 5765 5443 5265 5359 5433 5290 5605 5428 5267 5494 5210 5763 5211 5459 4942 4975 5061 5298 5374 4857 4828 5634 5315 5051 5265 5287 5275 4892 5061 5412 5363 5445 4791 4931 5193 5192 4816 5293 5130 5217 5018 5024 5463 4921 5416 4905 5112 5168 5115 5138 5366 5049 5363 5194 5176 5229 5298 5308 4995 5476 5079 5112 5350 4726 5187 5104 5604 5146 5621 5232 5424 4958 4845 4960 5057 5150 5157 5127 5819 5670 5369 5496 5264 5059 5405 4852 5356 5109 5558 4819 5316 5443 5267 5310 5146 5115 5639 4915 5100 4957 5558 5133 5007 5007 5392 5218 5216 4701 5088 5551 5430 5130 4871 5172 5607 5061 5421 5412 5169 4806 5175 5223 5156 5257 4924 4798 5069 4793 4761 5539 5436 5240 5101 5428 5105 5707 4669 5374 5106 5092 5137 5079 5181 5559 5346 5290 5314 5376 4954 5284 5001 5418 4656 5146 5310 5164 5242 5132 5133 5042 5281 5316 5303 5034 5095 5122 5055 4830 5131 5636 5036 5352 5191 5231 5072 5340 5030 5134 4988 5078 5147 4647 5447 5186 5421 5468 4876 5010 5310 5186 5449 4681 5558 5500 4991 5166 5186 5136 4985 5702 5113 5326 5071
5551 5199 5244 5101 5342 5137 5133 5173 4909 5274 5110 5473 4830 4867 4745 5002 5358 5090 5312 5237 5530 4896 5016 5046 4941 4826 5237 5430 5108 5098 4699 4869 5234 4827 5220 5192 5133 5382 5317 5164 5365 4811 5451 4562 5409 4892 5212 4979 4905 5048 5570 5333 4981 5595 5489 5388 4927 5294 5259 5320 5435 5170 5564 5254 5419 5092 5377 4734 4882 4699 5192 5398 5055 4838 5536 5015 5256 5469 5000 5222 4740 4891 5281 5078 5273 4775 4799 5140 5123 4632 5043 5158 5030 5085 4907 5464 4814 5454 4898 5119 5089 5108 5123 5307 5267 5391 5118 5213 5115 5396 5407 4878 5671 5089 5154 5489 4779 5186 4946 5529 5025 5583 5086 5328 4669 4777 5080 4868 4916 4991 4994 5603 5324 5106 5447 5293 4878 5270 4841 5487 5139 5594 4670 5240 5261 4933 4898 5050 4873 5374 5098 4956 5065 5381 5094 4870 4789 5241 5041 5109 4614 4555 5156 5375 4999 5045 4833 5367 5211 5280 5405 5053 4631 4944 5354 5025 5415 4984 4897 4970 5003 4994 5347 5105 5079 5165 5153 5548 5609 4497 5443 4952 4808 5085 5068 5390 5385 5014 5517 4918 5060 4958 5330 4771 5239 4811 5161 5570 5004 5410 5163 5190 5194 5332 5502 5658 5153 5214 5065 5057 4948 5335 5440 4894 5010 5308 5276 5254 5047 4691 5044 4965 5380 5366 4658 4966 4935 5478 5400 4978 5115 5097 5235 5063 4844 5487 5313 4972 5066 5342 4817 4963 5782 4853 5499 4842
5658 5247 5548 4863 5371 4865 5226 5020 5095 5155 5184 5704 4892 4938 4421 4787 5210 5247 5129 5260 5199 4978 5081 4914 4800 4801 5279 5509 4979 5049 4593 4790 5318 4858 5376 5305 4921 5138 4793 5088 5217 4903 5649 4557 4921 4722 5030 5149 5058 5279 5438 5434 5178 5453 5319 5186 5154 5066 5144 5331 5316 5412 5683 5018 5414 4633 5146 4923 4875 4913 4986 5224 4898 4741 5553 5164 4921 5443 5210 4963 4967 5174 5314 5116 5419 5030 4932 5100 5206 4868 4958 5002 5017 5020 4802 5606 5178 5442 5019 4734 5101 4693 5402 4860 4962 5190 4944 5121 5140 5309 5429 5048 5309 5357 4994 5643 4950 5050 4783 5561 5241 5481 5111 5206 4651 4692 5269 5125 5095 4965 4851 5513 5352 5227 5236 5227 4835 5426 5166 5490 5054 5779 4846 5741 5366 5344 5162 5010 4735 5680 5095 4997 4795 5214 4919 4709 4757 5242 4873 5225 4525 4981 5391 5635 5108 5069 4965 5415 4821 5146 5248 5164 4759 4892 5052 4983 5125 4817 4730 4901 5176 4827 5331 5198 5078 4903 5220 5141 5381 4617 5229 5083 4978 5076 5146 5241 5156 4882 5158 5171 5009 5013 5523 5124 5148 5016 4848 5319 5237 5171 5032 5213 5040 5309 5466 5341 5063 5242 5105 4887 4841 4858 5319 4671 5017 5142 5244 5134 5379 4999 4534 5054 5477 5182 4666 4808 5089 5280 5514 5001 5021 5099 4974 5136 4645 5453 5096 4933 4807 4916 5116 5144 5649 5057 5273 4790
5585 5607 5558 4673 5490 5290 5280 5274 4996 5280 5077 5506 5127 5008 4821 4823 5368 5416 5392 5315 5765 4944 5082 4986 4878 5039 5269 5539 5293 5184 4939 5278 5651 4987 5370 5135 4897 5487 4984 5297 5604 5005 5506 4786 5370 4938 5252 5198 4856 5153 5638 5512 5177 5488 5388 5360 5138 5233 5189 5269 5522 5269 5642 5158 5782 4911 5303 5000 4757 4932 5334 5372 4950 4868 5638 5203 5114 5331 5441 5340 5070 5002 5009 5274 5368 4896 5193 5253 5383 4862 5190 5263 5381 5402 4827 5485 4879 5370 5104 4927 5101 4822 5110 5208 5141 5325 5112 4921 5105 5209 5481 5057 5731 5061 4998 5742 5008 5167 4981 5341 5000 5575 5259 5361 4898 4701 5055 5207 4958 5220 5079 5699 5440 5093 5673 5446 5007 5482 5147 5368 5105 5547 4632 5543 5534 5192 5243 5022 5040 5956 5315 5320 5062 5352 4956 5024 5037 5451 5109 5211 5070 4871 5705 5434 5035 5104 4855 5608 4955 5244 5450 5338 4770 5093 4927 5121 5325 5038 4856 5030 4873 4921 5265 5431 5301 5010 5407 5544 5422 4655 5420 4805 4951 5203 5146 5406 5317 5218 5435 5279 4966 5125 5618 5114 5297 5168 5131 5493 5256 5346 5085 5336 5138 5289 5487 5211 5251 5102 5144 5113 4811 5212 5493 5001 5082 5334 5099 5482 5512 5019 5048 5185 5309 5408 4857 5201 5130 5376 5603 5112 5147 5239 5130 5441 4613 5321 5044 5375 5066 5289 4868 5000 5750 4990 5258 5091
5451 5508 5108 4913 5196 5197 4986 5108 4839 5095 5162 5374 4762 5028 4967 4860 5271 5151 4982 5235 5425 4922 5183 5053 4884 4774 5231 5478 4989 4890 4651 4640 5392 4833 5371 5043 4917 5332 5116 5206 5601 4698 5380 4630 4823 4827 4999 5089 5035 5138 5355 5137 5070 5560 5366 5251 4847 5283 4951 5292 5408 5039 5714 5090 5420 4902 5232 4920 4750 4850 5068 5253 5035 4784 5550 5082 5142 5458 5118 4987 4789 4581 5218 5011 5170 4921 4650 5095 5363 4791 5265 5083 5112 4968 4830 5500 4873 5268 4722 4893 5186 4999 4870 5133 5198 5306 4973 4768 5291 5003 5132 5144 5541 5089 4855 5368 4465 4983 4889 5407 5040 5328 5098 5214 4743 4789 4995 5090 5100 4933 4854 5338 5272 4921 5325 5077 4934 5067 4951 5339 5026 5695 4728 5266 5412 4965 5162 5180 4928 5623 5038 5081 5039 5403 4783 4625 4901 5191 5126 5099 4638 4924 5411 5640 4910 5104 5183 5285 5116 5037 5293 5065 4720 4968 4860 4971 4981 5034 4738 4761 4676 4704 5472 5056 4933 5006 5364 5296 5454 4304 5635 5056 4786 5070 4914 5025 5265 5189 5056 4985 5077 4738 5284 4971 5344 4765 4913 5199 4950 5206 5038 5198 5255 5336 5187 5447 4966 5133 5103 4813 4573 4829 5296 4876 4907 5213 5215 5198 5316 4900 4970 4906 5243 5020 4621 5079 5178 5170 5565 5217 4760 4967 5221 5144 5026 4896 5079 4895 4997 5012 5075 4883 5621 4805 5136 4883
5629 5224 5152 4774 5327 5089 4823 4882 5131 5108 4972 5534 5108 5018 4587 4814 5446 5230 5191 5025 5217 4975 4990 4700 5046 4552 5458 5254 5047 4788 4581 4900 5360 4783 5182 4771 4886 5144 4916 5001 5273 4946 5505 4519 4970 4916 5038 5070 5032 5048 5468 5238 4918 5300 5292 5285 5278 5248 5122 5486 5482 5373 5731 4880 5349 4872 5443 4835 4884 4968 5308 5545 4930 4713 5687 5268 5102 5372 4926 5048 4762 4876 5146 5381 5358 5002 5156 5059 4936 4739 5226 5465 5227 4946 4704 5354 4818 5240 4788 5207 5059 4937 4964 4990 4842 5127 4954 5212 4842 5357 5211 4664 5657 5184 4850 5312 4589 4962 5012 5496 5120 5258 5315 5068 4887 4695 4941 5275 4846 4980 4892 5565 5461 5054 5372 5007 4668 5299 4934 5434 4909 5244 4629 5630 5381 4918 5009 4780 4933 5552 5222 5115 4907 5256 4547 4755 4962 5472 4874 5037 4607 4749 5170 5604 4935 4972 5003 5346 4931 4986 5296 4704 4584 4819 4804 5091 5364 4882 4814 4996 5077 4795 5279 5270 5047 4959 5188 5248 5376 4497 5314 5044 5043 5283 5050 5403 5430 4882 5384 5110 4928 4771 5535 4982 5231 4805 5058 5471 5402 5375 5338 5007 5068 5009 5316 5065 5075 5344 5390 5105 4549 4695 5344 4701 5026 5039 5062 5235 5280 4911 4777 5045 5243 5085 4773 5029 4859 5227 5312 4999 5049 4866 5208 4886 4692 5141 5101 5177 4898 4954 5029 4923 5575 4741 5129 4960
