62 64 61 60 62 63 68 59 63 61 69 62 73 60 67 60 68 67 64 70 56 57 60 69 67 66 65 68 67 53 67 79 62 60 64 66 63 64 61 67 61 59 70 66 58 64 56 62 61 66 67 55 55 63 65 67 68 71 59 65 60 67 76 61 60 66 67 70 67 64 65 61 67 73 67 60 64 61 58 74 62 77 63 57 69 55 62 65 65 58 70 64 57 62 61 61 58 63 63 66 58 56 58 63 62 59 67 64 72 62 61 67 68 64 53 55 62 66 68 68 54 68 57 60 72 73 73 66 71 70 61 68 70 61 59 67 71 67 66 66 63 67 45 70 64 67 66 68 57 68 75 67 61 57 63 60 65 69 64 74 64 66 56 67 66 62 62 68 70 61 61 60 63 64 67 70 71 67 59 57 62 62 65 68 69 64 62 59 65 65 62 60 72 68 66 71 59 78 57 69 58 69 58 51 50 58 68 70 58 60 60 62 63 53 59 56 70 57 58 53 63 63 72 60 66 53 67 60 57 51 63 69 64 55 63 63 64 63 61 63 69 59 63 69 67 61 61 64 56 67 55 55 59 61 62 59
62 64 66 58 65 65 61 62 60 66 60 64 59 65 65 60 61 57 56 72 58 58 57 63 61 64 61 62 61 55 57 64 61 61 67 64 63 63 69 65 58 65 64 61 60 63 57 68 61 61 68 64 64 56 59 64 63 77 59 63 62 55 68 62 54 64 70 68 64 62 71 64 64 71 66 58 61 63 51 56 60 79 66 52 71 57 60 59 75 58 60 62 59 68 64 62 47 63 62 60 56 51 56 72 56 61 67 64 69 62 64 62 64 59 57 69 58 65 70 69 60 61 60 62 71 60 70 67 62 73 66 71 65 56 60 56 60 68 60 57 65 71 55 61 65 67 62 69 63 65 72 67 55 56 62 60 67 57 59 63 66 67 56 63 58 58 57 62 59 61 60 62 66 61 73 66 58 61 65 64 61 59 63 64 68 58 53 56 57 64 57 67 66 64 65 62 60 75 66 63 49 64 53 50 57 61 69 67 60 74 60 67 70 48 63 61 74 58 57 63 63 60 64 58 63 54 63 59 60 55 66 66 65 57 61 57 70 71 56 70 73 57 62 71 67 55 56 61 60 63 63 59 56 59 60 62
65 60 63 62 65 61 64 57 61 74 61 59 62 64 60 64 66 64 65 65 56 58 63 71 69 51 68 58 61 55 58 65 62 60 62 68 68 62 67 68 56 72 71 56 66 57 62 65 56 66 58 64 60 53 60 71 65 59 61 67 67 65 67 61 58 62 65 61 62 61 61 68 64 73 65 63 65 63 54 60 55 69 66 56 62 54 66 66 66 53 66 61 64 65 61 57 52 60 60 61 67 58 59 66 62 57 69 66 59 55 67 57 68 60 64 60 59 63 63 67 56 59 63 56 59 67 72 67 62 71 62 69 52 54 61 70 66 63 62 62 58 71 44 65 61 67 66 66 58 67 78 61 64 57 61 59 59 71 69 75 65 69 58 65 64 60 59 62 62 59 51 64 69 62 66 63 61 60 66 62 60 59 59 59 71 57 63 58 62 64 62 62 69 61 65 60 66 68 58 71 64 63 62 50 50 60 62 66 58 61 70 72 68 55 63 56 60 51 63 55 60 59 65 60 62 54 70 50 64 56 68 63 65 58 62 56 67 68 61 65 67 63 64 68 64 51 58 58 66 65 46 58 62 66 57 57
61 65 63 64 62 58 67 66 72 74 64 67 61 58 72 65 66 60 68 70 59 65 63 76 65 60 62 72 69 62 62 74 65 67 72 71 68 62 66 74 68 76 76 65 61 68 54 65 72 73 67 67 62 64 67 71 69 68 59 71 67 71 65 62 65 71 66 70 73 67 69 78 69 70 64 62 67 66 65 61 65 78 73 55 65 54 64 69 71 59 70 64 62 72 59 64 49 65 69 67 62 66 59 71 62 64 75 66 74 60 72 64 67 58 67 60 65 70 59 68 62 67 66 60 74 67 75 68 63 72 74 63 71 61 65 69 69 65 62 69 64 75 50 69 66 61 61 72 63 67 71 64 62 61 67 62 65 72 69 71 68 75 64 65 71 62 66 67 70 61 57 64 72 66 69 72 68 71 58 57 59 66 68 67 72 58 72 63 65 65 63 66 71 67 71 67 63 71 60 71 65 70 64 51 53 64 68 65 64 75 66 69 73 60 59 64 73 59 66 51 60 66 66 65 64 62 75 56 64 60 71 65 67 58 62 65 71 70 65 73 69 64 71 76 72 57 63 62 68 65 54 58 53 61 67 61
63 67 56 72 60 64 64 64 60 73 62 65 64 65 65 60 74 66 60 61 53 65 56 70 71 65 60 51 63 62 55 70 60 55 66 66 59 56 69 69 57 60 69 58 67 68 65 74 65 56 63 69 61 52 61 60 60 70 55 68 69 62 70 56 58 69 72 63 67 62 64 64 69 72 66 55 62 63 54 62 63 76 68 62 59 52 60 59 65 51 61 65 59 67 56 60 56 63 57 59 68 50 58 73 64 59 72 63 68 53 66 68 70 56 61 65 64 60 63 70 61 63 60 61 64 66 72 67 67 75 61 61 61 56 62 60 65 58 61 62 66 71 47 62 65 62 55 72 69 56 73 66 60 57 66 57 60 68 52 63 66 65 60 66 59 58 62 55 60 57 61 62 63 61 73 64 61 68 61 63 66 64 65 63 58 68 62 56 61 68 62 58 72 68 62 64 61 67 57 68 59 64 51 58 53 63 63 65 58 57 58 63 65 59 57 57 69 59 61 62 62 59 60 59 61 51 62 59 63 57 68 58 59 53 60 60 65 62 59 74 71 62 65 68 65 55 62 61 61 64 53 61 63 56 57 58
72 67 61 65 60 63 67 64 64 75 68 67 68 63 65 58 74 65 74 65 61 62 64 70 70 62 65 62 60 68 63 66 70 59 61 68 67 69 72 68 59 63 79 65 63 73 61 66 73 69 63 67 70 57 67 66 65 75 60 64 72 65 79 55 60 62 69 73 68 70 72 66 63 72 77 65 62 64 58 68 65 82 65 55 56 56 66 68 79 61 68 70 59 71 69 63 59 60 67 62 67 56 55 81 55 70 73 74 67 59 73 70 73 62 65 66 65 69 69 71 62 59 61 65 72 67 71 69 68 70 75 61 64 61 63 67 64 68 64 68 69 75 57 69 59 73 62 70 65 69 67 61 60 67 67 58 65 71 67 72 68 70 64 70 60 63 70 67 63 65 60 66 70 63 73 76 66 71 64 61 75 66 65 70 57 61 61 62 67 73 64 62 65 72 70 70 63 81 69 70 58 62 72 64 58 61 65 71 70 71 65 68 68 59 70 65 69 55 69 63 70 61 59 57 64 58 64 60 65 62 75 70 75 61 68 64 67 66 70 79 76 58 65 83 67 61 60 60 66 68 56 55 58 59 66 51
64 62 68 68 64 62 59 65 71 79 61 71 67 63 73 59 73 65 73 70 64 57 63 75 71 68 68 63 69 63 55 71 60 64 67 78 65 70 65 71 65 68 74 69 69 70 60 70 61 69 68 80 60 54 71 65 70 68 57 70 73 69 77 72 67 65 68 69 68 64 62 64 65 77 70 65 59 67 62 65 62 75 75 66 68 67 66 65 73 61 64 63 68 71 67 59 58 67 66 77 73 48 59 73 66 67 70 64 67 57 67 66 69 68 59 63 69 70 69 70 59 67 56 62 70 72 70 72 64 66 70 57 66 64 69 71 75 69 60 67 73 70 61 62 68 62 63 75 63 71 73 65 64 57 66 61 61 55 64 71 62 68 65 68 67 57 73 65 69 67 60 60 71 69 66 70 68 67 68 58 64 65 75 74 61 65 66 68 59 69 64 68 71 73 62 72 74 71 67 69 65 65 63 46 61 63 66 74 61 57 65 69 64 61 56 61 73 61 66 61 69 61 60 64 67 47 66 59 79 61 71 65 70 58 69 64 66 63 66 67 69 66 59 68 69 68 64 67 65 58 60 55 56 65 59 61
67 75 63 70 68 64 73 61 78 82 67 75 71 71 70 71 80 62 73 76 64 68 62 76 68 72 71 67 74 73 70 80 65 68 67 80 73 63 71 71 65 70 79 71 67 69 65 75 64 71 65 70 68 68 72 74 72 71 73 78 72 65 74 66 68 56 74 70 80 75 75 68 70 85 76 64 65 72 65 64 65 87 74 56 71 68 61 66 77 67 73 61 67 75 62 66 64 65 65 72 73 60 63 64 64 60 78 72 67 65 77 73 72 68 73 74 72 68 74 71 60 72 74 67 68 73 73 81 75 71 69 71 64 64 64 79 71 68 61 73 68 76 55 70 65 72 68 78 64 73 74 67 68 59 71 61 68 68 66 76 71 75 61 76 70 70 71 68 66 69 64 61 70 73 67 74 79 71 77 70 58 63 63 76 72 66 68 67 66 67 58 68 79 75 75 66 73 83 73 77 67 62 67 61 56 69 69 77 73 79 74 68 63 60 67 65 74 60 65 60 70 66 76 67 70 55 74 64 73 59 71 70 75 63 67 65 69 65 73 80 76 71 60 80 68 59 66 72 69 64 61 59 65 64 62 65
70 65 53 60 63 59 66 57 60 71 68 63 63 58 68 65 73 60 62 71 49 66 60 64 68 58 65 62 69 57 65 65 60 70 71 68 63 64 72 69 61 68 75 59 69 62 63 69 61 70 66 65 62 57 71 69 63 71 63 70 66 71 64 61 57 62 73 72 76 72 64 71 72 76 72 64 67 72 58 65 65 70 67 62 57 56 65 63 63 47 69 64 65 67 56 55 58 64 64 64 67 55 62 69 65 61 67 64 68 60 63 66 71 59 64 66 66 67 58 68 57 67 63 63 68 67 78 68 66 70 66 63 58 54 63 68 65 63 69 62 56 70 49 69 64 60 61 72 56 70 74 68 60 61 61 61 58 74 65 69 66 69 64 59 66 65 64 63 61 62 55 66 65 62 63 66 63 72 61 65 66 53 64 64 67 63 60 64 64 68 66 65 62 69 67 68 70 70 54 66 54 62 59 50 56 57 54 73 61 65 67 71 66 53 66 64 66 60 58 59 57 63 68 63 66 53 79 59 65 57 62 62 66 59 64 63 68 60 64 67 67 63 65 70 69 50 60 68 63 66 49 66 64 64 60 70
63 58 62 56 58 57 68 57 58 64 61 50 65 52 58 57 58 65 60 57 53 61 57 60 61 63 62 50 61 51 53 57 58 59 63 65 57 58 69 66 55 56 68 63 58 63 55 63 54 65 62 57 62 53 55 55 64 67 56 59 61 62 68 59 56 58 62 58 60 59 59 54 64 65 63 59 65 48 45 56 57 64 67 51 53 47 54 61 57 42 60 51 56 63 58 53 57 57 58 58 57 54 51 64 54 49 59 61 64 52 66 62 68 52 54 61 59 63 54 63 50 59 54 53 62 69 64 64 56 68 57 54 59 57 60 66 51 55 57 58 66 68 47 60 54 72 55 68 58 63 60 69 59 56 55 53 56 49 67 60 55 58 60 61 54 55 57 61 61 66 54 57 57 56 61 64 56 58 50 53 58 58 59 65 50 60 64 57 62 64 63 51 51 59 63 56 63 71 56 58 57 56 49 52 50 56 64 61 55 54 70 60 62 49 55 51 60 55 55 52 59 48 51 49 59 52 57 49 60 61 63 58 57 59 68 53 56 62 60 68 66 55 57 74 63 52 56 56 58 63 48 50 53 55 56 53
68 66 61 62 57 62 71 64 62 74 60 58 75 60 69 55 62 64 64 64 54 77 55 70 70 60 59 72 62 59 56 61 61 70 75 64 62 65 71 76 66 73 71 59 73 66 59 69 63 69 64 72 59 57 65 70 59 69 64 72 57 62 68 62 61 63 66 60 60 68 69 64 56 80 69 59 67 65 61 65 67 74 71 70 60 57 69 60 60 58 64 68 60 64 57 59 54 69 60 67 70 53 57 74 61 53 72 63 66 56 63 61 73 68 55 73 63 65 66 70 64 68 63 67 73 71 67 58 62 65 71 61 66 62 63 64 64 70 65 69 62 71 54 61 68 67 61 68 63 73 65 61 58 52 65 68 58 62 59 74 75 65 59 72 63 59 66 65 64 60 66 65 67 63 61 65 58 70 65 62 67 60 62 64 64 55 62 64 64 62 67 68 65 64 67 61 68 77 62 68 67 65 56 51 59 71 62 74 51 69 63 66 67 51 60 59 67 54 66 62 60 59 63 59 63 51 63 57 65 64 65 64 66 55 63 61 62 66 58 75 66 61 60 73 66 60 55 72 65 63 62 61 60 64 61 58
60 69 66 68 67 71 68 65 70 71 70 68 61 62 69 64 72 67 66 74 58 64 62 68 64 65 64 63 67 66 58 73 59 55 76 72 57 74 67 69 55 68 77 62 67 75 65 74 66 63 69 69 67 58 68 76 63 70 64 74 74 64 71 68 66 70 70 67 65 68 67 66 71 76 70 72 63 71 66 66 70 79 70 61 63 59 71 66 73 60 68 67 58 69 62 69 57 66 66 63 69 55 59 72 65 62 71 62 78 63 65 68 74 65 65 69 69 64 60 71 59 69 67 63 71 74 79 74 70 72 73 68 70 63 64 73 68 65 70 70 68 77 49 69 68 63 62 75 69 64 77 71 57 62 68 67 64 72 65 70 66 68 61 66 61 56 62 62 57 61 65 61 70 68 68 70 62 68 67 65 73 65 70 68 66 64 73 67 60 70 66 61 72 72 73 63 73 73 69 71 59 68 54 56 57 61 61 64 60 72 68 65 71 58 64 58 67 61 62 55 62 59 68 66 60 56 65 70 74 56 69 66 63 58 65 59 68 66 62 67 78 68 62 67 65 65 65 70 59 69 52 67 66 59 61 61
62 71 57 61 70 63 71 64 73 79 65 67 71 66 77 59 74 67 68 70 54 66 60 76 69 64 70 62 64 59 62 64 65 73 62 76 61 72 62 75 63 59 75 66 67 69 58 75 71 80 72 66 68 60 72 76 74 77 63 69 67 69 73 70 60 70 79 71 66 58 67 65 70 80 65 66 69 72 63 69 69 74 67 58 71 65 67 71 77 56 68 66 64 64 60 64 56 57 68 65 66 58 60 69 64 63 73 60 66 63 68 65 73 68 61 68 63 70 62 66 60 63 53 62 70 73 76 73 65 70 71 67 75 65 64 76 72 66 68 70 73 73 51 69 68 67 62 76 62 74 68 66 70 64 67 60 71 77 65 75 68 65 54 77 61 69 61 68 70 68 62 61 80 69 72 73 67 74 70 60 58 74 73 67 72 72 72 62 60 71 72 65 69 71 68 67 67 75 73 77 58 70 64 61 57 59 63 76 72 67 65 69 65 63 55 59 69 58 63 59 64 51 68 57 63 56 68 59 67 63 65 66 71 56 68 64 63 62 65 69 64 62 63 71 67 68 62 67 65 66 63 59 62 59 62 62
50 61 54 57 55 55 64 48 60 67 61 60 56 55 61 51 65 55 65 55 48 46 51 53 58 55 62 55 53 59 46 55 51 54 50 58 50 56 55 60 51 55 64 51 58 64 47 59 58 54 55 57 53 48 54 60 62 61 50 53 57 58 60 54 55 47 67 57 63 60 57 51 60 62 53 55 57 61 52 51 58 72 62 44 52 51 51 56 68 56 48 52 57 63 48 48 48 54 52 63 57 46 49 60 53 57 66 50 47 55 58 56 59 58 55 55 57 54 51 66 62 53 54 56 60 59 57 55 53 59 58 60 57 63 51 61 54 60 53 59 60 63 42 55 50 61 53 63 52 54 61 52 54 55 56 51 59 53 52 63 60 54 49 60 50 50 61 55 58 50 58 55 57 60 58 62 57 56 56 46 55 55 64 65 60 51 56 54 49 55 51 54 58 60 59 52 50 64 51 55 51 53 62 49 50 59 57 56 63 57 55 66 61 55 49 52 58 43 55 61 58 47 63 51 60 43 55 57 56 51 56 54 64 49 58 58 49 56 63 61 65 52 50 63 53 53 52 49 50 65 54 50 53 52 53 47
62 58 62 60 62 62 65 58 63 64 60 58 59 58 71 59 66 55 63 63 54 62 57 69 62 56 61 57 63 54 56 62 56 59 67 56 57 65 72 74 61 68 81 67 57 68 60 63 60 59 68 63 61 53 66 60 73 71 66 62 71 60 73 60 57 63 67 68 64 62 60 54 63 73 69 59 71 60 66 60 63 74 66 51 56 54 66 65 70 58 67 62 63 59 59 61 59 51 61 68 59 61 55 72 60 52 68 59 69 52 66 64 68 59 59 63 65 68 61 55 56 66 53 61 67 71 68 62 62 66 68 56 64 57 63 71 66 66 65 63 59 67 49 67 58 66 53 68 60 67 72 58 62 50 57 64 71 58 60 67 66 66 55 67 67 64 65 62 62 61 59 57 60 63 61 63 64 72 49 52 57 58 63 63 60 58 63 55 61 57 66 63 59 64 68 65 62 69 67 65 60 62 60 50 52 60 66 71 59 66 66 64 68 57 54 66 61 55 67 53 68 57 64 55 63 55 64 54 62 56 67 70 54 63 65 52 63 63 61 65 67 55 59 77 63 55 58 60 57 62 53 56 48 67 64 51
53 53 53 61 54 60 67 67 61 67 65 56 54 59 57 62 68 57 68 58 59 61 54 59 69 55 59 54 60 56 56 66 58 60 64 60 62 57 62 63 54 68 68 66 58 59 57 70 63 65 61 61 60 49 63 69 56 65 56 65 66 59 67 62 58 53 64 56 62 56 64 56 57 73 65 53 54 55 52 67 64 70 60 52 58 58 58 60 59 53 61 60 54 66 59 53 54 60 59 54 64 49 56 64 59 64 61 65 65 48 62 63 64 59 57 66 63 64 60 62 55 57 59 56 67 73 65 61 59 57 56 63 68 60 62 68 63 59 62 62 64 66 52 56 55 63 59 59 58 59 67 49 61 57 69 52 51 61 62 64 55 61 56 59 51 56 64 62 60 54 52 66 67 64 64 62 55 55 73 50 61 65 53 59 60 61 62 59 57 57 63 55 62 59 72 56 66 75 61 64 60 56 58 52 56 53 62 65 63 49 60 59 56 51 62 54 59 58 61 59 63 55 55 54 66 56 59 51 61 55 60 72 65 58 58 62 61 61 57 61 60 65 57 69 66 55 53 69 60 64 54 51 61 59 58 56
59 62 54 61 66 59 67 57 61 67 57 61 66 64 68 61 65 60 61 72 49 54 61 77 71 63 70 64 58 62 61 66 58 62 64 65 62 66 65 72 59 67 70 59 65 70 55 70 66 71 67 64 63 56 63 64 64 71 64 67 69 59 68 60 60 59 70 72 62 56 60 62 66 70 66 55 67 57 56 58 59 71 70 54 58 51 61 60 64 56 68 66 62 71 61 54 61 61 60 60 60 51 54 57 57 62 75 60 67 64 66 61 70 63 55 59 61 58 62 60 50 65 61 57 63 72 74 69 57 61 70 65 58 54 61 63 68 61 58 62 52 72 51 61 65 67 50 66 60 63 68 58 61 58 60 61 58 68 63 68 67 67 55 71 67 63 64 65 63 61 59 62 67 60 64 66 70 68 66 57 61 59 68 59 67 66 65 62 58 61 66 61 62 60 61 67 63 69 71 67 63 57 53 51 52 58 60 75 57 61 73 66 65 52 56 58 60 63 64 56 59 52 61 58 55 44 65 63 55 54 60 65 68 53 64 64 59 60 64 68 66 61 59 68 64 54 63 61 67 73 48 58 61 52 62 59
62 68 68 65 62 67 70 69 66 80 71 65 71 67 72 62 71 59 71 65 57 67 62 68 72 68 78 65 71 71 61 76 67 74 67 69 63 61 65 74 61 64 78 62 69 77 57 72 68 68 63 68 63 64 71 69 73 75 57 72 67 70 67 63 70 62 73 69 71 69 75 71 70 73 78 63 70 70 59 65 70 88 72 55 62 59 69 66 76 55 68 67 61 68 64 67 63 64 73 68 73 63 54 70 66 65 79 72 72 63 71 74 75 59 65 73 65 66 60 67 62 63 61 67 69 76 72 68 65 71 70 62 66 67 62 63 59 69 65 71 65 74 56 73 66 74 58 72 63 64 70 64 62 61 64 58 65 70 64 74 67 69 59 75 64 64 70 69 67 65 62 65 68 71 67 76 67 76 74 64 62 69 65 77 70 71 62 61 72 70 65 60 76 64 75 66 71 83 67 71 58 71 71 65 52 73 73 71 74 76 69 72 64 57 58 63 76 61 68 61 76 63 70 61 75 63 61 59 67 58 70 66 74 61 71 69 63 71 66 76 77 63 65 74 72 60 68 75 59 70 62 57 60 60 61 65
65 58 63 65 59 62 72 63 65 69 65 65 71 60 67 62 67 67 75 66 64 56 60 70 68 60 59 66 55 66 51 74 57 59 71 70 62 65 71 70 62 70 74 59 64 67 56 65 70 63 56 69 63 57 68 69 62 72 51 65 64 60 65 67 70 61 69 72 71 65 68 69 72 80 71 61 66 66 60 64 68 77 69 60 63 58 64 66 75 57 62 67 69 67 58 55 52 64 60 71 69 46 58 69 59 62 62 64 61 61 63 71 71 63 64 62 64 56 64 70 63 67 65 70 76 76 65 68 63 72 67 65 63 62 72 66 73 66 68 62 66 70 49 60 57 68 68 70 57 72 73 64 58 64 68 61 58 64 64 69 76 65 66 70 65 62 74 54 66 64 60 61 69 62 67 69 62 67 66 57 68 66 66 69 58 61 65 59 55 68 65 60 72 62 67 62 61 74 55 59 53 68 52 53 58 65 66 73 60 62 63 69 67 66 53 65 70 61 63 61 65 64 57 64 63 48 67 66 67 60 73 64 70 61 72 62 67 59 67 72 73 56 65 72 68 55 60 59 61 71 61 54 55 60 62 63
59 68 56 66 64 60 70 62 67 75 66 66 65 59 70 66 69 60 68 72 49 69 64 74 67 61 66 69 62 69 63 72 67 69 68 71 64 71 67 80 61 69 75 58 66 74 59 76 72 69 70 65 64 60 68 71 71 65 54 66 59 67 69 65 59 68 70 75 66 71 67 68 73 74 66 63 69 69 67 61 66 74 69 58 60 57 66 71 66 50 69 61 58 74 60 67 62 64 64 66 66 57 56 61 60 66 79 62 76 53 64 64 71 57 63 67 70 68 63 70 54 64 58 63 69 71 73 74 64 68 72 63 66 66 67 72 64 64 68 71 63 68 53 68 66 63 68 75 70 65 73 64 62 63 63 63 65 73 66 73 73 65 67 66 54 70 72 71 64 65 60 62 71 70 68 74 65 73 66 59 63 63 68 63 69 75 69 56 64 70 63 66 72 73 62 66 62 76 66 67 65 69 61 53 60 64 61 79 67 68 71 75 67 67 59 59 69 58 75 62 60 55 70 65 63 58 68 64 67 58 62 56 66 59 62 69 65 61 63 70 74 65 63 68 67 64 60 76 58 71 60 56 66 56 64 48
64 61 52 56 59 65 69 58 59 60 64 63 71 61 63 51 57 69 70 67 50 63 60 62 71 56 60 55 58 58 58 68 50 58 65 56 58 60 68 72 57 60 65 64 55 55 58 72 61 63 59 58 55 58 69 60 66 71 60 67 63 60 71 59 57 64 66 65 64 60 63 55 61 73 61 54 56 61 59 64 54 72 70 59 61 55 63 60 67 54 62 56 60 65 58 46 53 60 54 62 59 52 57 60 62 60 64 55 63 53 64 58 61 57 52 62 63 58 58 66 52 59 58 64 62 62 66 65 65 67 67 63 65 63 64 69 66 56 57 59 58 70 49 61 47 69 54 66 57 57 71 58 67 58 66 57 62 59 56 67 68 62 56 63 63 60 57 71 64 56 56 54 62 55 62 61 60 72 61 56 58 55 66 66 63 52 62 66 58 57 57 57 66 71 57 59 68 71 63 61 54 53 59 50 57 60 66 73 59 63 67 64 61 54 55 56 65 54 62 58 56 57 59 51 55 53 58 60 54 59 62 68 68 46 67 54 53 58 48 60 59 62 64 69 63 54 53 67 57 63 59 51 53 56 55 62
66 63 59 68 61 63 62 59 72 73 62 66 58 68 70 53 75 67 66 68 51 59 59 62 73 57 68 59 65 65 58 68 60 62 64 62 67 65 60 67 60 68 73 60 68 64 65 66 56 67 64 63 62 51 63 69 66 67 62 70 66 60 70 60 57 56 67 64 67 63 68 59 72 75 74 57 63 63 61 61 67 69 72 59 49 57 64 61 71 55 62 60 56 64 63 57 54 66 61 62 70 49 60 67 54 55 71 60 63 54 65 66 69 59 62 65 61 61 65 75 58 59 58 58 65 72 69 70 65 66 65 68 62 67 67 77 65 68 64 63 67 70 52 65 63 66 58 74 61 59 66 60 58 55 63 61 64 61 58 77 68 64 60 64 62 62 62 63 68 66 60 58 66 66 71 68 61 61 58 55 64 62 63 57 61 65 64 57 59 70 61 64 63 74 68 61 64 79 67 68 56 61 55 49 57 60 62 68 63 61 65 58 69 54 60 64 64 56 61 66 70 54 61 53 62 54 57 62 65 55 70 68 61 60 63 65 63 63 58 66 69 56 54 64 58 55 59 57 56 61 61 56 60 67 56 58
68 65 64 65 67 74 70 67 74 76 73 68 67 64 74 60 74 69 77 75 60 66 72 73 77 64 72 69 68 63 63 73 63 63 70 77 69 68 69 78 65 68 78 71 69 80 61 73 69 77 71 71 62 67 68 75 74 78 61 71 71 71 75 64 60 75 72 78 74 72 65 65 73 81 72 61 73 79 58 69 67 74 75 57 68 63 66 68 77 59 66 75 65 78 68 58 59 73 74 74 67 62 67 69 66 59 75 65 73 64 76 73 78 69 66 69 73 68 71 77 66 73 65 68 70 74 78 68 65 69 75 71 71 67 74 70 78 65 76 70 69 73 56 73 67 74 65 73 65 66 78 69 64 54 66 71 67 69 68 73 74 72 66 69 66 71 70 74 70 72 66 63 67 56 74 78 68 76 69 58 63 67 69 71 70 65 64 64 63 70 71 64 75 74 72 67 64 81 69 75 63 66 63 60 56 70 78 78 65 81 77 82 73 62 63 60 78 62 66 60 77 56 63 65 71 65 65 68 65 55 71 74 73 68 70 73 69 68 70 76 71 64 57 77 76 66 72 77 71 71 62 67 65 63 65 63
55 65 60 68 58 71 62 66 59 78 59 64 62 62 69 63 75 66 70 73 54 59 59 67 63 65 70 66 62 64 57 74 65 65 70 70 69 70 73 73 53 72 70 67 69 72 67 73 67 75 69 69 62 60 76 74 72 73 59 67 76 71 79 70 65 69 68 71 68 71 74 70 69 76 74 72 68 67 61 62 61 76 75 61 63 62 70 62 81 56 67 63 54 70 65 64 54 62 63 64 66 58 58 69 58 57 68 64 68 65 67 68 71 62 64 62 64 68 65 73 61 61 56 67 72 66 75 71 68 67 78 66 64 64 69 72 63 66 71 60 69 76 55 63 62 68 61 76 63 64 68 60 64 62 56 65 60 71 66 71 68 69 59 69 64 61 58 64 69 64 55 60 68 64 71 63 70 67 60 61 67 67 71 63 60 65 72 68 59 66 63 63 67 71 65 69 68 72 72 69 58 67 63 58 58 66 66 75 63 70 69 70 66 59 66 63 68 60 64 54 70 61 64 57 67 57 69 64 62 57 72 63 69 62 67 58 66 66 71 65 70 62 62 80 66 61 52 70 61 67 57 62 59 58 59 62
68 57 64 62 68 61 62 70 69 78 65 63 70 66 74 60 69 69 65 66 64 64 62 66 70 60 63 64 69 65 59 67 71 57 68 67 65 68 72 72 57 66 71 61 67 67 61 63 69 68 71 65 63 67 61 64 69 74 61 70 66 69 66 58 63 65 72 70 73 69 63 63 58 65 70 58 70 62 62 56 68 84 77 63 62 52 64 69 71 65 71 70 60 66 61 64 59 64 65 69 68 64 53 77 61 63 73 65 74 65 73 71 75 67 56 70 67 70 68 70 57 71 66 61 69 75 71 64 65 72 64 68 74 67 62 68 72 70 64 71 72 61 49 64 67 74 70 71 69 66 70 64 64 62 61 60 59 66 63 75 69 70 61 67 72 70 67 59 67 66 62 74 67 71 73 68 70 74 63 55 68 59 64 75 62 66 71 65 61 62 66 62 68 74 72 63 70 70 66 69 60 65 55 56 55 64 71 70 68 69 68 72 69 56 56 63 66 62 62 55 69 65 71 69 70 58 67 60 66 57 63 69 80 64 68 60 71 69 69 73 65 66 75 70 67 65 71 63 63 72 60 63 60 63 65 62
62 68 62 69 59 59 74 65 74 79 63 70 72 60 70 58 73 59 66 67 56 71 63 77 71 56 66 58 66 71 62 68 63 63 72 76 62 60 71 70 58 69 73 66 65 66 57 69 74 67 65 67 58 61 67 64 68 74 64 74 67 66 70 69 64 68 75 70 73 71 71 62 72 71 70 71 64 70 65 62 61 80 67 57 66 59 63 66 71 61 71 66 60 71 64 60 58 64 74 63 64 56 55 70 55 63 71 62 74 60 70 75 76 63 65 61 70 67 60 66 55 69 64 66 69 73 75 66 66 71 73 65 73 60 70 68 70 67 66 68 63 69 49 65 62 65 64 70 72 65 68 66 57 64 67 60 68 71 65 66 62 62 62 68 67 59 68 61 60 67 64 67 72 57 65 70 69 66 64 58 68 59 69 67 62 61 64 64 60 67 65 65 69 71 69 63 63 76 78 70 66 59 62 55 56 60 65 70 66 68 72 61 69 60 64 59 74 54 69 59 63 63 68 64 70 51 65 62 67 56 69 70 71 57 68 68 70 63 61 78 70 72 65 70 70 63 62 62 65 66 57 59 60 63 57 64
63 73 61 69 64 72 70 64 68 80 69 72 74 70 71 61 73 64 66 75 57 66 69 71 80 67 74 70 71 64 60 74 62 67 73 66 71 64 73 82 62 76 77 68 70 76 62 72 75 77 76 74 64 58 70 70 71 74 60 74 71 74 76 67 66 64 72 71 67 70 72 68 73 83 74 65 76 76 67 66 67 84 77 54 71 65 63 67 69 54 63 70 61 72 65 60 63 71 73 69 70 56 65 67 55 62 77 68 74 56 74 68 81 62 61 81 73 67 71 70 64 70 67 63 81 79 71 65 71 70 74 68 67 71 67 70 59 64 65 65 73 73 61 70 63 71 71 75 64 75 72 74 65 68 71 69 67 70 70 67 71 66 73 77 72 67 67 60 63 74 62 63 72 67 81 72 65 71 64 62 64 67 71 75 69 70 69 61 61 78 68 63 74 74 71 69 71 85 69 69 63 63 63 52 62 68 61 72 67 76 78 71 67 58 67 62 69 58 65 65 67 58 62 59 71 61 72 72 71 61 72 74 64 69 70 66 67 69 70 79 79 67 69 75 78 65 63 65 70 81 68 63 61 60 63 63
59 63 61 58 62 63 67 59 64 65 65 52 69 59 57 61 71 55 67 65 52 63 49 68 66 65 64 57 67 66 62 70 61 60 65 63 63 60 71 71 58 75 76 61 59 72 54 73 60 62 63 59 58 60 70 61 70 73 60 61 64 72 64 54 59 59 67 62 72 71 59 56 57 65 68 59 53 65 57 62 73 76 68 52 61 56 64 68 65 59 68 56 57 72 60 54 59 60 56 58 68 54 51 70 56 61 72 65 67 51 64 64 73 60 68 66 59 65 60 70 54 56 56 52 70 68 71 72 53 61 57 60 63 57 59 64 65 60 64 65 60 75 45 62 65 70 59 65 66 62 73 62 58 61 56 57 56 57 65 73 68 63 54 66 59 63 64 63 61 58 60 60 71 71 67 64 59 58 59 55 62 57 59 67 63 64 63 57 62 68 63 63 59 57 63 66 66 71 64 65 62 62 60 56 51 66 63 65 59 62 66 72 63 58 51 52 68 49 61 46 63 54 65 63 67 52 73 56 60 49 62 69 68 57 65 70 57 60 59 70 63 55 66 74 67 55 62 62 65 60 54 58 56 64 63 52
61 58 60 60 60 60 70 57 63 69 61 58 61 58 62 56 62 59 56 71 49 63 56 64 63 53 64 58 55 60 57 58 57 63 69 69 62 55 63 60 58 65 74 61 59 63 59 65 62 64 57 61 58 46 55 66 53 64 53 64 58 60 67 57 57 60 63 62 61 56 59 60 61 72 63 57 59 59 55 59 58 64 59 50 63 60 66 60 67 49 55 59 58 58 54 46 53 64 56 56 66 54 60 64 58 64 58 63 66 53 64 59 63 51 54 60 50 63 64 64 59 59 61 54 69 63 66 65 66 64 66 57 62 61 63 62 59 60 53 60 57 58 46 55 62 58 55 68 52 68 67 58 52 56 61 59 56 58 59 56 70 67 64 63 59 58 59 59 65 62 62 59 60 58 63 69 53 61 59 56 58 58 57 56 61 60 55 56 58 57 64 55 66 63 57 62 49 68 60 65 52 60 59 50 50 56 64 64 55 62 64 62 57 53 64 54 61 55 58 55 65 64 57 54 65 44 55 53 60 56 59 58 65 56 67 57 59 58 53 71 66 64 57 65 64 53 58 61 59 61 50 55 55 55 61 53
67 63 66 69 62 58 73 70 69 68 65 58 66 62 74 63 66 61 67 67 56 59 56 74 64 59 69 60 63 62 53 71 66 71 67 72 65 65 73 69 63 70 79 66 62 66 59 70 71 70 72 64 67 62 62 61 77 72 61 71 64 64 72 71 62 65 66 65 66 66 63 60 63 71 71 63 67 65 52 60 73 73 77 64 60 61 68 60 72 59 60 68 63 70 65 56 58 56 59 66 65 57 55 67 60 60 67 64 71 54 70 63 62 68 55 64 68 68 60 67 63 69 63 64 69 76 68 70 66 64 66 66 71 60 71 70 69 62 69 64 62 73 59 66 62 63 58 71 67 72 81 57 67 55 62 66 61 61 65 71 70 73 72 68 64 60 67 60 71 65 57 69 68 65 67 66 70 74 71 66 63 62 65 64 59 59 61 68 67 61 72 64 63 67 70 66 68 76 69 64 62 57 60 56 58 62 67 72 60 69 75 65 63 59 59 61 70 58 67 57 67 53 61 59 65 52 67 66 63 61 66 60 70 58 74 64 74 60 61 72 66 65 63 72 69 66 70 61 67 73 55 67 55 63 61 56
57 62 58 54 59 63 62 62 67 69 63 65 68 65 63 56 62 68 63 76 55 64 51 66 63 57 63 61 64 55 62 75 62 69 65 66 61 66 66 68 64 70 66 63 60 66 56 62 53 64 62 59 56 56 73 71 73 68 60 73 62 61 68 54 57 63 64 62 69 66 67 57 63 74 66 58 59 65 58 64 71 78 69 61 62 49 65 59 65 51 60 66 50 64 56 53 54 66 65 64 64 54 49 64 58 62 63 61 63 60 62 63 53 64 61 58 63 61 65 66 58 61 61 71 68 63 66 70 70 59 68 66 60 56 57 63 67 62 65 52 62 69 46 57 58 60 56 67 64 61 73 53 54 49 56 60 53 59 58 70 68 60 68 62 56 68 60 61 63 66 55 66 58 57 62 64 65 75 62 56 69 60 57 56 66 63 60 55 61 62 66 65 67 68 64 64 72 69 61 63 58 62 61 53 58 59 66 73 65 72 61 72 62 54 54 64 68 65 60 53 59 62 61 60 64 53 69 62 59 54 59 64 69 56 59 61 52 63 68 66 69 68 65 71 62 57 60 61 53 63 57 55 56 63 47 64
64 65 56 59 63 62 54 56 65 67 58 58 62 61 63 55 64 56 55 63 45 59 57 60 61 61 57 54 60 53 60 64 56 59 56 64 63 56 66 68 51 61 70 58 63 59 59 68 61 62 68 64 59 53 60 62 63 65 60 68 64 58 67 61 56 62 70 61 58 58 62 62 62 77 66 55 57 56 53 55 51 77 62 59 57 57 60 61 70 53 60 62 60 58 48 56 57 63 63 54 63 58 51 62 53 55 64 59 64 58 76 62 62 53 53 61 58 61 63 66 52 64 60 52 65 67 67 65 67 63 63 63 61 52 59 57 63 63 53 61 60 72 47 64 57 67 58 68 57 59 67 54 62 53 63 57 59 57 55 71 62 65 55 73 55 59 57 59 58 62 58 51 67 63 59 57 66 61 51 62 57 61 55 63 62 58 55 51 58 63 60 59 63 71 65 58 66 67 58 66 60 60 52 55 55 62 57 72 61 65 68 64 57 50 51 64 65 60 57 45 63 56 59 50 60 53 61 56 63 54 63 63 54 46 67 55 60 60 61 72 72 58 63 61 57 51 63 66 62 64 51 55 54 53 54 56
60 68 64 63 63 66 58 64 68 71 61 68 77 70 68 66 76 66 71 75 59 63 67 77 70 65 62 76 67 61 64 74 64 68 71 72 65 64 80 75 68 72 76 72 68 71 55 62 71 69 65 68 58 63 63 74 76 79 66 64 70 67 75 70 69 60 68 73 70 71 71 63 70 77 75 64 65 67 60 66 63 81 72 57 66 61 66 68 72 53 73 69 64 75 68 61 60 61 75 75 76 57 60 68 62 58 74 66 74 62 74 73 72 62 64 63 72 78 71 68 59 69 60 73 73 71 66 65 64 71 76 64 59 60 79 73 65 75 74 67 73 71 54 69 65 70 68 76 57 74 72 62 58 63 66 65 63 65 69 69 74 69 68 71 63 64 74 63 75 72 63 63 66 64 74 71 71 71 63 53 67 62 53 73 65 68 63 70 58 66 61 66 77 67 71 72 66 75 73 65 58 69 63 55 55 64 73 78 65 70 72 72 62 58 70 68 74 64 67 55 63 61 65 57 68 58 66 61 71 61 71 65 70 60 72 63 68 70 69 66 73 69 65 68 74 66 67 65 64 68 61 61 62 70 69 59
68 58 53 65 60 63 75 68 66 78 66 62 69 70 66 64 67 67 63 71 57 63 64 71 74 58 68 71 67 58 56 74 65 72 65 68 70 62 69 80 60 63 74 68 68 71 64 69 69 70 65 65 60 61 67 66 69 83 59 64 61 69 67 66 61 60 68 70 71 62 70 62 66 72 71 63 63 67 61 53 67 80 72 57 64 53 67 63 73 58 69 72 50 68 61 59 60 71 70 65 67 59 61 67 61 63 69 64 66 68 70 59 71 57 61 73 68 61 62 68 52 71 58 60 72 63 72 62 62 71 73 68 66 69 66 69 65 63 70 69 68 61 47 64 63 73 64 78 63 65 71 66 66 62 56 66 65 71 66 66 76 73 64 70 67 68 67 65 71 63 55 62 73 68 77 73 60 70 66 62 66 65 69 72 63 70 68 66 60 69 65 63 71 67 64 69 62 84 66 69 59 74 58 46 67 64 66 71 72 62 65 74 65 62 54 55 68 65 64 58 63 60 65 62 65 60 65 56 66 58 74 62 68 52 67 61 59 62 69 77 67 61 64 67 69 60 62 69 67 68 61 54 64 62 66 60
68 64 62 66 57 64 69 63 68 75 72 62 68 73 68 63 68 72 67 74 55 66 64 77 76 62 69 61 62 63 63 65 62 69 67 71 71 69 70 74 69 59 76 63 61 65 60 64 62 71 69 67 72 64 65 62 71 72 66 66 61 70 74 63 63 59 62 68 62 65 71 59 62 71 68 64 64 61 60 59 61 74 72 59 62 58 69 65 73 63 67 63 58 70 68 61 61 63 63 68 70 56 59 71 56 57 72 68 71 60 69 68 75 62 58 73 73 73 69 69 59 64 60 60 70 72 74 68 65 60 70 67 69 66 71 73 69 69 70 64 64 67 57 68 69 70 63 68 65 65 74 60 70 61 66 71 69 68 65 78 72 73 69 79 65 69 72 70 75 77 65 67 66 68 65 68 62 67 65 61 69 63 66 66 69 58 65 61 63 60 68 68 74 67 68 62 75 81 67 68 61 67 66 57 56 64 66 74 61 65 73 71 63 57 59 64 78 66 63 53 67 65 65 48 62 58 70 64 58 60 62 74 64 60 68 63 69 60 61 71 68 66 73 77 68 62 62 67 70 74 60 57 68 66 65 59
58 65 58 55 66 61 60 60 66 67 63 59 65 58 67 52 60 56 71 70 52 56 56 66 68 53 64 58 61 62 51 66 58 59 64 63 53 60 68 72 55 69 67 53 60 67 55 69 50 67 61 63 52 56 60 67 66 69 54 63 69 66 65 63 52 58 71 61 66 65 63 62 68 71 64 58 62 63 49 58 63 73 65 58 60 49 54 58 70 50 62 55 62 69 60 52 49 59 59 66 63 53 53 69 54 57 59 60 68 51 64 62 71 60 63 57 60 60 62 69 54 60 49 54 67 71 66 64 64 57 66 55 57 60 60 68 64 58 62 62 57 69 41 71 61 68 51 62 55 61 65 63 57 60 55 56 60 61 57 67 76 66 62 67 62 56 57 59 67 58 56 57 64 59 59 67 65 60 55 56 54 57 64 65 65 60 68 61 54 59 58 60 66 64 63 67 66 64 64 68 56 64 53 58 43 60 57 68 49 67 68 66 66 54 56 58 68 55 63 52 66 53 63 52 59 50 68 58 63 55 73 58 65 51 66 60 61 52 64 66 60 64 64 61 61 48 57 59 62 62 58 49 53 57 50 52
61 64 63 63 61 59 71 59 70 70 62 62 72 61 63 63 74 72 63 64 53 60 60 75 72 63 62 64 66 58 59 73 70 63 66 78 60 66 72 68 61 65 63 61 61 69 54 64 73 60 68 69 60 54 63 68 70 72 65 67 66 67 80 63 66 70 67 64 62 64 69 58 68 64 62 64 68 68 59 65 62 75 67 59 58 61 66 59 71 54 61 60 60 61 62 63 53 56 62 62 62 54 55 67 62 62 69 72 71 59 67 67 73 64 63 63 60 68 63 64 52 65 63 65 69 68 61 65 59 68 73 67 72 62 70 61 67 60 66 64 63 76 51 63 64 72 58 67 65 65 66 66 56 67 61 66 57 66 66 69 71 76 61 65 59 55 71 63 63 65 66 60 67 60 69 66 57 68 71 58 68 69 68 62 65 62 65 64 65 63 61 59 66 59 73 66 65 68 60 65 60 67 54 50 58 62 68 66 55 71 65 64 67 50 49 62 68 58 60 59 59 59 61 59 64 57 61 61 62 56 68 59 62 59 71 60 63 59 69 69 75 65 68 75 69 59 64 69 65 62 51 59 58 60 64 67
70 59 68 61 60 60 65 62 71 74 67 63 69 61 69 62 70 69 69 68 54 73 64 71 75 59 69 61 64 62 71 62 67 64 69 66 66 67 77 73 56 66 71 66 67 69 59 64 66 67 72 63 64 56 73 73 61 70 59 71 74 66 76 60 65 67 76 72 69 68 68 60 62 67 75 66 65 77 62 59 63 74 67 60 59 57 63 58 76 51 65 66 57 67 60 65 61 68 68 65 68 56 57 77 64 63 70 68 77 59 66 67 68 64 67 67 62 70 66 72 64 66 64 68 74 69 66 59 68 71 72 64 64 62 71 76 67 68 69 62 63 72 55 60 60 69 59 71 71 72 76 62 67 65 69 59 62 75 66 71 68 62 63 63 71 66 65 71 65 61 59 67 72 60 70 68 63 71 64 62 66 62 63 67 65 58 71 62 70 67 71 68 77 76 67 71 69 79 67 69 62 57 64 53 59 70 71 73 65 67 71 76 62 59 56 62 64 60 65 61 71 61 60 60 68 57 75 65 65 63 76 71 68 58 67 68 63 67 68 70 67 71 72 73 66 59 61 74 68 70 63 58 59 67 56 57
68 61 68 58 58 61 64 59 67 67 68 60 56 61 70 61 70 66 61 71 49 66 59 64 71 53 58 55 62 53 55 68 60 59 68 68 56 68 57 71 56 69 72 65 63 68 62 60 63 66 61 57 69 58 63 65 62 66 58 68 64 61 72 55 60 69 70 64 66 62 63 62 64 58 68 68 61 59 58 58 54 71 60 58 59 61 61 59 71 57 67 67 53 67 62 57 55 55 68 69 58 59 63 65 67 59 63 64 71 48 67 66 73 61 56 64 63 63 61 67 61 63 59 58 66 74 68 73 68 67 63 62 71 62 65 65 71 65 68 63 61 63 48 71 61 66 62 78 60 61 76 60 61 49 65 57 58 64 59 68 62 73 53 64 64 62 54 67 65 61 57 65 57 54 66 59 54 67 54 59 62 59 60 61 59 61 62 61 62 65 58 62 66 70 73 65 67 80 64 70 54 64 58 61 52 62 64 63 49 68 67 72 64 52 57 59 67 60 57 64 62 53 65 58 62 59 63 63 61 61 71 67 62 50 59 61 72 62 56 60 69 55 61 69 67 61 61 68 64 65 55 62 58 60 62 58
66 79 61 68 68 64 76 63 73 82 71 69 71 70 71 60 74 70 69 76 64 70 66 74 69 63 64 71 71 68 67 74 67 63 66 73 67 60 66 72 64 70 75 70 68 69 58 77 70 71 78 76 65 62 72 75 79 72 63 72 70 72 71 68 59 69 76 74 77 76 74 74 79 83 73 68 75 71 67 63 61 85 74 62 74 60 66 75 75 63 73 65 64 79 65 64 70 72 66 72 75 68 57 72 63 66 72 66 77 64 81 66 72 72 65 68 65 72 78 78 66 70 65 64 73 69 72 77 73 72 77 72 73 68 68 70 70 67 70 67 69 75 52 75 63 70 59 79 64 63 73 62 60 63 71 60 72 65 63 77 79 75 61 76 57 65 78 68 72 75 69 66 78 66 73 73 70 76 65 62 68 67 65 72 75 71 68 60 63 75 64 73 68 74 78 69 67 74 68 72 68 74 69 61 53 72 72 78 64 77 73 67 68 67 56 66 78 67 73 70 57 65 70 64 63 58 69 62 67 63 70 66 70 59 74 71 73 68 66 78 86 67 70 72 68 62 73 65 61 62 55 63 63 72 71 66
66 59 55 57 55 49 59 55 64 65 61 57 64 56 58 56 70 61 63 62 50 64 50 68 67 54 69 56 59 60 64 69 66 59 58 56 59 54 69 64 56 57 72 61 63 67 59 65 62 61 62 54 50 54 66 62 69 62 64 63 64 56 72 61 59 55 66 63 58 56 58 56 62 67 58 52 62 62 49 59 58 70 61 57 63 55 66 56 70 54 59 59 51 60 55 58 52 56 59 61 60 55 56 76 58 55 69 60 68 55 69 66 66 62 57 60 51 66 58 61 55 61 57 54 63 63 69 60 65 59 62 63 62 57 67 67 64 65 62 58 62 68 43 61 60 67 59 69 63 67 64 64 62 56 60 61 62 62 56 64 59 61 54 65 60 61 64 64 59 57 57 62 59 60 60 61 58 61 58 60 59 60 64 62 63 60 62 58 63 57 60 58 64 68 64 61 64 71 65 62 46 61 59 54 55 55 59 68 57 66 68 55 65 54 53 62 71 52 57 53 62 53 63 51 59 50 53 59 57 54 63 59 62 53 61 56 64 69 52 71 61 59 64 61 59 62 58 56 61 65 50 59 57 56 66 51
65 66 70 68 63 60 70 69 74 82 70 73 63 72 73 65 66 69 69 78 66 69 73 65 63 59 68 63 72 63 61 66 63 69 72 75 74 60 71 75 67 68 78 77 78 71 66 72 65 73 75 64 64 64 70 71 70 74 65 72 69 71 76 74 66 75 72 72 78 71 74 63 68 75 78 67 69 68 60 69 72 84 83 62 71 60 68 68 70 64 68 71 69 71 66 68 61 69 70 70 68 61 63 76 61 70 77 68 74 61 78 71 69 66 63 68 75 69 64 72 62 74 71 67 82 67 71 67 79 73 72 67 74 63 69 77 73 72 73 70 79 69 59 67 73 72 69 76 73 69 76 68 72 61 67 67 69 72 68 73 63 74 71 75 70 65 75 71 67 69 66 67 68 66 73 80 69 73 71 64 68 66 75 72 69 66 64 65 62 65 73 68 77 72 74 63 66 83 78 74 65 69 64 52 59 68 75 78 68 68 77 79 59 66 64 65 72 62 64 69 69 68 63 66 66 56 68 55 74 67 71 71 80 68 69 65 72 71 68 73 75 63 71 77 69 72 67 74 75 71 63 62 64 68 63 63
59 62 58 58 55 61 68 55 65 62 54 57 63 50 71 58 67 64 61 58 52 68 61 68 63 60 63 54 58 54 52 67 61 63 63 66 59 55 60 71 61 61 70 63 58 67 60 63 62 62 67 66 60 49 62 67 60 66 51 64 71 64 61 64 65 63 67 61 60 62 67 51 67 64 61 63 63 52 64 55 53 71 61 55 58 55 60 60 63 51 74 62 51 65 61 62 55 64 67 62 57 50 63 64 52 59 65 58 68 61 62 57 64 64 55 62 66 58 56 66 57 64 58 59 72 69 78 67 62 61 65 58 64 63 61 70 62 59 67 63 64 71 46 66 53 68 56 61 61 61 68 65 59 60 65 52 60 65 59 61 65 67 55 65 65 65 58 63 58 59 52 48 59 65 64 71 61 60 62 60 59 59 59 60 61 58 62 57 67 69 64 65 63 63 67 69 63 80 67 66 61 62 60 43 56 57 55 69 61 63 65 66 59 57 53 58 64 52 61 60 52 56 66 56 67 61 69 55 69 55 67 68 61 53 64 62 60 61 52 60 73 57 57 77 64 60 60 65 56 61 56 51 55 51 57 62
65 67 62 63 58 58 67 61 70 73 68 62 63 69 65 62 65 64 65 66 60 65 65 67 67 52 64 64 65 62 63 80 60 69 66 64 65 63 69 76 69 73 74 66 67 76 60 72 75 66 66 72 63 64 72 66 70 69 62 68 65 69 63 68 67 64 65 64 73 72 72 59 67 74 73 60 56 76 63 66 63 75 71 66 66 55 69 65 69 55 67 71 60 70 67 59 58 68 62 67 70 59 56 66 66 64 64 66 66 53 72 68 71 66 63 66 65 66 66 66 59 74 68 64 67 70 74 62 68 67 74 64 72 62 72 75 68 64 65 63 70 76 58 67 59 63 67 68 67 64 74 67 64 64 69 68 66 67 64 68 70 70 59 69 70 59 71 72 71 64 60 61 77 64 72 75 63 67 69 55 68 60 65 64 71 66 60 70 59 65 64 64 69 63 69 69 68 76 63 68 61 72 58 50 52 76 64 78 56 72 72 67 66 67 57 65 72 61 70 67 63 60 67 62 66 56 72 59 64 58 69 66 75 60 61 66 70 68 59 73 80 61 58 73 68 57 59 67 67 63 56 60 66 60 58 62
56 58 57 62 60 59 61 59 68 61 59 63 60 58 66 66 66 57 63 62 47 60 64 62 68 59 66 61 64 62 58 64 64 67 64 65 59 60 67 69 55 68 63 60 64 65 49 63 56 65 61 56 58 59 61 65 69 72 58 67 64 61 68 59 52 57 71 64 63 57 61 61 69 71 67 66 52 62 45 53 66 77 69 55 60 59 55 55 73 54 70 57 63 73 64 54 56 50 73 59 56 56 52 61 61 62 73 68 63 61 64 69 65 54 68 67 57 68 66 65 60 64 59 61 66 69 67 72 60 70 60 58 56 58 68 67 67 62 70 70 65 73 54 62 61 65 61 74 58 66 65 60 55 54 62 57 60 61 63 69 63 68 58 65 64 60 71 54 58 59 56 55 68 61 71 56 65 67 63 54 56 57 59 58 55 65 61 57 60 69 58 59 68 66 67 63 62 78 70 64 55 51 65 48 57 61 63 76 68 57 65 67 59 54 54 59 64 55 59 54 62 59 69 46 64 57 67 60 63 62 64 66 60 55 69 67 70 66 62 65 63 58 63 69 62 59 57 62 63 63 55 54 50 62 61 58
62 64 69 62 72 68 70 79 74 86 71 70 67 65 73 68 78 66 73 72 59 69 62 82 72 70 73 65 74 76 65 72 72 69 73 78 68 70 80 69 66 72 78 70 71 75 59 76 68 86 67 68 64 63 71 76 70 73 63 71 76 78 81 65 63 70 76 75 72 69 67 68 72 82 70 67 68 68 58 73 69 79 78 66 71 64 60 62 85 59 69 72 65 78 76 62 66 64 73 75 72 59 62 72 65 66 82 76 72 65 72 70 78 69 75 75 64 72 76 72 68 69 64 70 74 73 67 78 75 70 72 67 72 67 73 81 73 65 78 64 73 81 52 80 68 77 67 84 62 71 79 72 72 71 73 61 62 74 72 74 72 74 74 71 65 71 75 70 70 72 59 69 69 61 76 72 65 68 76 67 66 70 67 76 67 78 73 68 69 71 72 66 73 77 67 76 72 73 72 72 68 74 72 59 65 72 80 81 73 69 72 73 70 65 62 67 79 66 71 60 74 60 65 60 70 63 72 58 76 70 77 65 74 62 69 61 74 68 73 84 73 77 71 72 76 65 72 77 62 65 62 70 67 64 67 67
57 58 53 68 48 57 66 57 51 65 57 55 59 51 61 61 62 59 61 60 51 60 54 63 64 61 57 53 58 49 50 61 57 66 58 62 58 56 57 63 52 65 69 53 57 62 52 63 67 58 55 62 56 51 56 69 59 69 55 64 59 59 70 58 57 60 59 57 61 57 58 56 60 58 62 65 57 56 57 60 60 66 64 52 61 56 58 57 61 53 65 58 57 63 54 57 53 54 60 64 55 53 53 63 62 54 57 61 62 58 60 54 63 51 53 58 60 55 58 64 55 57 59 57 61 69 64 61 53 57 62 53 64 54 73 59 64 56 71 61 53 63 54 60 56 51 55 62 59 64 61 59 53 51 51 59 57 58 58 57 63 67 54 58 56 60 63 56 65 61 61 57 66 62 62 57 62 63 60 51 51 53 56 60 55 56 53 61 57 65 54 61 58 60 56 59 52 68 61 60 53 53 57 43 50 51 65 57 62 61 60 56 53 51 58 60 65 55 53 50 57 50 63 60 68 54 62 62 56 57 56 58 59 53 59 65 57 57 53 56 63 57 60 61 64 47 54 62 59 57 52 55 46 55 60 65
61 59 56 67 65 61 68 66 62 75 67 63 57 65 61 55 63 69 75 67 54 64 60 71 74 62 63 59 64 64 62 67 66 62 67 59 63 61 65 71 61 68 67 61 59 76 56 69 62 65 64 58 55 60 64 68 71 59 61 62 62 57 73 50 52 57 66 65 63 62 57 60 55 67 72 62 64 60 53 64 65 76 79 60 59 47 67 62 65 56 58 59 59 70 70 50 59 58 60 66 68 57 53 70 54 60 71 76 65 57 68 69 72 61 57 75 54 67 67 65 61 58 63 58 67 63 68 67 66 63 62 67 61 57 72 73 66 67 63 60 59 66 56 61 60 69 60 72 63 66 64 62 61 56 57 62 57 68 62 77 58 72 59 63 62 67 65 61 56 62 53 64 60 59 70 68 55 66 71 57 61 65 69 71 61 63 66 59 61 65 54 63 62 62 63 65 68 76 64 64 56 57 65 57 52 60 67 66 65 66 67 67 68 52 60 55 67 53 59 53 65 57 57 65 52 57 65 59 59 62 68 65 70 53 61 67 61 64 65 67 61 65 57 75 68 55 60 66 69 60 57 56 55 63 62 59
61 67 49 67 64 63 62 63 59 76 60 62 63 58 63 53 70 66 64 65 54 58 58 66 71 62 60 63 53 62 61 62 51 63 68 65 64 57 65 68 62 58 70 52 59 66 54 73 73 65 64 60 62 64 56 63 68 66 55 70 60 64 68 65 52 62 65 65 68 67 64 67 69 70 66 61 65 67 55 56 60 77 71 57 63 52 59 63 66 50 57 54 63 64 58 59 57 59 63 60 66 55 52 64 57 60 70 70 66 62 70 63 71 57 60 64 59 61 54 59 56 55 55 59 59 64 73 67 61 66 67 71 63 62 60 69 59 59 55 61 65 65 53 63 64 64 56 66 63 66 60 65 61 52 64 53 65 68 60 67 69 65 59 61 56 68 70 59 65 63 55 55 66 58 67 60 61 72 65 59 58 59 63 61 61 69 63 58 59 61 64 61 63 62 68 60 55 69 66 65 60 62 62 56 54 59 61 63 67 69 63 60 67 50 60 55 76 52 62 64 60 62 57 57 63 54 55 52 59 50 63 63 61 61 63 62 60 59 60 63 63 60 64 73 65 50 58 67 55 58 52 58 53 61 65 64
67 76 67 58 61 75 77 72 74 82 71 67 68 74 77 69 66 68 76 80 67 74 65 76 70 69 67 71 74 67 67 75 68 78 68 70 66 67 73 81 70 79 85 74 65 72 66 78 70 78 81 78 65 66 69 86 78 82 67 73 77 70 71 67 61 66 80 76 69 74 79 72 69 76 85 69 65 70 61 74 73 86 83 62 72 57 69 76 77 64 73 73 69 73 71 64 67 76 77 69 72 63 62 74 67 73 81 69 78 62 67 71 69 65 66 75 69 76 79 77 65 71 64 70 79 73 78 76 68 73 73 74 73 69 70 76 71 69 71 66 67 83 56 74 72 75 70 78 61 72 83 69 61 62 73 74 70 71 70 79 75 72 77 77 73 68 69 68 71 70 60 65 75 71 72 78 71 77 61 69 71 70 70 81 67 76 67 67 66 67 66 67 68 75 72 76 82 81 66 76 67 75 60 65 59 79 76 78 68 79 72 71 67 58 62 66 71 63 65 59 77 64 77 68 68 67 77 63 70 70 71 67 81 61 76 66 67 74 70 73 76 69 66 78 71 61 71 71 72 73 65 70 59 73 65 66
60 59 51 61 47 56 58 63 59 71 57 59 61 61 65 55 62 62 60 64 51 61 48 66 66 53 58 54 57 60 54 62 58 55 61 59 64 57 59 64 54 58 69 50 66 63 59 68 62 62 59 61 61 53 61 66 63 66 58 66 62 60 56 60 55 60 64 57 63 70 61 63 65 66 62 62 70 65 54 50 58 67 64 57 59 59 69 54 61 51 64 62 61 60 60 61 56 57 54 63 62 60 50 61 57 57 69 64 60 60 68 63 66 57 51 64 56 54 62 61 66 66 61 64 58 65 68 66 65 58 67 60 62 57 63 63 62 61 59 61 69 61 51 66 57 64 56 63 69 62 64 49 53 57 60 62 66 63 55 62 62 63 49 75 58 58 61 59 64 65 58 62 65 61 73 61 64 70 56 56 56 54 51 55 61 64 55 53 61 64 56 53 69 66 70 63 60 71 63 62 60 60 56 57 49 61 59 74 57 70 65 65 54 57 57 67 65 56 62 55 58 51 64 49 53 48 60 56 62 54 64 67 64 52 55 57 68 57 64 69 69 56 58 63 54 58 56 55 58 62 52 60 56 57 51 57
54 67 57 60 57 70 76 67 69 77 68 64 64 65 64 69 71 52 64 66 61 62 61 70 59 66 56 61 61 66 62 76 60 62 71 68 68 65 70 66 59 73 68 66 63 67 56 77 62 67 61 69 54 59 64 68 62 75 59 60 67 63 66 59 60 65 69 68 58 61 66 60 64 74 65 64 61 61 61 71 63 74 62 58 66 52 68 66 71 59 70 64 61 67 62 57 51 58 70 63 71 57 62 67 64 63 75 68 68 61 63 66 66 66 65 70 61 61 67 68 57 65 61 73 66 70 70 70 58 67 67 66 68 66 72 67 65 61 66 73 68 77 52 67 60 57 67 75 57 67 76 72 66 56 63 64 60 69 65 59 72 67 58 63 60 65 66 58 63 55 60 61 66 61 66 69 65 71 68 56 62 63 61 61 63 63 67 66 58 61 62 61 70 62 61 67 73 78 58 67 63 64 56 58 54 69 65 67 58 65 58 66 64 61 60 51 65 64 64 61 66 57 61 57 66 56 69 63 60 60 74 68 74 50 66 59 65 65 61 78 66 58 60 73 65 51 62 64 61 61 55 56 63 64 59 63
60 71 68 69 64 70 72 72 71 79 64 62 70 65 72 58 61 67 75 70 64 64 65 72 67 65 69 64 63 61 53 72 69 68 76 70 65 66 68 71 61 70 75 74 69 80 60 75 69 67 71 66 65 59 65 71 73 73 62 79 68 66 68 66 56 72 76 70 66 64 68 65 72 75 69 60 67 62 60 61 68 83 78 57 73 61 68 70 79 60 69 67 55 66 67 62 56 64 63 73 71 61 65 75 65 62 68 71 67 60 71 67 70 60 68 66 61 63 69 70 62 69 64 71 74 66 81 75 60 76 65 71 70 66 70 71 70 68 69 62 76 67 52 65 63 71 63 79 65 72 79 64 58 68 66 72 65 70 67 66 71 73 62 75 66 64 66 70 69 70 66 61 65 67 72 84 65 71 67 65 70 71 74 77 68 67 65 70 65 70 63 58 74 69 68 72 65 73 73 81 60 65 61 65 55 64 71 73 70 65 69 71 72 57 60 60 71 68 61 53 71 58 60 64 72 60 66 62 62 55 71 67 73 60 72 61 71 74 66 76 70 67 63 77 67 67 68 67 67 70 60 66 66 60 60 61
55 66 57 55 48 60 60 61 64 69 48 58 57 54 60 59 60 54 69 63 50 55 58 61 60 53 57 55 55 56 47 66 58 57 67 60 63 55 61 60 49 65 59 56 59 60 60 58 58 63 59 62 61 55 61 63 70 60 64 70 66 58 53 60 49 62 67 56 68 71 67 51 68 65 61 57 66 62 54 59 57 68 67 52 61 53 56 62 65 56 64 57 52 66 55 57 59 57 56 67 58 61 56 60 62 54 64 65 63 55 63 63 59 61 52 61 65 58 59 62 56 60 57 62 62 68 66 59 56 62 63 64 62 58 55 69 64 62 60 56 70 63 52 67 53 69 55 63 58 55 64 56 56 57 59 55 56 56 60 62 64 64 57 62 59 56 57 59 57 65 59 56 61 63 61 62 59 64 55 51 57 54 62 58 60 54 55 56 60 61 59 55 69 67 65 57 58 68 60 60 52 56 56 51 46 60 65 63 63 64 60 65 57 50 57 62 55 48 64 54 61 56 66 59 75 53 61 53 63 54 71 62 63 56 63 59 61 63 64 69 66 58 62 68 56 46 53 65 56 57 57 56 56 63 51 63
60 60 57 60 61 63 63 58 66 67 70 57 65 60 69 58 66 61 56 70 56 59 59 63 69 58 66 53 70 65 59 72 54 57 63 72 67 60 65 71 59 62 72 69 56 59 56 71 58 63 69 60 56 53 62 62 70 75 59 74 60 62 79 57 58 65 67 68 65 61 63 57 59 66 71 55 62 61 51 62 52 79 62 53 56 56 59 62 68 48 63 58 47 59 63 57 64 61 58 63 64 48 57 62 59 56 67 62 68 58 61 64 66 60 57 62 52 64 60 64 55 59 58 62 62 63 59 72 66 64 60 58 65 64 57 60 62 58 60 57 57 75 51 68 53 61 55 75 60 64 67 62 65 54 58 52 65 67 62 66 70 60 54 65 62 55 59 62 65 63 55 53 58 55 65 61 60 66 60 61 53 57 59 68 59 59 65 56 64 67 58 59 71 61 68 71 58 77 63 71 53 57 57 59 50 62 66 64 60 67 71 65 60 51 51 52 68 58 59 57 59 57 57 66 52 55 61 54 61 55 65 69 64 53 60 56 65 55 58 66 62 61 60 66 59 53 59 63 57 61 58 64 55 55 57 57
56 60 57 58 60 63 66 68 62 75 63 53 62 60 69 62 67 60 68 65 54 63 55 70 65 55 66 63 62 64 53 71 59 56 67 57 64 61 65 63 58 61 77 61 58 61 55 64 70 65 67 70 63 62 61 72 67 65 62 70 66 65 71 56 59 60 67 69 66 66 68 54 64 65 64 60 55 62 53 66 60 71 66 54 58 59 60 64 68 52 69 60 54 64 60 64 61 54 63 65 62 58 53 63 55 57 64 62 72 51 62 67 65 61 60 64 61 68 63 65 43 66 59 62 62 66 68 68 57 67 69 64 67 64 60 74 70 59 64 65 63 64 51 65 65 67 55 69 64 65 64 63 58 58 61 56 58 63 58 68 65 60 54 54 65 58 68 64 70 67 61 59 64 59 57 65 63 66 65 59 58 62 63 69 63 56 63 62 65 61 58 64 71 74 68 54 57 70 69 65 52 59 56 56 53 55 63 67 62 60 69 57 61 54 57 52 63 60 60 52 61 52 64 53 67 53 62 55 57 56 57 67 73 61 62 59 68 57 55 63 58 71 59 65 55 58 56 65 65 62 62 58 58 66 63 58
77 76 75 72 73 77 80 70 80 75 71 74 84 70 80 70 76 83 80 82 57 73 72 77 81 72 73 73 77 71 70 87 66 81 79 87 68 69 79 81 68 81 81 80 77 79 75 74 67 78 76 70 66 65 72 74 79 81 72 81 78 78 75 74 69 72 77 79 73 79 73 72 83 82 78 74 74 71 72 71 73 82 77 66 63 65 78 76 80 68 89 64 72 81 64 69 73 75 73 76 73 67 62 79 65 72 77 74 82 62 78 78 79 72 71 73 66 83 73 84 65 78 77 70 87 81 77 76 78 80 83 77 72 80 74 84 78 78 77 69 67 87 59 73 77 85 72 80 72 72 79 78 65 73 75 72 68 69 79 78 74 83 73 81 73 69 76 74 76 75 69 67 80 74 84 76 76 78 66 75 74 70 75 83 74 70 67 81 75 84 71 75 79 77 80 81 69 86 68 76 65 82 71 64 66 68 73 82 73 78 78 72 80 66 66 80 85 61 73 62 73 76 73 76 71 61 75 64 74 65 72 78 76 67 77 72 81 72 70 77 78 72 70 77 73 67 71 71 68 73 58 70 64 71 67 68
61 68 63 68 62 65 67 67 70 77 65 72 70 69 75 61 68 66 68 66 62 59 63 70 75 63 74 61 67 58 66 70 61 68 71 73 68 68 71 72 69 65 79 71 65 71 63 70 69 71 67 66 70 65 64 68 72 71 57 73 72 74 73 72 64 67 76 68 69 61 73 58 72 71 74 67 66 68 65 65 65 75 75 63 67 57 63 71 72 58 67 70 68 73 69 62 62 65 75 71 63 63 53 71 64 63 70 63 75 55 71 69 63 60 61 72 70 70 63 74 61 72 63 74 74 78 77 59 66 66 71 65 61 63 70 73 64 71 69 71 68 73 53 71 65 61 64 73 68 71 72 73 62 63 64 67 71 72 67 70 71 71 60 73 72 67 70 67 69 77 62 63 70 70 76 73 79 77 74 61 57 59 63 70 71 68 69 72 66 61 72 68 71 70 66 70 65 79 70 71 61 61 69 53 64 66 67 70 71 68 73 69 57 56 60 60 64 70 60 66 64 58 59 62 71 55 73 66 69 59 71 63 74 63 72 66 66 73 65 70 72 67 64 69 71 61 61 72 68 68 57 57 60 67 62 64
67 71 60 73 66 65 82 68 71 76 65 69 72 72 69 68 71 67 72 74 66 61 59 71 82 66 66 69 65 71 61 76 68 71 68 77 68 64 68 74 67 71 75 70 71 78 65 76 64 71 78 74 68 64 59 80 70 77 63 77 71 70 74 66 60 65 77 73 76 71 70 67 71 74 67 64 72 68 54 67 75 89 75 65 64 64 68 69 78 65 66 61 65 75 68 64 62 69 72 72 73 56 62 79 72 63 74 75 75 69 72 71 66 71 64 74 63 68 76 68 69 57 65 65 67 75 64 77 70 70 65 68 72 69 66 72 73 72 71 71 66 77 61 67 72 73 67 80 65 66 77 66 63 65 67 59 73 68 70 75 74 77 68 72 67 66 79 62 80 65 64 71 71 71 75 68 77 73 70 55 69 66 74 68 68 73 72 68 66 64 65 66 73 68 73 77 69 82 65 74 65 62 68 58 62 68 78 76 68 73 71 66 68 63 64 69 75 60 67 65 70 68 67 67 70 58 64 61 68 61 74 73 69 69 73 70 77 64 66 72 76 60 68 81 68 62 74 74 60 72 56 63 62 64 61 70
66 76 67 72 62 74 80 66 66 83 70 64 72 64 69 67 76 72 76 78 68 70 72 75 75 67 68 71 66 62 62 78 72 72 72 73 73 71 72 74 73 65 77 77 70 71 60 74 71 72 74 77 67 65 75 76 77 74 63 69 71 69 75 65 65 75 75 66 65 66 65 66 76 78 69 70 80 64 62 63 66 83 69 67 67 65 71 63 74 58 71 73 64 67 69 67 67 73 74 71 73 68 62 72 61 59 74 72 71 70 77 75 76 69 69 76 75 76 72 78 67 64 71 71 80 78 72 74 66 66 71 70 70 70 73 77 67 68 75 68 73 75 61 74 59 68 75 76 70 64 70 71 66 70 71 73 71 72 64 72 74 79 72 70 63 70 73 76 75 68 68 69 75 71 75 73 68 72 75 58 76 68 65 67 75 70 63 69 73 72 64 71 74 77 71 66 70 77 67 70 60 70 70 68 59 67 72 74 67 77 70 69 71 60 66 70 78 66 64 62 64 66 66 56 72 68 66 62 69 59 68 68 66 63 72 72 70 77 73 78 81 68 71 80 74 69 60 77 65 69 61 64 67 65 65 68
65 56 59 58 66 58 68 57 71 72 64 60 61 66 72 62 65 63 65 67 50 65 53 68 68 55 64 55 63 72 65 69 59 71 70 70 60 65 58 74 60 75 73 61 66 60 56 62 63 75 60 63 69 57 67 73 71 73 60 71 66 69 70 61 57 57 70 64 64 64 62 60 63 65 70 69 72 62 63 65 61 73 69 59 66 57 67 65 66 59 66 67 64 63 66 64 59 65 69 63 71 53 52 62 59 64 65 62 69 63 66 67 67 71 64 71 61 66 62 70 61 68 64 66 66 70 68 67 66 69 67 64 70 63 63 71 64 60 65 65 59 69 51 63 62 63 64 69 62 66 69 53 64 54 61 56 60 70 66 70 64 66 64 73 62 59 64 53 61 65 67 66 76 63 68 73 71 70 65 58 59 58 61 61 57 66 71 66 62 71 69 66 69 75 58 66 70 81 62 64 57 64 60 53 55 64 59 68 70 71 65 64 65 61 55 63 61 57 69 60 64 52 67 66 64 60 66 65 61 60 64 69 74 63 67 57 63 61 64 71 69 69 56 72 64 56 55 68 56 72 60 59 60 64 53 62
65 66 61 67 65 67 71 67 73 74 68 71 77 66 68 67 72 66 74 78 59 61 58 77 69 71 66 73 64 62 61 72 61 76 75 66 68 69 64 76 65 74 81 69 66 68 58 76 72 78 66 73 60 65 67 72 71 74 70 73 70 63 76 62 62 62 79 68 66 75 72 70 75 76 66 64 62 66 60 68 65 81 79 61 63 66 70 65 68 64 69 70 59 73 64 60 63 64 66 72 64 63 61 67 65 65 75 71 76 71 72 69 73 62 66 65 67 67 73 68 56 72 70 68 70 69 71 64 64 68 70 70 66 69 68 73 73 75 62 63 66 75 57 65 68 73 66 75 68 71 72 63 65 60 63 71 66 67 68 71 76 71 60 68 57 62 70 68 72 58 66 67 67 66 67 72 64 71 70 59 62 66 69 67 69 61 69 71 58 65 56 67 71 68 75 65 67 78 71 70 58 67 66 54 57 69 69 74 73 69 64 73 69 52 63 66 68 65 68 58 72 61 64 60 67 59 71 66 63 64 70 70 71 66 69 64 67 69 64 70 71 73 57 68 71 58 52 63 64 73 65 64 68 65 60 62
61 58 49 63 50 60 62 51 64 66 60 60 61 49 59 53 68 60 63 60 47 55 56 59 61 57 60 62 53 61 53 61 52 50 62 59 52 56 58 67 51 55 72 52 58 60 57 60 63 64 56 62 58 52 57 68 63 58 51 68 64 55 59 59 55 60 60 57 53 70 61 59 59 73 62 60 63 62 58 59 60 68 61 56 45 57 61 59 61 55 57 55 55 58 52 53 51 51 52 56 61 58 54 68 57 60 72 59 67 49 59 60 59 53 52 55 58 61 56 60 61 54 56 57 68 62 63 59 63 63 68 56 49 58 61 66 60 57 60 61 63 66 49 59 59 51 53 65 57 61 61 62 57 55 63 60 55 62 64 68 62 62 62 52 52 46 55 56 61 55 53 63 62 60 56 60 55 60 59 64 55 59 53 58 56 56 56 59 57 55 59 54 61 58 61 62 57 67 56 61 53 59 57 52 48 57 61 58 53 59 60 54 57 55 61 51 53 46 56 56 58 52 60 54 53 47 55 55 61 53 68 50 60 52 62 59 64 55 57 58 61 57 54 67 62 53 55 55 53 59 45 56 49 59 55 53
56 74 62 66 64 66 65 68 75 73 62 64 66 59 71 63 68 59 72 71 62 71 59 66 67 68 60 57 66 67 59 73 64 63 72 72 70 64 73 70 61 66 78 60 61 70 61 74 65 69 79 66 59 61 60 67 64 71 64 72 69 65 73 62 66 63 70 62 70 71 72 71 62 74 76 64 74 71 65 65 62 80 66 54 62 55 68 61 73 49 67 61 56 69 61 70 62 70 61 67 66 57 62 67 64 52 67 75 74 61 70 69 71 59 60 64 64 67 65 62 57 72 60 63 75 73 69 63 67 72 65 56 68 59 68 78 64 67 66 68 67 71 53 71 61 64 62 70 66 65 76 65 59 56 64 56 62 67 70 69 69 66 67 72 63 61 67 65 63 61 57 59 68 68 68 70 72 73 63 60 68 70 60 65 66 64 67 64 69 72 62 60 73 65 64 70 72 72 66 61 62 71 59 55 54 71 65 74 66 71 60 63 62 57 53 59 70 57 70 54 70 64 60 60 73 55 64 62 73 59 70 64 62 62 67 60 72 64 67 71 67 61 68 76 68 57 61 70 54 64 61 62 71 63 59 56
58 64 65 65 62 69 70 63 73 73 62 77 62 70 71 65 65 64 66 72 59 64 71 70 79 66 72 58 63 60 60 76 59 71 70 72 63 65 66 80 60 73 73 63 74 82 65 69 63 70 67 63 69 62 60 68 75 70 63 76 73 62 76 64 69 62 74 66 73 65 72 65 69 76 72 60 67 68 67 66 60 75 72 56 62 60 64 67 78 54 65 62 64 74 66 64 58 68 69 70 70 54 68 73 60 67 77 70 67 57 75 68 70 69 70 63 70 67 59 65 63 65 60 65 73 78 76 73 73 73 69 71 70 64 72 79 68 69 68 64 69 78 64 68 64 67 64 74 61 71 71 64 71 57 67 66 65 65 68 69 67 66 63 69 66 70 70 74 64 68 55 69 63 66 63 77 64 69 64 67 58 65 71 73 66 65 67 68 70 75 69 60 73 69 69 71 67 80 69 72 64 62 61 57 53 63 69 76 64 68 71 70 63 60 67 59 67 55 70 61 69 60 70 64 67 58 74 60 73 58 72 69 70 57 66 67 65 64 65 68 70 63 60 76 70 60 59 71 67 68 65 53 60 64 64 59
65 69 64 65 64 67 76 64 70 85 59 71 73 69 71 62 70 59 69 68 62 65 67 74 75 66 70 62 66 65 62 74 62 72 78 73 67 64 71 75 63 76 75 66 72 71 65 71 64 69 70 78 59 62 69 69 72 78 60 66 68 67 67 70 61 63 79 62 71 68 69 62 73 82 75 68 59 62 63 68 71 82 75 62 66 59 65 67 74 61 68 62 68 77 64 58 68 67 67 69 66 57 58 74 60 66 66 75 76 64 73 75 72 63 63 71 64 72 78 73 63 69 61 61 70 73 76 71 73 70 70 64 64 64 66 71 74 72 66 73 68 72 62 63 67 68 60 70 62 69 71 68 66 64 67 63 56 67 64 72 69 75 66 74 74 64 67 64 67 75 62 66 69 67 73 74 68 73 66 64 67 61 71 70 73 70 63 65 65 71 68 67 71 76 63 70 68 78 70 72 64 62 58 58 58 64 69 75 68 66 71 69 62 53 68 62 70 65 62 57 70 63 69 65 68 54 71 63 71 65 64 70 72 61 66 65 69 63 74 75 73 69 62 73 67 70 65 73 66 67 62 65 66 63 58 76
60 64 54 64 51 59 59 55 57 66 60 59 63 55 60 54 63 57 59 56 58 54 60 62 67 55 61 69 57 57 58 70 52 60 55 68 61 56 62 62 53 61 63 58 59 60 60 60 61 64 69 65 53 60 51 69 65 58 55 61 60 58 66 61 54 59 56 65 67 61 66 62 61 69 65 58 52 55 55 58 61 69 64 54 56 52 54 62 63 56 59 61 60 63 49 58 51 60 55 67 70 48 58 66 56 56 63 68 65 59 62 61 63 58 58 61 63 62 63 61 52 59 62 56 59 63 56 65 60 60 62 61 55 57 60 61 58 57 62 54 60 68 48 63 55 66 58 65 60 60 63 62 56 57 61 55 58 58 59 69 64 64 59 64 58 58 66 59 58 55 55 60 56 62 59 62 58 55 59 51 59 58 63 59 55 60 57 53 54 61 56 56 59 58 67 65 57 74 58 65 62 59 58 50 57 64 60 64 51 67 68 58 64 54 55 61 70 51 56 53 61 56 68 60 62 52 60 58 55 54 65 59 59 54 60 61 61 60 61 69 68 59 51 68 58 51 56 64 61 60 54 54 53 56 61 58
62 77 63 65 63 62 73 62 63 73 63 70 69 69 74 56 68 68 75 73 54 72 55 69 66 70 62 65 72 67 63 65 64 68 55 69 65 64 65 73 59 61 65 64 69 75 65 73 64 69 69 62 63 58 73 70 70 65 66 71 69 67 66 67 59 66 70 63 61 71 68 69 70 76 77 63 71 68 62 61 68 72 73 70 72 58 61 66 65 57 71 62 57 63 69 61 50 72 67 65 69 49 57 73 60 59 73 67 61 61 74 63 71 64 62 69 64 60 66 68 56 63 66 66 70 74 71 67 68 71 74 62 70 67 65 73 61 69 69 71 69 74 52 64 64 64 70 75 61 73 66 64 61 54 62 67 69 70 61 69 68 64 64 72 63 64 69 59 65 61 53 56 66 71 68 70 63 67 61 61 62 61 63 69 65 65 67 59 66 67 63 69 64 68 71 59 67 80 75 65 63 60 57 57 56 63 66 74 70 64 68 69 71 57 59 61 65 68 66 61 62 55 68 64 67 58 60 60 65 62 72 66 65 63 65 66 65 71 64 72 73 60 64 73 61 56 58 63 65 65 60 58 58 62 57 66
55 65 55 62 55 61 58 60 55 76 67 64 59 58 70 58 63 63 60 66 60 60 63 66 66 66 63 65 72 56 66 64 57 64 66 68 66 62 72 64 64 63 68 62 67 68 48 70 65 64 69 64 59 64 63 68 68 65 61 71 64 67 66 73 58 63 66 65 61 66 63 66 70 70 72 67 68 59 55 57 57 78 75 52 63 57 67 65 64 55 66 59 59 67 60 58 60 59 62 69 61 58 60 65 59 56 64 66 70 63 71 66 62 57 50 54 57 60 70 66 60 67 60 59 69 69 69 65 61 62 63 66 61 57 61 65 63 68 61 64 69 59 55 64 61 67 59 75 64 66 67 67 62 55 55 67 71 61 59 73 68 65 55 64 65 67 66 62 56 64 55 59 64 64 69 66 64 69 52 55 57 59 70 66 56 73 58 62 66 66 66 61 63 62 68 64 62 77 59 68 59 60 59 57 53 59 64 73 65 63 64 68 58 52 57 61 59 64 55 53 57 66 65 54 59 52 66 56 62 55 59 65 63 56 67 66 59 59 67 64 67 65 62 66 69 56 59 70 66 65 51 56 59 52 59 64
59 67 67 70 64 68 66 61 67 76 64 66 67 59 67 66 71 68 62 66 63 63 68 68 69 68 72 62 62 64 62 64 63 61 66 71 70 63 69 76 51 67 74 60 67 65 67 73 68 77 73 58 61 60 58 74 69 82 60 65 65 71 64 63 64 64 72 65 71 67 68 69 66 79 71 59 72 68 67 59 63 77 68 51 67 66 59 74 70 55 65 66 61 73 69 66 61 63 66 68 70 59 56 69 63 63 70 67 78 61 63 64 73 60 65 64 57 65 71 70 58 68 63 66 67 76 68 76 65 73 65 65 60 61 66 74 73 67 67 68 67 75 51 67 66 72 58 75 61 61 70 66 60 63 63 59 67 68 73 73 78 61 57 74 74 62 64 65 72 70 57 65 71 68 71 64 70 70 66 55 58 64 65 67 64 68 71 61 61 73 68 64 68 66 65 66 65 73 63 68 63 67 61 52 59 70 70 77 66 69 68 64 66 61 61 59 70 53 68 61 63 54 67 63 66 56 67 68 60 54 65 61 66 59 71 68 69 64 62 70 68 66 67 69 69 56 65 64 60 71 54 61 63 69 62 66
58 58 61 51 57 57 63 54 60 66 64 54 58 56 64 54 60 62 53 63 53 64 47 63 59 52 57 53 59 62 56 58 60 57 59 65 65 56 62 62 58 59 65 50 58 62 53 67 62 65 67 60 58 50 55 60 60 68 54 66 60 60 63 53 51 55 64 64 61 55 69 62 59 70 59 63 61 64 59 53 58 72 72 57 56 51 58 58 64 50 69 62 58 64 57 57 56 65 55 56 69 49 51 64 55 54 61 61 62 56 57 57 66 52 63 64 47 65 64 60 62 59 56 56 62 60 65 63 56 58 61 53 60 52 57 62 62 56 56 56 60 67 43 61 59 69 53 65 63 55 64 60 49 57 56 60 61 62 56 69 74 60 63 61 53 56 59 53 60 63 50 56 66 61 63 59 65 63 57 51 57 58 64 60 55 60 67 50 58 53 47 59 60 65 65 56 62 67 61 52 54 58 55 47 51 53 58 72 59 63 54 59 53 54 45 49 63 54 53 57 56 52 50 53 51 42 57 53 57 55 62 58 63 55 64 59 58 51 58 65 60 51 59 66 57 47 57 55 55 60 45 56 59 59 51 55
54 58 60 71 61 62 66 61 66 70 64 67 62 60 64 57 74 64 65 66 52 65 61 71 71 54 69 64 62 59 53 73 57 68 65 64 65 64 65 63 61 59 75 63 64 67 54 65 65 65 63 65 63 53 65 66 66 63 53 63 66 61 66 71 63 60 70 72 68 62 67 58 61 75 71 65 68 68 63 57 62 70 70 60 52 60 62 58 68 51 71 58 54 65 57 52 53 64 64 67 72 53 66 63 54 53 59 63 63 61 50 61 62 59 58 58 63 62 57 68 61 61 62 63 74 73 79 63 63 63 71 63 59 59 63 70 60 67 66 55 63 64 49 62 61 63 65 73 62 62 74 60 58 66 64 64 63 68 70 58 68 64 62 69 64 65 64 70 65 61 60 60 71 67 67 68 64 63 62 60 65 53 70 59 66 61 63 61 57 58 64 62 70 69 63 65 64 79 64 59 59 64 61 49 59 64 62 74 62 63 65 62 67 60 57 57 64 55 64 63 69 59 51 62 70 51 72 59 63 56 65 68 62 56 70 65 61 69 62 73 63 61 55 67 70 60 55 67 59 70 59 59 53 61 50 52
65 67 63 61 59 65 71 61 63 77 57 67 54 62 65 62 66 60 66 73 52 64 63 76 68 65 67 62 69 69 61 64 66 70 66 68 62 62 68 73 58 67 72 58 63 72 62 73 63 74 70 66 61 52 65 72 60 70 60 66 66 62 62 69 58 63 71 67 65 72 64 65 64 80 71 58 61 58 65 61 51 76 68 57 62 58 64 65 67 55 66 67 61 67 64 58 55 64 64 70 66 53 61 63 62 62 65 68 66 59 67 68 72 62 62 60 66 60 64 71 57 63 65 64 75 70 71 66 58 59 62 64 62 63 61 71 61 68 59 67 60 70 48 70 57 72 50 70 63 64 76 57 58 61 63 56 59 69 66 70 73 68 62 69 65 61 59 66 57 63 63 59 59 60 58 76 67 73 61 56 62 60 71 70 63 60 64 55 63 58 61 57 69 71 66 66 66 70 62 72 77 69 60 51 62 69 56 72 66 67 62 78 63 50 57 63 68 53 64 62 68 62 62 65 71 52 70 60 62 56 68 62 64 56 68 69 62 56 63 72 67 62 62 83 58 59 64 70 65 67 61 64 66 62 65 63
59 70 59 58 59 63 74 62 62 72 62 64 66 60 68 52 68 55 69 69 59 54 58 69 73 60 62 59 61 60 57 61 60 56 65 71 58 55 72 66 54 58 68 59 64 62 51 62 59 66 62 55 59 52 58 63 64 64 60 63 59 68 70 63 58 62 70 69 57 58 60 56 59 64 60 62 64 64 61 67 61 72 70 59 61 54 58 63 68 56 61 56 57 62 63 56 48 52 64 58 53 48 54 66 55 62 70 58 62 54 59 63 70 63 55 63 64 61 65 65 57 53 50 58 69 67 64 65 63 64 59 66 62 61 60 67 65 65 58 67 62 62 48 61 68 73 55 68 56 63 69 66 59 58 61 60 55 59 61 71 63 72 60 62 61 62 63 59 65 67 53 59 57 56 65 67 57 64 62 52 55 54 66 64 65 62 64 64 58 63 59 60 65 62 67 62 59 71 67 61 61 55 59 51 57 58 66 62 59 57 70 66 70 47 65 55 63 57 49 57 62 50 59 53 61 58 58 60 57 54 58 58 59 46 64 61 64 59 62 70 65 61 60 60 58 62 56 63 61 58 50 50 55 53 60 61
69 76 70 68 71 77 62 68 73 71 71 72 74 63 73 60 74 63 71 68 66 66 65 79 79 65 67 73 67 70 67 80 65 61 72 79 71 71 75 70 66 68 69 68 65 71 65 70 66 76 74 78 64 69 63 73 70 70 63 77 65 71 75 64 63 75 75 73 65 63 74 68 67 77 69 69 71 69 70 68 63 75 78 63 63 66 67 64 79 59 75 73 60 71 64 67 62 73 74 73 75 60 66 70 64 62 69 72 80 70 72 73 69 68 62 74 70 70 71 72 65 63 66 68 68 74 71 71 64 71 71 69 72 72 70 78 72 64 69 73 63 78 61 65 69 78 72 71 73 66 72 67 68 57 71 70 67 76 72 77 70 73 66 71 64 68 71 74 77 67 63 64 81 69 72 66 72 66 71 63 64 67 70 79 73 68 70 71 64 72 63 66 76 72 75 71 66 78 67 70 64 73 60 59 59 66 77 79 67 75 74 75 69 61 59 62 76 61 69 61 73 63 62 66 72 65 61 62 64 62 77 69 69 54 77 67 70 67 69 75 78 64 63 71 79 67 66 76 65 68 60 64 57 65 60 69
68 64 60 66 61 59 67 64 68 78 61 69 67 58 65 61 69 65 67 76 57 69 72 72 73 64 70 71 66 69 64 72 69 69 69 70 72 63 71 73 55 64 70 66 67 61 54 74 69 82 68 66 63 67 70 72 69 73 60 70 68 71 72 68 58 72 68 69 67 71 76 62 66 70 65 71 70 74 61 59 58 77 74 60 64 58 63 69 73 57 62 67 64 82 69 65 66 69 65 65 74 59 57 71 61 58 71 67 73 63 74 68 73 61 62 69 67 74 68 68 60 68 65 68 70 68 67 63 62 64 71 76 65 69 67 79 69 64 67 65 69 77 51 69 65 74 69 74 65 64 67 64 65 65 60 66 67 74 71 71 78 66 69 68 66 63 65 70 63 70 66 70 72 69 63 72 67 69 65 67 62 64 71 67 65 69 70 62 65 65 60 67 74 74 72 69 71 75 71 66 67 66 65 54 57 68 68 72 75 67 74 71 69 64 56 68 63 59 66 59 65 66 63 56 75 57 71 61 71 60 68 63 72 61 70 70 67 67 70 79 68 64 68 75 63 57 53 66 62 70 62 62 66 66 61 63
62 60 59 63 57 60 60 61 60 68 68 63 60 59 58 58 72 60 59 66 50 62 54 67 61 56 63 57 60 57 50 72 55 60 70 62 62 59 66 68 63 63 77 61 58 74 58 69 62 62 62 66 64 44 68 69 57 67 55 57 68 66 69 62 67 63 64 59 62 64 64 57 60 75 68 54 61 60 54 60 57 70 61 53 51 51 61 59 67 47 68 65 56 68 64 52 52 64 59 63 59 51 56 71 61 58 71 59 64 51 63 53 66 57 58 60 59 64 58 64 57 58 57 56 70 71 67 56 64 71 62 58 67 61 65 66 63 60 67 61 63 71 54 63 65 55 58 65 58 63 68 63 69 54 57 66 53 61 58 64 67 69 54 64 57 62 59 62 60 57 56 54 58 63 62 65 61 64 64 60 62 66 58 64 62 68 62 54 58 63 60 54 61 62 62 63 62 67 56 63 59 66 63 54 53 67 58 67 56 55 63 62 65 55 61 59 64 56 58 58 61 55 54 61 66 50 67 52 62 58 67 61 60 60 60 55 59 73 60 66 62 55 61 81 65 56 56 57 59 58 48 55 59 54 55 50
54 57 51 61 56 57 59 55 61 73 59 61 58 60 72 59 68 63 57 63 55 59 64 59 60 60 60 60 55 56 53 63 58 59 65 64 62 61 63 68 59 58 68 66 60 64 51 64 58 67 61 63 66 53 64 63 58 68 55 64 63 64 61 60 55 61 62 68 62 56 66 56 71 68 66 52 55 68 51 62 61 76 69 53 64 46 55 58 69 53 56 62 50 64 55 63 58 63 66 61 65 54 56 60 56 53 72 64 63 54 57 58 61 54 57 56 62 55 56 66 52 60 49 51 63 63 69 57 63 67 65 64 64 61 61 65 60 58 63 62 58 58 46 60 67 58 57 67 58 54 65 61 62 55 64 57 60 69 61 67 64 69 59 61 60 56 60 63 64 59 58 53 68 61 59 65 63 60 64 56 60 56 71 60 59 62 64 59 54 61 63 58 67 64 60 60 55 66 65 66 53 57 49 40 56 65 59 66 63 60 58 59 63 47 59 53 63 56 54 60 54 53 60 56 63 50 64 57 61 49 59 55 65 60 70 56 65 65 58 57 66 51 56 73 65 55 48 66 62 57 49 55 58 57 52 52
56 50 58 54 59 59 59 64 61 68 60 61 64 54 68 55 68 57 56 66 48 68 58 60 66 60 65 56 64 55 57 64 62 59 73 69 58 56 67 68 56 63 66 65 60 67 60 68 65 63 63 61 61 51 69 68 59 73 53 68 67 65 62 58 62 65 69 68 67 62 63 63 63 66 65 53 64 60 54 51 58 76 65 59 52 59 54 56 73 43 67 64 56 61 53 59 52 64 62 64 60 51 58 65 57 60 68 58 72 51 67 52 72 58 53 62 61 61 64 67 49 63 55 61 62 76 68 61 64 61 70 67 65 64 65 66 63 55 65 59 56 65 54 57 57 60 51 61 52 60 65 63 58 58 60 56 59 66 53 63 68 65 52 60 64 64 56 68 65 59 55 56 60 62 68 65 63 66 66 64 64 60 59 60 62 65 61 60 61 62 62 60 66 66 62 69 66 69 62 71 56 62 54 53 56 58 62 73 57 61 64 62 64 53 60 58 66 60 61 59 56 55 64 59 64 51 65 61 68 50 68 55 61 53 61 57 55 62 58 64 62 67 66 70 60 61 56 65 54 58 61 55 57 59 57 55
79 73 57 66 63 67 69 72 65 78 78 71 73 72 77 62 69 65 75 70 52 66 66 68 79 66 75 68 70 69 60 76 65 67 67 70 69 69 75 70 65 67 77 69 72 73 66 78 69 77 69 72 68 55 78 75 69 69 68 82 66 70 76 69 61 70 75 69 75 73 71 68 66 76 72 65 66 70 60 77 75 83 76 68 65 59 64 65 79 60 68 69 64 68 62 56 57 64 70 68 64 66 55 68 68 70 75 68 67 64 76 69 75 67 56 73 68 72 65 70 65 72 66 73 76 69 73 73 74 66 76 71 75 67 73 76 70 69 70 67 68 69 53 71 65 77 68 70 62 69 76 61 74 67 78 62 63 73 67 68 68 74 64 68 67 64 76 76 73 67 67 65 74 63 75 72 71 69 74 65 62 61 70 71 76 72 72 67 63 70 65 62 70 68 70 66 70 77 70 71 61 71 68 59 59 69 70 77 71 66 71 72 70 63 60 69 73 68 61 65 73 63 65 61 63 60 70 63 66 63 71 62 76 59 69 70 62 70 68 82 76 67 62 73 70 69 61 73 66 64 66 64 61 68 64 65
70 69 54 65 64 69 75 72 63 79 66 66 70 72 79 62 69 74 71 78 61 70 60 78 77 68 62 72 69 69 66 73 62 61 79 67 63 67 73 81 70 68 78 72 67 69 68 79 67 68 77 72 69 55 76 73 73 72 65 74 74 65 76 71 65 69 83 65 70 80 78 65 73 77 75 66 73 68 68 66 66 86 76 59 67 53 79 71 73 61 82 63 58 74 71 62 64 70 73 68 75 61 60 66 59 63 76 66 78 63 76 69 67 68 64 80 71 69 63 69 59 69 62 75 78 75 73 75 74 71 79 63 71 63 81 73 68 72 67 68 71 75 57 73 61 76 60 79 71 71 66 66 71 64 66 65 77 74 63 85 77 75 61 70 73 70 66 72 74 74 60 64 67 62 66 71 70 73 68 71 67 70 66 72 66 67 68 68 73 75 70 72 76 76 79 70 69 81 83 79 60 67 65 63 56 67 71 78 69 75 73 68 65 56 67 70 71 75 67 57 63 63 67 61 65 63 67 63 70 57 69 70 74 69 68 66 74 66 72 70 79 72 61 75 71 59 63 75 69 69 63 60 55 64 64 67
59 64 61 71 65 63 79 71 70 76 63 74 66 69 61 71 63 64 66 74 54 63 66 74 64 71 68 62 76 65 64 71 59 65 65 67 70 61 69 70 54 75 72 62 67 71 61 68 65 69 63 70 65 63 68 72 68 80 65 68 70 63 73 63 59 63 66 79 70 68 65 58 69 76 73 68 65 63 54 70 68 81 73 59 61 62 68 69 77 61 73 59 68 73 64 63 66 67 70 73 67 54 57 72 63 62 77 79 70 61 67 71 74 60 67 71 63 64 66 70 58 69 70 65 69 67 65 72 68 69 72 69 70 61 68 63 70 68 67 62 68 81 57 65 61 70 65 79 64 69 67 68 64 59 65 67 59 69 69 73 72 66 66 72 62 74 77 58 63 67 65 66 75 65 69 75 67 75 69 66 67 68 68 68 59 67 61 64 59 74 62 66 64 62 71 65 62 77 65 75 63 61 64 53 55 66 63 76 68 66 72 66 72 54 63 67 72 68 71 56 65 61 65 65 62 53 62 58 60 59 75 69 74 66 68 64 71 67 65 70 81 63 59 87 62 56 62 65 72 74 59 59 66 58 58 61
66 72 66 63 67 73 71 65 70 72 62 71 72 66 68 62 67 66 71 74 51 62 67 77 78 66 69 62 67 54 59 76 65 72 68 71 62 64 74 78 61 73 75 69 71 77 65 69 68 76 67 70 65 64 72 68 70 76 60 69 67 77 75 69 62 65 77 68 70 61 68 63 67 74 73 60 62 68 56 62 67 76 65 62 64 57 65 59 78 53 64 65 58 69 64 55 67 69 70 67 66 57 57 75 65 61 77 57 73 61 71 70 76 67 64 64 64 69 61 68 67 68 51 68 73 70 74 69 70 64 77 64 67 62 62 67 65 64 71 65 69 77 50 70 71 62 62 75 60 66 72 68 60 67 71 63 68 70 69 69 74 72 61 72 69 68 63 70 66 65 60 68 76 64 74 74 64 69 68 68 67 63 67 71 63 65 74 74 60 72 71 62 73 71 65 67 65 82 70 70 52 68 66 59 59 69 63 74 65 69 71 73 67 53 72 60 68 63 67 55 60 63 69 65 66 62 77 62 67 60 69 69 66 52 69 63 62 68 70 74 76 66 63 69 65 61 56 74 69 72 66 62 63 60 61 61
65 65 61 56 62 58 70 54 73 65 63 56 68 61 63 68 67 61 65 59 55 59 49 70 64 63 66 61 63 58 67 73 57 71 57 64 56 58 58 68 59 64 69 61 60 69 56 65 57 66 56 69 58 53 57 64 65 68 59 60 63 53 69 61 59 55 68 60 65 64 55 53 67 71 62 60 52 58 55 54 63 72 69 62 57 54 55 58 64 52 70 66 50 69 56 52 64 61 68 60 66 55 47 60 61 58 66 62 62 58 64 66 68 61 72 61 61 63 63 67 50 62 64 51 62 65 65 61 57 57 65 59 59 65 58 71 72 61 67 68 63 64 44 62 61 71 61 67 60 64 68 60 52 49 59 66 52 56 62 65 64 68 61 58 61 57 63 62 66 66 54 59 62 62 62 62 54 61 60 51 55 57 64 67 67 64 66 61 60 57 58 54 66 62 62 61 69 71 60 62 55 58 53 56 56 65 64 69 64 59 63 65 65 53 48 54 61 61 58 56 66 54 62 56 62 54 68 58 62 55 59 63 60 51 71 66 59 60 64 66 68 58 60 65 63 57 67 59 62 63 50 47 59 59 57 58
57 57 59 61 62 57 66 62 60 63 55 59 60 64 64 61 64 58 65 71 55 62 57 64 62 59 65 57 63 56 53 71 66 64 60 61 65 54 63 64 53 58 65 65 51 64 58 57 63 59 67 59 61 59 68 62 67 62 62 67 63 52 65 53 57 58 64 70 63 58 61 56 59 70 65 56 59 69 54 57 60 72 69 59 53 53 60 61 62 48 60 55 56 66 59 48 58 61 65 58 59 50 57 67 54 49 68 57 62 53 63 62 64 64 52 61 60 57 67 66 50 55 66 56 67 68 63 56 59 64 60 67 62 56 58 70 64 61 64 54 53 70 46 58 68 64 56 68 54 59 71 58 58 56 58 62 61 61 61 65 64 56 65 63 58 66 60 53 58 56 53 60 65 58 63 68 59 59 67 55 64 59 60 61 57 55 63 68 64 54 58 65 67 61 61 55 63 72 61 67 53 56 54 49 53 59 64 69 64 62 66 62 57 50 56 57 62 53 60 52 59 61 64 64 62 51 69 45 65 55 61 65 63 46 67 56 66 66 63 64 66 62 63 67 54 52 57 63 66 58 52 55 56 60 51 54
56 59 54 52 55 55 58 52 58 61 51 52 54 50 60 56 61 56 51 58 56 51 47 58 58 52 58 47 62 56 39 60 60 48 54 67 50 49 54 62 43 53 63 57 55 53 55 56 55 59 55 56 51 44 51 55 52 65 52 54 51 47 52 50 52 57 60 55 58 55 53 53 58 51 55 47 46 50 43 45 46 68 62 52 49 48 48 50 56 44 61 55 53 56 52 54 42 47 54 52 50 43 50 61 52 50 57 53 61 54 60 50 58 54 53 56 52 55 54 55 46 48 46 53 59 59 55 61 54 61 49 49 58 51 53 49 57 53 53 62 49 56 39 57 52 58 50 59 50 56 56 47 62 49 48 52 53 57 55 56 59 56 48 58 52 46 59 51 54 55 46 48 49 51 57 53 48 50 58 53 50 55 49 58 52 50 57 44 48 50 45 51 52 55 62 50 55 64 54 53 49 55 46 44 45 52 54 63 55 53 58 62 57 50 44 51 58 52 49 52 51 45 49 52 53 50 52 48 55 55 54 49 54 42 54 49 60 53 52 55 58 50 57 56 57 53 53 45 50 55 47 41 49 50 51 55
58 61 54 65 62 64 69 61 67 78 63 60 57 71 70 58 70 61 65 71 56 63 63 70 69 60 74 60 65 60 50 61 59 62 67 72 63 59 69 73 53 61 69 65 63 62 63 67 64 71 68 61 55 52 67 70 70 74 57 70 67 65 67 60 62 65 71 66 64 63 62 63 68 72 69 65 71 62 60 65 64 72 77 58 59 61 65 61 65 56 59 63 58 67 62 67 58 65 68 67 62 56 58 73 50 61 67 67 70 60 64 62 68 62 55 64 62 60 68 67 61 66 66 57 72 73 71 70 60 65 64 66 66 65 66 73 70 59 63 61 67 67 48 61 64 71 53 72 56 61 62 66 62 58 59 54 60 63 63 71 70 75 65 64 67 64 64 55 62 67 63 67 68 69 66 66 62 69 62 58 61 56 66 54 58 64 62 65 68 65 68 58 68 65 69 72 69 75 71 64 59 63 65 53 58 57 62 67 62 63 66 73 64 54 55 67 65 54 56 53 61 61 64 61 60 53 63 59 68 57 67 61 64 55 74 63 66 67 62 69 64 55 63 70 60 62 59 66 65 58 56 58 56 62 63 69
60 66 54 68 54 60 57 61 65 69 56 56 61 65 64 59 63 64 62 70 53 64 59 63 69 59 63 58 61 55 61 70 61 67 74 65 66 56 68 68 53 72 69 57 63 66 54 71 67 60 63 56 60 59 54 63 63 68 57 67 62 63 67 56 61 56 68 64 70 59 65 60 67 74 71 54 69 60 54 56 63 73 63 54 59 53 61 62 69 52 65 59 60 72 58 52 57 66 71 67 61 41 56 69 57 55 65 68 71 52 65 66 70 47 61 68 62 66 64 61 61 60 57 63 67 73 60 60 59 68 58 63 64 66 74 65 55 60 59 63 67 70 56 63 57 65 55 67 58 66 67 61 60 52 63 57 63 63 63 70 65 61 67 71 59 64 63 57 56 56 57 59 64 58 62 60 61 69 67 62 59 63 61 65 51 64 59 62 60 64 67 53 62 68 61 62 67 72 62 53 45 62 58 51 51 59 60 69 60 64 66 59 60 54 52 59 64 60 59 55 60 65 64 51 68 53 55 58 64 51 57 58 61 58 71 57 62 66 65 63 64 61 64 70 65 49 59 59 62 64 56 57 61 59 64 56
70 69 66 65 60 67 62 71 67 77 70 67 66 66 77 70 67 65 73 72 60 56 63 75 66 65 68 70 63 62 64 77 67 62 65 73 66 62 65 69 57 70 71 64 66 77 61 76 58 72 70 80 69 60 62 74 64 67 64 76 66 63 65 66 66 64 64 66 66 69 71 68 73 77 67 71 63 66 58 71 66 80 84 55 69 57 63 67 67 60 76 70 62 72 69 52 62 66 71 70 65 62 56 73 63 66 77 74 73 68 70 75 68 59 63 70 66 71 61 70 66 70 61 65 70 72 70 68 64 71 69 68 73 63 68 69 71 69 63 70 69 79 54 70 64 74 65 73 63 65 69 65 63 60 65 65 69 64 67 75 69 73 65 68 64 66 72 63 63 70 60 69 70 67 67 79 69 63 71 65 59 68 73 74 67 66 71 67 62 68 63 60 74 70 79 72 67 77 63 79 65 64 66 57 51 61 71 69 68 78 59 72 63 59 63 65 75 62 64 60 67 65 70 70 64 59 70 57 69 61 67 66 72 60 71 63 69 71 71 70 75 65 64 76 69 56 71 67 73 67 61 57 64 61 60 68
66 65 65 62 61 58 66 66 64 74 57 66 64 69 74 75 70 58 61 72 51 61 62 64 73 66 63 60 67 61 54 64 66 67 70 70 69 60 69 73 70 68 74 63 67 70 54 75 66 68 62 64 61 57 68 71 71 71 70 66 66 74 67 62 56 70 76 67 70 67 64 72 73 72 69 69 66 66 59 63 65 79 74 63 64 58 68 75 64 54 65 62 66 69 66 68 60 68 70 64 66 57 68 66 63 63 71 68 71 65 71 67 75 67 63 68 66 72 67 62 55 71 68 59 70 76 71 73 62 66 65 69 71 63 64 75 72 63 62 66 66 76 57 65 65 77 63 71 70 64 74 65 64 56 64 59 74 61 70 68 67 72 61 67 66 62 67 62 72 57 57 57 71 62 66 67 67 70 63 59 57 63 77 66 66 67 68 64 66 77 60 67 64 60 70 65 69 70 70 66 61 71 60 50 51 62 67 69 65 67 67 71 68 61 58 64 72 53 72 62 67 63 68 56 67 56 66 51 66 53 64 65 59 63 65 69 69 69 68 73 68 68 57 70 66 60 59 63 66 61 53 60 60 57 57 58
68 70 76 68 67 74 74 72 77 78 69 74 73 66 79 64 74 69 71 71 58 73 68 76 77 62 71 69 66 71 68 73 72 78 73 83 72 72 73 79 70 74 82 70 72 78 70 81 67 76 71 69 65 67 62 76 76 80 70 75 68 78 74 68 65 78 78 67 73 71 75 68 76 77 69 75 67 78 60 63 73 88 75 62 67 71 71 75 69 59 73 68 70 73 64 70 62 72 71 72 68 64 71 73 69 67 84 72 82 65 77 71 73 63 69 81 72 71 63 69 65 74 67 68 81 78 80 72 75 74 74 70 70 72 73 76 75 69 72 74 74 70 53 68 77 79 69 72 67 67 82 67 68 63 69 65 65 77 72 81 72 70 67 79 73 68 76 74 70 74 65 61 76 70 73 75 73 74 73 59 64 62 73 71 73 67 71 72 72 70 61 66 75 71 71 67 70 88 69 73 58 69 69 56 62 65 69 73 69 72 79 75 71 64 68 61 82 56 64 64 71 63 67 58 74 59 72 57 72 63 75 68 73 64 69 67 65 61 63 78 72 69 67 73 72 69 69 74 70 69 59 67 72 72 65 62
64 75 69 68 69 66 79 70 68 86 80 75 72 72 78 76 68 71 71 77 65 69 70 72 84 74 67 68 72 70 68 81 70 72 71 76 69 75 76 72 69 75 81 65 70 73 62 80 72 76 74 71 73 67 73 78 84 80 69 77 73 75 83 62 72 70 78 73 71 67 78 75 74 78 79 76 68 76 65 68 76 90 76 68 70 60 79 74 81 61 71 73 72 71 69 70 61 68 70 69 75 65 63 81 77 70 79 77 74 72 77 67 78 72 69 72 66 75 73 75 62 74 64 80 69 77 77 85 71 76 76 73 76 64 73 69 74 70 69 71 69 89 56 70 68 76 71 80 63 67 80 70 68 72 67 68 70 73 68 75 75 77 66 80 67 66 80 66 73 72 75 63 77 71 76 78 71 79 64 60 74 76 73 69 68 81 70 70 67 74 73 72 78 63 72 75 80 79 68 75 66 75 70 60 58 80 72 75 67 74 74 71 75 60 70 68 72 62 72 66 70 66 73 62 70 63 71 72 67 67 73 75 78 68 78 65 73 78 69 82 73 78 70 82 74 68 70 71 62 73 60 64 75 72 73 65
64 59 64 58 67 65 72 65 71 75 70 65 73 61 69 66 65 68 66 73 47 64 59 71 73 59 73 69 67 62 60 76 66 69 67 64 60 70 70 76 64 73 70 64 66 74 63 66 74 70 68 67 64 55 70 75 72 74 61 78 69 71 74 62 61 67 71 67 66 73 72 63 60 68 68 64 75 71 65 65 76 74 72 56 63 49 77 68 73 60 63 73 57 71 66 62 61 66 65 69 65 61 58 72 61 65 75 64 74 68 69 64 66 63 65 61 65 65 71 69 62 77 67 68 72 74 72 59 64 78 66 68 74 67 70 70 68 69 71 62 60 74 44 70 72 74 65 78 66 71 68 65 57 60 59 70 62 71 73 70 77 66 72 77 65 68 73 66 72 68 65 69 63 62 66 78 62 69 69 64 64 66 69 67 72 60 61 65 69 70 69 66 77 66 70 69 56 74 66 67 59 67 65 53 57 71 70 72 68 70 68 74 70 51 60 72 72 59 69 57 73 60 63 66 72 62 70 65 65 55 68 65 68 69 68 65 65 63 68 77 78 66 61 69 68 63 59 67 60 73 60 62 57 67 59 59
61 58 60 65 55 60 71 69 68 67 65 62 67 65 74 63 74 66 68 77 61 66 57 64 75 59 67 72 70 65 68 73 68 66 67 72 68 63 67 75 59 62 73 67 65 66 61 70 65 72 65 66 63 62 74 72 67 75 57 67 72 67 73 68 68 63 72 73 69 72 67 62 70 74 70 60 69 70 62 68 67 73 68 61 62 59 65 67 73 58 66 70 65 70 69 69 51 65 66 70 74 60 61 66 59 61 76 67 65 60 70 61 70 59 66 65 72 65 62 77 58 63 60 76 73 70 69 67 70 74 69 73 69 62 74 72 62 65 68 68 59 76 56 67 68 69 66 67 62 67 74 62 62 64 60 67 68 66 61 66 70 69 65 73 61 65 76 72 71 64 71 64 69 74 68 71 69 67 68 66 62 63 64 64 67 67 63 56 66 66 68 66 70 70 64 68 70 73 66 67 62 70 54 53 59 67 76 70 57 67 68 64 67 61 59 66 71 61 66 63 68 62 68 60 64 56 63 69 69 56 71 61 72 62 73 66 66 71 64 71 72 65 65 68 65 62 61 69 62 65 63 66 57 64 63 62
65 72 67 69 67 65 69 66 76 77 62 62 67 58 72 61 69 64 72 65 54 67 57 74 65 62 63 66 67 71 60 69 63 62 73 75 70 63 69 75 69 70 70 59 70 64 62 70 62 65 69 67 68 62 65 70 78 71 66 69 69 68 66 63 60 69 82 73 70 74 60 66 73 70 77 62 68 67 66 58 65 83 74 60 63 56 62 62 77 62 74 68 72 75 65 59 58 67 73 74 69 59 63 71 66 65 71 68 70 56 65 60 73 78 63 60 61 62 70 72 66 68 60 71 71 81 79 75 64 74 64 79 71 63 66 75 71 71 72 70 61 70 57 71 65 71 57 72 67 67 76 60 67 63 65 66 61 63 63 77 69 72 67 71 65 64 69 63 60 60 61 65 70 62 64 72 65 70 62 66 60 59 72 76 64 67 68 60 63 75 68 69 71 66 74 72 68 79 64 65 69 63 59 54 54 70 65 80 63 65 62 73 75 55 62 60 70 55 73 61 70 59 66 65 71 61 75 67 64 66 72 75 72 59 68 70 70 68 67 72 71 70 64 77 70 58 66 62 65 65 56 59 60 68 60 56
64 66 54 58 58 60 63 59 59 67 65 62 60 63 65 58 67 58 65 76 51 58 65 65 69 66 63 61 64 67 59 69 55 63 63 66 64 55 63 66 56 63 66 50 57 64 54 72 64 70 64 64 57 54 63 66 61 67 59 69 65 65 70 64 59 64 68 65 70 72 66 63 69 63 63 59 62 65 56 60 59 76 62 60 61 57 58 61 69 55 68 54 62 67 61 51 65 60 64 67 67 52 52 64 64 56 73 65 65 55 55 69 72 66 58 68 61 66 64 68 50 61 55 62 69 73 67 67 62 67 65 65 61 55 63 68 62 66 61 65 66 65 53 66 54 66 69 69 62 65 65 66 59 62 67 58 62 61 61 68 66 61 63 66 69 64 59 63 59 62 55 57 59 59 62 65 65 64 68 54 57 61 66 74 66 63 52 60 62 72 52 60 67 73 72 57 63 74 62 72 55 59 65 51 55 60 62 71 66 75 64 71 64 54 60 58 70 59 56 58 66 59 70 58 68 59 63 59 61 58 66 58 62 63 65 63 65 58 62 58 71 61 65 65 63 47 63 62 62 63 68 49 55 59 58 58
51 56 57 51 52 57 55 64 59 66 53 56 62 58 59 56 63 61 60 62 50 55 54 62 66 53 65 54 62 63 55 64 56 56 56 65 59 58 58 70 50 67 63 63 62 66 57 66 62 59 61 61 57 53 61 66 63 60 46 60 54 63 66 60 56 59 63 65 59 59 63 59 52 61 66 50 60 52 56 65 53 69 66 61 62 47 58 54 60 53 59 62 52 59 54 57 48 59 60 62 63 47 53 60 56 57 65 58 63 55 65 57 65 61 48 67 55 47 61 53 53 56 59 59 55 63 56 63 64 62 61 59 63 62 54 60 60 62 56 63 57 66 47 61 60 66 52 66 57 56 66 51 63 50 54 53 54 62 60 72 64 59 56 60 56 58 62 50 55 60 45 56 59 51 58 59 58 68 56 57 56 55 56 58 57 59 65 51 59 57 56 56 65 61 65 60 61 73 56 60 64 57 53 46 53 60 57 67 56 53 63 69 54 53 57 53 63 59 63 56 54 53 56 62 57 45 58 53 60 57 61 60 67 56 52 57 55 55 59 63 65 53 64 70 59 54 56 62 59 55 48 59 56 55 59 55
59 60 65 62 62 62 71 61 70 70 58 63 70 54 66 68 72 65 66 75 55 64 63 73 70 68 67 70 62 64 68 70 59 69 69 78 60 58 75 67 58 69 71 66 67 73 65 72 66 69 67 66 64 67 68 63 66 73 68 73 78 64 72 67 64 69 73 73 74 68 75 69 68 72 72 64 65 67 66 64 60 70 73 61 61 63 67 69 74 58 65 64 64 69 58 69 51 63 61 70 73 52 68 64 58 54 71 62 74 58 69 64 71 61 64 67 70 70 71 76 51 64 63 67 70 75 70 71 56 71 66 75 66 61 73 72 66 65 61 65 56 75 51 64 70 70 60 72 58 71 69 64 62 65 70 59 69 70 65 69 68 67 58 67 68 66 64 74 68 64 66 62 70 62 66 67 66 64 64 55 68 69 67 69 67 62 65 63 63 66 63 65 74 78 69 73 66 68 66 75 66 62 62 53 61 71 65 73 65 62 69 67 63 60 60 62 66 56 70 64 65 60 66 60 73 59 69 63 70 61 65 66 64 59 65 65 61 66 61 68 67 68 69 75 67 59 61 68 63 67 61 59 58 63 67 63
64 78 63 67 65 74 67 79 77 83 67 66 73 66 64 67 69 70 78 74 56 61 71 75 74 78 72 68 69 71 60 76 66 64 77 77 67 72 77 77 59 73 72 69 70 77 64 84 70 71 73 73 69 65 73 79 74 80 66 74 69 67 80 69 70 73 79 69 68 73 69 69 74 79 73 73 70 69 67 74 65 88 83 62 71 62 68 69 82 59 67 69 67 73 75 64 70 64 68 80 72 60 58 71 66 69 75 75 79 69 79 67 77 65 58 71 66 67 67 75 62 74 61 75 63 76 79 73 63 78 73 82 71 69 76 75 78 65 67 70 72 77 57 68 64 74 66 78 68 72 78 72 69 60 67 69 64 72 72 77 75 74 68 72 70 67 73 68 74 72 62 72 78 69 74 75 72 77 72 64 72 72 77 80 74 79 66 73 60 76 73 65 80 72 68 80 64 75 70 75 62 63 73 66 55 71 70 75 73 71 70 72 79 56 64 65 74 64 71 64 78 57 68 65 75 56 65 71 64 59 72 71 74 57 70 67 66 70 67 77 71 74 66 84 76 68 68 75 64 78 65 67 69 62 58 71
71 69 68 57 64 72 72 69 71 78 69 73 74 69 78 64 75 63 63 65 63 74 63 70 73 60 70 69 65 64 65 75 68 60 70 74 69 70 69 75 66 65 78 63 65 73 68 68 65 66 68 68 65 69 68 71 73 70 63 74 61 72 67 63 57 66 72 70 75 69 79 69 66 77 60 63 66 72 68 70 67 84 72 55 65 59 67 72 77 65 75 70 68 69 59 66 55 66 65 65 66 62 62 74 69 66 67 70 71 64 73 71 70 64 66 72 70 73 69 68 62 69 60 70 76 76 73 68 72 73 70 63 70 66 64 77 73 71 68 65 76 76 57 72 65 83 65 68 63 64 83 65 68 65 68 62 67 73 63 73 70 65 55 77 64 69 71 71 65 72 59 60 68 71 73 77 69 76 69 69 61 65 68 72 70 67 70 67 74 66 60 62 73 68 74 70 70 81 63 78 65 73 64 60 59 64 73 77 69 68 66 69 63 56 63 62 82 63 68 64 61 68 71 66 74 65 69 57 68 65 69 66 72 69 74 63 66 59 62 78 77 62 69 78 66 64 65 69 58 63 56 64 65 67 67 63
59 68 62 62 63 62 70 59 69 78 64 74 62 70 73 62 66 66 65 74 63 69 64 62 77 64 65 66 70 66 60 64 61 58 75 74 63 60 65 64 57 68 69 63 65 66 62 73 61 70 66 73 69 54 64 72 71 63 64 68 65 66 61 50 64 56 75 70 67 67 70 69 73 75 66 59 71 70 64 65 76 75 74 57 63 58 64 65 73 56 70 62 58 72 61 65 60 66 71 75 70 57 62 69 65 64 67 73 67 63 64 66 64 78 64 68 67 66 69 68 66 58 66 71 69 70 69 76 66 69 71 70 65 63 66 71 66 59 65 67 62 68 61 65 60 69 60 78 58 68 71 62 60 59 67 63 67 69 67 72 78 69 66 60 68 74 71 63 71 65 61 66 66 64 73 70 64 76 66 58 62 57 68 68 67 60 65 62 63 67 68 65 72 60 76 73 67 72 58 73 64 63 62 56 51 65 70 71 62 75 71 68 67 53 60 59 67 58 75 61 68 64 62 62 63 59 67 61 57 66 70 68 68 51 67 64 68 68 66 69 72 71 60 79 65 60 64 70 66 66 61 54 55 66 62 60
65 63 57 59 57 62 63 52 67 70 66 62 68 60 66 60 69 57 63 72 47 65 68 66 66 66 65 61 63 62 59 70 65 68 66 62 63 57 67 76 62 72 76 67 67 65 51 68 64 69 69 62 54 59 66 71 61 68 62 76 66 67 70 58 62 63 66 63 65 70 63 64 68 76 74 62 57 56 60 59 58 76 60 64 56 53 66 65 66 58 75 60 55 71 54 63 56 56 71 64 69 55 58 75 62 61 61 67 71 60 69 61 67 64 70 66 63 68 71 69 54 63 67 58 70 64 69 70 60 64 73 63 65 64 69 71 66 70 68 66 62 74 59 64 56 64 62 69 67 62 73 60 58 56 61 63 67 70 61 73 64 65 61 65 66 66 69 67 62 60 66 54 65 69 61 66 66 69 61 62 62 68 72 61 66 53 59 60 66 73 61 62 62 76 68 68 68 78 70 81 63 66 63 54 54 59 63 68 61 75 68 66 66 57 61 63 65 58 62 60 61 65 66 60 63 60 69 62 65 66 66 64 69 54 71 64 64 60 62 63 75 56 64 74 60 56 60 69 68 61 59 64 62 61 65 59
60 65 62 50 57 62 61 63 60 67 63 65 61 60 64 56 63 60 68 69 52 64 63 60 68 67 64 58 60 53 58 63 59 68 68 65 56 66 62 66 62 64 68 59 68 71 60 70 63 62 67 65 57 54 60 65 63 70 53 70 70 64 69 55 63 59 75 63 63 58 68 60 63 69 66 58 67 66 60 60 61 74 67 62 63 63 67 58 58 50 63 70 58 65 63 51 59 66 68 64 65 57 56 62 58 63 76 63 68 61 70 68 73 56 60 67 62 69 67 64 54 64 56 67 68 70 77 62 62 63 64 58 60 54 68 60 62 61 64 64 70 62 56 74 58 69 61 71 56 67 74 68 58 61 62 57 56 65 61 69 63 72 63 64 56 64 70 65 61 60 60 58 54 63 66 67 65 72 63 54 59 54 59 62 67 62 54 65 64 63 64 62 67 69 61 70 69 72 57 61 53 62 59 54 50 59 60 71 61 63 58 73 54 52 58 53 67 54 60 52 66 58 60 55 71 59 66 56 67 52 63 63 71 54 62 58 57 65 61 69 66 57 58 73 71 55 65 66 64 59 56 55 58 60 57 56
58 69 58 62 64 61 73 63 71 74 70 58 74 60 65 58 71 69 73 69 58 67 60 75 72 64 68 70 66 68 60 73 65 60 66 70 62 63 75 71 63 66 72 60 57 65 68 66 69 61 68 76 62 55 66 74 70 75 60 67 71 60 66 67 66 61 75 76 74 77 71 60 76 77 75 59 67 70 62 62 68 77 75 53 71 61 72 68 73 53 73 70 56 75 67 59 58 69 58 66 74 58 66 69 63 63 73 69 70 64 71 65 66 60 64 66 70 64 69 77 57 68 63 63 75 71 77 72 66 80 72 73 68 65 68 72 69 61 65 72 66 67 52 70 64 75 64 72 67 66 70 70 60 70 68 67 64 68 60 73 75 70 64 69 67 64 72 69 72 66 67 65 69 68 68 74 69 64 67 64 73 59 66 61 63 64 68 63 66 71 75 53 73 76 63 70 66 71 65 72 62 61 56 51 62 69 71 75 66 59 67 68 67 61 67 57 75 61 70 59 63 58 73 59 69 53 68 70 67 60 69 69 77 58 67 66 70 67 67 70 73 65 61 80 66 65 66 58 61 73 63 57 61 66 61 64
58 56 60 54 61 61 58 57 64 64 64 51 62 59 66 61 68 55 53 61 53 60 52 63 57 60 70 59 63 63 60 67 56 51 66 63 56 54 62 65 52 53 67 53 57 67 59 63 60 60 66 67 55 45 60 60 63 65 57 64 64 60 69 55 59 64 73 63 70 59 61 58 58 67 58 53 64 58 59 62 58 67 68 55 53 55 61 57 70 45 64 61 56 61 61 64 54 65 60 68 63 50 55 66 53 57 64 57 72 60 57 53 61 58 57 62 56 63 65 58 54 59 60 59 62 60 71 65 66 70 57 58 70 53 60 64 63 57 58 55 63 70 47 59 59 69 56 68 67 67 60 64 56 51 48 64 52 53 62 63 63 65 62 57 64 59 63 56 60 58 55 63 56 57 58 63 61 61 58 61 52 59 61 61 62 56 58 62 66 66 57 58 63 69 63 69 64 68 55 61 52 61 54 51 59 64 62 72 52 58 61 65 59 55 51 54 69 56 56 53 69 57 59 54 56 50 62 58 58 46 63 59 59 60 69 50 63 60 62 63 70 54 54 71 66 58 65 58 62 53 48 55 49 58 58 57
64 62 53 54 57 60 71 58 70 70 54 56 72 61 68 58 66 70 59 63 41 62 63 70 70 60 73 58 61 63 56 56 69 66 62 68 63 60 70 69 62 63 68 58 65 72 61 68 68 68 68 68 53 60 55 68 70 78 64 66 66 77 66 61 61 58 71 65 67 63 66 60 65 67 71 56 70 63 60 59 65 78 68 59 66 49 69 62 68 55 64 66 70 67 59 53 56 61 65 57 71 64 58 73 59 58 65 58 68 58 70 64 71 65 61 68 57 71 64 63 57 66 62 67 66 71 75 60 57 63 69 60 62 54 61 63 65 67 62 67 67 70 45 66 67 74 56 62 59 64 71 68 57 70 63 65 62 58 69 69 72 69 63 69 71 61 67 57 68 66 58 56 65 60 68 66 68 71 60 59 65 61 66 68 61 61 66 69 64 70 64 68 66 69 67 67 63 72 57 63 63 67 57 51 55 65 67 73 62 69 64 65 66 56 51 57 75 63 61 54 62 52 67 57 62 56 71 56 59 55 62 66 59 55 68 63 66 56 66 69 68 64 67 61 61 62 65 61 61 64 51 64 58 60 60 52
58 58 58 54 58 65 66 47 54 71 59 55 56 51 65 50 63 56 56 61 56 56 55 59 64 60 58 62 62 52 57 64 53 61 64 63 55 54 62 62 54 56 62 58 57 59 55 57 50 68 54 61 55 46 54 52 51 63 49 61 65 58 60 60 48 51 60 60 61 61 70 57 60 65 59 51 55 58 53 55 55 66 59 55 60 51 55 60 64 49 57 52 51 61 54 56 51 53 57 59 61 44 45 62 51 51 57 64 57 57 60 59 62 53 54 61 59 62 62 58 47 48 55 57 73 63 51 58 54 62 62 59 53 58 60 61 56 57 58 51 54 59 43 57 57 61 54 66 50 59 59 58 58 62 60 48 52 56 58 59 70 58 57 59 63 51 57 57 64 60 55 50 58 56 59 55 57 59 54 54 59 52 59 66 53 55 61 59 58 59 67 59 56 57 61 60 54 62 55 62 48 57 50 43 53 57 61 61 52 58 62 59 60 43 55 59 61 56 53 56 50 57 56 45 57 48 56 48 53 55 64 55 61 52 65 54 60 49 54 57 68 58 54 56 56 46 55 63 58 59 54 47 47 55 50 57
58 60 59 58 52 59 62 55 57 66 55 58 63 56 64 60 63 55 62 61 55 57 56 70 57 55 63 59 52 62 66 75 53 57 58 64 57 62 63 63 52 65 68 63 67 64 58 68 49 60 56 67 61 53 60 59 64 63 59 56 66 58 62 63 57 59 69 64 65 63 65 54 58 69 69 60 57 60 50 62 54 73 61 56 60 53 60 63 66 49 68 61 51 72 63 50 54 58 65 61 60 49 49 60 52 56 69 59 60 58 58 64 64 44 63 57 58 61 60 71 58 60 56 65 61 58 58 54 54 60 65 60 62 57 66 56 61 62 61 63 51 70 47 64 54 56 54 68 57 65 64 57 51 62 55 48 60 60 63 59 62 66 58 61 56 58 65 62 63 59 69 54 63 56 57 60 61 62 57 53 63 55 60 63 56 55 67 62 57 70 53 57 68 63 59 60 59 68 50 62 58 58 61 46 49 61 60 59 62 57 60 68 62 54 67 59 64 55 60 56 51 51 60 59 65 53 66 60 66 56 69 58 64 52 59 57 59 57 71 68 69 62 63 65 54 47 59 61 59 60 52 57 52 58 54 66
67 59 61 60 58 59 65 54 63 64 60 59 64 61 66 62 60 70 66 68 57 56 56 68 66 55 57 65 61 58 60 63 61 56 61 67 64 57 69 70 62 61 75 60 67 58 62 74 63 74 61 62 60 52 66 65 65 66 66 66 58 61 63 57 60 71 66 71 63 68 68 65 66 69 64 60 60 61 50 54 61 78 77 60 61 50 61 57 64 55 64 64 60 58 59 52 50 64 56 61 69 58 56 70 60 68 66 58 67 60 69 58 71 68 62 61 56 61 65 69 57 58 60 61 65 61 69 65 63 69 64 58 62 56 62 59 60 59 61 66 63 69 45 65 60 60 62 61 58 64 68 58 62 61 56 58 51 62 64 72 65 67 65 60 60 50 66 67 68 60 60 61 62 55 68 65 67 65 60 52 59 58 61 68 63 56 63 64 58 62 60 58 59 61 66 60 65 70 64 61 57 62 59 50 51 60 65 66 56 70 66 68 63 60 57 57 63 50 57 59 61 54 51 56 58 55 58 56 56 62 65 58 68 57 63 55 61 61 66 64 63 60 65 63 62 62 60 57 64 70 51 62 60 58 60 55
60 61 59 59 57 55 61 59 63 69 61 59 59 59 65 56 61 72 68 68 51 57 61 68 66 61 63 62 56 60 57 70 61 60 60 70 61 54 64 60 57 56 73 61 63 60 63 69 55 73 55 54 55 54 62 58 58 70 50 62 63 52 68 52 58 65 64 68 65 63 61 64 64 71 67 60 52 55 56 60 58 74 68 59 54 48 62 59 63 51 66 63 56 73 52 57 56 70 64 64 62 51 55 63 59 64 73 61 67 67 66 65 64 55 59 69 61 68 60 69 51 56 58 56 68 62 68 64 58 68 63 65 53 59 56 67 71 58 59 60 65 57 42 61 59 68 59 72 55 59 65 62 57 57 63 55 53 58 61 67 62 66 62 62 61 53 61 68 64 64 55 56 59 51 62 63 68 64 67 47 68 59 63 66 60 63 64 61 60 54 59 57 63 69 57 65 64 74 62 64 53 62 66 49 59 62 58 67 62 62 64 66 62 52 60 55 69 54 57 59 66 63 60 52 58 51 60 52 66 59 61 53 67 55 68 57 55 68 49 60 62 62 62 70 63 52 64 57 52 62 57 46 62 59 54 62
64 68 63 66 64 69 62 70 68 83 74 63 66 75 73 59 69 57 70 71 57 61 61 72 65 61 67 56 71 64 55 68 70 61 67 69 62 58 69 66 58 61 76 63 66 75 58 71 68 76 67 68 64 59 69 69 65 71 60 69 59 65 64 69 62 62 68 70 65 68 68 71 67 78 64 58 60 73 60 66 64 77 80 61 66 51 62 64 73 58 66 69 53 64 59 66 49 69 70 68 68 57 58 68 62 67 72 62 64 64 77 64 70 62 53 65 58 65 64 70 53 65 53 64 69 67 75 71 70 69 66 72 66 68 66 70 71 63 60 73 66 65 49 61 58 72 70 70 63 65 79 62 70 56 66 70 69 70 57 70 69 66 61 66 64 62 65 62 69 63 59 61 76 75 66 74 66 71 61 58 59 62 72 74 67 73 69 62 53 62 61 58 75 73 70 60 69 71 69 68 63 67 55 58 58 61 67 71 65 63 71 70 72 58 54 58 69 68 64 61 73 62 69 59 61 53 62 62 65 54 64 57 71 56 77 57 63 64 63 78 67 67 68 67 62 64 72 60 72 68 58 61 65 63 55 57
53 63 55 51 66 59 56 60 57 67 54 57 56 55 63 51 67 54 65 64 48 58 59 62 64 59 56 52 56 53 54 60 59 52 60 67 58 54 62 65 44 61 60 55 63 64 59 65 55 62 64 58 54 50 59 60 54 66 56 60 59 51 66 60 55 56 63 61 60 58 61 57 62 65 60 56 68 54 55 59 55 74 68 49 58 51 58 57 61 47 61 54 56 58 57 47 54 58 50 58 59 49 50 71 53 59 70 56 61 59 71 61 67 55 48 59 59 55 53 62 55 51 51 62 65 62 66 59 60 62 58 55 61 55 60 59 58 55 57 61 62 61 45 61 54 67 65 65 56 64 58 58 55 56 67 50 57 63 58 62 57 57 54 58 62 54 62 55 57 55 57 58 64 60 66 63 60 56 57 57 52 58 55 61 58 66 56 58 52 60 66 56 64 59 63 61 50 68 59 63 50 56 60 51 48 53 61 64 62 61 59 64 58 54 55 50 61 49 54 54 56 52 63 54 58 44 57 52 57 57 63 60 62 50 64 47 51 55 56 58 59 54 58 68 64 54 56 62 57 67 57 55 54 48 51 56
64 63 62 69 63 59 75 68 66 78 55 64 72 65 64 57 65 66 67 67 60 72 57 73 74 64 64 64 63 64 66 74 62 66 72 72 64 66 76 72 62 77 77 61 66 70 62 71 63 76 74 63 57 61 71 75 65 71 66 67 66 72 71 58 61 67 79 65 70 70 65 66 68 75 71 60 67 63 63 65 64 74 69 57 68 65 71 65 69 58 69 56 63 68 67 53 59 70 63 68 73 57 56 74 60 62 72 68 76 62 71 65 73 64 65 70 69 70 69 73 61 74 58 61 74 75 74 72 73 71 71 66 66 69 64 71 70 66 72 64 69 68 53 67 65 75 61 74 69 71 73 65 67 68 67 56 64 71 62 68 71 67 55 71 70 74 70 59 73 63 59 60 66 68 74 73 66 69 63 57 62 63 63 67 67 69 65 61 61 74 72 66 72 72 68 71 65 75 68 69 64 67 66 62 58 65 70 71 66 67 69 66 67 65 64 62 73 57 66 52 62 70 66 59 74 54 68 59 69 64 70 77 74 58 66 68 65 64 63 74 67 67 63 69 62 60 67 61 58 69 61 59 60 62 60 57
67 66 62 61 63 67 77 64 67 73 60 68 80 66 71 64 67 64 63 69 56 70 55 80 63 64 64 61 66 65 57 71 67 64 70 66 64 67 74 71 69 61 71 65 68 75 64 71 71 76 67 72 67 64 59 69 72 69 63 68 61 66 68 68 62 71 71 65 72 71 70 68 69 80 62 65 68 62 65 71 70 81 74 64 59 67 68 77 78 60 69 62 64 69 63 59 61 70 67 68 79 52 66 70 67 62 73 63 71 63 68 65 67 65 60 70 68 67 71 65 62 70 65 52 64 68 64 77 67 69 71 67 76 66 66 69 71 66 68 72 66 68 59 65 64 64 62 73 61 69 75 59 65 57 59 66 60 69 69 70 65 67 57 78 64 70 73 70 69 58 62 65 67 67 67 73 66 73 69 58 61 61 70 72 68 65 71 66 66 61 59 53 65 65 67 71 65 78 71 72 58 67 58 49 52 66 69 79 65 67 73 74 69 66 57 61 69 58 68 58 65 60 73 62 66 58 66 60 66 58 68 63 72 58 69 66 62 56 65 70 78 59 55 70 60 64 63 69 63 72 62 61 58 64 59 56
65 65 59 61 57 58 64 65 62 69 58 57 58 57 62 57 71 55 65 61 58 60 55 68 64 53 64 58 60 58 54 68 59 63 69 65 57 56 66 76 67 68 71 63 56 67 52 61 56 59 68 71 59 48 60 69 64 64 56 66 70 65 63 60 54 61 68 61 69 60 70 56 55 66 62 53 59 60 55 52 62 74 70 53 59 54 52 57 71 50 61 54 53 64 62 56 51 55 67 63 61 44 66 65 59 59 66 60 63 55 62 57 64 56 65 70 60 61 67 58 55 55 56 61 70 67 57 60 59 63 58 63 61 62 66 67 66 63 58 62 64 67 61 63 58 57 50 69 63 66 68 61 66 58 60 54 56 57 52 70 69 65 65 65 58 63 53 61 62 62 49 62 59 62 59 66 58 64 61 61 63 59 66 74 58 63 65 60 56 67 65 59 67 71 68 70 62 71 66 67 58 57 55 49 55 62 60 68 61 64 63 63 58 55 64 61 61 49 61 54 57 51 60 58 68 52 68 55 70 58 70 65 65 53 58 62 58 64 70 67 70 60 61 69 57 54 60 61 60 59 58 53 56 60 57 59
62 69 63 65 55 60 67 65 73 71 64 62 69 54 74 64 69 62 80 67 57 65 59 72 68 56 65 63 66 63 57 71 67 62 73 71 71 57 68 70 64 67 76 71 59 72 61 71 70 68 71 66 62 57 66 72 69 77 57 68 64 65 71 62 60 60 75 76 64 68 71 68 66 75 64 55 70 71 71 68 64 73 68 51 65 54 68 71 67 58 67 58 58 79 57 68 57 66 67 72 67 54 69 73 66 66 68 61 75 52 70 64 67 66 55 62 70 66 72 69 57 67 63 61 74 81 71 63 68 71 66 65 67 67 70 73 70 71 62 63 67 68 46 61 67 73 63 73 68 72 79 66 60 58 62 69 66 62 62 76 75 69 61 71 65 72 66 65 59 62 58 63 66 62 70 72 62 63 57 57 67 65 64 67 66 66 66 60 63 69 66 65 70 71 71 73 61 77 64 66 64 62 52 52 58 63 64 77 59 63 64 65 69 54 54 60 73 57 68 58 63 62 67 68 61 54 68 60 68 55 66 66 66 56 68 68 71 67 56 75 73 60 64 75 71 66 59 63 65 64 55 56 58 57 63 57
61 67 55 55 63 67 69 61 67 72 64 69 68 59 69 61 71 67 66 71 61 71 59 70 72 61 66 61 70 72 64 74 59 58 69 62 55 56 74 70 60 67 73 64 70 72 53 68 64 67 69 66 65 59 64 69 72 66 64 75 72 64 72 68 59 62 71 69 68 72 66 64 70 72 71 66 68 61 59 67 72 82 79 65 63 49 63 67 70 52 71 59 55 69 60 60 54 66 66 63 71 54 59 59 57 57 70 63 75 64 69 70 72 65 62 64 63 64 70 64 55 65 67 57 69 60 62 64 69 77 68 68 74 62 68 74 68 68 72 70 64 72 50 68 62 67 62 76 63 74 72 72 53 57 64 61 61 64 66 69 63 70 65 63 60 63 68 61 64 65 63 64 67 59 67 77 60 69 64 67 65 62 71 69 62 66 72 61 64 61 67 57 76 70 68 72 62 63 64 69 62 70 54 53 55 62 68 73 68 66 71 67 64 55 55 61 69 63 61 52 62 58 66 67 60 61 67 60 62 58 74 63 68 60 68 67 63 65 63 68 71 66 65 68 64 62 66 68 61 67 57 58 60 59 57 61
63 66 58 65 56 60 60 56 69 66 61 57 64 58 61 53 65 63 71 68 53 57 59 62 72 53 64 64 61 59 57 75 63 56 59 61 61 66 59 66 49 66 64 53 58 58 60 64 60 66 65 58 54 49 63 74 65 57 59 66 56 64 69 57 60 61 64 64 62 64 61 67 60 67 66 57 58 64 61 53 54 64 66 50 60 56 63 57 74 49 60 55 48 69 57 56 52 65 57 68 59 56 54 67 54 56 65 66 66 53 65 60 63 60 54 61 63 55 59 69 51 62 60 62 57 62 69 67 64 66 62 67 64 64 64 71 62 62 65 58 55 69 55 63 57 70 53 66 60 61 67 54 59 54 59 57 54 59 63 63 63 66 60 62 66 61 65 71 63 70 51 59 59 58 61 64 60 63 57 58 53 67 63 68 61 62 59 59 58 66 55 55 67 61 63 66 63 64 57 62 57 59 59 50 61 60 57 73 59 60 72 62 62 48 57 56 77 54 59 54 61 61 64 58 62 61 63 59 54 51 53 57 61 52 59 61 66 58 59 56 64 69 59 69 64 61 60 65 59 64 60 57 60 58 58 58
67 66 58 62 72 63 69 66 62 68 65 68 66 67 66 60 69 62 68 70 54 68 67 72 71 66 67 62 59 61 66 70 69 59 63 63 61 59 70 69 53 70 71 66 75 73 65 72 61 69 70 61 66 54 70 74 71 72 59 72 69 65 78 61 57 67 68 66 68 70 68 62 62 72 74 62 75 71 59 65 68 80 73 62 66 52 72 59 70 54 66 66 56 65 63 59 56 73 65 60 63 51 55 69 59 65 75 61 69 61 69 69 71 64 61 72 74 71 64 73 59 59 57 57 73 75 70 65 70 70 69 61 70 59 63 73 67 65 66 74 68 78 56 63 65 75 64 68 63 67 77 69 59 58 66 60 62 77 62 72 66 69 59 66 62 57 69 69 62 57 58 54 64 67 69 68 64 69 66 56 65 63 68 66 64 66 62 62 66 72 68 63 70 74 67 68 66 79 65 71 64 65 62 54 56 67 70 74 72 70 70 68 67 61 66 57 70 57 65 59 68 58 67 69 60 63 64 60 71 63 68 63 62 58 69 62 60 67 67 73 76 67 65 72 62 63 60 64 61 66 60 60 56 62 63 63
68 60 66 69 64 64 74 60 71 68 54 62 70 63 53 63 68 61 62 65 59 66 56 75 71 61 61 65 68 58 58 72 65 64 69 66 58 57 75 73 59 68 66 58 60 68 60 70 64 74 62 69 63 63 66 62 80 76 68 58 65 63 70 63 65 67 69 67 69 60 66 63 59 68 68 63 57 61 53 57 64 69 72 55 70 58 67 61 68 51 68 65 60 71 64 55 57 58 57 55 57 57 55 67 60 56 64 64 71 59 69 70 70 64 62 67 65 67 63 68 55 61 56 58 62 69 68 64 57 62 67 60 69 51 66 64 63 58 72 59 58 72 49 63 65 68 59 65 58 62 72 56 63 57 61 52 52 57 70 67 68 72 59 69 61 60 62 65 64 62 61 64 61 58 64 63 57 71 66 58 64 56 56 61 65 62 65 67 69 58 65 67 61 62 69 65 71 78 74 63 66 60 59 53 54 72 76 72 61 74 70 69 64 58 55 59 69 56 65 48 60 60 65 57 62 64 70 56 61 59 69 65 60 53 66 60 64 66 61 74 71 63 63 72 64 56 59 67 67 67 57 59 61 63 56 58
58 64 59 67 59 59 61 62 69 68 64 65 66 59 67 64 68 59 62 69 57 59 66 60 68 62 58 65 64 59 57 66 62 61 64 65 63 68 68 72 57 66 69 55 61 63 55 72 62 71 64 59 53 54 60 71 69 69 65 66 65 70 68 54 65 65 64 64 69 61 67 68 63 71 74 55 60 57 50 62 65 74 66 53 58 55 57 62 78 55 59 68 57 58 65 60 60 57 62 62 63 64 56 69 58 60 64 69 62 54 66 59 69 62 66 69 58 58 59 71 55 61 61 59 65 61 69 74 60 65 63 66 70 62 54 70 66 60 67 64 62 75 47 69 59 69 59 72 59 64 64 65 58 63 63 54 61 63 62 63 64 75 47 67 66 64 60 72 65 65 57 59 71 65 65 64 67 69 64 59 56 61 68 71 54 70 65 61 66 69 66 57 65 62 69 64 63 71 65 77 60 64 56 54 50 62 66 67 56 71 67 66 63 60 62 62 64 52 64 55 65 55 67 52 59 60 64 60 58 56 68 66 71 56 62 54 67 65 64 67 60 62 67 70 64 58 59 65 65 68 63 62 57 54 64 54
61 65 63 62 59 65 68 68 64 66 61 63 55 62 69 56 62 64 66 65 56 61 52 71 63 59 62 60 65 60 61 60 57 58 62 68 57 60 65 73 57 59 81 59 65 65 61 69 54 67 63 68 58 54 64 65 68 67 52 61 68 61 64 64 58 64 65 66 65 64 62 60 66 67 64 58 64 56 53 57 61 67 74 63 59 59 61 62 62 53 59 63 62 68 57 69 58 67 56 59 64 53 55 64 55 51 67 54 68 59 59 63 66 61 57 66 64 59 61 70 54 64 63 62 75 68 64 64 65 61 67 63 58 64 61 69 70 58 66 61 61 66 47 62 61 71 63 69 59 68 71 57 65 54 62 55 61 58 63 72 66 66 58 62 62 50 65 56 63 63 55 61 72 65 61 60 55 71 57 63 56 52 64 65 61 60 63 62 60 55 60 60 66 66 65 65 64 73 58 62 59 62 54 51 55 61 63 66 54 60 66 68 66 57 53 63 64 57 61 49 59 59 58 55 54 54 62 58 63 52 61 64 61 60 58 58 61 62 56 66 68 57 59 62 61 61 58 57 60 64 44 58 53 59 60 51
62 62 61 70 60 62 71 63 64 76 60 62 67 62 66 63 82 64 61 69 59 66 62 73 65 61 71 57 63 67 60 69 58 62 69 73 72 67 65 69 59 59 73 72 62 70 66 66 70 73 70 66 63 57 65 64 70 64 64 69 66 69 75 63 62 68 63 73 69 65 70 60 69 71 63 56 68 66 59 72 60 71 78 59 64 63 65 66 78 61 66 65 62 66 63 65 66 70 62 70 66 57 58 57 48 59 69 75 71 55 63 66 64 62 49 62 69 67 60 66 54 64 66 59 73 75 76 61 68 69 69 71 69 67 68 74 68 59 60 60 66 72 50 63 57 70 62 70 67 66 68 70 65 58 60 61 62 62 66 70 67 65 58 68 67 67 70 65 65 67 64 59 68 66 62 68 66 62 65 62 60 62 70 63 65 63 61 61 63 62 65 67 70 67 68 66 56 72 64 66 62 59 66 50 63 66 62 72 61 67 62 68 67 53 53 65 72 59 65 60 64 56 57 61 69 55 62 62 65 52 63 68 65 66 63 67 74 67 64 68 72 64 58 75 65 61 58 72 62 70 57 60 56 66 57 59
74 67 70 73 69 80 77 71 72 86 67 69 77 68 79 66 74 73 74 77 65 66 67 81 81 76 77 72 78 69 58 81 60 73 83 72 77 68 85 79 74 72 87 71 69 73 71 70 68 78 76 78 70 72 68 77 80 77 68 80 78 76 79 77 76 70 78 72 78 80 76 68 77 81 84 67 68 72 67 70 75 82 83 66 68 61 77 83 79 62 75 67 66 76 67 71 66 74 75 72 78 65 71 76 67 71 83 72 76 71 80 77 76 65 66 74 78 84 68 70 61 75 70 74 76 84 78 77 70 78 71 73 71 66 71 81 76 71 75 72 71 85 59 71 71 75 68 79 65 68 80 71 70 65 76 71 68 76 70 80 74 70 71 77 76 69 80 67 85 73 70 64 74 71 72 71 74 75 69 77 71 72 71 78 66 74 78 71 70 75 80 69 80 76 78 74 76 83 73 76 65 70 61 66 55 71 80 77 65 70 78 71 78 61 66 68 65 64 71 62 79 62 74 66 74 66 71 60 79 63 75 73 75 64 81 68 74 77 73 79 77 75 63 81 65 67 76 72 69 73 67 62 69 72 69 67
62 64 59 68 61 65 65 58 65 77 69 70 68 65 66 56 75 72 66 70 57 66 56 61 66 59 59 63 66 65 59 70 63 62 69 72 66 59 69 65 63 64 74 62 69 62 54 67 67 58 59 67 65 57 66 68 65 68 59 72 66 66 70 70 59 63 66 69 71 71 72 63 68 70 73 60 66 65 64 60 62 77 70 60 57 60 62 69 68 62 73 62 58 67 60 60 58 62 62 72 64 44 48 65 68 63 70 64 65 58 63 67 64 61 58 69 69 66 66 68 58 64 64 64 73 77 77 68 68 65 67 69 71 67 67 73 71 63 75 62 63 70 46 66 66 59 64 76 64 71 71 63 56 56 64 68 63 65 59 69 69 71 62 73 61 61 67 59 61 68 59 59 63 61 71 68 69 79 70 56 63 53 58 63 62 66 64 62 58 59 65 56 73 71 69 67 64 76 65 72 62 62 64 58 63 62 61 73 61 60 69 66 66 53 63 59 68 66 57 65 65 72 70 64 63 53 61 62 68 58 70 62 67 61 68 60 63 65 64 72 76 62 62 74 65 59 61 64 54 56 52 55 61 66 59 59
72 75 64 71 75 70 67 69 73 79 68 72 71 67 74 67 74 73 77 79 62 71 70 66 83 67 66 72 79 70 67 71 73 73 72 78 69 65 78 82 61 71 82 70 69 77 67 73 69 73 77 74 74 66 69 76 80 76 65 74 77 72 76 72 64 62 77 76 80 72 71 66 78 75 76 68 69 78 59 60 67 83 75 68 66 57 67 66 80 56 78 70 63 79 70 61 58 65 73 68 68 53 63 74 74 60 78 69 75 72 71 71 88 74 73 74 74 73 68 75 66 70 61 67 77 73 79 76 73 68 76 70 72 64 65 79 70 76 67 69 64 79 55 78 77 74 69 71 69 69 77 67 71 69 70 65 69 76 70 79 73 77 70 75 67 70 69 66 72 68 62 64 74 66 76 67 69 73 73 61 72 63 72 70 67 69 78 75 62 68 73 70 75 79 73 71 75 85 76 77 56 71 65 51 68 77 68 74 72 70 80 75 71 56 77 60 75 65 69 65 62 65 77 66 72 60 75 71 75 55 70 75 76 66 78 69 76 63 78 69 78 75 64 76 77 65 61 73 79 72 59 63 74 70 68 66
65 61 67 67 65 74 75 63 72 77 64 73 64 66 72 70 73 67 70 72 62 67 66 68 69 60 67 62 68 66 55 69 61 70 68 69 61 61 71 72 64 70 81 63 70 70 56 73 60 61 61 67 65 58 76 72 73 74 57 63 73 71 68 68 63 67 72 66 78 73 69 69 68 74 74 68 65 79 59 60 63 75 68 57 63 65 67 69 71 56 68 64 63 80 61 57 61 66 68 65 74 58 62 70 71 62 76 68 67 64 72 71 77 66 71 75 72 62 74 72 65 67 68 68 75 69 67 71 70 73 71 65 66 66 64 67 71 70 74 70 62 69 52 72 65 67 62 79 58 64 79 69 68 67 68 65 61 70 65 76 75 69 64 77 61 66 62 73 63 65 56 68 63 64 69 71 55 75 68 69 70 58 61 74 66 59 68 65 69 79 71 57 75 70 70 67 67 81 70 70 62 65 59 57 63 66 72 77 66 67 75 80 62 60 71 55 70 58 70 60 56 68 74 66 73 57 74 62 76 65 71 69 69 60 67 66 70 65 75 73 77 64 71 69 59 63 67 66 68 69 61 65 64 64 65 66
50 57 51 61 66 63 64 58 67 68 63 64 60 56 54 52 61 54 66 60 59 60 58 69 66 55 68 56 55 60 57 62 56 60 62 59 63 59 64 71 62 56 68 62 53 58 52 66 53 69 58 66 56 48 64 65 66 68 52 66 60 62 68 53 58 54 72 62 58 56 62 60 59 75 65 59 62 54 56 58 53 71 64 47 57 56 65 61 64 52 58 64 47 64 56 54 53 62 62 54 61 57 53 60 51 58 63 68 64 65 59 57 65 57 60 64 64 54 61 66 55 59 60 62 63 60 64 62 58 64 60 54 68 57 63 60 67 56 55 56 54 68 55 57 55 58 60 68 54 58 58 60 55 57 58 59 53 65 64 61 63 63 57 60 56 57 70 63 56 57 59 59 62 60 54 66 56 61 63 57 54 58 61 60 61 64 57 63 54 66 61 65 63 56 56 62 63 67 61 63 55 57 68 49 48 59 51 67 70 59 62 59 66 55 58 57 63 56 61 58 64 57 49 55 62 56 66 59 59 56 60 57 62 52 64 57 55 60 59 71 70 72 61 69 57 50 57 60 59 59 59 54 58 57 48 56
64 63 62 69 61 61 63 67 70 70 58 66 65 61 70 51 69 64 66 71 51 67 60 65 70 59 67 55 62 62 53 69 61 58 66 76 63 61 73 65 51 71 67 65 65 64 64 71 60 68 68 66 57 60 56 65 62 68 69 74 62 70 68 59 54 64 67 69 70 56 63 62 66 72 68 52 67 59 54 63 63 73 71 51 59 53 64 67 75 56 71 59 62 73 59 52 56 67 65 63 62 55 60 72 54 58 65 74 69 60 66 66 68 57 60 67 60 65 66 73 64 64 68 60 74 71 73 62 57 65 69 71 70 65 65 72 67 69 65 63 60 72 51 65 64 71 60 76 66 69 69 62 59 49 65 58 61 61 66 75 65 72 62 77 62 68 70 62 64 64 63 58 61 68 58 63 58 58 63 61 55 63 64 61 66 62 63 59 59 69 66 56 67 71 72 63 57 75 66 73 53 62 56 51 53 60 67 64 61 72 63 61 65 54 56 63 77 57 63 55 66 59 62 59 64 50 62 57 55 58 60 64 61 58 69 59 63 66 67 75 72 49 64 73 60 59 63 67 62 65 54 56 56 58 65 61
68 65 60 66 57 68 68 67 62 74 60 64 69 68 71 66 71 67 64 70 60 68 62 62 79 65 65 57 66 66 65 65 65 67 62 68 60 65 68 76 62 67 76 67 68 69 54 77 69 65 71 70 67 55 58 71 66 71 64 75 62 68 73 73 55 61 76 66 67 61 71 61 68 69 70 55 65 66 51 62 66 80 70 56 71 58 56 56 69 60 66 63 65 71 62 60 57 60 66 69 71 48 54 69 61 58 67 69 67 54 65 67 69 59 67 76 66 64 66 62 65 68 60 64 61 70 68 71 63 72 65 67 70 69 69 73 64 65 65 54 70 78 56 64 60 67 62 70 69 68 68 67 62 62 59 62 62 60 71 63 65 68 66 65 55 64 71 67 64 64 53 59 65 63 69 73 63 66 64 61 49 66 61 64 68 67 59 61 65 69 66 67 71 66 75 68 61 74 59 71 63 61 61 59 55 66 66 64 63 65 65 64 70 59 60 58 77 59 58 65 72 60 58 59 62 62 67 58 67 56 63 61 61 66 64 63 66 61 70 74 72 60 57 72 75 57 61 68 73 57 55 55 58 68 62 60
59 66 56 58 66 61 62 60 65 64 60 57 68 64 74 57 64 51 65 63 57 58 49 61 66 58 65 50 56 65 56 67 61 59 67 63 56 62 61 66 52 65 67 59 59 64 61 68 55 63 64 65 54 56 57 63 66 71 59 68 54 60 71 54 58 61 80 56 71 59 62 63 58 72 63 56 55 61 60 64 63 74 64 57 66 49 58 65 64 50 68 60 58 69 55 57 54 63 70 60 66 47 55 67 56 63 64 58 70 60 67 60 65 59 58 61 68 61 65 59 49 60 54 60 61 68 66 64 59 68 64 54 64 65 64 60 61 57 59 66 62 65 46 49 64 60 68 63 58 61 65 54 56 53 59 55 57 63 62 70 62 63 57 62 62 53 62 60 64 52 60 53 65 64 62 60 57 60 53 59 63 58 55 63 65 64 68 54 55 60 61 55 65 67 63 57 64 71 64 62 60 59 52 48 52 63 70 64 53 63 60 61 60 55 61 51 61 60 61 57 61 47 70 62 65 51 60 62 61 58 63 65 61 52 69 56 60 57 54 66 71 55 63 68 64 58 66 62 61 62 53 52 53 67 63 62
58 68 57 71 65 63 72 68 70 75 64 68 64 67 68 63 65 62 71 77 58 61 61 72 72 64 65 67 62 65 56 71 61 66 60 69 59 68 70 71 55 69 74 62 72 69 59 74 66 68 71 65 55 54 67 76 70 74 64 69 70 57 69 61 63 61 74 67 66 73 72 65 66 75 72 65 64 67 54 60 68 74 70 60 58 54 70 62 68 56 63 62 57 67 62 59 58 67 66 65 70 64 63 65 57 60 72 66 70 63 65 62 67 68 63 67 62 67 63 65 55 69 66 70 70 67 73 74 69 74 75 62 68 61 70 69 65 63 63 67 61 69 52 64 68 68 59 78 58 62 67 60 61 59 58 62 62 69 64 76 73 68 64 63 60 67 71 64 64 66 61 68 71 60 62 65 67 70 61 63 61 63 63 62 67 65 61 62 63 72 62 72 67 65 73 68 69 75 73 69 62 63 62 58 57 64 66 70 63 65 63 61 66 57 61 64 65 58 69 54 66 57 59 66 61 56 65 59 68 58 62 66 64 64 59 61 64 68 67 68 68 68 63 71 65 54 68 60 71 66 57 61 61 62 62 61
59 62 59 65 63 66 68 64 63 75 72 55 67 74 70 63 68 70 58 79 55 60 62 64 67 68 70 62 64 63 58 67 59 64 65 67 67 63 65 70 67 66 67 69 66 68 62 69 67 61 63 74 59 58 63 72 63 71 61 69 64 67 70 69 69 65 71 64 63 67 67 64 71 72 66 64 64 65 60 65 64 76 72 65 69 61 70 60 60 58 70 58 66 66 65 61 57 59 56 71 78 57 65 70 58 61 75 68 68 67 73 61 63 57 62 69 68 62 65 67 52 70 64 68 64 71 77 66 61 70 72 71 62 62 66 67 64 61 66 69 67 73 56 58 71 62 59 73 65 64 70 70 72 67 61 59 73 61 67 66 69 72 61 65 69 68 69 64 70 67 64 57 75 69 72 72 64 68 67 59 58 62 65 64 66 64 55 65 58 62 67 61 77 61 69 63 62 74 64 74 58 66 54 51 50 60 68 65 56 61 64 66 68 58 57 61 71 63 61 56 58 65 71 58 63 49 59 52 65 58 72 67 67 53 57 63 66 73 64 65 75 63 65 67 62 64 67 70 70 60 57 58 56 74 62 63
65 67 51 59 64 62 61 62 62 69 65 69 71 58 61 67 65 62 66 72 64 66 62 68 62 68 62 55 64 64 61 64 58 61 64 68 61 61 65 70 58 63 70 69 67 67 60 73 61 69 63 68 66 52 62 66 67 69 66 60 67 61 69 64 61 66 72 67 68 69 73 60 67 72 63 60 65 65 62 66 66 76 74 64 58 51 58 65 74 51 68 65 60 70 55 60 63 69 62 71 72 47 56 64 61 68 74 63 64 64 68 63 72 67 61 68 65 65 59 61 55 58 66 61 64 69 70 60 62 63 68 68 66 64 61 73 68 59 66 69 66 72 52 65 64 63 58 74 67 68 62 59 60 56 59 70 58 70 64 68 70 65 58 60 61 64 65 65 62 64 52 63 70 59 70 73 66 75 74 60 60 58 65 68 64 61 72 73 60 62 68 59 68 60 70 63 66 78 64 68 58 68 52 57 57 61 67 74 65 66 63 68 66 60 61 63 67 63 63 55 62 56 64 58 61 49 66 57 67 62 70 66 65 49 63 61 61 63 64 61 69 62 61 72 67 60 59 65 66 66 56 48 62 59 59 65
53 52 54 56 46 61 66 57 53 65 59 63 57 57 67 52 63 55 58 70 54 55 58 65 59 58 59 52 57 51 52 67 51 56 54 59 57 55 56 60 49 59 68 58 59 69 54 59 57 60 58 61 54 46 60 60 56 65 50 58 66 61 69 61 53 48 69 60 57 55 56 56 55 66 67 54 53 56 51 57 52 72 60 54 65 51 53 51 61 48 62 53 50 59 56 53 55 60 56 59 58 51 48 53 52 51 66 58 60 50 56 64 66 54 51 63 62 57 62 56 57 55 57 59 66 64 61 56 64 56 65 50 57 50 54 53 55 59 56 52 58 63 48 53 57 58 53 67 63 63 63 63 54 58 60 48 61 55 55 53 60 59 54 60 56 55 64 56 56 54 56 48 60 60 61 55 53 58 57 57 54 53 55 57 53 55 54 53 57 61 52 57 62 57 61 56 56 66 49 60 48 65 53 44 48 49 62 61 57 56 57 62 53 46 58 53 62 61 58 42 58 54 57 50 51 52 59 48 59 55 60 58 59 54 64 54 55 57 58 59 62 55 47 57 60 55 45 54 55 59 59 53 50 49 53 47
64 65 59 60 53 58 66 67 63 74 69 61 69 64 75 60 62 68 63 74 62 66 73 62 73 63 68 60 68 67 59 63 65 61 60 70 69 60 66 70 68 63 69 67 64 63 58 64 65 70 65 61 57 59 63 65 61 72 65 76 68 65 66 58 54 62 72 74 67 61 66 60 69 62 68 56 64 68 54 55 65 84 68 64 67 51 59 69 63 51 71 67 56 67 62 65 56 59 68 64 65 61 62 66 56 59 75 63 73 62 69 65 75 63 54 68 58 71 70 65 53 61 63 67 71 63 74 64 64 69 65 68 67 64 61 69 69 61 63 65 71 65 52 69 66 72 58 78 69 64 72 71 62 66 59 62 68 68 67 72 69 63 66 64 60 64 74 61 67 66 59 59 65 63 73 74 61 62 59 50 64 61 59 65 59 66 65 62 61 71 65 66 65 69 68 62 65 73 62 69 60 62 57 54 60 62 61 73 56 64 71 73 67 60 56 60 64 61 69 59 63 53 62 57 65 55 65 53 64 56 74 65 68 60 71 65 74 66 64 69 67 61 64 66 69 64 67 69 68 70 64 61 62 64 62 58
54 66 61 54 60 63 63 61 59 73 63 64 63 59 57 58 61 60 64 68 56 64 57 69 65 57 59 52 64 55 55 69 57 52 68 59 59 57 72 60 51 63 65 54 52 65 58 66 58 59 57 63 62 59 57 63 63 65 55 59 66 64 65 63 53 53 61 57 69 68 70 61 57 58 64 46 68 61 52 60 62 70 69 48 61 47 63 64 67 48 65 55 55 70 59 52 54 59 53 60 59 52 50 62 53 54 69 61 62 60 61 59 67 56 58 63 62 55 64 58 51 57 62 58 67 71 72 66 63 59 58 62 65 52 58 71 66 49 66 54 66 68 51 67 60 67 58 64 61 60 64 54 59 54 60 56 60 67 68 63 66 62 55 57 62 61 59 58 58 60 51 59 58 50 62 60 54 63 67 58 55 54 55 56 59 59 69 72 61 60 61 53 68 57 68 56 64 70 59 66 51 58 54 48 60 56 65 61 60 54 67 67 57 48 63 56 72 56 64 38 61 61 65 50 59 52 68 52 55 51 61 65 61 55 57 55 53 54 60 58 64 64 58 63 62 48 57 59 64 60 51 55 49 61 54 58
50 59 52 55 62 54 60 50 58 62 52 61 51 53 60 54 51 49 60 62 44 54 47 66 65 60 59 49 59 53 54 61 57 53 60 59 55 48 60 58 44 57 60 48 62 61 48 60 58 61 59 62 52 48 53 55 59 61 58 63 56 48 60 51 50 55 60 59 61 64 58 49 60 62 62 50 60 59 46 51 59 67 64 49 50 48 58 51 57 43 54 55 46 69 54 48 48 60 56 60 50 45 53 62 53 52 57 56 62 48 57 62 62 62 53 61 58 56 66 62 49 50 61 55 62 58 56 60 55 58 54 55 56 50 54 63 59 56 55 61 54 58 52 54 52 62 56 51 56 56 64 50 48 56 54 56 57 56 60 59 57 66 54 52 53 48 64 62 59 55 55 53 53 60 66 59 58 47 60 52 50 49 57 59 57 53 56 50 59 60 52 51 56 54 60 53 58 64 57 61 52 57 46 40 42 56 61 61 58 59 58 58 56 48 56 56 55 55 57 45 55 52 58 56 53 53 56 52 56 55 54 51 52 47 60 50 65 56 51 59 65 51 50 61 58 52 57 56 59 59 53 47 50 45 53 56
59 63 57 60 57 61 68 62 58 66 55 60 61 59 63 52 71 60 56 73 61 61 60 66 70 60 58 64 62 57 58 66 61 63 66 65 55 60 65 75 53 62 70 61 54 62 56 69 58 62 70 66 63 48 68 67 65 72 54 61 62 61 65 66 60 62 65 62 66 66 61 59 72 64 70 56 65 65 53 61 61 68 61 56 59 55 56 64 69 55 62 65 56 60 63 61 61 67 56 55 59 53 58 61 63 51 69 60 62 62 61 60 71 59 56 62 62 63 56 70 59 59 58 67 77 61 67 60 60 69 63 61 62 55 67 60 65 56 69 55 62 70 55 68 55 59 61 67 64 63 68 61 56 55 63 60 66 67 57 65 68 65 51 63 61 56 59 66 56 56 60 61 71 63 62 69 64 71 70 56 64 49 59 62 56 57 57 53 61 63 67 60 63 64 62 63 56 69 65 70 61 60 53 50 57 63 68 63 59 68 65 62 53 61 59 61 64 54 60 62 53 57 60 58 62 52 63 62 56 53 61 60 64 54 58 61 59 64 63 62 70 60 57 71 57 57 53 65 62 65 59 55 54 61 61 61
61 64 59 60 53 62 70 59 61 68 61 59 56 56 70 53 67 63 63 64 55 63 54 68 67 57 70 62 61 65 59 70 54 68 55 65 58 62 65 69 62 66 74 61 52 68 62 70 66 74 61 68 56 52 65 65 67 75 57 65 65 62 69 59 61 60 64 64 61 59 72 61 65 67 64 61 60 61 65 61 64 75 70 52 63 49 57 62 67 55 65 63 56 62 55 59 54 58 58 65 69 60 59 62 60 57 68 65 63 54 61 66 68 67 54 63 63 64 58 53 55 62 58 58 69 66 63 65 68 65 69 64 65 63 64 66 68 61 63 62 56 66 54 65 67 66 56 64 65 63 68 61 63 54 54 60 62 64 58 68 71 60 50 71 69 59 64 63 63 58 64 59 65 64 59 60 57 66 58 58 64 60 67 69 60 60 62 52 53 63 58 58 59 65 61 67 63 74 60 67 53 68 55 55 50 64 59 67 58 68 60 59 66 64 59 62 70 53 66 52 63 56 64 59 60 49 60 59 53 67 64 60 64 58 61 60 56 65 60 62 64 52 56 64 65 61 62 58 62 65 68 55 57 59 62 54
63 69 66 68 66 75 71 68 65 78 68 73 72 67 70 68 76 62 73 73 56 66 69 72 75 69 67 68 69 66 63 75 64 64 71 65 66 67 74 78 65 70 84 62 67 68 69 74 73 79 68 70 75 57 68 69 70 79 58 75 68 70 79 65 61 65 81 72 75 71 79 69 69 78 74 62 69 69 66 59 63 78 74 63 58 63 60 70 78 58 74 65 60 74 63 67 63 65 65 69 73 57 65 74 68 68 70 67 73 72 70 67 82 62 69 69 72 62 71 72 61 70 67 70 78 74 79 70 64 76 77 66 66 74 64 64 66 63 68 67 73 84 59 73 59 71 65 85 68 73 77 67 68 67 65 60 64 80 73 65 77 71 67 74 66 63 71 70 70 60 65 60 66 68 74 67 66 76 60 64 68 65 62 78 67 68 72 73 68 68 70 64 78 71 73 77 68 83 68 73 60 61 66 60 60 66 69 74 77 71 72 80 68 65 65 61 64 59 71 64 68 60 63 62 65 62 72 63 68 63 77 73 69 54 76 66 62 59 72 77 74 65 62 72 67 60 64 67 69 77 63 62 58 69 66 60
69 62 75 66 73 74 79 69 74 79 67 69 74 69 71 66 67 66 68 71 61 64 62 79 73 74 66 64 67 73 61 68 62 74 71 74 67 70 78 71 74 70 76 65 70 72 62 77 70 76 76 70 71 65 66 75 75 83 67 70 65 70 74 67 65 65 77 77 73 71 72 69 71 81 73 72 67 75 66 69 66 85 80 64 70 65 72 69 72 60 67 70 68 73 68 60 59 72 66 72 69 53 60 72 75 72 77 65 71 66 77 71 75 66 69 79 71 69 74 75 64 66 62 75 79 74 73 67 64 78 70 65 65 72 72 75 74 69 70 65 69 81 49 65 66 71 69 81 66 66 84 68 60 69 67 69 65 69 69 73 77 65 69 72 62 60 73 74 73 71 71 66 73 69 75 73 68 73 74 65 68 64 70 79 72 73 70 70 67 73 67 65 76 66 70 74 75 82 68 69 63 69 62 59 65 73 76 80 72 72 71 77 75 63 64 61 75 60 65 66 67 60 64 64 69 62 76 67 73 69 74 66 72 60 76 67 73 63 67 77 72 67 65 71 69 63 68 71 65 76 68 65 63 63 62 63
63 72 69 75 70 69 77 74 74 84 66 64 76 75 83 63 79 69 80 71 64 69 65 77 77 72 78 62 65 61 64 79 74 70 71 78 69 74 74 71 68 73 86 72 70 77 71 78 64 75 76 78 70 60 67 77 76 79 62 80 71 71 80 68 76 69 86 69 75 66 69 67 74 76 79 68 78 72 65 73 73 90 79 68 72 63 71 68 80 57 70 68 70 74 66 68 61 74 72 83 74 67 65 79 61 59 80 63 74 68 74 71 72 70 71 69 75 72 70 70 62 74 63 76 74 80 73 75 74 81 77 74 72 69 75 80 73 70 71 69 68 69 58 65 65 72 64 72 67 70 80 71 67 67 67 60 71 67 68 78 70 78 64 75 75 71 77 74 75 70 71 65 72 75 76 71 75 75 73 67 61 67 74 71 74 75 76 71 71 79 71 65 73 67 67 76 71 77 70 79 64 66 69 57 59 68 71 72 72 71 69 68 78 64 62 70 73 64 70 65 74 60 67 66 70 62 78 67 69 64 76 69 77 69 73 63 69 75 72 79 81 70 65 78 72 69 67 75 68 73 71 65 58 71 65 67
58 59 49 62 58 66 63 58 64 72 56 63 61 62 62 60 59 60 61 68 59 67 56 65 68 56 63 56 57 55 54 63 64 55 62 59 64 53 66 69 52 61 64 57 69 68 54 73 57 59 69 58 55 57 57 68 65 71 53 67 58 57 69 58 57 54 64 67 58 70 71 57 59 73 69 58 66 69 55 60 62 73 75 54 59 55 59 66 65 51 61 59 55 65 53 56 50 63 65 61 67 50 53 67 58 61 64 60 72 57 64 59 65 53 53 63 58 66 62 67 56 57 58 71 63 64 62 61 55 74 63 67 68 65 69 70 58 64 54 61 54 68 57 55 61 59 55 70 60 63 69 60 58 52 56 68 54 59 59 63 60 57 62 58 55 67 61 59 59 60 59 61 60 62 59 66 68 69 62 61 51 58 68 62 58 66 60 55 56 65 60 60 72 66 58 57 63 67 62 59 57 59 51 48 42 58 67 68 57 64 61 70 59 50 55 55 66 51 57 59 65 57 62 58 65 55 63 63 57 51 60 61 67 59 62 59 61 58 60 68 61 71 62 68 54 58 57 69 57 69 56 62 56 62 53 53
50 60 53 56 71 58 61 63 66 68 69 59 70 68 67 54 71 59 57 67 53 59 55 65 70 59 71 65 68 58 59 69 64 64 70 59 62 63 68 74 53 63 72 57 52 67 58 63 66 63 62 67 56 51 65 72 67 78 56 61 61 63 68 59 65 64 71 68 72 60 62 58 58 63 69 56 56 68 51 68 64 73 64 55 59 53 73 64 69 53 61 63 51 65 65 56 60 59 61 63 63 50 54 70 65 61 71 58 73 54 63 64 64 54 57 63 60 64 58 65 56 66 53 66 62 68 69 64 64 65 66 61 62 50 60 57 64 59 59 58 65 69 41 63 68 69 60 67 57 63 70 60 55 60 62 57 59 69 70 60 70 67 62 71 59 56 61 58 67 57 56 61 64 58 71 70 61 68 58 59 62 63 59 66 64 65 64 68 54 68 56 61 69 60 66 70 65 67 65 69 57 65 57 56 51 66 59 65 72 62 64 69 64 51 59 55 68 65 63 58 68 62 61 65 67 49 64 60 65 52 59 63 68 49 60 60 63 57 63 74 67 69 57 71 64 59 62 61 56 58 52 57 60 63 56 56
61 63 66 64 52 63 74 69 65 83 55 64 70 58 72 63 71 60 69 62 58 63 65 68 72 60 67 58 59 61 54 71 64 61 71 73 65 65 65 70 59 72 77 68 68 65 60 72 65 72 72 72 62 64 65 74 66 72 57 67 81 68 66 64 58 65 75 64 61 65 73 70 72 71 69 61 61 70 62 57 60 77 71 58 62 56 62 64 73 60 58 59 66 77 66 62 54 70 65 70 65 62 67 80 62 57 73 59 69 60 70 58 65 64 60 73 57 67 71 75 62 63 61 65 69 71 75 73 66 62 61 69 71 64 67 71 70 71 68 68 68 76 55 68 64 66 56 68 56 73 79 66 61 60 60 61 66 65 59 72 76 68 60 66 66 61 72 64 70 64 62 61 65 63 67 68 72 69 58 56 61 66 67 65 63 59 68 63 62 64 60 69 67 71 68 71 68 77 65 69 68 64 63 58 64 64 69 62 59 64 66 63 65 60 61 58 74 61 68 63 65 62 68 55 64 59 67 59 68 62 67 68 63 58 71 61 69 68 61 70 69 60 60 69 60 61 64 60 51 67 53 66 59 63 66 60
73 74 67 69 62 68 75 61 78 80 67 74 73 74 75 66 76 71 68 77 59 70 69 80 73 69 68 68 68 66 69 76 65 67 70 80 66 67 76 74 66 62 81 66 73 75 65 79 69 76 78 74 73 66 70 71 74 72 60 80 69 72 72 71 66 74 76 66 72 76 81 71 69 73 78 64 65 72 63 68 65 74 80 68 68 60 68 68 80 62 73 69 64 73 68 68 67 69 72 74 73 60 61 67 71 70 79 74 80 65 81 70 72 62 70 74 73 74 70 65 60 69 64 68 77 84 71 74 69 75 78 65 66 67 79 75 77 59 66 68 69 79 59 71 69 73 58 79 71 71 76 77 70 60 67 70 69 67 66 81 78 83 69 69 72 67 71 72 74 74 63 66 70 65 69 74 72 78 75 71 63 65 71 73 72 73 71 71 74 74 70 67 75 69 79 74 76 84 75 76 67 67 69 64 57 66 71 81 69 71 72 74 62 59 57 65 75 70 71 61 75 71 64 57 69 66 70 65 67 70 74 66 76 64 80 71 66 65 73 75 72 68 66 72 72 63 71 71 69 70 63 61 62 69 61 68
64 63 56 53 59 63 58 61 58 66 64 66 59 66 68 56 68 66 68 66 53 55 54 72 61 65 59 58 61 64 57 63 58 63 64 59 65 68 59 68 64 56 74 64 65 65 58 67 64 66 58 63 59 58 69 66 68 66 66 64 63 66 65 60 58 59 65 66 63 69 73 63 65 70 64 59 63 70 70 64 60 71 72 53 58 50 61 70 71 65 62 61 55 63 57 61 57 63 63 62 67 54 55 72 63 67 72 68 59 60 67 51 66 64 53 66 65 60 62 61 56 62 66 60 57 71 73 61 59 57 63 63 65 63 59 68 69 66 63 61 61 69 43 61 61 68 64 66 56 60 65 60 61 62 57 65 61 67 60 66 70 68 56 66 60 68 66 65 63 63 62 54 68 61 60 76 63 75 60 54 60 59 70 63 59 61 66 65 63 58 61 63 58 58 63 62 63 70 62 61 57 60 65 55 53 60 59 75 62 61 59 67 64 52 60 60 65 55 62 59 60 61 62 58 65 51 62 50 63 52 67 59 65 55 57 63 61 58 60 64 65 63 58 74 55 55 57 58 61 54 56 60 62 60 57 60
63 65 58 58 59 54 60 58 61 69 66 58 70 60 64 58 61 60 60 61 51 65 54 65 73 53 65 58 61 62 62 70 52 59 63 62 64 67 69 64 63 67 73 58 58 73 63 66 65 69 72 67 63 55 60 68 64 70 56 68 61 72 68 58 57 62 71 66 62 65 72 59 63 67 63 53 67 65 58 64 61 71 60 48 63 52 66 65 63 47 62 65 53 68 62 51 53 64 56 64 58 60 56 65 56 57 66 63 69 63 68 62 67 59 60 62 61 62 64 64 56 59 63 62 68 60 65 68 70 59 67 56 70 56 53 68 62 66 61 58 60 70 49 67 60 66 51 65 60 64 72 63 59 62 57 57 62 60 60 63 77 67 58 66 62 66 67 66 62 65 57 60 50 55 64 63 62 62 52 54 62 60 62 61 67 69 64 56 66 59 69 61 65 65 63 68 60 68 64 68 54 63 60 54 56 65 61 62 58 66 64 63 60 56 57 58 75 57 62 53 64 57 63 62 58 56 64 64 57 53 62 60 59 63 66 59 62 57 62 67 71 57 66 63 57 54 62 64 61 64 57 53 49 57 55 54
55 59 58 57 57 61 62 58 65 64 52 65 67 60 71 56 64 60 60 66 59 60 58 67 63 61 63 63 60 56 63 61 59 60 67 66 56 55 68 70 55 67 70 60 60 67 60 65 59 69 66 61 67 56 60 63 62 66 56 70 70 64 72 63 61 59 63 68 69 56 63 57 69 72 68 66 66 64 58 62 55 70 71 54 64 61 61 56 70 48 64 65 58 62 57 61 55 62 65 64 60 50 56 72 54 50 70 54 71 55 61 61 73 62 59 66 63 62 70 69 56 65 58 63 68 67 70 58 65 68 70 60 64 60 59 71 64 59 60 60 55 69 52 62 59 67 66 70 54 67 63 65 57 59 64 52 58 65 55 69 62 62 58 62 65 59 70 61 67 66 62 58 70 63 61 60 54 60 57 59 59 57 59 63 57 59 62 61 59 58 68 56 59 69 60 68 59 69 58 69 57 56 60 46 54 64 65 69 60 65 70 54 67 61 55 62 56 46 64 52 59 54 58 55 64 58 61 61 64 56 69 66 61 60 64 50 67 60 58 64 72 58 59 66 65 60 48 70 65 65 55 59 52 57 66 53
59 65 65 68 66 65 68 64 66 79 78 69 65 66 70 57 72 66 65 72 67 63 64 75 69 58 64 67 65 66 68 82 66 66 67 77 65 69 73 73 63 68 72 76 64 71 59 78 63 69 68 67 63 58 69 62 75 68 63 65 62 64 72 69 63 63 76 70 75 69 74 62 64 76 69 60 59 65 58 62 69 85 75 57 57 58 59 66 76 49 72 64 54 75 65 59 66 63 64 60 77 57 53 68 60 56 71 72 70 53 68 67 68 60 67 66 58 63 69 68 57 55 61 59 62 70 68 66 63 65 71 72 69 65 61 69 71 65 66 70 66 75 55 68 69 73 61 77 65 61 73 66 63 63 59 57 66 69 69 74 70 74 60 67 63 63 72 68 70 68 56 62 73 63 65 70 60 68 66 57 71 62 68 70 66 69 69 70 64 63 57 68 76 64 73 66 67 76 60 71 57 65 61 60 55 63 66 73 66 69 71 74 65 63 64 62 70 59 66 59 66 58 60 56 64 52 68 51 66 55 75 67 66 60 66 66 64 62 71 69 68 65 66 69 68 55 63 70 62 61 52 57 63 65 54 61
65 69 59 69 66 62 69 58 68 77 62 69 66 67 72 64 69 65 65 69 57 73 58 76 67 65 67 56 71 60 68 75 65 64 74 59 65 61 71 72 58 70 71 60 63 71 60 71 63 72 70 68 64 56 62 69 65 73 62 77 63 64 69 75 65 65 69 63 69 64 64 63 63 82 70 64 67 59 66 68 63 75 76 64 65 61 73 65 70 58 80 66 59 68 61 58 63 65 68 64 70 52 56 69 58 62 72 66 67 62 71 74 71 61 57 66 64 66 71 72 57 70 67 54 69 69 67 66 63 68 68 73 69 62 68 75 74 70 70 63 68 72 57 64 65 67 65 83 64 65 71 61 58 60 68 61 63 70 71 69 68 67 67 71 68 62 70 61 62 65 59 69 75 64 63 73 65 69 56 64 62 68 67 61 64 66 68 61 65 67 73 58 72 68 69 68 67 70 66 74 64 65 57 49 57 63 68 78 68 66 69 70 65 57 57 69 67 60 65 54 62 64 70 64 62 56 66 61 66 55 61 71 64 54 66 68 73 64 60 73 77 64 69 69 66 59 69 69 66 69 57 64 59 71 64 71
60 56 52 60 60 55 62 57 62 71 62 59 67 65 66 61 64 64 60 64 52 57 60 69 64 63 68 56 57 57 59 62 63 64 67 64 65 56 66 62 60 62 69 65 59 65 61 68 64 62 62 67 60 49 59 72 66 69 65 72 68 58 59 57 61 61 65 71 63 63 59 60 63 72 69 58 65 64 56 64 62 72 70 51 62 52 64 59 64 56 70 66 53 62 61 56 51 59 65 59 69 53 60 60 57 62 66 67 65 61 59 62 64 68 55 58 61 59 67 64 53 71 60 55 61 71 73 70 62 72 64 67 63 55 61 64 66 64 57 65 67 59 47 67 65 65 55 66 59 65 65 60 59 63 65 60 59 65 65 66 67 64 60 63 59 62 62 66 57 62 56 55 62 57 64 70 66 60 66 58 61 63 61 56 63 67 53 61 57 71 61 55 69 65 63 69 66 70 64 61 53 63 54 45 55 65 59 68 62 67 62 63 60 51 60 57 59 59 56 57 65 58 66 61 61 52 63 64 67 56 54 71 70 57 71 62 65 68 61 67 65 59 55 70 70 52 66 60 58 57 49 61 60 64 54 64
60 63 60 63 52 66 74 61 59 79 58 59 72 59 68 64 76 64 67 70 54 63 66 71 64 61 63 67 61 52 56 71 67 56 65 65 61 61 69 74 58 61 78 68 62 68 62 63 71 67 67 66 65 59 71 72 64 67 56 72 63 63 69 62 62 71 69 61 67 66 59 63 66 69 66 57 63 56 56 59 64 76 61 63 56 53 64 64 71 53 67 55 56 59 59 54 58 64 67 66 67 59 60 70 59 56 74 60 69 55 69 63 67 64 58 65 58 62 61 69 51 60 59 58 69 70 67 69 56 63 72 67 65 63 67 64 68 63 69 66 65 71 53 67 64 61 55 71 61 66 65 67 59 57 65 58 63 68 62 71 65 61 51 59 69 62 66 65 68 60 63 56 69 60 60 68 61 67 68 58 67 64 69 67 61 55 66 67 64 66 63 63 64 70 68 62 58 80 56 76 55 61 59 57 56 56 59 66 57 60 68 61 68 54 67 52 69 65 67 59 58 56 66 54 61 56 64 59 57 58 69 60 68 54 64 58 56 64 65 68 69 60 56 79 61 58 53 65 66 67 58 61 59 67 57 61
72 54 57 59 73 60 66 67 66 72 60 68 65 60 63 65 74 64 64 71 53 64 64 68 70 57 68 66 63 62 57 64 62 65 68 73 65 65 65 66 66 71 74 64 63 58 56 60 57 70 60 66 63 62 71 67 71 70 59 77 68 70 73 65 62 66 75 71 67 66 71 70 66 73 72 56 68 56 65 60 61 77 70 61 59 59 60 62 73 60 75 78 58 71 62 59 57 68 69 66 61 66 60 69 60 66 75 69 66 68 69 66 74 61 65 68 70 68 69 66 55 60 72 57 76 75 72 69 67 59 67 66 74 59 70 76 73 62 64 67 65 74 55 70 60 71 61 72 62 65 63 64 61 71 67 57 60 67 69 72 80 73 61 61 62 66 72 68 68 66 64 60 68 67 68 61 60 71 70 58 66 57 59 67 63 58 69 62 62 64 64 57 64 73 69 67 65 76 63 70 64 67 58 53 59 61 65 72 64 67 63 71 62 57 66 59 66 59 72 56 62 63 63 58 68 60 70 52 75 69 76 65 67 60 71 66 65 68 63 71 69 66 68 70 67 56 59 69 67 59 56 59 58 62 63 65
69 60 68 66 73 72 67 75 73 84 62 68 73 69 72 66 74 65 75 72 58 68 63 79 80 60 71 75 69 66 60 72 67 66 74 75 62 63 71 85 64 77 75 69 73 69 58 68 69 74 69 70 70 70 69 79 74 74 58 73 70 78 76 71 61 72 80 72 77 74 71 63 70 70 71 63 73 69 59 61 61 75 68 53 67 62 66 64 84 65 72 77 62 76 61 64 59 73 70 79 64 55 57 79 67 68 75 67 73 62 83 70 76 69 67 70 78 70 75 79 70 68 62 70 72 75 74 80 68 70 75 66 69 76 74 75 72 66 70 62 69 79 55 73 69 78 66 74 67 66 73 65 60 66 72 67 63 75 66 74 76 69 68 76 67 64 73 66 78 74 60 64 77 72 75 74 70 74 60 63 56 69 66 80 63 63 71 70 60 76 69 64 76 72 67 75 64 79 75 71 60 69 64 63 62 68 71 77 69 69 79 72 68 66 60 66 68 60 67 66 67 67 68 64 74 58 71 59 74 69 74 76 82 59 72 70 71 61 78 82 78 66 63 78 74 65 67 72 69 66 65 67 65 69 69 68
56 60 51 57 51 59 65 48 60 67 63 55 59 57 69 49 64 64 63 54 55 56 61 64 61 54 57 56 55 55 48 69 49 58 64 53 59 61 57 67 55 61 71 66 59 65 49 60 62 55 61 63 56 54 58 61 57 62 48 63 63 57 60 52 56 60 69 67 53 52 58 52 64 67 64 53 53 55 56 58 56 70 68 55 57 52 52 64 63 50 66 56 51 73 60 56 59 55 56 57 59 55 54 59 48 50 65 60 59 51 58 59 59 52 60 58 50 54 64 58 53 68 61 56 68 64 70 58 59 67 61 68 61 54 62 67 68 62 61 59 61 64 46 58 55 56 54 71 59 60 62 63 60 54 65 54 64 55 55 63 67 60 52 60 68 65 61 60 62 58 56 56 62 49 55 60 55 60 57 57 63 59 63 59 57 58 58 55 59 65 58 64 64 66 59 58 50 72 55 63 55 54 58 44 48 53 61 65 53 56 63 63 64 44 56 54 62 58 54 56 57 47 56 51 60 47 56 60 50 53 63 67 64 52 58 62 59 62 51 54 61 57 49 62 56 57 56 63 59 59 55 51 55 54 52 52
61 66 54 60 59 69 68 69 76 75 62 67 68 62 64 59 78 64 76 69 55 63 62 68 75 64 74 59 62 61 59 72 62 61 68 71 61 58 63 71 66 64 86 72 64 75 64 69 65 66 72 65 63 63 62 69 70 66 63 68 71 69 77 64 61 64 68 63 70 60 70 65 67 76 69 60 65 64 51 69 64 78 71 53 61 57 60 62 72 59 63 64 61 71 67 62 50 66 63 64 67 58 62 71 58 59 72 63 72 65 76 63 73 58 59 62 68 65 73 66 61 58 59 69 64 69 73 66 70 66 63 64 70 65 65 70 68 61 72 65 65 75 51 73 61 71 60 75 65 65 71 64 64 65 67 61 65 72 55 70 72 71 66 63 56 64 70 62 68 69 64 65 65 61 71 72 61 66 63 63 69 59 62 64 71 68 68 60 67 62 63 60 80 74 68 67 60 75 71 67 54 60 64 63 48 54 66 69 66 65 65 61 71 54 62 62 69 51 61 55 64 63 64 59 65 63 64 61 64 54 65 61 67 61 56 64 66 67 65 74 68 70 64 74 61 64 64 67 59 65 52 69 59 58 62 62
61 62 62 68 63 66 63 69 61 71 64 65 67 63 70 59 77 61 64 66 54 60 61 67 65 67 69 66 64 74 58 70 62 58 71 63 69 59 71 68 57 68 67 63 60 59 58 75 73 64 70 71 62 60 64 64 64 74 63 69 66 72 71 60 57 61 75 71 66 60 71 59 64 69 65 58 68 66 62 66 63 79 74 52 59 56 57 61 73 55 62 64 63 66 61 65 60 64 67 66 71 61 56 64 61 60 69 68 65 61 65 60 66 55 55 72 59 66 64 71 64 63 69 67 63 78 77 63 68 68 65 68 68 65 64 68 62 63 54 66 63 80 47 63 67 73 58 71 57 65 70 63 60 71 70 59 68 69 65 68 72 71 58 69 63 59 62 57 61 64 67 61 65 56 70 65 69 70 62 63 62 61 62 67 67 64 64 64 67 62 58 59 66 71 70 70 70 72 60 58 68 62 59 57 59 68 69 71 67 61 68 63 66 56 53 57 71 61 56 61 66 63 63 64 68 50 57 59 71 59 72 65 61 62 74 58 67 65 69 69 69 62 62 74 67 52 59 63 54 58 54 58 57 57 56 58
67 63 58 66 63 66 67 64 72 74 60 72 74 68 76 60 76 68 60 72 56 64 67 79 72 63 61 63 62 61 52 68 61 67 75 69 66 61 69 72 65 69 69 61 66 64 58 72 69 72 69 68 68 59 66 66 68 74 58 73 61 68 74 75 62 74 75 70 66 67 68 63 70 73 74 64 71 68 65 54 63 73 71 59 64 67 58 64 74 49 68 68 60 74 57 64 57 69 65 74 71 49 58 66 62 60 72 65 66 58 74 61 72 61 64 70 68 63 68 75 63 65 68 62 64 74 76 68 66 62 71 69 77 68 69 70 66 65 64 61 72 72 60 62 64 63 63 72 64 75 69 64 65 59 71 61 61 67 66 65 69 69 63 64 64 66 69 67 69 73 61 61 62 59 64 70 65 74 68 58 65 63 64 57 64 69 68 68 65 65 76 68 69 72 72 67 69 80 71 66 66 62 61 59 62 64 66 75 61 67 67 68 60 61 57 51 70 61 66 68 65 59 61 60 65 55 70 59 75 57 73 72 66 56 70 70 63 58 64 67 68 68 66 70 67 62 60 68 61 62 61 60 62 65 58 60
68 65 62 64 68 61 74 69 70 80 67 68 72 64 69 69 73 65 65 70 61 74 62 75 75 66 72 66 61 65 63 76 72 67 71 70 68 58 73 71 64 67 80 67 66 75 58 90 68 73 70 61 75 60 68 68 73 74 61 77 68 74 68 74 54 63 78 72 81 67 78 72 68 78 76 64 65 79 65 64 65 79 78 61 67 60 73 70 70 59 68 61 63 76 67 63 59 73 68 63 70 50 62 70 66 68 72 58 77 58 65 72 76 71 66 76 72 68 69 67 60 60 60 65 71 71 77 68 58 76 70 64 72 68 67 73 69 63 68 67 67 76 52 64 66 75 66 77 68 68 76 73 66 56 71 56 73 69 74 73 76 67 65 72 58 66 72 78 65 64 63 60 72 70 71 72 62 67 75 64 64 66 73 73 68 70 77 68 70 79 70 67 71 67 73 76 65 78 72 71 58 72 59 49 64 68 73 77 76 69 74 71 70 61 62 64 75 52 72 65 63 59 68 62 66 61 74 54 72 59 68 67 73 60 68 62 70 68 63 84 79 66 61 66 72 62 62 71 68 70 60 71 60 70 63 57
66 66 70 65 59 62 67 72 67 70 60 61 61 69 68 65 75 67 74 69 62 58 67 70 67 65 65 61 68 61 58 73 64 61 63 73 64 59 68 68 60 69 74 64 61 67 66 71 63 63 62 67 64 59 60 66 65 70 66 63 62 64 74 59 63 60 68 66 67 62 60 59 63 73 67 64 62 69 61 63 66 81 80 53 60 62 54 61 78 62 66 64 64 70 70 53 62 65 62 69 68 56 53 66 63 63 79 63 68 55 73 65 67 62 58 65 65 64 64 67 64 59 56 65 65 70 71 72 67 67 66 71 69 70 67 69 68 59 69 70 70 73 55 77 62 70 61 72 59 66 72 63 62 59 64 75 58 65 67 71 67 67 65 67 67 60 68 67 67 72 58 65 65 62 72 72 68 68 67 65 61 65 69 71 61 67 68 69 62 68 59 57 66 68 65 64 68 71 61 64 61 56 55 60 58 66 68 74 66 68 73 71 68 60 58 56 72 58 55 58 75 58 67 58 67 62 72 63 65 57 67 70 71 54 66 54 71 64 69 69 66 61 60 77 70 60 67 68 65 69 63 64 62 57 63 64
68 60 64 61 62 57 65 59 69 75 64 61 72 58 59 56 62 67 64 63 54 61 59 73 70 59 61 67 59 55 66 70 58 57 65 69 60 63 69 69 63 66 71 60 63 59 62 73 63 74 63 60 62 54 72 71 63 70 60 71 64 67 71 60 54 62 68 61 70 72 63 60 60 71 66 59 59 62 58 61 57 72 70 54 67 55 69 63 71 57 66 58 56 64 57 53 61 60 58 63 61 57 59 62 61 60 74 58 70 66 62 65 72 66 64 63 68 69 64 70 53 65 60 54 66 72 68 66 67 65 69 56 65 59 57 69 71 63 66 58 64 74 52 72 62 71 54 70 67 58 72 63 66 62 70 58 60 63 60 73 69 69 61 67 58 59 62 66 68 68 57 59 62 59 62 66 62 59 69 61 61 62 68 67 69 61 62 61 53 68 68 64 69 67 67 70 68 68 72 74 67 59 64 59 60 62 67 73 62 69 70 58 60 52 62 65 72 61 64 49 63 60 60 60 61 61 64 60 62 61 68 71 63 51 62 65 66 53 63 70 74 68 63 65 67 57 66 68 58 67 55 62 56 59 52 62
64 59 61 62 54 63 67 57 63 67 61 63 66 62 62 61 75 69 60 72 49 63 58 69 69 65 57 62 67 62 61 68 56 63 64 66 59 66 62 67 51 60 72 64 61 64 61 70 65 65 61 60 62 51 61 68 60 67 65 64 65 66 75 55 62 72 74 59 60 61 68 51 58 59 68 57 64 62 56 63 64 74 68 53 58 59 63 65 71 53 71 71 59 67 58 56 54 65 66 56 62 59 54 63 53 48 71 60 67 61 63 62 74 53 65 65 64 69 63 66 51 60 67 59 70 72 63 63 57 71 62 62 63 64 71 70 64 67 70 61 67 69 52 68 63 68 56 71 61 60 62 65 61 57 60 58 59 65 64 73 65 65 52 61 67 55 55 59 66 60 66 48 62 55 63 59 66 63 60 55 63 61 59 63 61 59 64 52 60 66 64 63 63 71 65 64 64 79 56 62 57 61 58 53 54 67 64 66 52 63 65 65 57 51 55 53 63 55 54 54 67 53 53 52 64 54 65 62 64 55 72 64 59 56 67 64 55 65 64 69 66 58 64 71 67 49 56 59 64 69 54 58 49 61 58 54
67 65 62 68 64 65 72 69 73 77 73 70 67 67 65 63 67 61 75 79 50 64 64 72 76 67 65 62 68 66 49 67 59 68 66 67 64 61 60 76 64 67 75 58 71 68 52 70 63 70 60 60 64 61 71 72 65 81 61 71 68 69 72 69 56 66 73 66 64 69 65 61 67 71 72 64 68 61 65 63 66 77 70 58 62 63 60 67 73 63 73 62 51 74 62 64 53 63 67 69 62 57 62 68 67 67 73 70 67 59 67 68 76 64 72 70 65 72 64 66 56 64 69 64 71 74 74 77 75 71 68 68 70 68 67 73 74 64 72 72 68 79 57 74 61 71 60 74 75 60 70 63 61 62 65 64 70 67 66 73 70 68 67 71 63 65 67 62 70 66 67 73 67 68 73 69 70 69 71 62 58 66 73 64 67 63 69 58 57 75 63 61 70 69 72 66 65 79 70 70 61 68 70 61 57 61 69 67 63 63 69 67 67 57 60 62 67 57 68 66 63 65 67 68 67 59 62 54 67 59 71 71 70 56 69 75 74 66 62 71 65 59 65 77 63 61 59 60 62 66 65 58 59 63 62 64
63 61 59 57 58 56 62 66 62 67 69 61 61 53 64 57 64 67 71 67 51 61 59 68 69 63 68 68 62 68 54 64 65 62 65 66 66 65 65 72 58 67 71 61 60 71 60 63 69 66 61 67 58 67 61 74 66 75 58 65 67 64 67 59 59 59 72 69 67 74 73 57 73 65 67 60 63 71 64 55 65 76 73 46 61 58 63 62 67 57 57 61 63 74 64 59 58 55 64 67 62 60 59 66 60 59 68 65 66 61 63 65 70 61 54 64 61 62 56 64 62 65 62 66 68 69 73 69 65 61 66 69 62 66 64 82 65 66 71 65 61 77 51 67 69 71 66 67 66 67 69 64 56 61 57 65 65 65 65 62 76 65 60 68 67 62 65 60 69 59 57 66 62 69 72 69 58 66 61 56 58 63 72 64 63 63 64 56 56 65 56 63 74 66 66 59 60 73 65 64 60 64 58 54 51 62 70 67 68 68 65 68 70 56 57 62 71 61 62 59 70 58 64 62 71 55 65 63 58 54 68 62 68 64 62 66 65 64 61 68 68 58 57 73 67 57 56 58 64 67 56 59 52 55 61 56
54 67 51 58 58 53 60 67 66 72 57 55 61 63 65 63 64 62 60 64 52 65 55 62 66 55 64 54 62 60 58 66 64 64 64 73 59 51 61 67 58 65 74 73 64 68 61 69 60 68 65 60 58 62 58 69 68 63 65 66 61 63 69 66 54 60 72 65 69 61 67 59 68 61 67 57 64 66 60 64 62 66 62 50 59 52 59 60 71 54 59 54 57 65 57 63 59 68 65 69 60 49 53 66 64 59 64 66 76 51 73 66 59 62 54 65 68 65 66 60 59 56 50 64 61 68 71 58 54 55 67 65 60 68 66 69 60 60 70 60 63 66 47 65 62 64 60 63 63 64 69 64 56 53 63 61 62 65 68 61 59 68 57 70 58 55 67 66 59 61 57 52 59 56 69 69 65 73 60 55 57 59 63 63 68 60 60 62 69 59 65 61 68 64 71 66 59 75 63 64 52 64 55 54 49 62 62 68 63 73 69 66 66 49 63 54 72 58 64 61 62 62 68 51 65 61 65 57 71 47 57 60 57 59 59 59 66 61 60 63 77 65 56 67 63 55 54 70 58 56 52 55 61 63 54 63
65 63 61 55 64 54 65 58 67 69 59 67 61 62 67 59 65 62 59 64 59 61 64 68 75 66 65 63 63 64 57 70 63 67 70 70 65 59 68 71 63 63 75 68 61 68 60 70 63 73 66 64 63 59 61 61 64 68 55 66 66 72 64 63 57 58 75 65 66 59 64 59 71 72 68 61 58 70 63 58 59 70 65 53 58 61 65 62 70 52 64 66 52 75 65 56 61 65 64 61 72 54 54 60 60 57 62 61 66 58 71 71 70 58 65 63 59 67 61 60 60 60 62 57 69 64 70 69 63 60 62 61 60 61 60 73 68 63 67 56 67 66 46 64 63 72 59 73 60 57 69 61 58 59 66 67 63 69 64 63 75 70 64 77 70 61 64 64 63 61 51 58 63 59 63 71 64 65 58 55 60 59 71 63 65 62 75 65 62 70 61 63 75 65 61 66 61 70 63 67 57 62 57 48 53 65 56 69 66 66 67 75 61 57 51 55 70 59 62 61 66 56 60 50 62 56 71 59 64 55 62 64 59 57 71 63 66 55 64 71 73 61 61 64 64 51 58 61 65 65 55 54 65 60 50 60
62 67 61 63 63 66 64 62 62 71 59 71 69 59 62 62 65 56 61 70 60 61 64 68 61 57 64 53 65 60 58 62 50 62 61 71 61 59 69 66 52 66 76 62 61 74 57 65 57 60 64 60 60 52 63 67 63 67 62 62 63 66 70 59 57 61 67 73 69 68 64 65 60 67 63 62 60 64 57 67 67 77 69 60 64 52 53 68 69 56 75 63 58 61 56 61 57 56 62 62 61 52 51 64 60 62 73 61 68 56 63 68 72 63 58 58 60 59 66 62 54 62 56 64 70 65 69 68 70 62 66 66 65 60 54 64 73 61 60 66 63 71 48 66 62 70 60 64 64 61 73 56 57 56 65 58 57 71 61 63 70 56 58 68 61 70 66 67 65 65 57 58 67 63 63 69 67 65 61 56 61 49 60 70 67 58 67 54 60 66 57 63 67 66 68 60 60 65 63 67 62 63 58 58 56 58 57 68 60 61 72 73 62 52 66 65 66 59 64 51 62 61 61 60 66 56 72 58 63 58 58 60 61 59 63 58 60 65 61 66 68 66 63 76 56 60 62 65 57 64 56 57 62 58 64 54
56 73 67 65 67 64 68 62 60 68 63 67 66 70 72 61 74 63 68 76 58 71 61 67 68 68 71 60 68 68 60 72 71 63 68 74 65 69 68 69 56 69 73 55 69 66 59 75 64 63 62 65 65 58 62 67 71 70 64 81 66 66 73 58 63 70 73 68 73 63 66 70 67 70 68 62 67 69 61 63 63 83 68 65 65 66 56 71 69 60 74 63 62 77 67 64 65 67 61 71 60 50 51 67 64 51 67 69 66 61 58 70 72 64 63 70 66 67 66 72 61 68 65 63 77 75 76 73 65 71 65 67 74 62 66 73 70 70 66 58 70 74 54 70 60 71 67 75 67 68 80 60 60 57 62 56 66 62 64 73 76 64 65 69 63 66 70 65 58 61 56 61 66 68 65 66 67 70 65 56 52 60 72 67 67 56 66 60 66 69 57 63 71 70 68 66 63 70 61 64 57 63 68 54 56 59 66 68 66 70 65 70 71 53 56 67 76 65 69 58 70 67 69 64 72 62 69 62 60 62 63 66 68 63 61 60 64 62 67 77 79 67 68 74 72 54 57 68 58 61 57 57 60 67 62 58
51 57 56 59 61 63 57 61 70 66 54 58 66 58 61 59 64 61 65 63 48 59 61 66 73 53 69 57 48 54 54 64 55 62 59 65 62 60 66 63 53 70 69 58 66 58 63 63 63 67 56 62 59 53 58 70 58 65 60 62 64 61 66 59 53 56 65 56 61 63 59 64 58 72 70 53 65 55 53 53 55 73 63 56 55 54 65 54 62 49 61 62 61 58 63 42 52 61 59 69 65 53 51 74 55 56 60 61 67 53 62 65 63 52 55 62 58 68 62 69 65 53 59 53 70 64 74 63 60 59 61 53 59 59 57 68 58 68 59 64 63 57 52 59 68 65 54 63 58 67 59 61 57 54 62 58 60 64 61 66 62 64 55 66 63 62 61 64 65 64 57 56 59 65 59 61 61 55 64 49 49 54 59 61 63 57 59 59 61 61 60 63 63 63 60 59 60 69 58 67 56 71 61 53 55 61 57 64 57 55 59 58 65 57 55 56 69 57 55 58 67 53 58 50 60 47 64 52 58 54 64 61 59 54 65 55 58 64 63 66 60 56 65 68 61 57 54 60 60 63 58 57 58 58 59 49
64 59 65 62 61 62 79 62 64 73 66 65 68 65 72 66 63 63 65 73 56 69 66 70 72 59 76 66 69 58 62 65 59 65 72 70 60 58 69 78 62 65 74 67 62 75 64 68 65 67 70 69 73 57 61 65 70 72 57 69 71 67 71 64 65 62 72 69 67 70 66 60 67 72 70 63 67 68 58 62 66 79 74 57 63 62 70 59 78 52 68 64 66 69 65 59 58 62 51 68 74 57 61 72 54 58 73 68 77 57 71 65 72 63 65 62 67 71 68 72 63 70 62 62 74 82 74 69 68 69 68 65 64 58 69 65 58 71 68 66 68 72 51 71 71 71 56 73 62 68 75 66 68 59 61 63 67 62 66 75 72 68 59 67 64 67 70 65 66 71 65 64 66 64 73 75 69 66 63 62 57 61 69 61 67 61 62 61 65 66 66 65 74 66 78 75 67 81 64 65 62 68 63 56 50 66 71 69 56 71 74 68 67 51 62 64 66 58 64 59 63 56 60 58 55 57 71 66 69 57 66 70 64 60 68 67 67 64 65 75 69 62 58 70 73 69 61 66 67 73 55 59 58 68 67 53
67 66 55 62 64 65 75 66 76 78 62 73 62 63 71 58 72 61 72 69 55 64 64 78 66 60 65 72 60 69 58 64 59 67 73 71 59 54 68 75 66 67 73 61 65 66 63 71 63 69 68 72 64 63 69 78 69 75 61 75 68 73 66 73 60 61 74 67 73 77 68 66 71 75 65 66 65 70 66 57 70 75 76 57 68 66 65 67 70 63 71 65 64 70 66 58 61 62 65 65 69 53 63 71 67 70 72 68 74 64 77 72 72 65 62 68 63 68 68 70 63 65 61 68 69 66 70 69 64 69 62 63 71 61 69 68 68 67 66 71 66 72 55 70 61 67 61 78 60 67 63 68 59 66 73 58 67 71 61 70 72 66 65 76 67 64 73 67 71 63 68 66 69 71 65 75 65 70 71 61 62 57 72 74 70 62 67 71 65 71 68 68 74 71 76 71 63 74 70 74 66 62 65 55 54 65 68 80 65 70 69 72 59 65 66 61 69 46 66 59 65 51 73 61 68 57 70 58 67 61 75 63 70 63 65 59 67 65 65 75 70 73 57 75 61 65 62 73 64 66 68 67 69 67 66 68
56 55 55 51 59 56 57 57 66 58 50 62 54 57 58 52 49 59 62 58 55 57 55 63 65 54 55 50 49 54 54 62 52 55 59 54 55 49 62 60 61 53 67 55 55 61 50 51 50 57 57 58 53 57 47 63 66 65 52 59 61 49 64 57 50 59 63 60 60 54 62 54 60 65 56 53 62 55 51 50 52 73 63 46 53 50 60 59 61 48 60 54 49 62 59 56 47 58 63 55 61 51 52 62 51 55 63 57 65 57 58 66 58 51 54 63 59 58 64 57 46 60 57 52 62 57 59 60 60 56 54 59 59 56 51 66 67 61 55 63 60 60 44 51 59 66 59 67 55 53 59 60 49 49 60 53 57 59 53 57 59 58 52 60 60 57 66 52 60 54 53 59 62 53 60 62 54 59 51 49 53 46 59 59 55 62 58 56 55 52 47 54 69 61 67 57 57 62 58 59 53 58 58 42 49 56 57 65 54 59 61 62 67 42 47 53 60 48 51 58 56 54 58 50 57 50 50 51 59 43 60 58 59 53 58 55 62 56 54 63 62 53 56 61 49 56 56 54 52 57 45 53 47 54 55 53
65 62 60 62 64 65 68 60 64 77 60 67 63 61 70 54 69 63 61 65 58 67 51 74 65 61 60 62 61 68 60 63 57 58 70 68 64 61 71 61 60 66 73 61 69 71 57 71 64 69 66 64 61 56 69 65 65 69 66 71 68 66 69 61 57 63 71 60 66 65 67 62 63 70 66 66 61 65 60 59 71 74 75 69 61 61 65 62 69 55 69 60 64 61 60 54 54 57 63 56 65 57 58 70 57 60 70 57 71 57 66 69 68 68 59 66 50 65 67 59 53 59 57 60 59 71 69 64 58 66 68 67 62 61 61 65 71 64 67 74 58 74 48 68 64 67 53 68 57 71 67 63 63 57 60 54 65 65 63 71 69 70 60 63 64 62 61 56 66 60 58 66 68 63 61 61 67 72 65 65 65 58 66 69 63 60 72 61 66 65 64 66 63 67 77 61 62 75 68 67 62 64 62 54 59 57 67 72 68 63 65 65 70 55 63 62 59 58 69 55 57 53 63 55 66 51 59 52 65 59 77 68 66 52 65 58 68 62 68 72 60 68 62 63 56 56 58 62 60 62 53 62 48 64 66 65
55 59 60 59 63 57 62 61 71 78 61 54 69 61 68 63 67 67 58 58 54 65 59 71 63 59 71 69 62 66 56 70 61 60 63 66 68 60 67 76 62 67 61 59 64 57 57 63 67 69 66 68 57 64 62 69 71 70 59 66 59 69 67 58 59 61 69 63 61 58 59 55 68 70 71 60 62 57 57 57 62 76 71 51 57 60 67 60 64 50 63 68 57 67 64 57 58 62 59 65 67 63 55 68 55 60 64 67 74 61 67 62 60 56 60 57 61 66 69 70 57 70 66 66 60 75 71 67 56 61 59 64 64 66 63 67 67 64 69 66 65 69 49 63 62 66 54 74 62 67 66 61 58 61 61 56 59 63 64 72 68 67 68 62 63 66 64 59 73 68 56 66 57 58 63 64 63 66 67 53 60 63 58 60 62 60 65 62 68 67 66 66 66 67 68 67 71 78 59 63 57 52 67 56 56 65 60 67 65 67 66 64 65 51 58 54 59 57 64 51 59 57 64 53 64 56 68 63 65 59 60 63 70 50 70 66 66 64 66 66 62 71 69 69 63 62 68 63 55 61 55 63 61 62 57 63
55 61 59 55 63 60 60 61 67 68 57 55 69 63 62 60 57 61 56 62 49 59 61 61 70 66 67 55 60 65 59 66 53 69 68 68 65 54 69 72 58 66 64 59 56 69 58 68 60 71 63 57 56 53 58 65 69 73 60 69 57 65 65 52 59 56 70 66 68 57 61 59 61 63 60 57 54 65 57 62 61 75 69 56 57 52 61 66 71 52 64 59 56 66 56 60 64 66 68 62 61 55 58 62 67 64 71 60 71 60 64 62 69 58 61 66 63 69 60 63 57 63 53 63 68 70 70 56 57 61 68 60 55 66 65 65 61 60 62 64 64 67 53 64 58 74 61 62 63 62 71 53 61 50 58 64 57 61 60 68 70 61 59 65 59 58 66 66 59 62 55 62 60 60 67 58 59 66 63 58 54 57 55 67 63 61 64 64 59 69 55 55 70 57 65 65 62 70 68 64 52 60 59 51 54 69 62 70 71 65 59 73 58 48 55 56 66 56 55 55 68 62 67 58 69 57 64 66 70 57 64 64 59 48 65 63 55 59 60 61 67 56 62 67 63 58 61 66 55 61 57 54 62 60 64 56
64 70 66 60 62 60 59 62 70 67 59 60 68 62 67 64 69 59 60 64 56 63 58 66 74 64 62 65 67 63 72 70 59 71 68 69 62 57 69 65 63 70 70 60 66 68 58 74 68 72 67 66 59 58 58 69 74 67 55 71 63 66 65 64 58 63 75 64 68 63 66 71 68 73 61 58 66 65 57 59 62 81 64 63 63 62 64 65 71 50 68 61 64 67 57 58 60 65 69 65 66 59 53 69 60 57 72 59 70 58 71 69 69 61 67 63 62 70 67 69 59 64 62 66 69 72 61 62 62 65 70 65 65 65 61 65 65 70 69 69 62 71 47 65 57 68 62 61 66 68 69 58 61 61 66 56 67 54 65 69 63 67 61 70 66 55 64 62 65 65 64 56 72 59 73 56 68 67 54 58 61 53 58 69 70 70 63 63 60 65 64 63 69 66 72 69 62 73 56 65 63 70 56 54 55 64 62 70 56 73 65 63 66 58 53 58 65 60 66 61 60 67 68 54 59 60 71 63 63 56 65 66 63 56 60 65 67 64 65 70 69 68 71 60 68 54 62 66 60 69 58 62 51 63 61 58
59 62 55 64 56 65 70 63 64 67 62 68 62 59 67 66 69 65 62 69 57 70 60 68 68 67 65 54 66 72 61 76 63 68 71 72 60 60 74 69 58 67 75 61 62 71 62 69 59 71 75 70 69 61 60 69 64 73 60 75 64 62 69 61 66 68 70 71 68 67 65 62 71 68 79 64 63 62 56 59 64 83 64 61 59 56 66 60 70 49 72 65 60 68 63 61 60 71 71 67 71 47 60 71 68 60 73 71 76 61 59 69 64 61 64 70 56 66 65 70 64 61 64 60 72 75 67 75 65 66 61 61 64 61 69 71 67 69 73 71 59 63 56 68 61 69 61 71 66 67 73 63 56 54 71 59 61 66 69 72 69 69 60 65 60 62 69 59 65 60 55 61 64 61 62 64 60 72 72 63 65 62 69 69 63 64 67 52 73 71 62 65 70 70 74 67 69 83 57 65 60 71 66 51 60 65 62 78 77 65 67 74 71 61 59 58 69 61 65 62 66 61 58 63 70 58 67 63 66 65 70 68 66 62 71 71 68 64 64 65 71 60 67 77 68 51 57 67 62 66 54 52 65 57 61 54
59 67 67 72 71 66 74 70 75 82 63 69 72 63 71 73 70 64 69 85 67 71 65 76 75 68 72 64 74 67 56 78 69 73 70 80 71 64 76 80 63 78 78 65 66 73 60 71 72 76 71 75 69 66 76 75 80 83 64 72 70 66 80 69 67 67 68 79 74 69 71 67 72 77 71 75 68 66 63 68 65 78 74 63 66 66 64 68 75 57 69 66 63 72 69 75 65 64 70 77 70 58 69 77 69 66 76 72 78 69 70 69 79 69 69 72 74 71 71 74 65 73 65 68 81 80 71 70 68 75 78 69 72 72 66 72 74 66 69 70 71 67 62 72 68 70 68 77 67 73 79 61 69 61 67 65 62 66 70 74 70 69 67 71 60 69 78 74 70 73 70 78 69 67 72 74 69 71 74 56 67 68 68 74 73 74 71 61 64 68 65 66 71 74 71 76 71 78 72 66 71 67 67 56 62 75 70 75 69 71 75 77 77 61 64 66 77 63 72 66 70 64 74 64 72 68 75 64 74 64 71 71 71 64 74 69 65 70 68 75 80 71 68 82 74 66 60 75 68 71 66 53 66 62 65 63
66 66 58 56 62 64 64 71 72 70 63 65 71 63 73 57 72 69 77 67 51 61 62 68 75 58 64 63 56 58 61 72 66 64 70 72 61 64 57 71 61 67 70 66 66 70 67 66 67 72 67 68 71 57 59 70 64 71 58 74 68 67 67 68 59 61 75 66 68 65 70 68 72 75 70 60 72 62 65 65 64 75 68 59 63 54 53 60 78 61 69 70 51 68 58 62 47 65 69 66 69 47 64 70 58 66 68 73 71 57 69 66 73 67 67 71 70 62 69 64 59 63 61 67 67 73 77 71 66 71 67 68 75 68 69 70 67 66 63 70 68 66 55 67 59 73 70 71 69 67 67 69 61 56 72 61 65 76 61 72 68 67 63 66 70 66 66 72 60 60 62 61 71 65 70 75 69 67 68 58 66 67 73 62 64 63 65 65 62 71 64 61 72 72 72 71 62 83 66 71 54 69 50 58 53 60 67 73 66 68 62 67 65 61 58 60 74 60 63 67 62 62 64 64 61 52 66 65 71 53 64 62 71 58 66 66 65 62 61 72 71 62 60 73 72 69 56 69 68 68 63 69 67 60 63 65
57 67 62 66 64 60 74 59 66 73 71 60 69 62 65 62 70 65 61 66 58 62 59 72 71 60 62 66 69 56 60 69 65 63 72 69 69 61 75 65 63 75 66 67 66 64 61 64 60 70 67 74 57 51 63 72 73 65 66 66 69 66 68 60 57 64 69 71 72 66 65 61 68 75 67 62 70 66 54 69 68 78 74 56 64 61 71 71 71 50 64 65 54 65 63 60 56 61 64 69 66 55 59 69 57 60 66 66 65 56 69 65 70 61 66 67 64 75 74 71 64 65 64 56 76 70 65 71 72 73 64 60 67 60 62 70 66 63 67 61 67 68 56 68 67 70 63 70 67 72 67 62 58 63 60 64 60 61 59 67 59 75 56 70 65 60 71 52 72 70 63 59 68 64 77 67 63 66 68 54 70 63 63 61 59 63 67 66 53 71 64 60 66 65 63 70 69 76 65 76 56 65 57 56 50 64 65 80 58 63 70 65 62 65 61 63 68 60 59 55 70 65 64 58 63 51 72 58 61 59 76 72 68 57 71 67 69 62 62 69 71 59 64 72 65 60 63 61 63 63 60 53 59 54 59 59
62 45 65 54 54 57 57 62 66 74 59 59 62 62 60 51 62 61 64 53 46 61 55 68 65 55 62 60 51 54 59 65 52 63 55 65 61 60 60 61 57 54 67 57 58 61 53 66 54 57 53 59 55 58 59 66 63 63 53 60 62 61 63 59 59 58 66 55 57 57 65 50 63 65 66 51 58 58 62 51 57 68 70 53 58 53 61 58 61 53 58 62 54 68 55 54 56 61 61 63 62 60 50 57 59 57 66 63 59 53 62 62 61 49 59 68 62 63 59 60 57 60 64 53 61 64 64 59 62 61 57 61 56 57 64 67 68 54 60 50 59 70 45 56 63 67 56 69 63 50 63 63 58 55 56 56 57 57 64 65 63 61 58 63 62 54 61 57 61 59 57 65 65 59 59 63 55 66 65 49 49 56 60 62 61 64 58 58 60 65 58 61 62 69 61 65 63 72 50 67 53 60 58 52 55 64 65 61 56 59 63 61 58 54 50 53 69 50 61 55 63 53 61 55 60 50 62 47 66 51 65 57 55 51 57 59 56 58 57 69 64 56 56 63 62 50 61 59 54 63 53 49 52 62 46 52
63 64 62 62 63 69 77 73 71 77 65 72 61 71 70 62 78 59 63 72 62 65 65 69 66 63 71 64 68 63 58 71 69 66 65 68 65 64 68 71 61 74 78 68 65 72 62 69 62 76 65 66 52 61 66 73 65 76 59 71 70 66 67 69 58 72 67 66 75 63 70 64 66 73 70 62 65 68 51 61 69 82 64 62 69 57 63 60 75 62 62 67 68 67 65 63 53 59 66 68 74 55 61 72 62 64 71 70 74 63 75 66 76 63 63 68 65 60 73 69 54 64 59 67 73 72 64 68 72 67 67 62 68 69 67 66 68 62 79 67 72 74 49 70 63 68 60 71 53 68 81 64 63 64 70 59 59 71 69 72 75 67 61 74 65 54 68 63 66 62 60 59 65 64 69 80 61 77 72 61 69 73 71 67 66 68 65 62 56 63 67 63 78 69 76 66 66 84 68 72 59 69 58 61 56 63 70 75 67 71 62 72 67 60 60 57 78 59 66 69 61 59 63 65 72 55 65 64 67 54 73 65 75 61 65 70 67 62 68 82 71 66 64 70 64 64 71 70 62 67 55 61 60 67 61 60
65 61 62 66 63 60 70 60 65 69 67 69 75 65 77 58 71 59 61 67 60 63 56 75 69 60 68 63 66 68 65 71 58 68 64 70 69 71 69 67 62 66 71 64 70 65 60 68 63 73 67 68 61 61 69 72 67 75 66 73 65 70 72 61 54 66 72 74 70 64 74 59 68 70 70 59 63 67 57 68 60 75 71 59 64 54 60 65 67 54 74 63 57 73 61 62 67 61 61 67 72 57 65 67 67 58 73 74 73 60 65 66 78 62 67 65 64 60 66 68 53 64 62 65 67 73 75 60 63 69 76 67 63 65 57 68 70 57 64 66 71 79 52 73 68 72 61 74 64 73 72 69 58 64 62 61 67 68 66 67 75 70 62 67 63 64 68 65 68 65 64 63 66 69 67 65 56 65 71 69 60 65 69 67 64 64 71 66 58 64 65 66 74 64 71 64 68 74 68 67 58 63 59 54 59 56 70 69 67 69 67 69 62 53 64 61 69 64 64 60 62 55 66 61 75 50 63 63 64 65 72 69 71 60 76 64 67 54 70 66 64 61 62 70 61 59 67 65 64 62 50 58 63 61 62 65
71 70 67 73 63 64 70 63 74 83 73 64 67 72 76 66 75 75 70 69 56 68 60 71 70 72 65 69 66 63 64 66 70 68 70 72 72 77 71 81 62 71 71 61 63 78 68 69 66 72 69 66 61 57 68 73 65 77 67 73 70 69 76 62 59 65 73 73 67 71 79 58 65 71 71 62 65 69 61 73 70 76 78 64 62 57 65 66 72 59 67 72 65 68 66 68 60 58 66 63 69 64 59 69 60 70 76 75 74 56 72 70 67 63 67 72 64 76 71 71 65 62 65 71 73 72 78 73 65 70 74 67 68 62 72 75 75 63 66 62 68 82 57 68 72 80 65 73 70 68 76 65 64 63 76 69 66 64 67 71 66 68 62 71 72 63 72 68 64 72 67 66 73 68 71 73 74 78 70 66 61 74 67 62 63 65 73 64 69 67 64 69 71 72 64 66 76 79 69 71 65 61 64 58 61 69 74 73 72 62 69 72 61 55 60 59 69 64 71 58 72 59 64 65 69 59 66 71 68 62 72 70 70 65 70 66 63 65 66 67 73 68 69 80 73 58 67 72 67 65 62 60 65 70 58 65
62 65 57 62 59 66 70 64 65 74 63 67 69 70 78 61 76 64 63 72 49 63 66 72 72 66 65 57 60 67 55 71 65 66 67 67 59 67 65 69 64 72 75 67 64 71 57 69 64 69 68 65 55 57 62 65 66 70 61 75 66 73 76 65 60 68 71 53 69 63 63 59 61 67 73 59 59 66 61 66 65 79 69 59 65 55 64 64 70 52 73 64 61 73 70 57 59 69 67 64 79 57 53 69 58 59 64 63 74 59 69 64 66 59 55 67 63 67 69 74 59 61 57 63 70 72 73 67 65 70 65 58 70 67 70 69 67 62 71 62 68 68 48 67 67 72 60 78 61 70 74 68 61 62 62 58 65 62 66 63 71 70 62 69 67 61 64 65 64 67 62 54 67 64 62 73 65 68 62 65 64 64 66 67 59 64 68 63 69 68 67 69 70 72 62 70 67 71 62 68 59 69 59 53 55 60 65 72 66 63 67 70 62 54 55 54 75 58 63 60 64 60 62 61 76 56 71 62 70 61 63 66 67 56 70 68 66 62 62 70 62 68 72 65 66 58 62 64 56 65 64 64 54 67 55 59
63 67 63 59 69 70 65 64 64 75 59 65 69 65 68 59 68 61 69 68 52 60 58 63 69 60 71 64 63 61 57 67 65 63 67 71 58 56 69 77 60 75 71 70 65 69 56 69 64 64 65 66 56 62 66 70 66 72 57 68 69 72 65 65 61 66 68 64 61 64 63 69 71 72 70 63 66 69 60 58 64 76 71 59 59 52 55 69 65 51 70 57 60 72 68 60 47 66 71 67 70 50 58 76 61 62 70 63 68 63 75 61 65 61 66 67 61 68 64 76 60 64 67 65 72 71 70 67 69 70 70 67 66 64 60 69 60 66 64 71 61 75 53 68 62 69 63 69 63 64 72 59 64 64 62 64 64 69 71 75 68 68 69 67 63 62 67 66 63 58 50 61 66 68 67 76 64 66 62 57 65 61 65 69 67 57 71 68 60 64 67 54 65 74 69 64 66 71 64 68 61 60 52 54 61 61 68 63 58 69 66 66 68 58 67 52 75 54 71 62 54 62 69 64 65 59 65 55 65 63 64 65 68 53 64 62 63 70 67 73 69 63 69 73 65 59 64 68 65 67 50 58 55 66 62 61
60 71 62 72 72 72 72 65 72 76 71 71 67 65 70 57 73 68 68 68 57 63 59 78 72 68 72 68 74 71 59 68 66 62 72 74 61 66 71 75 69 63 77 69 69 74 61 73 68 72 75 74 69 63 65 70 76 75 59 66 70 72 72 64 70 69 70 74 70 68 70 68 78 67 74 64 72 72 58 63 69 80 73 57 72 59 66 64 74 63 64 71 56 75 68 63 55 64 68 73 64 60 57 74 69 70 73 76 74 62 79 72 77 66 64 75 59 66 71 73 62 72 61 73 75 72 77 69 70 75 71 73 70 63 70 72 65 72 63 76 67 70 52 69 68 66 64 75 67 65 81 70 66 63 63 65 63 71 66 73 72 74 65 72 60 66 77 70 73 66 62 63 65 71 77 73 65 68 70 58 70 66 73 76 64 72 70 66 65 74 71 65 76 69 72 68 66 86 66 66 63 67 63 56 59 71 68 74 65 72 66 80 78 64 64 62 76 67 68 64 70 60 67 62 70 62 70 67 66 58 67 69 72 65 66 67 79 68 68 77 76 68 64 78 73 71 68 70 67 72 58 61 71 65 69 60
58 62 66 59 60 69 61 62 64 68 68 53 73 57 68 61 71 61 67 66 60 64 61 67 64 68 65 69 65 56 62 71 61 65 72 69 60 61 66 74 66 66 77 66 67 59 57 67 67 70 66 65 60 59 69 74 68 70 60 63 65 64 65 66 63 72 71 66 70 76 69 69 64 75 71 57 74 65 57 67 66 75 72 55 61 61 60 69 64 50 69 64 61 67 63 68 57 67 57 64 67 56 59 66 60 60 73 67 72 63 71 64 74 62 61 61 66 67 69 68 50 65 63 56 73 74 69 63 65 64 66 67 58 59 64 70 67 61 66 71 69 72 50 73 65 71 58 65 52 68 71 68 62 59 64 63 67 65 62 70 69 64 57 67 66 56 61 61 67 59 59 65 69 64 64 67 66 69 60 66 64 57 63 72 58 65 73 65 65 63 69 64 71 65 71 71 74 75 66 68 62 68 60 61 53 70 69 78 61 68 69 60 65 54 60 62 63 60 63 54 58 58 72 53 66 57 62 57 73 56 68 67 64 53 65 62 68 63 72 65 72 62 68 72 66 56 57 65 63 60 53 56 55 60 56 63
70 66 57 76 63 68 68 66 64 70 66 62 70 68 70 58 73 71 70 69 57 62 66 77 77 64 68 71 69 69 63 80 61 67 61 67 59 74 67 76 65 79 80 58 65 69 56 69 71 63 75 75 52 66 68 76 71 72 62 70 68 68 71 79 67 75 69 68 63 68 68 68 64 78 80 69 68 59 72 62 61 72 73 62 62 53 67 67 65 58 70 67 68 68 62 66 61 68 62 73 75 60 66 72 62 61 80 71 68 67 68 63 69 69 64 73 71 65 64 64 59 73 65 63 72 67 72 67 68 79 72 72 70 65 70 69 67 71 71 72 60 77 59 71 66 62 61 73 65 72 69 70 68 68 71 66 67 74 70 78 73 72 64 72 66 67 75 60 69 67 63 61 76 73 70 72 70 78 71 68 67 67 67 71 72 64 66 61 67 72 63 68 67 68 69 65 65 81 62 66 68 74 69 57 55 62 67 77 61 65 75 70 70 64 60 60 73 63 68 66 63 60 69 66 68 58 70 55 66 64 72 68 71 57 62 68 65 66 65 64 78 63 63 73 64 60 64 74 67 66 60 62 67 67 64 65
69 60 57 65 61 57 62 64 68 70 68 62 72 64 60 62 67 65 62 69 52 62 62 79 70 65 65 67 67 56 64 69 59 57 76 62 63 63 68 74 60 63 72 62 59 65 63 60 65 72 66 70 59 56 67 78 71 68 63 64 67 62 76 62 64 59 69 70 63 67 62 61 62 70 70 69 69 66 60 66 62 66 63 63 63 56 63 59 72 54 64 63 59 66 68 55 61 65 62 65 65 54 60 66 66 60 73 69 73 60 69 63 73 61 60 62 61 72 65 60 57 68 61 65 59 68 73 67 65 63 73 61 67 49 73 69 65 63 66 62 59 76 52 59 64 63 63 69 66 73 63 68 58 58 62 74 56 68 67 64 71 72 67 63 69 61 64 60 65 63 57 67 68 58 67 61 60 65 61 70 61 58 65 65 62 67 68 62 61 69 63 70 73 65 67 68 72 78 72 59 56 61 58 52 52 64 69 68 61 69 66 60 59 50 65 60 63 63 63 49 59 59 65 66 61 58 70 66 65 56 66 68 63 59 63 64 64 60 68 67 73 74 59 70 69 56 57 63 66 65 55 59 56 61 64 72
58 67 62 59 63 55 65 60 67 63 64 61 69 57 66 55 65 61 64 64 52 64 58 69 74 58 66 60 61 65 54 68 57 56 60 75 54 68 63 69 55 64 70 58 62 64 57 72 60 67 61 68 60 59 62 60 69 69 57 67 62 65 68 55 58 65 79 70 71 61 64 60 68 67 67 58 66 68 57 62 67 69 66 55 59 54 63 63 69 46 65 62 58 69 56 53 57 62 58 58 59 54 55 64 58 60 69 62 68 60 64 68 71 64 66 65 67 66 57 60 56 65 60 66 68 64 72 63 56 68 71 65 60 52 63 69 64 63 61 60 60 74 49 58 64 61 56 66 66 58 70 64 57 60 61 56 62 65 63 70 69 62 59 62 61 58 64 68 65 60 60 57 68 59 66 63 58 59 61 62 60 55 69 63 68 57 66 59 57 65 65 58 70 56 67 72 57 72 62 70 62 65 55 54 53 63 66 61 60 65 65 70 65 49 57 55 68 60 67 51 63 57 56 59 61 55 67 66 60 56 67 65 62 51 63 65 64 57 62 71 75 57 54 64 65 63 53 67 64 64 56 55 58 57 55 57
68 68 64 58 59 59 54 59 74 64 56 69 67 62 70 58 64 67 64 68 62 66 59 72 73 59 64 63 66 59 62 70 56 61 62 75 62 56 63 62 58 63 66 56 58 64 53 68 59 66 70 59 61 56 64 68 69 63 54 64 62 66 65 64 60 61 68 65 63 60 65 60 73 73 66 60 62 71 58 58 55 67 70 50 68 60 63 60 64 46 72 64 61 62 63 53 51 59 71 58 55 55 61 56 58 59 72 66 66 52 65 66 69 61 56 64 58 60 67 63 55 63 62 60 67 66 71 62 71 69 61 60 67 59 69 70 66 62 61 59 52 70 51 67 64 74 59 68 63 64 68 62 55 52 60 59 65 64 64 70 62 65 60 69 67 63 64 58 59 68 54 60 67 58 63 63 59 65 66 59 60 54 60 57 63 64 64 59 65 71 55 56 66 66 67 62 62 77 60 67 63 59 56 44 53 65 60 75 55 64 65 62 63 52 59 57 68 53 64 57 58 57 58 53 67 58 64 63 63 57 67 60 60 64 66 57 68 67 57 64 71 57 60 69 72 54 53 68 64 58 55 62 56 51 59 65
57 64 59 56 62 63 66 53 58 74 65 62 62 62 66 54 67 62 56 57 51 62 61 76 68 62 68 62 61 53 51 64 62 59 68 61 56 56 67 72 55 59 69 53 64 65 65 61 68 61 66 75 55 48 64 69 62 73 51 63 64 63 63 57 56 65 74 63 65 68 66 63 63 67 63 59 66 65 58 59 59 72 64 53 56 58 63 65 64 45 60 62 57 67 60 52 61 69 67 64 63 46 53 69 65 55 68 61 72 51 67 59 60 61 53 70 65 62 72 70 55 59 53 53 67 68 70 67 62 68 66 55 68 56 61 55 62 59 65 61 64 65 47 68 64 74 59 68 58 67 61 67 54 64 60 67 55 66 57 66 69 61 66 64 63 61 65 53 59 66 53 61 62 62 63 67 58 63 55 58 64 60 65 61 59 62 60 63 63 73 60 65 62 62 63 59 67 72 62 63 50 60 60 51 55 52 57 76 59 58 68 69 61 57 56 51 65 59 60 54 63 58 64 58 56 52 63 57 59 61 69 63 64 53 65 54 61 60 60 70 69 62 56 65 63 56 65 56 58 58 57 57 57 62 59 60
62 70 64 61 62 67 64 70 61 73 58 66 63 58 68 62 65 61 74 67 51 62 63 74 68 60 65 65 64 62 59 55 68 58 63 65 60 61 66 70 58 67 75 63 69 69 66 69 69 70 70 68 64 59 63 72 61 61 61 67 69 69 66 66 49 56 76 70 69 71 70 65 62 69 64 60 70 63 63 61 54 78 73 57 64 58 61 61 68 58 63 60 65 68 59 55 53 61 62 69 69 56 63 67 61 61 70 67 71 65 72 64 77 61 54 73 62 59 67 66 63 58 65 66 70 70 77 67 67 61 69 70 61 59 59 74 70 69 57 60 71 68 49 67 71 76 52 65 55 71 78 61 63 65 66 58 59 66 61 71 64 65 53 69 60 65 66 62 59 69 59 57 64 61 64 70 66 65 61 64 59 62 68 65 64 66 71 62 61 57 64 67 69 66 61 64 63 80 64 73 59 67 56 55 51 58 63 65 64 63 65 63 63 55 66 54 68 58 63 55 59 61 66 61 58 54 64 51 69 60 58 63 70 61 73 59 61 58 69 66 73 65 60 62 63 59 65 63 64 65 59 57 61 60 59 58
60 70 56 72 59 70 67 62 70 71 60 71 73 67 63 56 77 63 66 77 55 63 64 78 67 62 65 71 66 59 60 70 61 63 70 66 62 62 69 69 65 61 78 66 68 61 64 70 66 64 66 77 69 63 66 73 74 72 56 69 65 62 68 70 69 59 72 69 70 71 71 68 63 80 74 59 72 69 68 68 58 78 66 54 57 62 64 67 71 62 70 65 62 70 56 54 59 68 67 69 64 56 57 65 64 61 75 66 70 59 64 66 71 63 58 69 72 65 68 69 64 64 60 64 77 65 70 64 63 77 71 61 69 56 69 63 65 65 58 69 64 65 56 69 63 59 61 76 63 68 68 67 63 62 66 69 60 62 64 72 72 66 59 70 63 65 73 70 62 66 67 63 71 64 72 71 68 77 72 59 63 59 64 70 64 61 64 70 61 61 66 56 70 68 62 62 61 70 63 68 60 62 63 50 53 58 62 81 53 71 73 64 63 58 60 66 67 60 64 60 63 62 61 57 68 52 70 58 57 61 68 64 72 54 68 65 67 61 63 71 77 62 57 80 65 69 64 66 66 70 61 60 61 65 61 59
62 63 60 69 56 64 68 60 65 66 64 61 68 60 67 59 71 70 62 67 61 65 64 69 76 57 60 65 67 62 67 70 57 67 69 74 62 65 64 73 64 71 75 66 64 70 56 75 67 68 66 70 66 57 63 69 70 69 58 65 66 63 73 67 63 64 70 68 70 59 64 63 66 70 71 61 63 64 64 62 70 76 72 52 66 55 65 72 70 53 74 67 61 72 61 57 54 67 64 65 70 55 62 68 63 61 68 59 68 56 68 64 71 66 58 67 66 65 68 62 51 66 63 66 67 76 67 70 64 62 57 72 57 64 69 71 67 63 68 64 62 66 58 68 65 65 64 69 55 61 75 63 62 61 64 57 66 64 62 68 71 70 63 72 63 60 69 64 64 65 58 60 69 60 66 70 59 69 64 63 62 58 61 70 61 70 68 60 57 60 67 61 64 58 75 79 69 77 61 62 59 68 60 54 58 67 67 79 61 62 70 61 62 63 54 63 69 58 68 55 63 62 62 59 62 55 68 65 68 57 70 63 60 57 63 65 61 61 57 60 69 63 64 73 69 58 56 67 64 65 54 56 58 62 61 60
64 64 61 61 55 64 65 67 67 79 65 61 71 68 73 62 70 69 65 74 54 63 63 70 75 70 66 63 71 62 55 71 63 70 68 68 60 71 63 77 59 75 67 64 63 68 55 71 66 67 65 66 64 59 64 73 67 61 59 70 64 66 71 69 69 65 70 66 71 72 66 64 69 66 65 61 65 64 70 62 66 80 73 51 65 55 68 65 77 58 69 61 57 69 59 57 55 65 62 61 72 58 59 67 56 68 80 63 61 65 69 62 69 63 68 55 74 67 59 68 56 67 54 67 65 72 69 74 66 67 69 67 64 67 66 77 63 75 67 68 69 73 53 71 69 66 61 72 69 60 72 61 65 60 68 62 66 59 66 65 70 63 62 70 58 62 69 66 72 66 59 61 67 68 63 78 63 72 58 64 60 69 71 63 60 66 70 64 57 70 66 56 72 67 66 66 68 71 68 71 58 73 60 54 55 69 69 69 66 70 60 63 69 49 60 63 73 62 65 57 63 66 73 66 70 57 70 64 68 54 64 60 67 57 64 70 66 66 63 68 70 61 67 68 68 59 58 69 59 63 61 61 58 66 57 56
60 68 62 51 60 62 69 62 67 68 64 65 63 56 65 59 63 63 68 73 56 55 58 75 72 64 66 63 58 62 57 68 62 55 64 63 61 66 54 63 57 68 71 63 66 72 62 68 65 71 66 63 58 57 67 69 65 67 63 76 66 60 68 60 59 61 72 58 64 66 59 70 60 68 65 60 60 65 60 68 61 71 70 65 63 63 66 57 64 59 61 59 60 64 62 61 54 66 56 59 75 59 58 63 60 62 71 57 68 59 76 65 69 68 61 60 60 63 61 65 52 66 56 65 64 59 65 63 64 68 68 64 65 57 71 66 71 56 64 58 65 70 48 67 63 71 64 66 60 62 68 53 57 59 63 58 56 63 62 65 67 66 62 63 61 53 65 67 62 65 58 64 65 60 59 71 62 64 59 57 65 67 64 63 65 59 62 65 60 67 54 60 73 66 62 66 65 72 64 66 54 65 54 58 46 60 64 70 63 67 58 59 61 52 58 59 71 62 64 54 63 57 57 61 61 56 57 63 63 56 67 68 69 57 65 64 68 64 52 65 62 67 59 60 61 61 63 66 61 65 56 63 57 58 56 60
54 66 55 60 64 64 60 64 68 73 62 62 66 63 64 54 64 60 69 69 56 59 55 69 68 60 70 56 53 63 47 66 62 59 66 66 59 59 62 68 56 69 66 62 63 68 58 70 62 67 62 58 55 59 65 68 69 67 62 67 66 65 72 66 52 60 74 52 64 63 63 64 58 68 69 55 64 61 55 57 60 70 67 52 66 58 68 57 70 53 61 53 56 65 60 60 51 53 58 67 64 53 54 69 57 58 62 70 64 58 77 62 67 59 54 59 54 62 66 65 60 60 48 62 67 68 68 66 64 66 68 63 68 62 67 68 68 60 67 61 66 68 48 57 62 69 54 70 68 65 62 57 58 60 57 53 64 63 60 68 66 59 53 69 62 58 62 63 66 63 59 57 66 60 64 63 60 60 62 55 60 62 66 64 63 63 62 59 57 72 64 62 65 65 62 65 59 67 68 62 57 60 56 61 49 57 65 69 53 57 68 63 64 55 58 56 61 55 58 57 61 50 59 55 64 47 62 58 65 60 67 67 72 57 64 68 62 63 64 66 64 65 61 66 61 60 59 60 57 55 64 62 50 62 59 59
61 60 66 70 67 64 67 64 72 80 66 61 67 59 66 65 72 68 59 76 56 70 65 71 73 61 69 70 65 62 60 68 65 76 69 69 73 60 69 75 66 71 70 69 72 69 65 74 60 76 74 66 66 59 65 77 72 74 63 71 67 67 70 62 61 68 77 76 70 62 70 68 71 72 76 64 76 70 63 65 67 80 75 56 67 62 67 59 74 58 61 70 55 67 60 61 56 70 70 65 72 52 59 67 64 69 72 66 71 60 77 66 70 60 62 78 70 71 70 76 60 60 65 68 69 74 75 66 62 67 68 69 71 67 70 74 69 63 67 63 64 70 49 69 65 69 74 81 62 66 72 62 60 62 67 64 54 68 67 70 73 72 65 65 66 65 65 65 70 63 60 64 67 60 73 67 66 71 64 52 67 73 65 69 67 77 71 67 65 66 66 69 74 72 71 71 73 79 67 70 61 60 57 58 57 70 70 76 73 71 68 71 65 62 54 59 60 58 57 65 68 59 69 58 75 61 70 65 72 63 74 68 63 61 73 75 62 61 61 72 69 66 60 76 70 60 69 79 64 69 64 59 63 64 57 64
62 58 57 54 57 52 64 55 58 67 66 64 63 62 65 57 64 58 53 61 50 57 56 68 58 64 59 58 70 55 47 64 55 58 62 65 56 61 69 64 53 63 69 58 60 57 48 62 56 60 55 60 57 48 66 69 62 66 60 61 62 56 62 53 65 52 67 67 56 62 61 61 59 64 62 60 56 62 56 62 61 74 63 55 48 49 60 66 70 60 61 59 59 61 52 54 53 54 56 64 60 59 49 60 57 54 66 58 64 51 58 52 60 59 54 52 56 63 61 59 55 64 50 55 60 71 60 58 59 59 66 56 65 55 57 61 60 55 62 62 57 68 45 63 57 63 45 61 54 61 64 55 54 51 53 62 54 62 52 66 64 62 50 64 61 63 53 60 55 65 57 50 60 60 61 57 63 65 58 51 54 56 56 60 52 50 67 56 53 61 58 57 60 61 63 53 60 69 58 62 59 54 56 48 53 58 56 62 55 66 62 62 57 46 55 53 56 56 54 46 64 52 53 56 49 54 68 59 58 57 62 58 67 50 64 49 59 64 58 55 59 54 63 70 66 55 62 50 57 61 54 57 54 56 58 57
60 68 58 67 62 62 70 67 75 81 66 65 68 65 77 52 66 64 73 70 58 64 70 75 75 61 73 69 67 61 61 68 66 61 76 66 60 57 73 74 65 64 80 67 67 68 61 71 68 73 73 72 56 57 66 74 69 64 54 66 69 67 73 70 66 60 79 65 70 74 75 67 70 84 77 60 70 72 65 64 67 83 70 59 56 54 68 63 69 50 66 60 62 66 61 57 63 63 69 60 75 58 59 69 58 53 72 68 73 60 74 66 72 70 56 65 63 65 73 73 55 65 63 73 72 73 75 73 72 66 72 72 69 62 68 63 72 78 71 69 66 70 60 63 69 68 58 70 65 73 71 73 63 66 63 63 66 68 59 77 68 74 64 70 71 64 74 64 64 65 59 63 68 67 70 72 67 68 63 63 70 63 67 64 67 69 66 60 63 75 70 67 71 65 70 70 72 75 69 68 62 68 63 57 52 60 63 73 57 70 76 66 71 53 64 64 62 58 65 57 66 66 68 61 64 60 72 64 66 59 60 66 68 59 73 66 61 70 72 71 76 66 57 64 64 61 66 68 61 71 65 63 57 61 64 61
58 71 62 64 68 68 72 66 68 69 58 74 67 65 67 71 69 63 72 73 56 65 59 77 65 66 68 62 71 63 62 73 62 66 71 69 62 62 73 73 64 70 73 68 67 73 64 73 66 67 66 75 67 59 73 78 70 69 63 70 72 63 73 60 62 62 68 64 71 71 71 64 59 77 72 58 65 70 61 68 69 80 72 62 64 60 69 69 69 52 60 65 61 67 63 57 60 63 68 65 69 56 63 70 68 66 76 69 72 67 68 67 70 59 62 69 59 64 66 72 59 66 67 66 74 75 66 68 65 67 64 63 66 57 68 64 73 67 73 71 63 74 58 72 66 64 64 75 63 77 72 60 66 64 66 59 66 68 68 73 69 71 59 68 63 60 74 64 68 65 54 66 66 66 66 71 65 74 78 68 62 65 61 66 71 65 70 70 66 63 67 63 72 60 68 67 72 79 71 72 59 60 60 51 60 64 64 75 67 66 71 66 62 59 68 59 65 66 74 59 64 54 72 66 68 51 71 65 72 63 75 65 76 52 67 71 60 66 64 67 66 66 63 78 68 56 65 72 66 67 59 64 60 61 68 61
80 75 70 64 65 69 76 65 80 80 73 67 70 67 79 68 76 64 75 80 66 71 64 74 79 68 72 61 69 62 59 82 59 72 72 80 64 73 76 74 62 72 81 62 68 84 66 71 66 75 71 70 68 61 69 68 76 81 63 74 75 70 72 70 72 72 76 67 79 80 68 68 85 80 76 72 70 70 67 71 76 81 74 67 74 61 70 79 75 54 74 74 66 81 71 66 69 66 76 73 67 62 65 71 59 67 79 76 77 69 77 80 79 66 71 67 69 69 69 67 60 71 66 66 76 80 71 76 69 74 76 71 70 70 71 88 79 67 77 76 67 71 60 77 66 77 70 82 67 70 82 73 72 57 76 64 71 69 73 75 71 70 73 73 76 70 71 68 75 73 65 73 74 78 77 69 62 77 70 65 69 63 71 72 68 70 73 69 71 72 75 64 78 71 78 78 75 84 74 78 64 73 64 59 62 69 80 74 67 74 77 78 66 65 62 75 73 62 78 60 71 57 79 65 74 63 79 69 77 68 77 71 76 61 76 64 71 72 68 79 74 61 73 75 74 67 69 71 69 73 64 67 69 68 75 70
72 66 64 74 64 63 71 72 65 76 67 63 68 60 66 62 69 59 75 72 51 65 63 65 69 67 69 59 67 67 56 77 67 60 72 68 65 54 69 65 55 60 70 62 67 71 63 78 60 68 60 65 66 55 64 70 62 66 67 64 70 58 73 65 58 65 82 65 69 71 71 66 71 73 70 60 63 55 59 66 63 75 80 56 63 55 67 69 70 47 68 62 59 73 68 53 60 61 61 63 67 58 60 70 62 63 76 71 69 69 68 69 72 60 59 63 67 64 71 67 51 56 62 61 68 70 77 68 62 74 61 77 68 65 69 76 68 64 72 70 63 71 49 68 65 67 68 79 64 67 69 70 67 59 56 59 63 65 64 66 73 66 62 63 70 64 63 59 65 63 65 66 62 62 65 68 60 67 67 68 66 66 72 69 67 68 75 61 62 67 64 58 69 69 73 68 60 73 69 69 62 60 62 56 58 64 76 69 69 63 71 68 72 55 62 65 67 59 63 56 68 57 69 54 70 56 65 63 65 63 76 59 67 53 68 65 63 66 65 69 71 63 62 67 63 56 60 61 66 75 58 58 59 57 52 63
71 73 63 66 72 62 73 71 73 83 64 72 78 74 75 62 73 68 69 82 65 74 67 75 83 65 68 68 73 67 66 75 71 66 71 74 67 64 75 75 65 70 81 67 71 72 61 78 68 76 74 60 71 63 74 71 76 75 71 77 73 66 85 66 68 70 74 81 71 74 71 61 70 74 78 66 70 72 68 69 68 83 75 69 67 56 72 67 74 64 76 69 60 74 61 63 67 69 72 69 70 67 58 71 67 57 86 68 72 61 73 70 81 73 65 74 75 70 66 74 57 62 61 67 77 74 78 65 68 75 77 70 76 69 68 77 77 67 70 74 77 78 57 77 68 75 68 79 73 74 74 75 70 71 68 66 66 75 71 81 69 68 63 65 64 68 64 70 70 82 68 62 74 69 75 74 68 66 71 59 64 67 70 78 69 75 68 68 62 73 74 67 76 73 70 67 66 76 74 74 67 64 64 62 63 67 71 75 72 72 79 70 72 60 70 61 65 61 71 61 70 61 65 59 75 63 69 64 68 65 71 76 74 65 68 69 76 79 68 74 75 71 68 76 74 63 70 68 73 75 65 63 65 67 61 62
54 55 62 52 59 63 68 59 59 70 60 59 70 61 63 52 67 65 64 67 52 60 59 70 68 48 65 70 60 57 53 73 55 70 64 64 58 64 72 68 66 67 67 58 60 59 58 61 64 63 61 63 62 59 69 74 65 71 52 58 68 71 66 63 67 63 63 67 60 61 72 56 70 65 68 61 63 64 57 55 56 66 67 58 57 56 62 58 68 58 62 56 57 57 56 57 57 61 58 67 63 49 57 65 54 51 72 56 66 58 64 61 59 56 64 65 62 67 60 65 66 65 55 65 67 62 73 64 65 68 66 60 66 59 66 64 63 56 69 61 62 67 50 67 60 65 60 67 61 61 64 62 54 53 64 66 58 64 57 65 67 63 60 67 59 63 63 59 64 56 65 61 67 54 63 58 61 66 57 56 58 63 62 64 64 61 54 57 55 64 58 69 71 75 62 64 61 69 59 65 55 61 59 55 50 60 53 70 60 66 68 67 68 58 56 54 63 56 55 50 65 61 61 56 63 62 69 54 62 51 62 63 60 59 59 62 53 65 63 68 68 62 59 67 65 51 59 61 64 62 57 53 53 59 55 54
72 70 70 61 71 74 75 70 70 71 71 68 74 62 69 63 69 69 75 77 65 65 68 71 78 63 68 69 68 69 64 72 65 69 76 69 65 72 63 79 63 75 75 65 78 74 66 74 70 70 70 70 66 64 76 72 74 69 69 68 70 75 79 64 63 69 73 65 70 81 73 70 76 78 75 65 66 77 62 65 72 77 73 68 69 67 69 69 78 67 70 67 70 75 76 61 61 66 69 76 70 52 59 75 69 65 72 75 73 57 77 70 79 70 70 68 73 71 64 69 66 66 64 71 76 81 80 75 71 73 67 72 76 64 73 75 74 70 78 74 73 79 56 73 62 76 70 72 71 75 76 64 63 65 70 71 67 73 67 79 69 72 64 71 69 67 69 69 67 68 68 69 74 68 70 74 71 74 70 58 73 68 69 72 66 67 68 67 63 75 63 71 71 74 73 63 72 88 73 73 69 65 65 63 56 67 70 78 62 68 67 76 73 64 62 55 76 69 72 66 68 65 70 61 77 62 71 61 71 65 73 78 79 60 66 72 70 64 68 70 74 68 59 81 72 61 63 70 64 68 63 61 67 63 58 65
56 63 60 63 57 64 63 63 63 70 66 62 64 59 67 59 64 62 58 68 57 56 66 69 58 66 65 62 56 62 58 59 62 57 64 67 63 54 66 71 66 61 69 64 61 67 56 72 68 64 71 64 51 59 58 69 66 73 58 70 67 62 63 58 57 68 69 65 69 66 60 64 71 70 67 62 63 62 50 57 58 79 69 56 65 57 69 55 67 53 62 60 69 58 55 60 55 58 60 60 68 62 59 65 62 64 66 63 73 61 69 69 62 61 55 64 54 60 62 77 63 69 66 69 71 64 72 62 64 69 64 69 59 56 55 65 66 62 60 56 61 75 49 58 65 70 54 72 64 63 70 61 57 64 56 58 63 62 60 63 66 69 60 64 58 56 62 60 61 60 54 64 69 62 67 72 61 66 61 58 63 65 65 61 61 63 54 67 59 63 57 61 69 67 65 59 57 75 56 69 53 64 62 59 46 57 69 63 64 70 54 62 65 64 58 55 70 58 59 53 66 65 63 60 61 52 63 57 61 58 68 66 61 58 64 60 65 58 58 62 64 63 63 66 69 57 64 64 58 64 54 57 58 59 62 61
60 66 62 59 58 60 62 60 70 69 58 68 65 58 71 67 69 65 62 65 50 59 56 67 59 64 63 64 59 56 63 64 63 66 72 68 58 63 67 69 59 63 70 61 61 69 63 70 64 69 68 66 65 58 62 67 66 66 68 69 67 68 67 69 64 61 75 64 65 65 69 65 70 77 67 61 57 63 67 61 65 72 64 58 62 61 61 64 66 56 72 62 62 64 58 59 56 54 66 59 56 53 53 69 61 61 70 60 66 55 65 66 75 58 61 65 70 63 60 68 55 68 57 69 66 67 78 58 58 72 66 59 66 51 68 67 67 70 74 59 65 73 42 60 67 58 64 66 60 73 68 67 56 60 67 51 62 58 69 68 58 72 60 75 67 65 66 61 57 61 62 53 63 62 65 73 67 66 68 65 64 65 59 66 69 57 58 61 59 63 64 66 67 63 58 59 69 74 60 66 56 68 64 47 50 63 61 67 67 59 59 60 60 51 62 58 67 58 65 54 58 62 65 59 74 61 71 55 64 57 63 63 58 61 65 60 68 68 59 64 69 66 66 68 66 52 58 64 62 65 61 56 58 59 52 58
60 58 55 55 56 55 55 66 58 66 53 56 66 56 64 53 62 61 72 63 53 63 50 69 58 55 59 66 51 53 58 69 58 58 59 65 62 56 55 58 50 59 72 60 58 66 52 65 56 64 59 59 58 56 56 63 64 58 54 64 58 63 61 60 50 64 65 59 57 62 57 61 61 63 61 57 57 58 60 57 51 72 69 61 58 54 56 60 60 50 67 58 51 65 60 52 51 56 59 64 61 45 55 57 54 54 60 61 64 54 57 60 64 54 57 57 62 57 63 63 54 51 59 59 67 62 57 59 59 63 62 52 55 60 59 58 61 57 58 53 59 62 51 60 60 62 55 63 59 66 71 49 57 52 58 58 54 57 61 66 60 61 57 52 57 48 62 56 59 54 58 52 58 55 59 62 60 62 58 57 61 54 61 63 55 63 60 61 58 57 51 60 68 65 59 59 60 67 52 63 58 64 55 48 47 62 63 66 56 59 55 57 55 53 58 53 65 58 56 54 58 53 62 56 57 47 63 58 57 57 58 59 64 51 65 56 60 59 57 65 66 61 56 62 59 58 59 61 54 62 49 58 54 60 51 58
65 72 77 71 64 69 71 70 72 76 67 71 71 70 77 59 78 71 68 67 67 66 72 69 77 71 65 68 72 67 65 79 72 66 77 78 70 69 75 71 67 75 80 71 73 77 61 74 63 72 69 69 63 60 78 75 71 70 59 68 76 69 72 64 66 66 75 77 73 65 64 65 75 76 72 68 69 68 62 66 68 82 70 63 66 67 68 69 76 60 71 66 63 70 68 63 61 72 73 76 67 60 67 76 65 69 77 69 80 67 65 74 74 72 65 73 70 73 74 70 69 69 58 74 75 76 72 79 71 66 74 66 72 65 68 78 79 70 74 67 69 76 58 69 60 75 72 72 66 71 79 71 72 67 70 58 62 60 64 70 67 74 65 72 67 70 74 66 68 64 64 67 70 76 67 75 67 72 66 59 66 65 70 68 63 72 74 62 66 71 69 70 69 75 73 71 68 81 65 74 58 66 75 53 57 69 64 75 66 67 72 69 75 61 66 65 73 59 75 59 73 71 67 63 76 61 71 71 67 63 75 68 75 67 71 66 68 68 70 80 76 70 70 80 72 62 63 72 60 67 61 59 62 60 59 59
54 59 53 52 54 59 59 60 54 63 58 55 59 58 55 50 57 60 58 59 41 59 56 60 59 56 57 57 61 51 47 60 55 54 58 60 60 55 61 61 52 66 65 50 57 64 50 65 59 51 66 56 53 52 60 66 59 66 49 58 61 61 69 55 48 56 57 60 53 60 53 54 60 60 62 54 59 57 52 56 56 71 61 49 57 49 57 52 62 53 53 60 55 55 55 48 58 62 53 64 58 46 49 65 56 47 71 61 56 59 63 52 63 52 49 59 56 56 56 58 54 62 54 61 62 60 54 54 60 57 65 59 58 56 67 55 55 57 62 52 56 63 45 52 53 57 54 59 57 57 66 56 54 54 55 61 62 60 55 57 63 53 66 67 52 54 64 52 56 52 56 49 60 51 62 58 52 60 51 58 58 56 58 59 56 58 49 50 55 62 56 51 56 50 52 66 55 63 60 60 51 54 61 52 51 60 55 62 55 64 60 59 57 43 51 53 64 59 59 46 54 56 55 54 52 55 55 51 54 52 57 60 54 55 61 51 56 62 58 61 66 59 53 61 58 51 50 58 50 60 49 58 43 52 47 48
64 68 56 70 73 68 69 66 75 79 73 72 71 68 75 66 73 71 71 79 61 68 68 78 78 69 69 64 69 71 60 74 71 69 81 70 75 71 77 75 62 76 77 60 81 77 68 76 73 71 68 75 70 65 69 81 76 78 71 80 66 66 82 65 69 70 82 72 82 80 69 68 77 85 79 64 73 71 55 74 68 78 79 69 66 70 76 65 83 54 72 70 68 73 69 62 62 70 67 71 72 60 69 71 68 63 75 79 73 68 80 69 80 66 67 70 70 64 72 75 63 77 67 73 72 76 76 76 77 77 66 69 72 63 70 74 74 68 76 81 68 78 56 70 68 74 65 78 68 75 75 71 63 64 71 63 78 70 66 72 78 75 62 74 71 73 73 73 70 63 73 64 82 59 65 74 74 77 79 71 70 64 74 71 62 73 71 64 62 74 72 67 81 75 74 69 70 84 69 69 61 70 66 55 58 71 69 85 71 71 73 72 73 53 67 69 73 74 71 65 66 63 68 66 67 62 65 72 69 59 78 72 74 69 67 71 74 65 69 71 74 73 70 80 68 63 63 70 72 68 68 65 65 60 55 69
64 63 67 67 67 63 72 68 69 81 69 71 68 68 76 70 81 62 68 70 63 69 62 79 64 65 72 65 68 70 66 72 67 66 68 76 76 68 79 70 56 66 72 65 65 68 75 72 69 78 76 71 68 61 66 74 68 79 69 78 78 69 79 68 65 67 76 82 72 67 81 69 73 79 71 70 63 63 70 71 63 79 78 66 65 61 65 63 77 69 71 75 66 71 69 67 65 65 67 79 72 57 63 78 62 69 78 70 79 65 69 68 75 69 68 65 70 71 70 68 60 70 65 65 77 79 82 62 68 78 82 69 76 70 75 75 73 63 75 65 71 73 50 72 73 73 70 79 63 77 72 72 61 69 69 66 66 72 72 78 75 71 68 65 70 64 79 74 68 62 72 69 69 69 65 71 67 66 76 68 67 71 68 69 75 62 69 65 67 66 68 67 76 73 74 71 73 82 74 70 61 68 71 54 62 71 76 75 73 76 62 73 76 63 66 65 78 65 68 58 67 65 72 69 69 67 72 67 71 67 74 72 76 63 80 56 71 69 65 71 74 71 68 69 72 60 66 69 66 69 60 59 65 65 67 66
47 70 58 53 61 65 66 67 63 67 59 69 63 64 68 66 61 60 65 72 55 61 59 67 64 66 69 69 63 54 61 70 61 63 60 67 61 64 64 62 60 64 69 60 66 74 62 62 56 68 73 66 64 57 62 71 68 69 58 72 69 57 56 67 65 55 69 71 72 68 67 64 65 83 69 53 69 64 58 61 66 78 65 59 53 59 63 61 66 49 70 65 57 74 65 50 54 66 61 60 68 48 57 69 60 56 75 60 69 62 58 68 67 58 59 58 61 60 65 64 55 61 54 59 69 73 71 66 58 58 69 60 65 51 58 68 64 66 63 64 66 68 50 66 65 67 55 70 56 64 64 64 55 60 61 59 67 66 63 68 74 67 60 69 52 67 68 64 63 56 51 60 61 64 61 66 62 64 61 58 66 62 65 64 66 61 59 62 57 61 62 63 67 68 66 62 66 69 65 67 58 68 55 44 53 63 71 77 70 63 62 68 57 60 61 60 66 58 63 53 60 54 65 57 67 48 62 57 66 49 64 65 65 56 67 63 63 64 62 66 66 58 59 65 56 60 66 60 58 65 54 58 60 59 56 59
59 63 61 65 70 62 73 58 66 72 70 60 64 59 74 66 66 58 62 68 59 59 67 71 66 69 67 62 64 59 55 68 61 64 68 66 61 67 67 76 63 62 71 66 62 63 56 64 65 74 66 64 59 64 65 58 64 75 61 68 72 65 65 62 59 66 73 67 63 63 69 65 65 68 73 67 65 65 64 65 62 69 66 56 69 53 59 65 64 53 65 64 57 71 64 62 56 60 72 69 68 59 58 68 51 61 67 66 72 61 66 64 66 63 67 72 64 66 63 65 59 75 62 67 75 69 72 65 64 74 67 63 71 60 66 69 65 62 67 63 59 68 49 71 65 65 64 71 55 64 76 64 67 61 66 56 58 70 65 67 69 68 65 67 66 65 69 64 68 65 62 67 66 65 57 74 67 68 67 66 60 67 65 67 61 61 71 68 67 71 65 71 70 75 64 67 65 74 66 63 63 61 59 55 57 66 62 68 65 61 66 71 66 58 51 66 72 68 61 62 68 53 63 57 73 56 77 63 68 56 68 65 68 63 73 68 68 62 64 68 78 64 62 69 65 56 61 70 66 68 63 57 62 64 57 60
69 67 69 69 58 69 68 66 75 75 67 64 69 61 70 58 70 73 73 67 55 67 58 71 76 65 69 70 75 66 59 72 64 65 70 72 58 62 69 77 70 69 83 59 64 72 63 71 71 71 68 72 71 61 70 73 76 76 60 77 71 75 64 68 60 68 71 67 75 81 71 62 69 76 71 61 67 71 67 63 70 82 77 54 62 61 74 74 72 54 74 74 58 72 60 64 58 72 63 66 70 61 60 64 65 71 76 71 69 67 73 64 76 61 63 59 75 65 57 69 60 68 69 65 77 73 77 78 69 69 69 63 70 62 61 72 70 66 72 64 69 80 55 74 65 76 62 76 74 67 66 64 61 59 63 69 64 68 68 72 70 75 66 80 68 59 66 65 73 69 63 65 61 68 70 72 64 69 67 68 69 56 65 68 69 61 70 68 63 73 70 61 71 73 70 73 77 79 78 71 62 69 66 56 58 67 65 72 61 72 71 67 66 63 65 59 72 57 64 54 66 57 70 66 65 55 71 66 73 52 70 69 68 60 73 68 68 62 68 68 70 59 60 76 67 65 75 60 65 67 60 61 61 59 56 72
59 67 53 56 61 62 64 60 61 71 62 61 65 62 65 58 57 66 67 63 54 64 55 62 64 58 61 58 58 63 56 64 64 58 67 65 62 54 67 74 61 62 76 60 68 69 60 70 60 61 64 66 57 51 62 66 67 75 52 70 65 60 66 56 59 53 68 69 59 74 67 62 65 75 71 59 64 61 58 62 60 81 70 57 57 54 65 62 60 53 64 70 54 64 58 57 59 62 67 56 66 57 55 63 59 59 62 50 65 58 63 60 72 57 51 68 61 60 60 71 58 67 57 63 69 67 72 68 65 60 69 61 68 61 62 67 67 60 62 59 59 72 52 69 62 71 56 67 60 61 70 64 56 58 56 60 55 59 58 66 63 73 64 70 55 56 57 61 57 63 58 61 59 60 65 67 63 74 55 58 61 58 61 63 61 60 56 59 62 66 61 57 67 63 61 64 65 72 61 64 57 67 57 48 52 61 61 67 66 63 66 69 64 54 59 59 67 58 58 54 66 56 63 59 58 56 57 69 66 56 67 68 58 64 60 57 59 59 59 70 70 66 60 67 62 60 51 58 53 67 56 60 60 63 51 55
59 60 61 60 67 55 66 60 66 62 58 61 57 63 61 56 63 59 66 67 54 60 57 63 64 58 65 58 63 56 58 68 62 53 65 66 55 54 65 69 50 68 69 62 65 73 64 67 59 64 65 59 57 55 64 69 66 70 64 63 64 58 60 55 57 64 64 71 62 68 59 54 65 67 71 66 53 69 56 59 66 72 70 59 56 54 60 61 60 53 59 61 51 69 59 61 53 62 52 63 64 52 57 66 56 60 69 59 70 59 66 55 74 64 57 62 59 54 61 70 55 59 61 66 64 64 66 65 63 63 63 63 62 59 56 71 68 59 69 59 58 71 48 60 62 64 56 68 54 62 68 60 58 66 62 57 55 62 66 63 70 68 58 60 57 54 61 63 63 57 53 60 63 64 66 74 52 57 65 57 60 57 61 58 59 58 65 62 53 67 61 61 67 58 62 61 68 70 70 69 57 58 52 51 47 65 66 62 66 60 66 63 59 59 58 59 61 54 61 53 59 54 60 67 62 57 62 63 62 58 67 59 60 53 56 58 63 63 63 69 72 63 60 65 56 59 65 62 66 57 53 53 57 54 50 63
62 63 60 67 65 64 71 68 67 73 61 66 62 57 59 64 73 61 66 72 58 68 56 72 67 66 65 65 65 65 66 71 65 67 68 72 71 61 80 71 56 72 78 67 61 66 65 70 72 76 61 67 57 57 67 68 64 74 67 68 68 65 64 60 59 73 78 72 66 64 65 71 67 71 65 67 66 67 63 57 67 79 66 63 67 54 59 69 68 59 74 59 59 79 63 57 54 60 66 73 69 55 58 77 69 62 69 69 70 62 66 70 78 66 65 71 59 66 69 66 60 65 65 65 76 73 73 65 61 73 69 70 72 71 71 70 71 65 73 65 65 72 52 65 64 66 69 78 62 70 69 60 59 66 62 63 55 67 66 65 78 68 61 71 72 67 66 61 60 63 54 67 70 65 67 67 57 66 68 64 63 57 64 76 71 60 68 67 61 67 61 60 72 66 71 68 69 75 69 64 54 67 61 55 61 67 60 73 61 69 59 74 70 55 60 64 76 61 62 67 60 64 62 67 76 55 73 61 66 65 70 60 71 59 70 66 66 72 63 72 73 64 67 79 67 58 67 67 66 65 60 57 63 55 69 66
68 66 69 67 66 71 68 58 68 76 72 67 63 61 66 66 72 61 72 67 59 68 56 77 74 62 71 69 70 72 61 79 62 63 66 68 62 68 71 69 58 65 76 62 72 73 62 69 66 65 66 70 72 46 67 73 67 70 56 72 65 72 72 71 67 71 74 67 70 69 73 61 64 69 71 62 62 70 59 60 63 77 72 62 59 58 64 62 77 54 66 67 62 71 59 65 64 62 67 70 67 54 58 71 72 60 72 73 68 60 64 64 77 62 66 69 66 61 66 63 59 65 61 64 69 70 73 73 60 79 64 60 73 65 67 69 70 68 75 62 68 72 52 67 66 70 64 78 64 69 72 66 64 51 62 66 61 62 68 67 71 77 64 72 68 68 77 64 73 66 69 64 64 69 71 64 62 64 67 61 68 69 63 70 66 69 72 66 63 74 64 61 70 60 77 68 67 76 66 72 59 67 63 54 58 72 69 73 60 62 73 70 67 59 65 71 73 65 57 62 67 61 64 63 69 61 76 56 71 62 70 65 66 62 68 63 64 67 63 70 71 66 61 74 71 65 65 74 61 64 64 57 58 68 68 62
61 63 63 60 66 66 69 72 63 79 75 71 74 61 77 62 68 63 75 72 52 64 65 75 69 73 78 63 61 68 66 68 67 72 77 70 72 66 70 82 56 62 79 73 66 72 62 78 72 80 73 67 69 58 75 78 74 79 56 72 77 75 81 68 68 67 77 74 59 75 75 65 76 80 78 62 76 72 68 73 68 78 66 60 69 62 70 66 77 62 68 72 67 71 63 68 60 66 66 73 71 59 63 74 65 62 79 72 74 59 67 65 67 68 68 65 66 75 65 78 59 76 67 71 77 80 81 70 77 72 76 72 73 60 75 71 70 75 70 64 72 81 52 73 64 84 70 67 66 75 79 66 64 70 63 68 67 73 73 74 74 78 67 77 70 63 68 68 64 66 63 65 72 71 69 78 75 73 68 64 63 72 63 72 69 69 61 64 70 70 63 61 71 75 65 73 70 83 70 65 69 70 70 63 61 77 71 76 68 70 73 65 66 62 61 68 68 67 63 62 68 59 70 68 64 57 67 66 69 65 77 72 69 63 79 65 69 67 66 70 74 67 60 82 78 58 56 72 62 71 60 58 60 68 70 62
63 66 67 68 60 71 70 65 62 82 71 68 66 65 75 61 75 70 62 74 62 74 70 73 68 70 64 65 75 74 59 70 65 70 76 74 67 73 69 74 62 78 72 73 71 74 58 78 69 72 78 72 64 57 73 70 68 71 66 76 72 74 65 65 68 73 80 75 68 71 75 68 69 75 79 71 75 63 65 63 66 88 77 60 71 64 75 70 74 54 72 71 61 69 67 67 65 72 69 69 76 65 58 75 58 55 76 75 76 63 70 75 72 68 64 74 62 71 69 76 61 62 68 67 71 75 74 72 71 66 70 67 77 68 77 72 67 71 71 69 64 74 64 72 66 69 72 78 63 66 74 70 65 62 60 59 64 73 67 75 75 75 60 71 63 66 71 68 70 72 72 67 69 74 67 67 70 81 62 61 72 68 76 69 66 67 68 57 75 74 66 69 69 69 76 62 76 80 67 71 66 71 60 58 55 66 73 78 70 77 73 72 76 62 66 67 77 62 62 60 67 64 63 66 68 59 70 63 65 60 74 68 69 66 77 70 70 71 67 73 71 63 75 78 72 58 63 77 69 72 63 67 63 64 63 62
64 60 60 64 56 59 57 60 54 70 53 51 64 62 57 67 64 58 60 71 47 66 62 68 65 56 59 56 62 63 57 64 56 54 61 64 60 60 71 70 60 61 63 57 64 68 62 69 61 60 64 56 60 56 66 60 61 59 59 65 56 63 71 64 57 63 58 61 61 64 60 60 57 71 68 52 63 54 58 59 58 68 64 46 63 50 61 57 67 46 61 60 55 64 55 53 53 62 56 60 66 55 52 61 55 57 75 66 70 55 63 58 63 56 60 57 58 57 51 58 46 57 62 62 69 65 65 71 58 60 65 63 56 55 63 67 63 60 61 61 60 64 51 66 64 62 53 64 65 57 70 64 62 58 57 58 50 55 66 65 65 59 63 54 55 58 57 64 59 61 53 60 59 52 57 61 64 68 61 55 61 59 66 64 58 66 63 60 58 62 62 57 61 60 60 58 65 66 64 61 58 62 56 45 61 61 59 71 59 63 65 63 57 58 53 54 73 56 65 54 60 61 58 54 63 51 65 57 64 52 62 55 63 55 62 61 60 55 58 64 57 66 65 67 55 55 65 66 60 62 51 62 52 61 55 59
54 59 54 55 50 56 60 53 56 67 45 53 55 57 53 59 57 50 58 63 46 56 51 60 59 55 58 55 52 50 44 61 53 64 53 58 55 56 54 62 55 62 61 53 59 63 51 57 50 67 62 59 54 47 62 65 50 70 49 59 60 57 59 50 60 54 62 53 56 57 60 63 54 68 56 51 60 54 55 57 50 65 59 48 58 52 59 54 60 50 58 55 53 65 53 58 45 59 59 59 55 44 45 63 50 52 67 53 67 51 65 58 61 57 54 63 60 60 64 55 49 55 51 52 62 61 59 60 55 63 59 48 58 61 62 59 51 50 57 58 52 65 44 60 55 60 48 65 50 55 57 58 53 49 55 51 59 59 55 60 61 57 51 62 59 49 56 59 53 49 53 52 59 58 53 55 53 63 56 56 53 65 60 58 58 62 55 52 53 59 53 55 60 52 55 60 53 60 55 59 52 64 52 49 45 54 56 63 55 57 50 62 52 53 51 55 58 42 54 55 54 55 57 52 57 47 59 46 60 51 59 55 59 53 60 53 55 60 50 63 59 47 56 68 59 49 48 56 58 57 53 49 53 51 55 53
65 59 55 55 69 62 67 58 67 62 73 66 64 62 64 65 62 57 63 72 58 54 60 70 65 57 57 61 64 55 62 76 53 60 63 67 58 57 60 61 62 64 82 64 58 73 57 57 62 70 65 60 64 56 62 61 66 65 60 69 66 62 69 57 62 62 59 68 65 62 64 62 63 71 71 59 58 65 61 65 67 70 70 54 59 50 64 65 67 53 74 65 57 66 56 60 62 59 58 65 66 58 58 60 62 63 70 67 70 58 60 65 66 61 63 68 60 57 63 62 57 60 58 54 71 64 67 67 67 69 61 60 72 49 55 62 72 59 68 63 59 71 54 64 65 62 61 75 65 59 62 64 53 55 65 62 52 67 67 64 61 73 60 57 61 60 74 62 68 62 55 60 64 67 69 66 63 71 66 54 64 64 64 61 61 67 58 63 63 68 59 63 69 68 68 60 61 78 63 67 50 65 56 55 51 56 62 74 60 67 64 69 58 60 58 57 60 60 58 53 68 54 58 64 65 53 67 59 62 57 60 61 65 57 66 59 64 63 60 64 69 49 57 69 63 55 66 71 62 66 51 54 55 54 66 62
62 66 66 62 65 57 63 71 68 64 59 59 69 58 67 65 68 67 67 69 60 64 61 66 71 64 60 66 73 63 56 65 62 58 68 70 66 59 70 76 60 69 72 67 61 69 63 68 67 75 68 67 69 57 70 67 63 72 61 65 75 66 64 62 57 64 72 77 72 65 68 67 68 63 63 67 71 67 63 61 71 73 73 57 59 54 63 70 70 54 74 62 64 71 62 69 59 62 61 71 67 57 54 76 67 65 70 67 70 57 68 67 72 71 66 64 63 68 71 70 54 59 63 70 63 75 67 76 57 70 66 62 68 57 59 68 70 67 65 63 63 76 54 65 66 66 62 66 63 65 70 64 62 66 68 55 62 69 67 75 77 69 56 64 64 69 65 64 68 65 56 60 68 68 67 68 69 69 62 55 63 62 62 67 65 66 74 62 63 65 72 66 65 65 77 72 64 71 66 67 64 63 59 53 57 70 65 66 59 64 66 66 66 55 54 66 62 54 73 57 58 61 61 67 73 58 69 58 65 63 64 57 70 60 71 70 69 63 68 67 75 66 68 76 63 56 64 68 66 61 56 50 55 63 58 59
53 64 60 55 60 56 68 61 64 58 56 57 63 61 64 54 65 62 69 70 51 63 51 71 68 61 59 52 65 63 51 66 64 61 62 67 71 56 66 68 56 58 69 64 69 59 51 70 64 68 57 59 49 51 70 61 69 66 62 65 60 60 66 58 60 61 69 66 50 63 56 67 59 67 67 59 63 61 51 55 57 75 63 63 65 56 69 59 57 53 56 57 56 61 62 54 58 63 63 61 68 50 57 61 58 53 66 62 68 54 68 62 67 67 54 62 58 65 56 68 54 58 59 63 61 66 65 71 50 65 68 59 68 51 63 59 66 59 63 56 60 66 41 54 60 61 63 72 56 62 71 58 59 53 57 55 55 54 64 68 63 66 58 61 60 59 63 63 64 62 60 59 64 55 62 59 62 65 58 47 57 60 65 57 68 58 59 54 62 63 63 64 64 57 73 65 67 68 68 62 64 65 52 54 47 59 61 65 51 65 66 67 68 48 51 50 65 55 62 57 59 52 54 56 56 60 62 60 54 60 61 65 67 46 66 57 56 68 56 72 63 67 60 65 61 58 63 58 53 62 52 58 56 61 55 55
51 66 64 69 63 61 70 68 69 75 61 72 65 63 67 67 64 60 64 65 55 63 67 71 68 57 72 59 65 65 54 64 59 62 69 66 63 54 66 72 56 66 74 64 61 69 64 71 59 61 63 76 63 57 62 77 65 71 59 66 71 63 63 60 64 62 75 63 70 62 62 58 72 72 71 66 60 65 62 62 68 72 76 59 53 57 66 69 67 46 66 65 61 71 65 56 60 65 65 62 64 57 54 72 65 60 72 64 72 63 63 74 74 58 64 63 66 64 62 71 56 65 57 69 72 71 75 68 60 64 66 64 67 63 64 70 69 76 66 72 61 72 52 69 65 60 57 69 58 61 70 64 54 56 67 57 61 66 64 74 62 70 58 71 67 60 69 63 71 61 62 56 63 72 58 68 60 68 61 58 67 62 67 64 68 66 63 58 55 67 61 57 69 61 70 68 64 69 63 66 56 65 63 48 52 72 66 61 60 66 65 67 64 54 66 63 69 58 74 59 60 53 68 59 65 58 68 59 68 60 67 66 71 57 75 65 65 63 63 70 71 60 63 72 61 61 57 68 57 67 59 60 59 62 61 59
65 68 64 70 59 66 74 73 73 85 63 68 67 69 69 56 77 68 70 74 63 62 64 77 68 68 67 66 64 72 49 76 64 74 67 68 74 71 69 70 65 69 83 64 66 68 57 70 75 77 67 68 56 63 65 76 66 75 59 69 67 68 66 72 70 64 72 69 72 74 77 71 68 82 77 68 64 71 68 64 65 85 74 67 67 66 68 64 72 59 59 70 66 72 66 67 65 64 64 67 75 57 62 72 62 68 79 77 62 65 74 66 76 69 65 72 70 61 71 70 61 61 66 62 67 69 71 76 60 70 69 65 74 68 66 66 70 73 67 64 71 77 57 62 68 72 71 78 65 68 69 69 66 68 74 60 64 64 73 67 75 72 63 72 69 65 74 64 76 64 63 66 77 69 72 79 67 76 68 59 75 70 65 69 65 68 69 66 66 74 70 68 75 66 72 69 68 76 74 72 67 67 65 59 60 66 73 78 66 66 76 75 65 59 64 63 73 57 69 62 70 59 73 64 73 50 74 55 64 66 70 66 72 55 70 71 69 68 68 77 73 63 63 73 67 60 70 68 68 65 69 60 67 63 65 56
62 53 61 66 59 63 68 65 55 77 65 66 66 64 71 55 63 67 56 70 54 57 62 71 63 57 65 53 57 56 52 57 60 61 61 70 62 67 67 67 65 63 77 71 68 71 61 71 67 67 67 69 60 56 60 64 65 70 61 66 65 69 68 63 58 65 63 64 68 66 63 61 61 68 71 51 59 68 56 58 67 78 71 58 59 59 70 63 69 56 63 65 58 64 64 58 53 68 65 67 65 52 54 71 64 65 74 66 70 64 68 59 60 55 60 64 67 61 58 68 62 62 68 58 70 59 77 69 64 63 74 61 68 58 65 64 67 66 60 70 61 70 54 63 72 57 60 68 65 68 75 62 60 58 59 65 66 67 66 65 67 63 59 70 62 64 70 61 65 62 60 54 68 64 75 69 60 65 70 57 59 59 70 67 63 61 66 64 56 60 65 57 74 67 61 64 62 71 59 71 57 68 51 49 57 56 64 69 60 63 65 66 63 53 60 52 74 61 61 61 64 52 58 60 62 51 69 55 70 57 64 65 63 58 62 58 60 64 60 68 72 61 57 68 61 61 62 68 60 62 48 56 64 58 56 56
56 65 68 56 58 62 63 61 64 63 68 56 61 59 65 53 57 60 58 70 60 58 57 62 69 56 62 66 69 57 54 65 56 58 60 67 55 60 58 66 57 60 66 60 60 66 49 63 54 64 64 59 54 50 58 61 55 58 52 63 59 58 64 58 62 60 58 62 58 55 53 55 58 66 60 55 57 57 50 55 60 73 71 50 60 62 58 56 61 45 64 68 57 58 63 47 60 63 60 54 57 55 54 65 54 60 67 65 66 52 64 61 67 51 51 69 55 60 58 64 49 56 56 52 64 60 60 69 54 56 64 60 58 60 54 61 62 61 57 60 56 55 53 63 58 67 60 62 57 60 64 61 50 53 63 58 52 53 56 67 56 66 57 58 61 56 63 56 70 61 52 63 62 63 63 71 62 62 55 51 56 56 60 72 54 59 59 62 57 58 55 54 66 62 66 59 58 63 61 66 55 56 56 47 49 50 64 68 53 63 71 65 61 52 51 58 66 55 53 52 61 53 57 48 62 50 54 52 58 51 53 56 64 55 61 55 60 60 61 63 61 61 56 65 63 65 63 66 57 62 58 51 58 51 54 53
63 57 66 70 66 68 61 66 65 76 67 69 64 69 76 61 73 68 69 69 59 57 64 65 74 66 66 58 70 59 66 79 69 65 73 71 68 72 66 75 64 70 82 68 67 72 67 74 66 68 70 68 68 66 69 74 73 72 61 72 69 63 75 65 62 61 75 77 70 69 73 67 69 75 72 63 66 73 65 60 64 86 73 55 57 61 71 73 72 61 66 67 66 70 60 62 57 65 67 76 70 55 59 74 59 65 75 66 72 59 64 72 73 71 66 63 71 71 67 67 54 69 54 66 65 74 76 76 70 66 62 67 64 62 68 80 71 70 67 57 67 74 53 68 62 72 69 73 60 67 80 70 66 62 62 60 71 66 68 70 66 68 67 72 64 68 69 65 68 61 65 63 64 71 74 69 67 74 69 60 65 72 71 63 66 69 73 64 63 65 63 65 66 71 66 72 69 74 69 79 57 65 74 55 63 64 68 76 67 66 71 62 76 57 63 62 73 60 66 59 69 65 70 65 68 58 69 63 72 55 70 63 74 67 71 57 69 58 65 68 72 67 59 76 73 58 59 65 60 66 59 67 66 65 63 53
59 58 61 57 51 57 63 60 66 73 58 62 69 57 65 65 68 66 58 64 52 65 66 71 65 56 61 58 62 56 48 59 58 62 63 65 55 60 59 72 60 60 77 62 60 64 58 61 59 65 70 61 53 57 56 67 70 69 56 62 66 58 64 58 59 65 63 62 58 69 63 56 61 73 68 53 68 66 57 59 65 73 65 49 58 57 56 60 63 48 63 61 58 61 59 58 48 62 60 60 68 57 59 64 57 50 76 64 69 56 62 57 70 65 60 65 65 64 66 62 53 67 62 57 69 68 60 58 66 64 60 56 63 57 59 66 63 74 59 60 64 64 50 63 60 68 55 64 55 64 68 68 64 65 59 58 59 63 63 67 60 60 59 62 65 58 51 60 66 61 57 60 56 52 58 68 57 66 55 54 67 56 61 65 54 59 65 57 66 62 64 63 65 73 59 62 64 70 62 68 61 55 53 51 54 66 63 65 55 57 67 59 55 48 61 53 67 47 65 51 60 50 62 53 69 53 66 57 66 51 70 65 58 64 63 62 71 58 63 63 61 68 64 66 63 61 56 57 57 68 62 60 53 64 52 53
68 69 66 72 65 64 68 62 73 80 69 71 71 66 74 60 78 68 73 73 61 67 60 74 78 72 62 70 72 73 68 76 68 74 76 75 62 67 73 78 66 72 78 60 66 76 57 77 70 68 74 73 67 58 66 71 74 74 64 74 68 65 78 65 71 67 72 72 64 79 74 67 75 76 74 73 66 68 61 65 66 84 77 68 64 71 67 72 74 68 79 71 60 74 68 68 60 62 70 66 64 54 63 68 63 62 79 69 74 64 74 68 73 65 68 73 73 69 75 75 64 69 65 71 74 75 78 71 68 73 68 75 73 74 77 76 75 68 69 73 60 76 61 78 57 80 72 71 67 73 76 63 68 60 71 64 66 73 71 77 57 80 64 72 66 60 61 66 67 69 65 63 69 68 67 63 73 65 61 64 65 60 67 70 64 68 62 61 61 69 64 64 74 70 71 75 75 84 72 70 70 64 67 55 57 68 68 73 74 65 75 73 71 63 66 64 63 55 67 63 72 65 67 59 64 61 67 70 70 67 75 77 70 59 64 67 72 68 73 77 69 67 67 77 75 63 62 72 72 70 58 64 62 69 68 63
62 72 59 59 67 62 70 68 67 69 74 67 72 70 76 67 71 67 68 71 61 73 64 73 75 63 68 64 69 64 63 80 72 68 69 70 72 67 68 75 70 71 75 69 71 69 61 74 60 72 70 69 65 61 66 76 72 81 63 75 65 69 75 66 66 65 71 70 67 60 73 65 62 75 69 69 69 67 59 63 62 83 71 65 64 57 65 66 69 54 73 67 59 67 61 64 70 70 63 72 73 59 57 69 70 67 75 63 70 66 74 68 73 68 60 72 61 72 64 71 65 70 59 73 68 70 69 68 65 71 68 63 78 65 63 67 69 62 65 75 73 72 53 67 66 66 65 77 58 69 68 68 65 64 66 58 66 71 64 71 73 74 63 74 60 68 69 73 72 71 66 67 69 64 74 66 77 78 65 58 66 66 65 69 67 78 78 69 72 74 64 66 68 77 67 65 71 77 65 73 65 74 64 57 56 68 64 77 71 71 67 70 67 63 60 62 64 59 61 65 62 55 76 61 68 61 73 58 72 63 67 68 74 55 72 64 65 66 66 77 73 66 75 74 58 67 71 65 61 70 65 58 65 73 63 68
67 67 63 61 60 68 71 64 62 78 74 61 64 61 67 64 69 64 64 72 50 62 60 75 66 61 68 65 61 69 68 68 66 64 63 65 62 65 72 73 63 71 86 64 64 82 62 74 67 80 74 65 60 56 67 72 62 72 64 73 68 74 71 68 62 73 69 64 74 68 64 69 67 69 75 70 64 68 61 65 66 82 78 62 65 51 76 71 76 52 72 65 58 67 61 59 60 71 69 61 71 59 59 72 63 61 78 65 72 69 74 68 72 63 65 72 59 66 66 69 54 65 62 55 71 75 75 69 66 69 70 59 62 65 69 72 75 67 73 71 64 80 51 69 61 70 70 76 63 70 74 66 65 56 67 63 71 70 70 78 70 73 58 67 69 60 64 62 69 66 55 57 72 64 64 68 62 65 66 59 64 69 75 70 68 69 73 65 66 67 72 66 69 73 72 67 67 77 71 74 61 68 67 60 64 66 67 76 70 66 74 68 66 64 60 58 69 59 65 58 68 62 66 62 66 57 70 61 66 63 69 62 66 63 70 72 63 62 61 70 74 63 63 72 62 61 66 68 68 67 60 58 61 61 65 60
67 55 58 60 67 64 67 55 68 67 55 63 69 66 65 61 73 66 60 65 55 65 55 68 66 59 63 63 63 54 52 65 59 59 69 66 57 58 63 67 60 65 69 58 64 63 54 68 63 65 62 60 62 47 55 69 65 65 60 67 57 58 66 62 57 61 67 67 65 63 61 56 60 73 60 56 67 60 55 60 63 66 66 50 59 57 62 59 67 50 63 63 61 60 56 56 56 61 55 60 64 51 52 69 53 55 71 60 65 56 64 66 63 71 57 59 54 64 65 63 54 59 62 55 65 70 62 67 56 61 59 63 69 62 58 63 59 72 69 65 61 64 47 67 66 56 58 67 55 71 66 64 63 54 62 51 60 64 67 69 73 58 54 57 58 63 59 59 61 65 56 66 62 58 64 72 69 66 63 55 55 53 62 62 65 53 69 56 64 65 68 58 67 62 67 64 61 72 60 54 63 59 55 48 60 55 65 72 59 66 67 64 64 56 50 56 67 56 59 57 53 51 58 55 58 46 66 60 60 52 62 64 62 54 55 59 68 59 59 71 65 56 57 63 67 55 58 65 59 63 49 58 59 62 57 54
53 62 53 60 58 65 63 56 66 73 58 60 63 70 71 52 68 64 62 62 45 52 64 64 70 53 61 65 64 61 60 61 64 52 67 65 57 56 65 73 59 61 72 63 70 67 56 56 71 66 61 70 59 55 61 68 65 69 55 70 62 63 70 55 57 65 68 62 64 61 63 60 59 62 63 50 67 66 56 55 55 73 69 47 65 49 62 58 72 59 58 62 56 67 62 57 53 63 56 63 58 61 57 63 64 56 69 61 66 56 73 61 60 54 47 62 55 56 74 67 53 60 54 69 65 67 74 58 66 62 67 65 58 62 64 64 61 64 61 62 68 69 49 64 66 70 62 62 57 61 70 57 62 60 60 56 64 69 56 65 74 68 58 71 66 57 66 57 69 62 57 53 66 62 69 64 64 60 56 57 60 54 64 67 62 58 62 54 55 54 61 63 72 64 62 57 60 71 59 61 54 62 57 47 48 63 61 66 58 63 66 64 56 47 59 61 66 55 64 52 66 62 57 52 62 49 55 59 55 53 61 58 73 55 61 50 60 58 61 67 62 56 63 68 61 63 59 60 53 62 47 58 54 59 59 58
60 59 64 65 74 65 69 64 72 81 74 67 63 63 70 64 73 63 69 69 57 65 68 72 67 63 70 67 62 66 63 68 69 60 70 70 68 58 69 75 63 65 79 68 73 65 64 70 63 70 61 63 70 67 65 76 63 74 68 75 69 66 75 63 56 66 76 73 74 72 69 61 70 73 74 68 66 72 62 60 65 78 72 60 57 62 68 62 78 59 65 55 64 67 57 63 54 60 63 69 66 58 62 74 68 72 70 67 75 61 69 65 67 65 61 66 62 65 72 71 62 61 71 66 67 66 81 72 66 67 68 66 73 69 66 70 72 64 69 71 60 75 56 65 71 71 68 74 63 71 71 67 66 58 65 59 66 71 73 70 69 74 65 67 69 63 72 68 71 64 72 62 72 68 68 73 71 66 65 54 63 64 70 71 71 63 74 68 59 64 62 64 78 70 71 64 66 78 65 69 63 69 68 57 56 69 72 73 69 69 74 69 76 63 62 61 68 57 64 65 68 64 66 67 65 55 67 62 67 64 75 69 64 58 68 61 66 57 68 69 75 66 64 71 64 60 64 79 61 68 57 63 63 64 61 63
63 66 65 66 60 61 79 67 58 84 68 65 68 63 67 58 70 58 71 69 61 63 63 77 65 64 64 59 63 65 56 70 58 68 71 71 61 55 72 75 70 65 73 69 67 67 52 66 65 71 64 69 62 59 64 67 65 74 57 63 70 58 68 70 60 65 68 68 65 70 68 61 68 70 67 66 72 66 60 58 66 79 67 55 60 57 62 76 67 57 67 58 60 72 63 63 63 64 66 71 69 53 56 66 59 63 75 67 66 61 73 65 71 61 59 75 64 74 74 65 59 60 64 65 75 79 65 67 68 70 71 69 63 64 74 67 65 68 65 59 71 64 56 69 62 61 65 77 58 69 70 68 64 66 73 63 62 64 61 74 65 69 68 77 59 68 70 62 60 66 65 64 62 65 68 72 60 66 67 54 60 62 63 68 68 67 62 64 62 70 64 64 69 68 71 68 61 77 67 66 57 61 70 60 53 64 63 72 66 70 70 70 61 58 61 62 72 55 65 61 61 64 68 59 65 54 72 49 72 65 63 64 73 55 66 64 58 62 71 71 74 70 62 75 58 57 63 64 61 67 65 54 63 65 60 58
56 58 54 63 61 59 62 58 60 62 60 62 61 53 60 55 67 59 59 67 52 56 59 65 64 55 63 62 57 64 56 73 52 63 64 61 58 60 60 73 55 59 65 58 58 61 67 62 59 69 63 59 56 58 61 65 61 62 60 57 61 58 60 64 54 57 61 64 67 65 66 64 56 71 58 55 59 61 50 60 60 73 64 50 59 51 57 59 72 52 62 61 55 66 59 51 49 58 59 60 56 48 49 59 53 54 62 63 69 58 62 59 61 58 53 57 57 66 62 61 59 54 58 60 62 57 64 65 69 66 61 62 62 58 57 61 63 58 60 62 60 64 49 68 61 68 60 57 50 61 72 58 57 59 63 56 54 73 59 68 65 60 57 68 53 59 60 55 61 59 58 51 67 58 65 71 61 62 61 59 59 66 61 66 63 64 62 54 55 56 58 56 68 60 60 63 57 60 55 60 53 68 57 55 55 61 61 76 63 63 64 65 55 62 51 64 68 45 59 52 59 57 60 60 59 52 63 52 56 54 59 54 61 60 63 60 68 56 64 64 65 61 57 70 61 55 65 63 46 70 53 59 61 55 54 54
64 65 64 70 62 61 72 65 70 72 64 60 65 63 71 64 72 65 61 76 59 61 60 77 64 71 69 63 65 69 58 69 65 68 69 75 64 64 78 69 52 60 74 62 66 66 62 72 65 71 74 65 59 63 65 64 68 83 68 71 68 65 79 63 57 68 69 76 65 66 66 68 71 71 69 59 70 64 51 60 68 79 75 60 61 62 66 60 71 55 68 58 59 69 68 64 59 63 65 65 68 58 64 75 64 47 80 68 72 65 65 65 72 59 70 71 57 70 73 66 61 66 67 62 77 74 73 72 65 74 61 67 69 63 67 71 68 70 64 71 71 75 50 63 67 67 58 79 65 75 77 69 63 64 65 69 72 64 67 70 66 66 61 66 68 64 65 63 68 70 66 60 66 64 64 65 62 65 66 65 65 67 68 75 66 70 67 59 69 69 62 60 70 68 73 71 62 79 68 72 64 63 61 53 59 63 68 72 63 64 69 72 66 51 58 59 74 65 62 53 70 60 65 54 68 56 59 58 60 59 70 66 59 75 71 57 73 67 66 64 75 62 63 76 69 64 67 62 62 66 58 61 65 54 69 59
61 61 62 59 55 62 66 57 58 67 61 56 64 61 69 60 68 54 58 62 56 54 59 67 64 52 66 61 60 65 51 71 63 61 61 66 64 55 63 64 55 68 62 57 63 64 62 61 59 65 55 64 59 53 69 67 61 65 61 73 61 67 62 59 54 55 65 62 62 62 64 63 62 62 60 63 60 67 54 57 58 65 70 57 63 55 62 56 68 51 63 59 63 61 64 64 53 60 55 67 60 51 55 64 60 55 68 65 59 57 68 68 59 65 57 56 55 59 57 72 57 62 63 60 69 65 67 67 59 64 56 62 62 62 63 65 68 54 62 59 57 71 44 64 61 66 65 65 57 69 68 61 57 54 65 56 63 62 61 61 70 68 56 67 65 55 68 68 64 61 62 62 69 65 55 63 62 65 65 62 55 62 62 65 64 61 62 61 68 65 52 57 62 64 65 59 60 66 60 67 60 63 55 49 57 61 58 64 58 68 65 64 63 55 48 57 65 56 62 61 55 55 68 60 62 54 64 52 64 58 67 64 70 51 68 65 61 58 58 68 70 62 56 65 57 49 55 62 55 60 61 60 56 56 56 65
49 54 59 58 62 64 67 55 57 59 60 55 61 62 60 58 63 57 62 59 49 55 59 63 59 56 59 57 63 52 61 66 53 56 62 71 58 52 69 61 56 65 70 66 58 65 58 58 60 61 56 68 51 52 60 61 65 61 52 62 67 54 61 61 64 60 53 63 65 59 62 55 52 72 60 56 57 52 55 66 58 72 71 58 57 46 59 63 63 48 64 59 54 67 58 52 50 62 58 62 63 54 46 61 51 60 65 56 60 52 59 62 58 57 61 56 58 68 55 60 50 63 54 60 75 62 61 61 63 62 64 58 59 49 54 60 58 57 62 69 56 69 42 60 59 57 61 62 55 59 63 57 55 57 59 58 57 60 61 59 63 59 59 61 59 54 75 59 62 62 56 56 60 59 68 64 58 64 65 62 55 57 57 61 66 54 59 59 57 60 59 56 70 64 65 55 59 70 57 62 54 61 64 45 57 53 61 66 57 61 59 69 60 54 57 52 63 60 61 52 59 57 54 64 60 50 65 58 58 54 60 62 67 52 60 54 55 62 57 56 60 60 60 74 61 58 63 58 54 64 55 51 49 62 55 60
69 68 63 69 64 68 72 64 73 79 65 78 74 70 75 71 86 64 80 79 59 69 73 77 72 69 74 69 70 73 66 82 69 69 71 79 69 67 76 78 64 75 80 71 73 72 70 74 67 77 64 69 63 64 72 81 82 80 69 73 72 68 74 70 76 71 75 75 70 77 80 71 65 81 79 68 69 67 70 73 67 88 75 64 64 64 67 79 71 65 71 69 64 79 67 71 62 64 68 70 73 68 60 66 68 70 88 74 71 66 73 73 70 67 59 74 75 74 66 68 63 69 72 68 81 73 75 74 79 75 77 72 77 74 78 84 80 68 77 80 76 82 56 72 70 68 72 82 61 79 73 69 69 66 62 68 59 71 73 74 74 73 65 72 68 67 79 64 69 69 75 67 74 73 73 74 70 78 71 63 62 67 71 67 76 67 75 66 64 74 68 70 80 76 66 74 73 81 69 70 65 70 73 55 62 63 75 76 69 70 77 81 73 69 71 65 73 64 73 64 75 65 75 70 71 68 78 61 72 63 78 67 81 60 67 63 67 72 69 73 72 69 73 82 70 69 74 70 66 71 63 63 66 66 70 66
63 59 60 61 62 64 67 60 67 76 57 63 70 56 66 59 73 62 64 71 54 61 68 69 70 67 74 61 66 67 57 70 63 64 71 68 69 61 73 65 54 67 70 68 70 69 57 70 65 66 70 68 69 55 68 65 67 62 62 75 73 71 72 61 71 68 78 68 71 65 73 66 64 71 71 57 62 70 64 60 59 75 68 58 64 59 64 64 69 53 62 64 57 70 64 49 60 72 63 67 67 60 56 64 62 58 78 61 71 56 68 69 72 57 63 67 68 65 63 66 52 62 61 62 68 66 78 65 65 78 66 65 70 61 65 65 63 68 70 62 66 65 39 71 67 66 67 73 65 65 67 64 60 66 59 62 52 59 64 72 69 72 68 68 67 64 69 69 59 68 66 62 58 64 67 69 69 71 66 60 64 59 65 64 70 60 69 64 71 74 67 58 75 72 64 58 67 72 65 70 54 58 63 46 59 65 68 72 66 66 70 73 65 58 63 61 75 62 62 54 65 60 64 57 69 59 76 52 67 59 74 62 66 54 72 56 67 70 62 73 68 64 64 71 65 60 65 65 72 70 60 63 61 65 65 54
60 57 59 61 60 59 64 62 60 68 59 65 60 66 71 63 75 60 65 62 61 55 63 63 59 57 61 61 57 65 51 69 54 57 69 66 65 57 66 65 65 65 69 64 64 62 53 66 58 60 59 64 59 55 63 64 61 75 54 69 62 60 61 60 63 58 65 65 67 65 66 62 62 68 66 64 60 64 64 54 67 77 67 63 57 50 60 66 64 60 64 61 63 68 62 60 50 62 67 63 66 54 54 66 59 65 67 56 66 55 67 62 64 66 59 68 64 60 66 68 54 59 67 62 68 74 63 65 62 67 63 63 61 62 65 63 65 66 64 63 62 74 44 62 60 65 61 71 58 57 64 67 54 62 65 60 64 62 62 68 71 65 61 65 63 58 65 57 52 58 61 60 69 58 67 73 68 68 70 59 58 57 61 60 62 60 66 59 57 69 60 60 65 64 67 57 63 73 60 67 68 60 58 46 60 59 62 66 63 65 56 68 63 59 57 55 69 55 62 62 60 58 55 68 64 52 64 59 66 60 73 58 66 57 61 58 63 64 59 75 67 63 63 68 66 55 60 58 61 51 55 56 61 61 52 59
73 71 61 66 71 73 71 66 83 76 66 74 74 71 72 70 74 72 70 83 62 68 66 71 82 72 69 70 73 68 69 76 66 70 71 70 76 72 74 74 66 70 82 67 78 73 64 75 76 83 69 73 71 64 80 76 71 75 76 79 80 67 75 70 62 76 76 70 75 71 70 69 67 82 75 71 69 79 60 71 69 88 76 68 61 67 76 72 79 64 74 72 67 73 65 66 62 68 75 72 69 59 59 74 69 68 83 68 75 60 72 74 84 69 74 65 73 74 78 72 55 69 62 76 76 67 80 73 70 75 80 70 73 62 73 76 75 66 65 67 78 82 59 67 68 73 72 72 70 73 75 65 62 66 74 77 65 76 72 79 68 71 76 70 69 62 77 74 70 69 67 60 76 71 77 74 70 72 68 64 75 76 70 70 70 71 66 71 59 74 68 71 72 69 76 70 76 79 75 77 60 69 61 64 66 73 70 85 71 73 66 72 69 66 63 66 64 60 72 61 75 68 66 68 76 60 77 61 73 59 73 74 77 57 78 74 72 64 70 84 76 74 68 82 72 70 68 77 73 70 64 73 60 68 72 68
61 61 54 60 59 60 66 60 61 69 66 60 57 49 63 58 64 56 57 67 51 52 55 69 65 63 63 60 62 52 54 68 59 55 64 66 56 57 61 55 54 57 73 54 58 64 58 68 52 65 63 57 53 52 51 56 63 62 53 66 62 59 58 64 52 62 64 60 65 60 61 57 71 66 70 59 62 59 53 56 59 74 66 55 59 52 64 63 61 57 70 56 60 63 53 52 50 55 59 60 57 49 57 61 58 58 71 61 65 56 60 60 64 54 51 68 59 65 61 54 53 59 56 57 72 66 62 59 64 62 56 66 62 59 72 74 68 55 60 53 54 66 49 58 56 63 56 67 56 56 65 59 61 50 54 61 60 65 53 68 64 57 60 60 60 54 63 52 61 58 61 57 59 57 60 53 61 59 64 58 59 64 66 55 53 57 65 57 51 62 59 58 61 62 60 62 59 77 56 61 50 64 57 55 46 58 64 66 53 56 66 62 58 51 58 60 60 53 54 55 66 58 55 54 59 48 65 60 65 53 62 60 63 55 60 57 63 58 56 61 66 57 55 57 66 61 58 56 54 63 53 56 60 59 62 58
62 55 57 54 63 63 61 53 58 66 58 61 65 59 69 56 62 61 63 61 55 56 50 67 65 60 60 59 64 53 57 67 56 66 66 63 62 55 60 63 56 62 60 60 59 60 57 60 55 64 59 64 55 53 59 59 66 67 59 60 59 61 58 60 60 60 61 62 65 58 63 56 62 66 60 64 60 63 56 58 61 73 73 55 57 54 55 63 61 47 62 58 47 63 55 55 50 62 64 64 56 46 56 58 46 51 61 56 57 55 56 63 64 57 55 56 59 58 58 67 54 61 59 57 59 65 53 63 65 63 57 63 61 52 58 66 64 58 60 63 53 68 42 62 54 63 59 63 50 57 64 56 51 54 63 45 62 66 66 64 57 58 55 63 68 49 59 58 63 50 55 61 61 52 58 59 59 67 59 60 57 56 72 61 55 53 64 62 58 61 54 60 63 65 61 58 64 73 56 62 48 63 44 40 53 61 61 62 60 58 61 62 70 53 59 56 61 52 57 60 51 52 69 63 63 51 54 54 61 50 62 56 61 52 55 57 65 60 55 65 66 60 64 64 57 50 50 60 56 56 56 53 51 55 53 63
65 68 64 68 63 67 78 67 73 72 62 70 61 65 69 64 71 65 71 73 55 68 59 80 75 64 70 63 70 66 68 74 69 69 66 77 63 62 76 77 68 73 80 60 64 77 66 73 59 70 68 70 62 61 63 73 75 76 65 68 70 70 72 68 60 73 77 73 73 75 68 65 74 78 70 61 61 66 57 69 71 81 72 66 67 59 64 68 73 59 80 63 66 76 66 67 59 61 69 70 70 54 59 75 67 67 74 73 70 58 66 70 79 67 71 68 71 68 70 71 61 65 64 67 75 76 69 81 67 66 65 61 64 62 68 73 72 67 71 69 67 77 55 66 70 71 63 73 68 64 74 64 60 65 70 68 63 69 65 75 76 65 69 71 71 67 72 63 73 70 63 62 69 67 73 75 65 66 66 60 69 59 72 74 69 71 64 61 58 71 62 63 77 74 69 74 65 78 70 73 64 65 66 59 58 65 70 78 56 75 68 68 71 58 67 63 69 62 68 60 70 63 70 62 65 58 73 61 65 61 62 68 66 65 67 75 68 63 66 74 75 68 61 75 63 63 69 67 71 71 57 60 66 59 61 60
53 69 58 58 55 60 62 60 55 67 60 59 58 56 56 57 63 59 65 65 58 54 59 59 62 56 57 57 60 59 55 66 67 55 62 64 62 60 55 56 50 62 68 57 66 66 59 65 60 61 58 57 59 54 65 59 60 62 53 74 68 62 55 54 49 57 65 61 60 70 69 64 61 70 65 48 68 64 63 60 59 67 65 57 56 54 61 59 61 57 61 58 60 60 58 56 54 57 55 62 60 57 50 68 58 61 68 69 65 61 59 61 67 59 51 63 61 56 58 66 47 58 58 60 67 62 68 59 54 59 59 68 57 53 56 70 64 62 63 59 59 66 51 63 59 57 61 64 50 64 66 62 58 63 59 54 58 65 59 58 70 70 59 61 52 55 58 64 62 54 60 61 56 66 67 68 66 76 64 57 60 59 58 63 63 63 57 63 63 55 58 57 64 64 61 59 65 62 64 67 60 62 60 57 48 58 59 64 63 65 60 60 55 46 57 61 61 60 55 56 56 57 60 55 62 53 54 57 64 51 60 52 65 53 62 58 66 61 59 62 60 66 58 63 57 51 59 61 54 58 49 56 62 56 52 56
