5740 5852 5929 5672 5121 5488 5877 6005 5581 5387 5147 5044 5566 5100 5160 5452 5317 5749 5500 5364 6228 5626 5628 5567 5353 5326 5624 6195 5556 5248 5693 4952 5591 5434 5255 5429 5941 5199 5717 5984 5421 5187 5126 5088 4948 5337 5312 5809 5147 5767 5369 5536 5632 5333 5492 5671 5706 5273 5170 5187 5347 5899 5250 4973 5176 5585 4973 5254 5725 5427 5794 5057 5557 5696 5316 5238 5558 5707 5454 5255 5166 5740 5410 5447 5320 5685 5417 5704 5345 5390 5682 5439 5180 5475 5953 5499 5080 5260 5357 5601 5795 5082 5330 5637 5627 5635 5957 5315 5896 5350 5279 5588 4998 5367 5843 5364 5756 5484 5771 5451 5206 5335 5215 5200 5371 5659 5176 5064 5341 5517 5278 5570 5333 5368 4939 5605 5475 5557 5425 5685 5496 4937 5542 5583 5591 5230 5605 5466 5138 5591 5648 5046 5650 5376 5370 5743 5838 5160 5146 5344 5677 5165 5349 5519 5428 5742 5611 5451 5600 4898 5484 5535 5674 5106 5728 5631 5938 5467 5187 5439 5751 5218 5230 5543 5159 5545 5286 5566 5503 5134 5129 4995 5043 4950 5514 5366 5668 5526 5697 5244 5543 4954 5302 5524 5619 5640 5272 5836 5587 5280 5361 5937 5071 5421 4974 5537 5217 5080 5430 5117 5304 5095 5412 5073 5634 5391 5565 5364 5679 5270 5266 5826 5274 5499 5362 5457 5527 5131 5591 5627 5739 5300 5794 5445 5263 5924 5150 5725 4927 5767 5499 5097 6023 5595 5636 5309
5080 5662 5136 5283 5099 5311 5073 5689 5038 4814 4811 4522 5629 4863 4924 5276 5008 5492 4741 5193 5748 5270 5327 5052 5028 4903 5339 5656 5339 4842 5364 4970 5385 5180 5134 5355 5032 4517 5121 5404 4917 4845 4775 5151 5142 5245 5505 5122 5141 5399 5203 5111 5176 4919 5093 5223 5196 4792 4998 4982 5248 5666 5265 4314 4911 5041 4670 4859 5245 5125 5274 4848 5147 5529 5239 4910 5306 5723 5072 4887 4875 5603 5234 5456 5212 5160 5104 5331 4804 5261 5184 5263 5011 5351 5378 5305 4623 4922 5300 5414 5558 5312 5023 5370 5156 4865 5217 5079 5363 5026 4770 5021 4918 5043 4977 5169 4935 5010 5602 5106 5331 5056 4836 5333 4912 5434 4716 5030 4678 5121 4737 5170 4994 4960 4857 5017 5134 5447 4981 5534 5071 4794 5353 5094 5078 4967 5387 5241 5187 5042 5336 4691 5235 5170 4543 5005 5773 4723 4848 4855 5409 4860 4949 5173 5190 5615 5434 4981 4894 4916 5248 5099 5528 4835 5463 5341 5372 5055 4755 5050 5628 4883 4824 5320 4957 5045 4797 5401 5033 4874 4972 5077 4707 4966 4874 4975 5131 5049 5281 4684 5170 4512 5157 5185 5336 5423 4937 5054 5125 4736 4884 5346 4776 4904 4668 5016 5215 4723 5169 4822 4739 5184 5064 4881 5071 4904 4988 5330 5611 4811 4993 5449 5163 5307 5155 5096 5088 5224 5127 5428 5389 5021 5460 5396 5036 5420 4984 4847 4698 5240 4944 4820 5608 5145 5494 5059
5519 5597 5411 5615 5191 5084 5249 5632 5226 5142 4842 4824 5564 5025 5037 5270 5089 5569 5101 5413 6188 5212 5070 5233 4667 5151 5454 5488 5305 5342 5426 4856 5413 5347 5224 5405 5352 4723 5339 5564 5251 5041 4962 5207 5218 5421 5244 5219 5218 5654 5457 5255 5458 5303 5238 5467 5406 5137 4873 5081 5236 6031 5228 4636 5144 5573 4691 5101 5490 5282 5533 4788 5359 5630 5184 4823 5110 5903 5315 5242 5057 5822 5141 5728 5377 5289 5146 5457 4906 5462 5400 5341 5078 5718 5790 5595 4758 5245 5388 5447 5540 5135 5232 5566 5630 5329 5574 4770 5559 5342 5321 5322 4625 5012 5358 5296 5251 5102 5738 5415 5168 4914 5250 5270 5141 5532 4548 5061 5156 5392 4888 5394 5205 5268 4838 5463 5140 5354 5178 5682 5239 4933 5484 5335 5441 5006 5293 5220 5102 5256 5375 4875 5318 5276 5076 5422 5780 5016 5131 5098 5577 5086 5040 5091 5228 5474 5327 5323 5058 4993 5491 5125 5218 4898 5658 5622 5752 5188 4938 5191 5464 4867 4965 5310 4745 5193 5146 5262 5343 5086 4965 4830 4901 5075 5291 5251 5107 5312 5378 5182 5364 4841 5152 5337 5615 5346 5206 5477 5413 5017 4970 5406 4738 5150 4835 5209 5356 4928 5145 5166 4887 4993 5292 4870 5202 5094 5243 5426 5619 4924 5173 5641 5101 5559 5056 5355 5456 5203 4959 5651 5377 5189 5530 5497 4737 5668 5129 5325 4733 5480 5204 5220 5700 5326 5540 5398
5021 5037 4812 5046 4796 4651 4898 5150 4824 4786 4591 4277 5088 4814 4866 4741 4838 4930 4659 4665 5592 5048 4744 4987 4744 4960 5365 5350 5155 4612 4997 4518 4937 4749 4856 5111 5133 4417 5009 5387 4564 4682 4537 4679 4490 4756 4936 4960 4829 5104 4848 4741 5095 4576 4916 4796 4963 4846 4331 4690 4836 5237 4663 4253 4762 4817 4431 4695 5010 5001 5123 4591 5072 5347 4910 4678 4850 4978 4962 4412 4836 5241 4764 4893 4697 4718 4862 5044 4892 5016 5021 4943 4781 4987 5131 4920 4574 4634 4830 5044 4973 4936 4671 5048 4947 5143 5121 4845 5027 4782 4788 4987 4230 4805 4986 5035 4571 4732 5083 4599 4855 4758 4862 4734 4786 5082 4285 4587 4692 4998 4649 5066 4599 4784 4481 5015 4943 4825 4801 5058 5060 4698 5073 4811 4988 4692 5092 4828 4600 4889 4846 4617 4925 4949 4530 5016 5298 4666 4792 4983 5244 4797 4717 4865 5123 5074 5189 4773 5128 4286 4862 4751 4976 4743 4908 4951 5146 4476 4687 4803 5326 4737 4851 4910 4646 4850 4662 4842 4863 4216 4542 4593 4559 4913 4848 4750 4750 4865 5005 5059 4894 4353 4915 4822 5047 4939 4861 4937 4824 4561 4598 5191 4629 4729 4276 4670 4729 4592 4466 4908 4588 4751 4930 4450 4800 4747 5025 4840 5005 4471 4807 5056 4902 5032 4653 4763 5096 5051 4809 5094 5175 4668 5370 5045 4728 5435 4666 4825 4602 5233 4722 4839 5224 5000 4977 4796
5036 5414 5338 5304 4973 4660 5168 5600 5240 5038 4530 4719 5269 4746 4587 5102 4781 5445 4903 4926 5997 5295 4985 5269 4745 5115 5132 5667 5659 5087 5270 4949 5167 5106 4759 4986 5174 4682 5277 5311 4946 4668 4859 4982 4535 5118 5090 5097 5043 5305 5167 5263 5225 4825 5384 5190 5488 4978 4891 5067 5329 5757 5147 4445 4815 5485 4539 4919 5175 5163 5381 4672 5164 5369 5073 5090 5225 5316 5067 5117 5050 5424 5031 5070 5298 5271 5135 5247 4958 5276 5048 5094 5005 5424 5631 5596 4526 5017 5503 5059 5443 5064 5115 5658 5209 5229 5217 5038 5360 4852 4862 4982 4675 4814 5346 4860 4843 5035 5382 5049 5030 4985 5130 5317 4863 5110 4547 4790 4763 5103 4846 5122 4850 5006 4831 5306 5098 5319 4877 5338 5222 4949 5261 5119 5036 4585 5105 4939 5001 5047 5250 5062 5233 5148 4890 5064 5493 4957 5052 4721 5325 4533 5145 4941 5137 5180 5193 5177 4896 4673 5264 4946 5019 4794 5501 5171 5390 4670 4609 5010 5582 4695 4756 5115 5085 5210 4837 5409 5250 4863 4863 4704 4896 4762 5119 5078 4809 5080 5186 4670 5120 4871 5158 5159 5257 5166 4926 5249 5166 4993 4798 5428 4763 4971 4660 5013 4729 4892 4974 4830 4836 4819 5167 4812 5373 5004 4989 5116 5248 4630 4988 5523 4994 5369 4862 4906 5267 5053 4996 5353 5425 4901 5672 5246 4649 5271 4843 5064 4597 5183 4940 4826 5441 4941 5415 5035
5507 5557 5438 5777 5247 5043 5393 5776 5209 5275 4915 4852 5377 5206 5323 5005 5216 5653 5009 5399 6069 5217 5497 5227 5022 5109 5640 5775 5301 5223 5429 4907 5462 5347 5192 5622 5577 4918 5091 5608 5302 5326 5097 5130 5208 5489 5446 5343 5701 5587 5413 5476 5736 4962 5463 5532 5597 5283 5083 5173 5405 5803 5087 4994 5281 5761 4799 5081 5627 5111 5723 4805 5390 5526 5059 5130 5544 5647 5424 5135 5023 5855 5348 5477 5183 5402 5372 5813 5186 5432 5251 5285 5152 5742 5841 5587 4849 5312 5763 5232 5621 5276 5251 5697 5572 5510 5726 5227 5606 5200 5343 5399 4839 5230 5123 5495 5244 5262 5692 5403 5106 5080 5327 5142 5074 5261 4823 5392 5099 5508 4909 5537 5049 5384 4947 5159 5567 5471 5104 5716 5577 4713 5579 5349 5545 5077 5395 5283 5100 5150 5500 4970 5290 5459 5083 5408 5844 5101 5077 5251 5617 5004 5364 5339 5271 5565 5325 5402 5357 5063 5027 4967 5456 4987 5736 5596 5723 5485 5001 5159 5931 5006 5143 5333 5094 5287 5132 5284 5405 4925 5194 4933 5163 5280 5391 5346 5470 5368 5548 5134 5174 5038 5602 5434 5319 5365 5337 5654 5681 5185 4980 5665 4958 5180 4896 5296 5140 5073 5393 5375 5001 5161 5272 5104 5242 5140 5553 5399 5716 5069 5294 5577 5355 5286 5090 5308 5472 5165 5164 5846 5084 5187 5788 5383 4969 5886 4972 5255 5149 5531 5201 5365 5855 5232 5450 5215
5218 5519 5365 5518 5072 5269 5495 5537 5174 5082 4821 4803 5438 5073 4759 4688 5206 5691 4988 5220 6102 5196 4964 4974 5142 5323 5518 5800 5506 4990 5386 5191 5266 5094 5163 5438 5372 4951 5227 5638 5100 5208 5096 5258 5216 5150 5303 4983 5147 5505 5484 5101 5374 5078 5408 5190 5517 4877 4853 5076 5068 5725 5324 4652 5052 5581 4800 5035 5489 5234 5501 4766 5385 5684 5031 5283 5511 5568 5135 5167 5162 5438 5123 5551 5174 5275 5303 5443 4788 5650 5367 5447 5170 5570 5635 5268 4754 5128 5295 5259 5673 4924 5403 5423 5631 5478 5380 5145 5567 4961 5123 4912 4524 5194 5307 5444 5283 5164 5613 5410 5024 4897 5019 5261 5206 5424 4949 5161 5334 5276 4825 5306 5023 5262 4844 5171 5348 5298 5195 5668 5266 5027 5724 5135 5306 5307 5528 5176 5355 5127 5301 4712 5598 5305 5062 5257 5438 4703 4916 5236 5331 4969 5234 5303 5136 5517 5597 5186 5485 4878 5342 5017 5640 5111 5264 5266 5350 5258 5267 5166 5795 4878 4716 5235 5219 5256 5201 5255 5103 5029 5038 5034 5000 4869 5419 4817 5133 5165 5632 5271 4700 4454 5323 5031 5458 5500 4989 5349 5266 5038 5048 5431 4751 5249 5272 5140 5142 5118 5078 5064 5189 5130 5218 4958 5349 5316 5252 5171 5425 4757 5370 5624 5318 5326 5224 5025 5398 5178 5189 5504 5703 5073 5609 5497 5090 5699 4954 5235 4673 5266 5290 5167 5830 5478 5213 5469
5451 5272 5521 5621 5178 4905 5566 5350 5310 5008 4780 5056 5462 4693 5107 5008 5094 5466 5038 5353 5999 5277 5334 5334 4865 4974 5355 5456 5384 5051 5431 4813 5304 5165 4875 5365 5382 4852 5322 5283 5158 5050 5134 5072 5102 5389 5006 5211 5257 5401 5123 5389 5402 4792 5242 5354 5443 4989 4912 5121 5201 5648 5338 4448 4901 5467 4729 4942 5156 5163 5389 4688 5361 5496 5297 4981 5270 5652 5113 5064 5146 5523 5188 5269 5235 5288 5207 5296 4856 5248 5225 5344 4934 5386 5610 5469 4940 5214 5339 5287 5446 5037 5138 5252 5343 5296 5464 4866 5465 5253 5089 5296 4502 5069 5292 5233 5033 5088 5712 5114 5170 4961 5057 5143 5048 5313 4959 4988 5108 5350 4984 5542 5003 5100 4852 5526 5348 5212 4853 5760 4991 4967 5418 5180 5297 4979 5257 5241 5104 5272 5341 4941 5224 5363 5074 5395 5626 4933 4787 5130 5451 4989 4997 5062 5014 5605 5522 5275 5159 4724 5193 5096 5556 5014 5567 5452 5523 4886 4987 5098 5382 5120 5034 5345 4876 5164 5217 5262 5177 4902 4927 5246 4855 4811 5128 5227 5084 5196 5413 4853 4924 4760 5125 5397 5314 5045 5241 5269 5217 4903 4962 5584 4760 5230 4975 5050 5186 4858 5204 4968 5023 4919 5229 5211 5047 4835 5359 5061 5530 4873 5340 5518 5187 5298 4961 4903 5682 5138 5176 5393 5392 5066 5421 5439 4833 5626 4982 5242 4883 5252 5063 5230 5687 5266 5519 5076
5227 5462 5474 5115 5090 5157 5186 5681 5023 5285 4607 4811 5597 4809 4875 4873 4978 5621 4884 4973 6007 5064 5340 5350 4893 4805 5371 5654 5461 4946 5417 4856 5543 5279 5108 5160 5480 4834 5369 5810 5158 4960 4820 5250 4916 5114 5365 5175 5109 5061 5175 5088 5391 5028 5423 5270 5466 5048 4842 4797 5136 5545 5043 4600 5117 5287 4978 4958 5199 5285 5528 4845 5337 5784 5091 4926 5314 5628 5139 5105 4881 5626 4935 5341 5092 5284 5114 5211 4894 5313 5309 5548 4955 5362 5566 5423 4864 4975 5229 5111 5556 4978 5374 5551 5616 5409 5422 4968 5591 5034 4922 5415 4518 5088 5211 5040 5029 5131 5659 5431 4875 5009 5050 5010 5044 5247 4534 4958 5293 5382 4978 5173 5112 5004 4548 5421 5428 5355 5105 5521 5161 4679 5326 5196 5347 5086 5394 4731 4840 5215 5121 4647 5250 5210 5005 5204 5648 4794 5215 4930 5276 4859 5452 5093 5172 5437 5549 5183 5208 4831 5446 4995 5564 4874 5567 5402 5500 5228 5117 5061 5781 5107 4909 5280 4872 5195 4932 5233 5319 4836 4981 5067 4855 5048 5009 4990 5261 5158 5115 5011 5068 4857 5283 5330 5535 5349 5088 5328 5504 4766 4774 5466 4806 5171 4707 5197 4986 4822 5135 5028 4939 5136 5301 4980 5185 5123 5056 5136 5284 4761 4916 5380 5172 5343 5168 5093 5320 5285 5287 5468 5445 5148 5393 5513 4804 5608 4972 5084 5095 5397 5130 5091 5580 5367 5717 4935
5562 5442 5579 5505 5213 4962 5335 5285 5140 4907 4819 4655 5424 5520 4917 4837 4915 5636 5139 5032 6177 5245 5364 5197 4978 5294 5533 5602 5485 5224 5416 4811 5482 5020 5066 5255 5443 4717 5186 5403 5142 5019 4758 4927 4961 5158 5338 5056 5173 5610 5338 5056 5255 4972 5485 5158 5371 4881 5052 4996 5137 5862 4794 4590 5045 5331 4690 4924 5336 5430 5350 4975 5392 5504 4989 4844 5140 5419 5162 5137 4885 5537 4769 5445 5234 5219 5225 5162 5091 5320 5274 5216 5254 5567 5576 5250 4807 5100 5333 5200 5496 5050 4995 5437 5456 5259 5262 5051 5449 5293 5161 5118 4409 4993 5277 5245 4873 4940 5451 4948 5082 4987 5161 5146 5063 5299 4975 5048 4886 5301 4795 5148 4920 5060 4787 5410 5293 5304 5173 5258 5134 4891 5598 5247 5216 4851 5327 5409 4811 5166 5361 5086 5236 5565 4906 5300 5667 4825 5271 5101 5543 4620 5149 5141 5081 5459 5617 5011 5156 4976 5277 5227 5225 4994 5781 5514 5452 4897 5219 4901 5574 4998 4843 5321 4808 5564 4828 5278 5284 4926 4850 4898 4990 5024 5288 5112 5255 4916 5231 4859 4879 4725 5232 5168 5231 5312 5017 5347 5360 5189 4805 5451 4629 5195 4804 5179 5072 4904 5033 5017 4992 4877 5283 5031 5391 4936 5018 4892 5357 4710 5132 5751 5099 5294 5165 5177 5238 5267 5119 5517 5450 5185 5648 5263 4731 5579 4936 5347 4873 5321 5256 4988 5500 4913 5270 5138
5430 5710 5480 5620 5309 5323 5395 5704 4991 5163 5172 4847 5955 5518 5286 5264 5392 5711 5006 5334 6296 5431 5319 5578 5572 5393 5950 5858 5561 5365 5510 4906 5793 5334 5473 5694 5916 4902 5547 5875 5277 5033 5019 5347 4993 5563 5410 5389 5366 5892 5698 5182 5779 5087 5409 5502 5467 5210 5241 5447 5595 5852 5066 4939 5113 5459 4980 4884 5541 5578 5663 4922 5745 5587 5255 5256 5238 5887 5342 5272 5047 6081 5118 5651 5475 5452 5412 5337 5556 5349 5294 5449 5303 5712 5974 5696 4962 5024 5493 5565 5840 5213 5287 5791 5576 5666 5538 5362 5783 5124 5405 5589 5059 5211 5489 5374 5161 5319 5842 5275 5424 5318 5170 5499 5360 5625 5158 5297 5248 5143 5126 5426 5397 5502 4891 5536 5604 5436 5387 5544 5574 5258 5769 5690 5460 5311 5478 5287 5468 5560 5419 4955 5536 5550 5163 5396 5804 5084 5369 5531 6112 5197 5554 5473 5447 5700 5648 5152 5607 4849 5438 5388 5765 5101 5564 5812 5633 4991 5473 5303 6128 5071 4997 5449 5504 5478 5193 5296 5571 5053 5157 5218 5198 5315 5178 5452 5456 5323 5287 5513 5569 5097 5712 5448 5339 5604 5303 5530 5636 5193 5390 5525 5291 5337 5106 5571 4957 5122 5492 5293 5239 5486 5408 4876 5517 5403 5593 5458 5545 5241 5247 5699 5344 5635 5327 5374 5636 5302 5613 5827 5738 5421 5804 5768 5124 5644 5225 5284 5137 5754 5314 5337 5868 5667 5482 5658
5095 5518 5659 5421 4918 5033 5433 5403 5216 5184 4683 4786 5478 4897 4774 5149 5117 5540 5003 5180 5852 5698 5475 5111 4918 5185 5470 5755 5439 5065 5402 4893 5359 5228 4828 5330 5581 4982 5520 5450 5266 5090 5064 5297 4991 5148 5211 5327 5079 5113 5065 5142 5337 4841 5444 5304 5292 4977 4997 4684 5216 5747 5332 4818 4882 5321 4914 5029 5531 5188 5448 4996 5093 5438 5204 5053 5409 5794 5206 5151 4868 5605 5169 5481 5035 5112 5299 5121 4727 5355 5166 5412 4856 5523 5375 5578 5169 5136 5429 5270 5602 4971 4978 5519 5523 5331 5291 5189 5408 4905 5086 5059 4558 5095 5240 5441 5318 5134 5703 5281 4877 5186 5183 5194 5076 5414 4996 4896 5142 5486 4991 5373 4938 5110 4694 5590 5316 5379 5145 5465 5437 4883 5311 5373 5593 4896 5079 5060 4984 5309 5098 4959 5516 5175 4846 5428 5605 4946 4980 5185 5333 4725 5171 5201 4925 5740 5493 5201 5223 4617 5321 5073 5523 4940 5738 5623 5553 4959 4976 4930 5627 4989 4772 5480 5064 5316 5120 5319 5425 5023 4940 4820 4829 4837 5340 4968 5187 5095 5474 4872 5153 4797 5499 5480 5640 5321 5006 5409 5139 5107 4801 5660 4866 5415 4881 5235 5039 5002 5173 5213 5131 4855 5089 5111 5386 5191 5211 5080 5563 4864 5344 5780 5143 5362 5053 5128 5457 5127 5074 5502 5431 5115 5410 5369 4981 5655 4680 5109 4607 5228 5357 5053 5820 5099 5619 5188
5974 5760 5780 5992 5346 5792 5788 5909 5323 5226 5096 4999 5856 5347 5574 5390 5466 6069 5394 5513 6753 5668 5875 5816 5615 5446 5991 6183 5542 5460 5799 5254 5512 5626 5470 5671 5844 5246 5649 5937 5471 5537 5494 5263 5227 5689 5764 5638 5639 5821 5689 5497 5780 5304 5663 5639 5916 5410 5368 5333 5526 5895 5417 5086 5468 5792 4883 5563 6078 5843 5711 5221 5834 6137 5535 5014 5682 5983 5317 5450 5540 6037 5632 5529 5341 5537 5818 5431 5479 5724 5438 5541 5281 5823 5919 5800 5191 5591 5657 5794 5890 5644 5329 5626 5885 5534 5947 5458 5728 5575 5649 5880 5180 5332 5687 5679 5392 5467 5855 5431 5503 5362 5482 5690 5396 5856 5258 5488 5440 5576 5303 5464 5241 5613 5119 5693 5766 5796 5169 6028 5549 5296 5815 5606 5765 5492 5599 5705 5468 5751 5861 5366 5900 5834 5330 5823 5942 5339 5448 5555 6000 5472 5632 5614 5369 5914 5989 5317 5449 5246 5674 5590 5970 5283 6159 5852 5697 5214 5348 5472 6062 5281 5146 5720 5109 5906 5249 5845 5579 5158 5304 5320 5402 5452 5550 5688 5744 5302 5961 5341 5396 5308 5850 5652 5886 5867 5269 6014 5441 5490 5473 5749 5073 5666 4912 5589 5616 5419 5347 5466 5236 5354 5825 5174 5596 5498 5680 5527 5993 5111 5564 5888 5361 5604 5224 5576 5750 5582 5682 5699 5966 5480 6149 5619 5373 6173 5499 5706 5439 5743 5580 5515 6189 5531 5958 5560
5422 5311 5409 5505 5177 4926 5560 5519 5326 5326 4812 4971 5374 4677 5149 5120 5231 5709 5043 5147 6156 5391 5391 5354 5011 5254 5492 5600 5894 5014 5378 4838 5400 5243 5026 5233 5662 4998 5307 5544 5025 4983 4824 5155 4649 5246 5380 5307 5220 5268 5345 5290 5445 4842 5555 5485 5503 5058 5125 4820 5226 5569 5169 4860 4866 5581 4951 4995 5505 5326 5809 5026 5545 5625 5253 5040 5319 5546 5254 5292 5098 5726 5062 5598 5218 5453 5282 5322 5113 5412 5127 5316 5093 5411 5807 5552 5197 5193 5336 5515 5496 5149 5110 5467 5316 5437 5653 5172 5531 5248 4952 5506 4522 5093 5439 5299 4995 5404 5582 5208 5387 4948 5368 5200 5185 5424 4917 4981 5159 5314 4950 5322 5166 5131 4955 5507 5559 5374 5031 5761 5193 5161 5347 5578 5439 5039 5133 5054 5122 5220 5322 4920 5307 5292 5061 5495 5845 4857 5041 5148 5416 4741 5245 5232 5249 5393 5475 5462 5117 4756 5112 5073 5547 5029 5644 5474 5449 4950 5107 5227 5533 5416 4833 5350 5048 5558 4968 5147 5345 5045 4871 5039 4867 4808 5272 4996 5317 4937 5373 5203 5276 4928 5544 5271 5531 5406 5115 5548 5194 4899 5190 5708 4769 5198 4770 5344 5246 5027 5126 5053 5050 5107 5249 4946 5445 5193 5162 4999 5245 4864 5436 5585 5399 5494 4969 5196 5405 5133 5142 5691 5460 5407 5721 5334 4681 5719 4946 5237 4776 5489 5031 5065 5467 5317 5697 5270
5375 5638 5320 5338 5242 5140 5255 5741 4863 4993 4942 4510 5510 5037 5135 4857 5118 5520 5039 4839 5818 5194 4957 5229 5174 5233 5791 5871 5420 5084 5311 4963 5159 5173 5183 5382 5491 4686 5393 5654 4988 5124 4996 5281 4678 5229 5502 5228 5154 5786 5217 5180 5607 4989 5173 5332 5283 4929 4852 5362 5031 5684 5214 4650 4961 5512 4604 4929 5346 5467 5298 4826 5227 5647 5102 5192 5392 5518 5280 5321 4761 5842 4977 5482 5091 4948 5235 5229 5281 5366 5269 5183 4996 5441 5842 5371 4915 4920 5273 5470 5650 5269 5224 5450 5299 5086 5390 5205 5498 5066 4978 5357 4806 5080 5216 5234 5112 5217 5328 5015 4942 5067 5230 5254 4922 5287 4974 5231 5042 5383 4883 5049 4936 5281 4887 5300 5097 5336 5170 5546 5273 5012 5461 5343 5402 5199 5210 5149 5043 5121 5346 5033 5430 5386 5045 5196 5387 4786 4941 5238 5817 4773 5238 5132 5251 5455 5480 4981 5230 4830 5241 5270 5458 5101 5589 5373 5216 4840 4975 5175 5691 5021 4679 5354 5118 5308 5047 5242 4941 4878 5144 5079 4880 4770 5077 5222 5338 5042 5190 5144 5222 4892 5182 5381 5344 5341 5123 5462 5345 4902 5361 5690 4968 5061 4854 5397 5247 4904 4929 5027 4902 5295 5311 4720 5759 5221 5318 5268 5203 4630 5127 5404 5156 5107 5213 5363 5323 5140 5272 5421 5540 5064 5663 5290 5077 5448 5021 5097 4898 5430 5240 5124 5766 5203 5365 5156
4862 4880 4845 4862 4488 4631 4814 5048 4777 4497 4383 4224 4965 4582 4514 4568 4608 4914 4410 4524 5315 4829 4736 4981 4524 4532 4876 5146 5015 4793 4686 4554 5001 4663 4710 4844 4991 4424 4976 5014 4624 4696 4335 4652 4385 4717 4927 4873 4531 4909 4786 4878 4833 4465 4563 4796 4852 4619 4483 4654 4896 5272 4663 4219 4508 4826 4319 4565 4687 4968 4901 4351 4505 5260 4591 4714 4740 5360 4930 4624 4744 4922 4631 4919 4640 4487 4916 4778 4455 4853 4572 4813 4591 4821 5067 4707 4399 4569 4711 4925 5175 4719 4539 5013 4937 4778 5016 4518 5017 4546 4364 4777 4219 4471 4878 4626 4536 4468 4994 4679 4738 4583 4535 4960 4552 4650 4204 4572 4307 4653 4395 4743 4365 4837 4249 4695 4985 4698 4556 5050 4859 4285 4905 4493 4918 4456 4889 4664 4369 4555 4712 4343 4672 4760 4520 4637 5270 4371 4237 4562 5143 4525 4557 4549 4735 4799 4810 4802 4542 4177 5105 4407 4942 4242 4884 4822 4971 4565 4605 4842 5080 4218 4279 4916 4779 4733 4424 4879 4578 4428 4561 4669 4328 4331 4626 4535 4495 4718 4892 4716 4812 4538 4660 4721 4820 4629 4435 4845 4749 4227 4415 5034 4527 4639 4431 4516 4745 4273 4476 4588 4518 4444 4797 4559 4849 4672 4855 4882 5115 4215 4764 4950 4736 4864 4378 4404 4889 4642 4697 5044 4775 4704 5112 4916 4659 5198 4344 4750 4510 5049 4724 4555 5089 4523 5061 4527
5715 5555 5587 5827 5267 5078 5572 5549 5337 5477 5126 5067 5469 5150 5021 4982 5379 5741 5021 5501 6033 5411 5365 5057 5307 5310 5491 5849 5717 5120 5687 4937 5444 5478 5214 5627 5723 5242 5351 5923 5415 5025 5203 5147 5214 5555 5329 5358 5345 5658 5370 5469 5500 5142 5423 5576 5626 5199 4979 5242 5403 5852 5325 5111 5248 5708 4741 5097 5827 5531 5788 5072 5435 5832 5442 5282 5502 5752 5380 5065 5034 5855 5291 5512 5436 5493 5289 5363 5069 5596 5352 5690 5160 5800 5770 5410 4639 5320 5646 5647 5695 5081 5527 5756 5444 5602 5716 5316 5690 5086 5128 5465 4877 5130 5418 5135 5277 5484 5846 5545 5362 5318 5139 5485 5182 5370 5043 5261 5185 5199 5025 5533 5042 5085 4960 5518 5664 5616 5537 5923 5322 5034 5878 5308 5583 5157 5619 5165 5168 5047 5338 4916 5454 5479 5283 5530 5836 5301 4977 5144 5561 5052 5234 5232 5546 5687 5449 5624 5420 5127 5568 4989 5536 5103 5844 5573 5750 5289 4901 5302 5856 5135 4974 5244 5346 5319 5328 5386 5614 4982 5006 5256 5136 4678 5193 5213 5681 4984 5544 5276 5205 5025 5328 5391 5501 5756 5353 5682 5442 5081 5365 5693 5070 5282 5178 5469 5105 5376 5522 5205 5184 5206 5594 4990 5431 5156 5502 5561 5425 4906 5555 5543 5220 5469 5061 5223 5576 5124 5220 5553 5461 5380 5861 5423 5260 5816 5402 5383 4954 5378 5253 5389 5873 5563 5528 5254
5206 5526 5324 5588 5030 5011 5444 5793 5286 5215 4999 4736 5241 5017 4913 5090 5035 5750 4908 5154 6132 5299 5438 5233 5116 5136 5422 5551 5532 5092 5420 4651 5393 5322 5021 5471 5234 5085 5261 5466 5213 5017 5002 5167 5046 5227 5501 5022 5249 5390 5237 5268 5355 5066 5270 5114 5520 4890 5058 5316 5079 5723 5292 4736 4862 5303 4829 5023 5391 5432 5533 4599 5204 5570 5165 5200 5251 5559 4941 4836 4964 5393 5094 5205 5240 5044 4950 5552 5067 5220 5502 5241 5081 5515 5506 5326 4655 5138 5378 5448 5402 4946 5264 5432 5294 5277 5396 5031 5454 5056 5140 5308 4797 5118 5142 5262 5105 5166 5476 4939 5203 5158 5192 5166 5005 5280 4720 4830 4996 5005 4881 4925 4885 5058 4699 5418 5231 5326 5024 5482 5175 5138 5427 5106 5123 5145 5408 5089 5105 5168 5171 4869 5417 5399 5248 5399 5793 4948 5134 5075 5283 4930 5209 5256 5519 5488 5480 5008 5043 4919 5410 5006 5321 5034 5457 5346 5418 5211 5090 5243 5589 4908 4896 5311 4868 5156 4936 5242 5082 4847 5066 4801 4894 5025 5103 5126 5033 5308 5358 4893 4945 4932 5169 5272 5547 5320 5157 5325 5268 5039 4950 5148 4794 5126 4706 5030 5123 5065 5199 5300 5135 4856 5381 4847 5188 4933 5151 5416 5500 4915 5242 5771 5109 5373 4955 5084 5332 5046 5123 5284 5586 5203 5506 5213 4906 5805 5060 5180 4813 5490 5112 5117 5830 5386 5413 5196
5511 5760 5670 5774 5211 5280 5589 5788 5355 5328 5059 4787 5558 4989 5156 5159 5185 5779 5344 5414 6307 5453 5254 5177 5359 5456 5743 5862 5676 5256 5656 5195 5291 5503 5334 5589 5697 4852 5525 5746 5389 5186 5254 5304 5269 5526 5536 5322 5476 5518 5270 5392 5459 5032 5652 5564 5497 5030 5133 5406 5523 6019 5607 4748 5108 5829 4873 5256 5527 5684 5599 5042 5469 6029 5187 5035 5429 5775 5417 5435 5104 5762 5014 5640 5502 5563 5617 5570 5329 5472 5658 5585 5269 5537 5853 5730 4821 5080 5555 5550 5904 5439 5622 5571 5590 5505 5469 5288 5539 5259 5481 5328 4734 5162 5534 5494 5419 5103 5646 5456 5405 5081 5301 5411 5235 5875 5184 5400 5240 5380 5080 5472 4991 5301 4950 5696 5513 5759 5244 5711 5439 5268 5677 5620 5565 5226 5697 5315 5003 5432 5562 4951 5586 5540 5457 5712 5838 5125 5160 5175 5696 5302 5515 5450 5354 5525 5720 5382 5197 5095 5457 5459 5424 5242 5790 5590 5435 5234 4939 5459 5850 5207 4982 5664 5145 5464 5215 5653 5575 5005 5263 5360 5081 5123 5336 5349 5453 5417 5425 5217 5370 4994 5598 5652 5531 5289 5095 5685 5336 5276 5251 5567 5061 5326 4951 5470 5564 5228 5155 5350 5098 5326 5351 4913 5661 5443 5466 5548 5596 5022 5550 5569 5416 5583 5186 5077 5388 5253 5367 5673 5633 5291 5900 5845 5335 5552 5128 5309 4707 5756 5239 4950 6009 5435 5608 5414
5258 5097 5145 5393 4958 5092 4989 5609 5033 4666 4668 4545 5531 4953 4846 5114 5066 5520 4812 4982 5851 4961 5199 5104 4964 4905 5501 5679 5360 5117 5328 4983 5003 5078 5141 4992 5255 4683 5229 5289 5047 5079 4760 5209 4684 4990 5414 4806 4883 5129 5252 5228 5178 5048 5286 5066 5480 4892 4837 4953 5122 5343 4902 4459 4951 5194 4522 4817 5274 4973 5502 4820 5033 5696 4922 4921 5351 5564 5175 4770 4997 5583 5106 4949 4761 4911 5373 5153 4744 5152 4962 5114 4791 5454 5274 5468 4847 4730 5200 5210 5367 4864 5038 5148 5368 5474 5432 4815 5289 4790 5097 5416 4218 5248 5320 5344 4795 5011 5402 5315 4933 5008 5150 5063 5008 5315 4614 4891 4847 5216 4758 5074 4902 5287 4596 5083 5351 5177 5063 5526 5166 4814 5392 5169 5134 4991 5231 4921 4905 4972 5107 4778 5180 4967 4795 5163 5315 4706 4814 5037 5283 4783 5146 5092 5251 5320 5383 5082 5039 4629 5428 4779 5297 4801 5477 5146 5329 5036 5023 4776 5264 4667 4848 5290 5029 5223 4886 5174 5266 4941 4966 4891 4955 4594 5062 5071 4840 5263 5303 4944 4730 4796 5130 5128 5188 5288 5075 5204 5355 4691 4969 5418 4767 5083 4801 5141 4718 4769 4989 5060 4851 4837 5264 4861 5167 5037 5216 5166 5262 4691 4907 5371 4891 5143 4896 5095 5247 5293 5177 5347 5373 4740 5670 5364 4674 5528 4939 5075 4925 5146 4965 5069 5697 5165 5424 4751
5295 5706 5295 5146 4930 5270 5190 5389 5194 4988 4770 4579 5552 4752 4739 4797 5035 5618 4864 5014 5949 5059 5338 5253 5053 5071 5429 5737 5333 4923 5210 4950 5319 4838 4988 5220 5640 4912 5265 5613 5039 4859 4762 4980 4855 5426 5341 5089 5115 5194 5194 5064 5322 4610 5272 5204 5299 4852 4807 4871 5183 5615 5112 4542 5003 5161 4534 4910 5263 5287 5240 4833 5118 5433 5129 5108 5296 5431 5001 5027 4945 5688 5031 5277 5090 4959 5121 4930 4680 5249 5282 5222 4977 5161 5432 5274 4721 5049 5261 5296 5477 4968 4964 5345 5295 5223 5356 5118 5776 5173 5012 5121 4598 4837 5262 5031 5120 5116 5519 5379 4921 4967 5043 5078 5012 5536 4725 4978 5062 5115 4739 4998 4870 5356 4654 5121 5150 5371 4998 5169 5127 4599 5524 5167 5458 5030 5069 4948 5156 5051 5442 4815 5334 5018 4878 5582 5655 4877 4925 5079 5707 5027 5178 5280 4983 5309 5403 4945 5151 4827 5462 5129 5261 4911 5382 5293 5297 4952 4758 5146 5911 4887 4835 5065 4897 5019 5066 5326 5459 4713 4955 4748 4938 4815 5271 4901 5283 5227 5110 5023 5116 4865 5285 5066 5549 5324 5114 5034 5571 5015 4833 5507 5008 5263 4822 5167 5019 4816 5094 4906 4995 5034 5233 4676 5282 5057 5013 5280 5583 4822 5168 5290 5070 5240 5181 4941 5197 5183 5054 5289 5452 4988 5208 5334 4915 5566 4996 5037 4784 5258 5168 5048 5694 5100 5291 5254
5664 5615 5669 5665 5284 5334 5579 5793 5339 5244 4798 4885 5823 5052 5496 5383 5348 5703 5115 5031 6281 5451 5695 5363 5204 5406 5810 5965 5485 5437 5624 4965 5716 5428 5322 5547 5738 5112 5505 5830 5266 5275 5369 5305 5112 5266 5417 5495 5619 5457 5287 5346 5554 5140 5758 5709 5462 5292 5018 5153 5547 5968 5002 4981 5520 5705 5132 5080 5570 5289 5895 4859 5724 5766 5389 5153 5347 5702 5502 5302 5335 5981 5130 5502 5444 5218 5639 5514 5183 5557 5454 5503 5079 5634 5965 5652 5092 5364 5686 5656 5854 5473 5392 5626 5514 5235 5821 5176 5640 5215 5197 5583 4775 5342 5451 5566 5154 5205 5522 5301 5373 5195 5390 5473 5295 5645 4771 5317 5276 5679 5213 5540 5029 5442 4905 5631 5748 5383 5159 5870 5399 5068 5582 5550 5642 5161 5251 5641 5188 5528 5405 4738 5281 5601 5142 5565 6093 5083 5302 5269 5798 5099 5376 5410 5395 5502 5424 5494 5225 5150 5530 5087 5544 5119 5812 5659 5542 5290 5152 5491 5588 5080 4994 5425 5071 5634 5166 5386 5238 5051 5201 5092 5091 5089 5527 5311 5392 5334 5613 5148 5454 5060 5561 5580 5484 5389 5322 5689 5552 5142 5050 5759 4923 5295 4846 5469 5348 5061 5223 5361 5013 5264 5828 4956 5311 5062 5494 5462 5527 5223 5379 5853 5418 5554 5207 5507 5228 5322 5600 5846 5552 5526 5931 5602 5033 5763 5200 5256 5036 5712 5520 5415 5823 5595 5864 5292
5055 5002 5133 4986 4646 4838 4821 5001 4674 4836 4514 4283 5009 4620 4615 4392 4852 5047 4727 4603 5541 4832 4813 4783 4711 4724 4831 5252 4910 4928 4949 4478 4943 4847 4736 4793 5009 4291 4635 5210 4573 4412 4433 4577 4712 4940 4775 4541 4679 4837 4766 4477 4827 4901 4936 4845 4768 4656 4533 4702 4624 5283 4557 4524 4668 4758 4594 4645 4844 4903 4943 4169 4876 5147 4736 4653 4651 5244 5007 4584 4368 5188 4656 4883 4825 4690 5023 4725 4507 4954 4787 4958 4616 5069 4994 5041 4343 4758 4806 5029 5077 4725 4777 4852 4886 4839 5067 4670 5003 4679 4675 4905 4170 4642 4852 4868 4626 4626 4872 4879 4856 4471 4554 4617 4498 4993 4503 4574 4570 4743 4559 4870 4551 4624 4131 4990 4770 4840 4663 5021 4570 4391 4979 5002 4838 4628 4870 4744 4625 4817 4809 4511 4871 4796 4341 4755 5200 4521 4763 4698 4876 4758 4868 4772 4624 5211 4897 4590 4721 4338 4963 4749 4893 4603 5120 4813 5054 4491 4437 4756 5279 4558 4279 4902 4456 4676 4598 4784 4745 4540 4668 4343 4505 4447 4651 4891 4837 4462 4903 4595 4565 4134 5087 4649 5134 4775 4569 5071 4695 4423 4635 4946 4409 4636 4554 4687 4861 4665 4558 4710 4645 4386 4858 4165 4837 4554 4766 4573 4964 4404 4653 5018 4697 5050 4621 4840 4903 4718 4767 4986 4770 4760 5218 4964 4739 5199 4957 4518 4442 4863 4829 4789 5009 4865 4669 4405
5220 5360 4884 5264 4767 4930 5266 5254 4999 4745 4525 4637 5250 4679 4697 4861 4931 5336 4727 5025 5927 4964 4865 4858 4944 4679 5223 5568 5161 4970 5143 4704 5218 4982 4877 5163 5081 4770 5086 5194 4971 4747 4996 4866 4801 5078 5028 5004 4848 5341 5280 5013 5176 4840 5390 5034 5181 4339 4780 4811 4970 5443 4932 4401 4705 4939 4509 4926 5032 5202 5396 4519 5052 5429 4882 4625 5172 5630 5055 4751 4857 5254 4922 4901 4963 4956 4886 5217 4886 5423 4907 5152 4721 5115 5423 5049 4735 4769 5121 5042 5318 4819 4875 5383 5446 5130 5159 5102 5196 4857 4886 5220 4509 4813 5129 4993 4777 4970 5362 5163 4774 4810 4944 5103 4787 5099 4451 4609 4905 4988 4744 5127 4829 4995 4415 5226 4917 5080 4972 5368 4881 4542 5244 5258 5541 4629 5469 5031 4898 5173 4933 4656 5283 5067 4710 5240 5614 4828 4891 4761 5318 4687 4884 5129 4907 5174 5271 4972 4868 4522 5311 4941 5288 4760 5401 5330 5381 4931 4708 5143 5470 4621 4605 5006 4704 5491 4734 5256 5133 4515 4721 4921 4635 4779 4982 4787 4984 5052 5125 4866 4957 4572 4938 5108 5320 5128 5053 4918 4927 5035 4884 5136 4480 4847 4645 4982 4742 4664 4906 4836 4917 4871 5235 4690 5051 4887 5029 5281 5377 4558 4990 5264 5085 5173 4840 5090 4816 5059 5037 5236 5416 4870 5219 5080 4864 5321 4922 4846 4690 5131 4976 4892 5393 5145 5261 5045
5388 5719 5638 5505 4982 5154 5630 5898 5233 5395 4853 4798 5702 4939 5148 5085 5227 5535 4963 5155 6027 5437 5439 5250 5299 5318 5300 5832 5547 5014 5424 4767 5409 5397 5008 5330 5510 4867 5376 5528 5135 5195 4739 5408 5176 5185 5403 5356 5165 5428 5125 5156 5350 4987 5668 5416 5348 4880 5040 5171 5145 5723 5110 4689 4796 5242 4887 4923 5509 5319 5491 4933 5300 5801 5163 4911 5382 5704 5215 5143 5115 5484 5134 5310 5289 5392 5342 5397 5074 5394 5550 5155 5231 5473 5630 5399 4865 5214 4991 5507 5663 5421 4947 5596 5540 5329 5577 5027 5442 5281 5191 5449 4834 5475 5338 5681 5112 5226 5660 5249 5058 5388 5189 5355 5426 5631 4780 4962 5173 5211 4974 5307 5211 5119 4946 5522 5341 5366 5272 5736 5367 4950 5430 5570 5595 5181 5321 5369 5190 5607 5362 4803 5597 5265 5034 5605 5969 4943 5164 5129 5569 5095 5346 5406 4993 5536 5124 5216 5310 5003 5271 5209 5815 5016 5371 5275 5650 5222 5285 5074 5553 5019 4907 5397 4866 5419 5231 5421 5280 5020 5119 5117 5175 5184 5095 5113 5557 5164 5417 5100 5297 5004 5227 5125 5508 5558 5193 5154 5309 5308 5186 5476 4996 5161 4800 5214 5226 4971 5078 5199 5126 5193 5350 4825 5206 5219 5142 5155 5579 5050 5246 5667 5218 5404 5122 5209 5380 5168 5444 5521 5657 5186 5676 5331 5155 5749 4836 5202 4806 5636 5114 5136 5518 5654 5626 5328
4995 5185 4954 5307 4735 4833 4886 5122 4813 4743 4599 4341 5125 4669 4710 5017 4708 5103 4584 4938 5495 4843 4945 4873 4736 4817 5002 5333 4817 4787 4855 4510 5004 4859 4928 4977 5214 4602 4845 4955 4754 4736 4782 4434 4453 5048 4941 4683 4757 5145 4981 4862 5022 4580 5077 4859 4798 4610 4563 4754 4904 5357 4687 4404 4808 5144 4419 4418 5113 4955 5019 4655 5011 5209 4788 4745 4997 5123 4939 4665 4786 5262 4772 5068 4746 4831 4983 4937 4702 5060 4842 4856 4916 4887 5441 5091 4189 4575 4861 5011 5367 4874 4779 5011 5174 4804 5055 4718 4975 5112 4654 4679 4629 4856 5129 4768 4890 4745 5091 4840 4637 4706 4781 4828 4778 5105 4744 4800 4858 4976 4425 4836 4599 4944 4617 5072 4776 5013 4616 4932 4870 4498 5107 4974 4781 4638 4891 4890 4829 4929 4916 4476 5192 4924 4651 4960 5302 4399 4654 4654 5201 4857 4789 5048 4710 4929 4838 4848 4842 4614 5079 4651 5101 4821 5238 4954 4969 4608 4488 4646 5317 4424 4497 4720 4670 4867 4929 4843 4885 4853 4641 4555 4639 4622 4998 4845 4957 4788 5019 4830 4582 4412 4996 4926 5086 4828 4460 5104 4919 4726 4774 4813 4683 4768 4422 4664 4897 4669 4897 4866 4825 4655 4955 4430 5117 4646 5021 4659 5008 4425 4564 5275 4565 4951 4598 4964 5010 4817 4843 4971 5299 4776 5243 4854 4555 5159 4632 4982 4419 5059 5013 4777 5227 4959 5042 4703
5342 5232 5615 5374 5232 5110 5279 5708 5132 5046 4684 5046 5538 4847 5081 5156 5032 5632 5047 5136 5917 5341 5403 5125 5081 5027 5396 5729 5225 5158 5364 4825 5478 5141 5138 5476 5744 4900 5342 5673 4933 5064 5008 4889 5260 5211 5210 5364 5101 5590 5178 5259 5312 4966 5423 5319 5408 5170 4902 4828 5174 5797 5225 4802 5231 5404 4828 4957 5388 5098 5675 4809 5304 5534 5245 4703 5382 5663 5225 5117 5159 5584 5428 5450 4990 5381 5226 5425 5097 5312 5200 5503 5254 5571 5677 5335 4846 5247 5457 5480 5741 5267 5184 5645 5562 5379 5487 5073 5454 5247 5245 5192 4839 5167 5384 5066 5281 5097 5472 5020 5070 4976 5028 5366 5210 5391 4705 5179 5114 5552 5009 5467 4920 4944 4941 5444 5258 5275 5160 5791 5116 4817 5422 5311 5444 4948 5265 5372 5181 5084 5127 4707 5399 5173 5196 5315 5715 4924 4976 4988 5627 4973 5200 5203 5163 5638 5288 5336 5063 4768 5256 4796 5417 4969 5756 5362 5593 5156 5133 5244 5729 5017 4794 5444 4906 5431 5008 5194 4967 5027 4794 5067 4758 4855 5353 4941 5274 4870 5630 5035 5124 4985 5380 5400 5379 5244 4938 5539 5082 4927 5076 5392 4814 5171 4691 5312 5103 5016 5027 5200 4845 5028 5263 4971 5200 4911 5167 5224 5435 4699 5140 5715 5134 5451 4955 5298 5539 4984 5045 5897 5400 5165 5555 5414 5053 5543 4879 5145 4790 5491 5199 5097 5709 5448 5519 5176
5150 5160 5242 5257 4771 4957 4974 5463 5043 4736 4521 4732 5135 4755 4723 4808 5084 5144 4915 4888 5673 4935 4951 4751 4840 5049 5097 5485 5069 4698 5066 4504 5031 5168 5024 5154 5485 4792 5255 5137 4947 4904 4623 4941 4725 5117 4777 5125 5120 5306 5084 4885 5383 4931 5132 5343 5167 4822 4870 4789 4956 5586 4919 4562 4569 4997 4777 4776 5379 4771 5102 4765 5172 5411 5020 4673 5262 5275 5119 4957 4879 5472 4928 5231 5143 5111 5126 4963 4807 5505 5300 5041 4628 5004 5388 5193 4561 5074 5118 5336 5316 4793 5057 5136 5133 5002 4990 4972 5267 5204 4845 4815 4370 4701 5218 5202 4910 4844 5416 5103 4946 4869 4884 5177 4940 5255 4528 4721 4966 5096 4668 5151 4776 4953 4740 5197 4924 5062 4898 5389 5008 4843 5196 5071 5071 4978 4988 5019 4902 4920 5041 4570 5260 5104 4645 5178 5189 4733 4761 4714 5143 4749 4896 5110 4864 5139 5193 4584 4930 4501 5335 5077 5212 4881 5182 5097 5111 4920 4807 5091 5598 4779 4497 5163 4747 4953 4839 5120 5230 4532 4762 4669 4679 4472 5104 4850 4848 4924 5603 4540 5180 4797 5106 4988 5366 5287 4820 5137 5055 4708 4757 5342 4458 5298 4564 5160 5192 4856 4807 4798 4871 4717 5139 4535 4996 4961 4957 5015 5471 4626 4980 5126 5053 5026 4938 4948 5083 4853 4897 5509 5464 5017 5016 5155 4852 5644 4783 4938 4556 5147 4999 4878 5268 4807 5226 5296
5440 5525 5694 5451 5221 5068 5553 5639 5075 5110 4830 4991 5735 5194 5070 5051 5236 5739 5338 5272 6150 5543 5231 5318 5264 5149 5752 5944 5558 5332 5556 5033 5386 5360 5295 5522 5562 5069 5348 5555 5232 5188 5133 5199 5255 5179 5685 5387 5296 5482 5273 5354 5390 5188 5489 5430 5762 5201 5157 5124 5230 5914 5232 4496 5061 5680 4744 5100 5491 5395 5608 4869 5468 5561 5422 5197 5728 5932 5493 5140 5185 5886 4947 5460 5177 5202 5650 5420 5086 5631 5231 5383 5096 5574 5852 5759 5055 5361 5401 5449 5539 5443 5262 5381 5510 5690 5452 5155 5784 5310 5405 5318 4604 4906 5401 5282 5270 5143 5634 5533 5214 5085 5410 5560 5008 5696 4703 5563 5241 5377 5113 5611 5173 5449 4926 5578 5450 5455 5276 5733 5543 4997 5785 5496 5407 4963 5354 5440 5356 5221 5305 4983 5488 5406 5140 5432 5836 4758 5288 5419 5513 4768 5301 5375 5246 5696 5538 5214 5425 4904 5517 5153 5505 5144 5707 5477 5618 5136 5121 5183 5707 5250 4973 5379 5408 5500 5269 5515 5379 5254 5049 4936 5240 5126 5289 5413 5363 5223 5531 5048 5207 5078 5304 5498 5498 5469 5367 5409 5689 5118 5362 5819 5048 5310 4900 5345 5180 5168 5288 5148 5146 5205 5472 5050 5587 5095 5417 5333 5635 4898 5186 5737 5361 5390 5265 5318 5455 5750 5290 5890 5431 5273 5723 5492 5045 5847 5130 5222 5131 5501 5134 5238 5844 5360 5968 5126
4845 5392 5048 5071 4654 4787 5004 5097 5071 4966 4655 4617 5182 4639 4575 4996 4801 5128 4604 5032 5684 4895 4860 4848 4958 4867 5010 5507 5225 4683 4997 4492 5214 5013 4788 5008 5114 4674 5039 5185 4819 4857 4724 4848 4705 5143 5062 5079 4947 5126 4926 5118 5142 4810 5042 4738 5207 4985 4668 4617 5014 5532 5154 4650 4797 5144 4364 4624 5117 4712 5206 4572 5092 5197 5136 4718 5063 5329 5072 4816 4795 5475 4839 5150 5050 4763 5052 5317 4662 5238 4955 5059 4681 5214 5187 5008 4547 4858 5148 5175 5339 4757 4981 5068 5187 4981 5338 4815 5085 4713 4900 5149 4290 4994 5143 4913 4784 4912 5282 4851 4920 4687 4917 5029 4724 5098 4461 4721 4617 5070 4602 5179 4718 4810 4450 5097 5238 5121 4818 5192 5083 4688 5328 5030 5077 4552 5145 4823 4655 5055 5034 4514 5205 5170 4881 4861 5450 4584 4875 4879 5317 4499 5008 4751 5110 5323 4914 4941 4992 4488 5144 4796 5203 4459 5154 5181 5129 4893 4753 4838 5237 4392 4384 5025 4784 5016 4851 4957 5039 4557 4700 4881 4458 4712 4908 4710 5078 4832 5055 4737 4870 4503 5057 4865 5164 5089 4838 4964 4855 4507 4758 4983 4844 4772 4419 5053 5160 4779 5061 4902 4787 4989 5129 4530 5094 4986 5068 4930 5201 4507 4847 5238 4721 5246 4900 5009 4970 4920 5139 5365 5149 4916 5194 5299 4898 5584 4610 5019 4556 5272 4952 5053 5566 4999 5309 5127
5683 5753 5644 5548 5268 5457 5652 5630 5520 5603 4959 4834 5695 5142 5144 5323 5323 5514 5242 5135 6183 5477 5527 5328 5235 5503 5579 6502 5644 5254 5371 5098 5515 5493 5302 5828 5610 5208 5510 5762 5289 5015 5253 5140 5146 5542 5602 5306 5419 5443 5406 5225 5814 4902 5584 5409 5552 5134 5311 5222 5262 5909 5287 4940 5122 5513 5124 5240 5547 5610 5976 5141 5524 5894 5157 5151 5513 5745 5373 5176 4995 5731 5377 5460 5325 5083 5371 5696 5247 5551 5709 5674 5162 5778 5710 5509 5022 5172 5097 5658 5692 5175 5399 5645 5527 5612 5561 5378 5876 5392 5429 5278 4941 5422 5241 5284 5408 5230 5779 5367 4998 5160 5238 5422 5246 5793 4998 5071 5337 5369 4820 5517 5189 5293 4764 5499 5500 5828 5448 5681 5395 4714 5651 5361 5884 5221 5287 5584 5288 5473 5408 5123 5733 5262 5115 5701 5987 5177 5351 5061 5773 5152 5495 5536 5378 5627 5602 5486 5365 4917 5635 5328 5486 5058 5671 5342 5555 5171 5152 5258 6203 4922 5038 5367 4976 5380 5052 5370 5298 4909 5058 5344 5218 5423 5396 5278 5551 5390 5323 5202 5266 5164 5601 5417 5569 5343 5296 5563 5546 5052 4966 5716 4578 5410 4951 5422 5098 5018 5185 5083 5222 5327 5472 5002 5599 5396 5246 5238 5736 4742 5510 5687 5367 5587 5109 5411 5528 5243 5234 5762 5508 5205 5764 5499 5191 6121 5133 5316 4932 5353 5562 5125 5682 5541 5687 5169
5587 5838 5724 5726 5132 4827 5751 5781 5316 5320 5035 4937 5495 5230 5132 5039 5345 5696 5328 5569 6227 5483 5471 5151 5040 5507 5497 5948 5799 5184 5677 4930 5638 5406 5291 5469 5577 4940 5439 5650 5389 5279 5076 5404 5142 5703 5649 5331 5583 5780 5576 5410 5491 5014 5644 5607 5502 5043 4972 5279 5058 5934 5329 4930 5060 5712 4950 5264 5519 5239 5727 5130 5404 5878 5391 4970 5624 6012 5456 5201 5036 5950 5326 5746 5121 5337 5260 5626 5327 5338 5639 5474 5119 5548 5903 5484 5256 5564 5461 5675 5492 5116 5302 5357 5420 5489 5554 5320 5617 5304 5159 5411 4666 5445 5409 5279 5189 5012 5673 5236 5336 5162 5202 5509 5388 5554 5128 5065 5193 5605 4988 5540 5518 5237 5079 5360 5508 5671 5474 6038 5483 5059 5977 5658 5650 5150 5480 5432 5183 5225 5467 5040 5524 5570 5259 5323 5919 5243 5143 5457 5738 5151 5335 5544 5272 5814 5358 5395 5371 4832 5550 5449 5568 5029 5703 5621 5540 5488 5070 5298 5692 5032 5020 5328 5099 5251 5288 5526 5610 5387 5161 5200 4933 5125 5185 5103 5531 5168 5433 5129 5193 5013 5476 5335 5618 5572 5547 5780 5471 5224 5071 5988 4859 5148 4990 5431 5302 5226 5405 5336 5527 5373 5459 5081 5358 5290 5666 5383 5823 5040 5665 5665 5328 5601 5366 5446 5448 5178 4992 5654 5580 5180 5573 5463 5191 6089 4942 5488 4903 5565 5301 5216 5495 5500 5514 5331
5477 5654 5572 5404 5124 4964 5655 5887 5304 5335 4966 4872 5890 5222 5074 4968 5004 5619 4883 5258 6002 5343 5499 5185 5289 5380 5445 5812 5404 5275 5610 4773 5422 5204 5224 5389 5523 5147 5351 5584 5077 4992 4895 5226 5327 5429 5550 5301 5445 5429 5371 5278 5489 5155 5237 5323 6030 5043 5128 5027 5462 5635 5188 4881 5076 5665 4800 4746 5533 5249 5647 5155 5376 5659 5016 5225 5520 5734 5154 5237 5123 5986 5400 5398 5182 5470 5401 5369 4929 5334 5510 5575 5190 5584 5725 5720 4949 5183 5405 5404 5613 5199 5283 5608 5581 5621 5583 5189 5501 5557 5298 5382 4584 5416 5436 5434 5155 5265 5645 5277 5171 5271 5163 5263 5145 5274 5003 5222 5085 5281 4966 5322 5065 5177 4843 5607 5645 5301 5154 5536 5274 5171 5453 5513 5504 5032 5420 5196 5077 5367 5625 4972 5402 5414 5111 5593 5725 4767 5176 5132 5503 4925 5328 5325 5151 5481 5596 5228 5357 4991 5292 5175 5632 5162 5888 5452 5569 5232 5012 5240 5877 5261 5125 5726 5092 5556 5332 5307 5509 5000 5091 5218 5155 5243 5327 5032 5214 5098 5808 5033 5185 4836 5374 5315 5583 5460 5283 5480 5467 5309 5083 5487 5011 5465 5099 5616 5248 5126 5362 5388 5020 5138 5366 4972 5313 5420 5546 5349 5712 5155 5076 5821 5056 5388 5071 5163 5542 5279 5218 5603 5607 5185 5549 5706 5092 5822 5014 5398 5014 5419 5244 5257 5550 5371 5630 5317
5159 5486 5479 5406 4857 4935 5365 5424 4904 4967 4714 4785 5329 4650 4978 5009 4896 5371 4676 5097 5651 5086 5113 5180 5010 4984 5196 5585 5214 5002 5411 4856 5154 5123 5244 5040 5406 4613 4913 5285 4998 4961 4910 4993 4837 5140 5383 5112 5019 5223 5033 4907 5321 4707 5133 5082 5141 4961 4853 4916 4853 5243 5136 4446 4759 5251 4819 5003 5416 5188 5321 4779 5100 5631 5289 4880 5233 5587 5154 4736 4769 5496 4928 5166 5051 4953 5250 5132 5045 5370 4909 5014 4875 5529 5437 5251 5007 4867 4969 5296 5344 4963 4945 5212 5241 5050 5434 4607 5306 4871 4715 5184 4501 4973 5183 5347 5051 4796 5126 4767 5136 4982 5102 5101 4889 5457 4626 4723 4677 5037 4690 5101 5140 5171 4407 5302 5072 5260 4912 5614 5381 4873 5193 5398 5213 4778 4944 4970 4817 5192 4820 4648 5166 5186 5001 5413 5155 4916 5010 4967 5214 4842 4954 5104 5177 5300 5043 4976 4930 4943 5145 4973 5205 4817 5363 5071 5215 5016 4935 4999 5277 4909 4608 5064 5012 5113 4642 5129 4928 4750 5186 4746 4674 4640 4855 5168 4994 4891 5475 4850 5078 4752 4946 5085 5402 5254 5104 5396 5200 4821 4958 5359 4599 5007 4633 4927 4880 4738 5044 5068 4878 5101 5072 4805 5048 4945 5045 4998 5147 4744 5034 5438 5001 5085 4844 5095 5016 5118 5173 5509 5352 5016 5407 5038 4720 5606 4734 4989 4663 5291 4999 5183 5467 4973 5342 4991
5493 5543 5459 5649 4843 5160 5460 5945 5304 5272 4842 4709 5746 5056 5321 5225 5130 5502 4977 5312 6135 5039 5347 5216 5101 5379 5263 5961 5403 5195 5370 4889 5449 5448 5109 5520 5396 4717 5216 5638 5039 4916 5149 5180 4914 5360 5388 5124 5463 5724 5400 5118 5324 5019 5050 5342 5636 5153 5076 5189 5161 5933 4953 4927 5130 5184 4987 5256 5780 5422 5773 4729 5339 5631 5200 5063 5420 5415 5143 4994 5153 5623 5429 5571 5464 5309 5510 5502 5149 5452 5306 5447 4942 5369 5627 5660 4900 5280 5284 5372 5620 5061 5329 5394 5513 5560 5638 5217 5554 5099 5242 5596 4532 5265 5558 5215 5039 5098 5392 5195 5159 5246 5308 4907 5309 5260 5001 5075 5271 5242 5167 5398 5257 5086 4848 5240 5505 5332 5017 5388 5205 4863 5650 5533 5385 5359 5395 5338 5443 5150 5509 4880 5645 5062 5084 5240 5938 4998 5103 5369 5709 4649 5359 5612 5300 5571 5719 5277 5253 4646 5325 5107 5640 4941 5528 5416 5344 5127 4899 5367 5777 5104 4917 5179 4885 5336 5086 5319 5288 4930 4912 5149 5111 4943 5169 5423 5229 5173 5439 5323 5310 5091 5347 5268 5667 5649 5146 5410 5289 4838 5285 5444 5082 5349 4995 5424 5201 4967 5096 5177 5264 5207 5378 5016 5262 5182 5464 5378 5485 5096 5201 5763 5334 5560 5082 5381 5749 5186 5112 5165 5566 5138 5761 5493 5074 5876 5217 5378 5013 5478 5332 5202 5768 5665 5402 5145
5469 5413 5097 5462 4839 4962 5387 5280 5126 5119 4564 4671 5703 4991 5024 5098 5072 5561 4873 4938 5855 5039 5259 5199 5037 4910 5442 6000 5471 5063 5429 4952 5357 5122 4999 5613 5311 4776 5181 5446 4987 5011 4824 5332 5072 5429 5325 5254 5229 5553 5110 5286 5196 4740 5101 5208 5269 5025 4930 4829 5284 5713 5147 4681 4660 5331 4482 5063 5093 5357 5079 4759 5086 5615 5094 4828 5231 5780 5270 5047 5449 5642 5280 5427 5133 5254 5359 5272 5037 5193 5361 5284 4955 5304 5609 4967 4705 5241 5065 5268 5527 5040 5255 5246 5362 5498 5576 5052 5627 5131 5039 5573 4660 4995 5250 5307 5021 5152 5502 5412 5085 4872 5021 5165 5090 5214 4724 4921 4943 5439 4957 5549 4888 5118 4692 5266 5368 5387 5040 5496 5267 4964 5619 5263 5488 4978 5231 5357 5090 5009 5428 4923 5643 5186 5008 5349 5657 5045 4938 5417 5821 5009 5267 5066 5226 5274 5369 5173 5152 4562 5456 5080 5510 4753 5474 5613 5588 4714 4934 5254 5596 4843 4939 5121 4895 5177 4790 4973 5203 4657 4944 5440 4641 4955 5185 4982 5555 5234 5254 5209 5026 4858 5146 5287 5382 5330 5147 5352 5448 4893 4840 5374 4922 5299 4580 5194 5001 4882 4747 4996 4931 5315 5358 4895 5153 5217 5101 5231 5519 4836 5150 5453 5177 5202 4805 5088 5470 5007 5207 5626 5378 5248 5446 5529 5188 6061 4971 5245 4965 5275 5230 5081 5622 5310 5425 5253
5259 5454 5476 5426 5093 4991 5374 5686 5060 4867 4905 4740 5256 4983 5135 4988 5066 5585 4838 5165 6151 5310 5125 5086 5236 5167 5386 5685 5485 4954 5358 4842 5292 4765 4890 5060 5286 4736 5338 5654 5009 4736 4819 4880 4524 5122 5222 5221 5173 5268 5027 5097 5334 5042 5235 5273 5514 5068 5032 4997 4926 5543 5063 4773 5002 5569 4557 5158 5285 5266 5482 4909 5227 5637 5149 4738 5138 5370 5212 5118 4930 5463 4843 4939 4948 5109 5378 5275 4949 5134 5194 5215 5050 5102 5667 5421 5100 4992 5396 5084 5384 5124 5114 5601 5204 5368 5299 4986 5646 5027 5035 5480 4622 5050 5546 5101 5024 4918 5447 5039 5202 4805 5220 4939 4915 5409 4859 4781 4883 5307 4945 5434 4834 5285 4579 5317 5168 5101 5185 5586 5350 4898 5624 5153 5051 4935 5395 5075 5114 5222 5209 5017 5204 5271 4948 5212 5547 4746 5199 5099 5436 4803 5202 5245 5165 5275 5420 4961 5217 4630 5026 5031 5362 4896 5377 5264 5665 5254 4956 5049 5740 5079 4981 5301 5083 5206 4846 4964 5106 4709 4931 4672 5001 4659 5190 5132 5259 5002 5443 4842 5189 4902 5219 5169 5347 5307 5166 5373 5216 4690 4768 5379 4869 5118 4825 5262 4899 5154 5284 4981 4861 5083 5255 5027 5147 4929 5388 4919 5209 4901 4871 5403 5336 5469 4911 4955 5110 4956 5040 5336 5397 4970 5703 5320 4919 5766 4836 5123 4662 5445 5257 5253 5429 5117 5416 4994
5436 5613 5530 5330 5263 4899 5459 5703 5110 5065 4921 4982 5581 4928 5090 5035 5189 5620 4859 5140 6039 5132 5279 5324 5422 5370 5554 5885 5730 4996 5804 4840 5428 5250 4953 5399 5507 4904 5353 5520 5213 5138 5087 5136 5067 5350 5306 5333 5202 5358 5248 4983 5248 4828 5340 5331 5188 4948 4563 4897 5214 5644 5207 4643 4937 5545 4971 4964 5518 5245 5577 5053 5374 5690 5221 4961 5385 5568 5147 5049 4882 5555 5124 5331 5271 5273 5317 5250 4932 5250 5377 5329 4893 5549 5572 5594 4867 5149 5308 5131 5622 5138 5037 5502 5457 5388 5690 4884 5567 5223 5077 5269 4506 5140 5452 5254 5153 5226 5568 5290 5219 5251 5116 5293 5019 5555 4931 4780 4948 5199 5178 5095 5098 5328 4696 5613 5427 5199 5216 5545 5246 4938 5180 5155 5190 5129 5381 4882 5089 5386 5455 4905 5401 5345 5177 5402 5571 5044 5062 5239 5264 5220 5114 5298 5310 5443 5614 5080 5184 4808 5334 5121 5088 5022 5432 5502 5601 5163 5137 4989 5507 5163 5033 5322 5163 5508 5002 5521 5236 5053 4944 5066 5030 4928 5144 5228 5128 5261 5362 5022 5095 4828 5513 5128 5526 5410 5041 5275 5407 4718 5210 5643 5000 5185 4918 5296 5059 5142 5219 5117 4978 4932 5206 4979 5351 5120 5306 5258 5362 4955 5170 5591 5153 5428 5161 4906 5294 5311 5311 5511 5401 5011 5479 5453 5020 5727 5059 5255 4624 5496 5092 5279 5748 5332 5572 5004
5289 5461 5231 5476 4903 4959 5261 5570 4935 5260 4999 4857 5382 4598 4774 4979 5125 5442 4778 4981 6093 5286 5322 5148 5183 5051 4994 5719 5592 4878 5328 4745 5370 5157 4919 5327 5267 4769 5073 5493 5140 4752 5020 5241 4857 5284 5085 5286 4821 5387 4944 5172 5352 4856 5212 5138 5153 4844 4677 5013 5275 5571 5020 4754 4706 5213 4829 5111 5341 5263 5607 4831 5146 5697 5103 4974 5604 5528 5212 4884 4967 5222 5063 5476 5090 5087 5362 5299 4902 5070 4968 5259 5121 5333 5383 5337 4654 5129 5154 5095 5606 5138 5070 5565 5405 5451 5201 5138 5390 5023 4695 5282 4419 5144 5462 5178 5001 5199 5621 5287 5308 5014 5222 5178 5181 5336 4701 4841 4948 5073 4928 5303 4969 5269 4925 5491 5369 5158 4970 5578 5289 4983 5549 5327 5374 5072 5257 5001 5077 4951 5000 4728 5276 5082 4848 5222 5762 4869 5040 5154 5248 4774 5110 5242 5160 5225 5405 5251 5455 4923 5303 5016 5298 4917 5516 4947 5471 4892 4876 4986 5541 4848 4772 5023 4975 5163 5108 5416 5389 4886 4751 4885 4801 4803 4961 4954 5356 5071 5401 5165 5223 4818 5290 5231 5357 5383 5017 5254 5233 4731 5028 5462 5050 4844 4988 5167 5133 5075 5140 5038 5183 4821 5136 4801 5190 4938 5044 5172 5264 4681 5062 5299 4880 5307 4917 5147 5187 5116 5006 5481 5508 5023 5611 5200 5185 5585 4959 5082 4604 5309 4889 5200 5610 5002 5385 5004
5324 5528 5001 5494 5118 5300 5240 5561 4918 5091 4438 4599 5401 4946 4838 5212 4985 5354 4643 5054 5567 5112 5192 5064 4994 4953 5477 5652 4945 5152 5147 4744 5317 4968 4999 5382 5152 4772 5041 5216 4857 4673 4887 4938 4869 5166 5215 5206 5159 5238 5138 4895 5047 4877 5118 5075 5351 5114 4808 5093 5194 5317 4932 4414 4843 5388 4807 4819 5434 5333 5221 4538 5187 5611 5039 4997 5049 5354 4837 4747 5018 5164 5156 5357 5150 5303 5372 4960 4657 5313 5038 5068 4974 5195 5564 5080 4811 5046 5189 5362 5151 5264 5216 5023 5305 5279 5441 4974 5129 5035 5197 4991 4344 4831 5300 5357 4879 4897 5422 5076 5045 4971 4712 5058 5046 5319 4677 4849 4709 5354 4943 5087 4797 5021 5067 5191 5345 5157 5004 5260 4872 4917 5133 5228 5102 5024 4911 5180 4803 5012 5346 4520 5653 5173 4881 4992 5672 4623 4918 5019 5449 4622 4927 4942 4942 5379 5299 4992 5015 4777 5364 4911 5495 4723 5460 5434 5240 4931 4868 4912 5522 4700 4617 5207 4678 5205 5035 5122 5260 4956 5065 4916 4950 4629 5084 4932 5205 5044 5298 4916 5174 4922 5079 5282 5478 5092 5167 5474 5051 4836 5086 5380 4623 4942 4391 5075 5116 4605 5069 4999 5073 5086 5325 4896 5174 4979 4997 5144 5218 4947 5099 5363 4997 5101 4939 5103 5192 4929 5002 5340 5427 4968 5413 5344 4555 5458 5050 4887 4722 4988 5096 4891 5611 4961 5201 5317
5405 5610 5464 5652 5218 5365 5556 5701 5273 5428 4887 4806 5497 5052 5107 5164 5185 5589 5174 5039 6082 5032 5421 5352 5067 5359 5609 5847 5623 5113 5209 5004 5491 5073 5058 5494 5394 4896 5455 5681 5072 5109 5343 5405 4988 5391 5542 5182 5534 5472 5174 5159 5579 4951 5543 5308 5337 5011 4878 5205 5234 5594 5311 4922 5115 5272 4927 5052 5510 5427 5640 5005 5617 5759 5418 5116 5413 5595 5422 5069 5160 5786 5238 5588 5222 5032 5234 5400 5072 5672 5456 5421 5050 5541 5707 5612 4833 5304 5479 5403 5631 5158 4997 5444 5296 5542 5574 5277 5878 5261 5295 5353 4792 5163 5379 5246 5104 5426 5866 5279 5257 5081 5061 5347 5043 5498 4786 5070 5057 5468 4847 5326 4991 5179 4952 5305 5348 5701 5220 5634 5357 4946 5546 5537 5595 5241 5220 5324 5045 5433 5486 4970 5558 5272 4949 5607 5740 5025 5312 5165 5548 4895 5255 5249 5421 5645 5619 5068 5302 4673 5480 5337 5496 5056 5279 5666 5558 5078 4967 5219 5841 5001 5034 5084 4984 5335 5349 5252 5488 4894 4759 5073 4641 5101 5392 4967 5310 5232 5306 5207 5307 4655 5406 5464 5562 5530 5146 5601 5645 5294 4758 5582 4611 5177 4995 5186 5167 4973 5164 5336 5113 4947 5713 5137 5259 4797 5190 5409 5591 4837 5350 5406 5331 5501 5235 5282 5445 5203 5350 5619 5448 5177 5445 5663 5140 5914 5098 4754 5076 5326 5119 5231 5721 5509 5387 5225
5387 5528 5494 5806 5009 5024 5509 5629 5287 5341 5031 4617 5395 4998 5255 5318 5174 5491 4934 5055 6122 5281 5502 5151 5149 5236 5420 5572 5404 5120 5580 4964 5538 5416 5349 5388 5579 4749 5163 5537 5129 5290 5011 5439 5111 5557 5620 5218 5413 5807 5173 5422 5449 4943 5482 5426 5488 4997 5061 5036 5275 5698 4937 4864 5065 5524 5064 5096 5503 5128 5390 5004 5294 5637 5248 5092 5670 5690 5476 5177 5266 5708 5221 5406 5456 5478 5356 5361 4864 5124 5412 5283 5259 5398 5764 5462 4853 5519 5512 5394 5618 5379 5093 5560 5447 5386 5664 5230 5231 5224 5007 5223 4944 5261 5550 5087 5431 5276 5347 5074 5325 5115 5104 4964 5126 5721 4878 5308 4836 5479 5042 5276 5196 5208 4922 5388 5406 5561 5053 5740 5511 5104 5579 5501 5378 4757 5391 5274 4986 5260 5326 4811 5375 5647 5080 5612 5773 5205 4999 5166 5537 5025 5118 5245 5335 5503 5424 5507 5346 4684 5192 5210 5453 5090 5704 5497 5545 5135 5044 5149 5916 5247 4955 5445 5099 5226 4973 5568 5192 5179 5319 5014 5137 5061 5310 5199 5379 5273 5548 5168 5102 5050 5628 5393 5244 5512 5093 5544 5370 5369 4992 5820 5032 5189 4687 5180 5311 4886 5004 5088 4986 5315 5267 4907 5328 5107 5381 5282 5428 4980 5244 5592 5427 5571 5186 5238 5584 5486 5192 5497 5479 5121 5482 5298 5000 5791 4881 5178 4994 5442 5153 5282 5697 5208 5485 5313
5380 5585 5388 5606 5179 5095 5512 5724 5284 5125 4908 4911 5651 5010 5032 5197 5122 5462 4905 5375 6320 5538 5313 5189 5266 5432 5567 5889 5592 5370 5674 5136 5514 5478 5040 5415 5328 4985 5481 5870 5134 5100 5351 5293 4924 5437 5498 5321 5191 5484 5205 5398 5541 5014 5445 5315 5397 5310 5328 5455 5410 5850 5347 4624 5133 5900 4913 5055 5601 5718 5609 5040 5491 5593 5456 5040 5622 5775 5565 5336 4928 5978 5225 5400 5425 5060 5361 5344 5233 5421 5247 5199 5074 5368 5706 5491 4767 5493 5389 5613 5789 5023 5379 5667 5660 5455 5622 5291 5649 5204 5117 5553 4662 5326 5445 5158 5385 5190 5490 5237 5237 5103 5150 5345 5303 5691 4873 5291 5270 5608 5105 5215 5174 5308 4823 5721 5354 5563 5279 5611 5505 5204 5859 5581 5522 5131 5539 5468 5189 5270 5623 5145 5531 5684 5079 5589 5774 4948 5177 5394 5847 5249 5358 5190 5312 5676 5382 5479 5192 4769 5531 5590 5486 5227 5692 5676 5560 5012 5103 5032 5901 5137 4899 5336 4937 5678 5090 5453 5399 4961 4987 5081 4987 5253 5459 5380 5665 5158 5433 5204 5250 4942 5678 5353 5590 5540 5251 5485 5444 5143 4994 5737 4899 5349 5000 5546 5283 4999 5110 4840 5137 5245 5448 5359 5665 5273 5542 5172 5474 4946 5269 5510 5305 5588 5117 5359 5303 5373 5336 5662 5652 5083 5744 5161 5040 5756 4979 5345 5046 5567 5421 4915 5972 5331 5691 5108
5809 5885 5698 6001 5367 5394 5540 6102 5486 5240 5053 5138 5917 5538 5408 5400 5405 5775 5211 5600 6326 5662 5530 5695 5364 5542 5798 6495 5669 5456 5519 5385 5639 5590 5585 5879 5712 5416 5709 5956 5598 5626 5319 5469 5370 5447 5884 5742 5487 5772 5429 5776 5652 5359 5583 5503 5675 5386 5488 5553 5533 6242 5381 5041 5361 5704 4942 5166 5928 5767 5767 5242 5790 5809 5432 5681 5697 5904 5582 5385 5442 6294 5386 5698 5476 5355 5536 5862 5322 5773 5674 5561 5461 5848 5908 6059 5173 5707 5742 5604 5703 5694 5517 5660 5538 5811 5629 5634 5793 5537 5561 5622 5109 5297 5449 5626 5391 5550 5951 5503 5294 5559 5353 5590 5196 5456 5358 5497 5251 5524 5093 5605 5310 5393 5247 5672 5418 5807 5531 5910 5626 5398 6178 5587 5630 5376 5450 5792 5485 5663 5774 5399 5665 5464 5205 5694 5906 5260 5423 5415 6112 5003 5311 5744 5622 5969 5951 5263 5548 5186 5650 5412 5744 5283 6028 5890 5868 5408 5079 5426 5904 5313 5238 5574 5204 5851 5365 5807 5578 5247 5137 5489 5229 5338 5713 5427 5632 5448 5980 5415 5215 5105 5589 5839 5789 5839 5822 5678 5883 5515 5451 5931 5244 5575 5046 5433 5506 5209 5545 5152 5409 5431 5786 5254 5564 5312 5808 5879 6188 5175 5522 5738 5599 5863 5424 5654 5716 5560 5756 5915 6018 5466 5955 5975 5313 6060 5381 5570 5235 5741 5905 5617 6093 5524 5890 5396
5503 5394 5505 5518 5132 4865 5420 5670 5328 5028 4632 4756 5695 5033 5004 5081 5072 5728 5101 5057 6245 5298 5186 5312 4997 5297 5605 5758 5705 5131 5343 4541 5476 5219 5171 5493 5440 4875 5451 5384 5031 4979 4931 5208 4918 5099 5556 5253 5063 5547 5319 5285 5368 5054 5486 5349 5422 4932 5013 5200 5252 5699 5239 4818 5124 5475 4681 5047 5460 5354 5527 4985 5270 5607 5592 4986 5331 5763 5441 5269 4992 5714 5141 5559 5316 4977 5327 5335 5330 5431 5379 5344 4940 5440 5681 5528 4983 5167 5234 5308 5720 5377 5073 5573 5237 5416 5670 5162 5660 5146 5205 5227 4782 5342 5462 5057 5060 5062 5689 5184 4979 5233 5256 5427 4967 5422 4732 5162 5093 5430 5058 5294 4955 5191 4873 5332 5323 5658 5144 5576 5501 4948 5503 5438 5493 5021 5416 5286 4989 5310 5412 5011 5398 5481 5245 5169 5590 4964 4954 5167 5623 4689 5240 5106 5331 5369 5306 5405 5095 4890 5196 5175 5519 5036 5635 5647 5432 5119 4986 5259 5644 4862 5063 5445 4925 5451 5045 5377 5232 4890 5121 4937 4909 4867 5521 5084 5461 5214 5329 5186 5367 4908 5265 5294 5446 5411 5144 5430 5472 5170 5008 5604 4893 5196 4782 5501 5038 4851 5004 5052 5134 5183 5361 4879 5252 4943 5274 5356 5410 4553 5312 5647 5028 5191 5250 5066 5307 5204 5136 5510 5485 5110 5786 5251 5108 5497 4938 5223 4890 5565 5264 4973 5648 5380 5521 4980
5008 5205 4954 5218 4557 4814 5122 5189 4899 4519 4517 4224 5039 4609 4782 4780 4813 5390 4638 4798 5593 4860 4763 4759 4929 4827 5380 5581 5352 4850 5050 4593 5060 4802 4655 5035 5233 4450 5069 5321 4789 4639 4900 4635 4744 4738 5098 4843 4872 4809 5020 5045 5002 4682 5062 4831 5054 4668 4774 4819 4638 5423 4829 4315 4935 4861 4476 4809 5009 5146 5173 4314 4927 5257 4776 4614 4995 5443 4761 4557 4779 5039 4522 4989 5013 4769 5012 5002 4836 5197 4858 5196 4713 4814 5425 5111 4455 4695 4978 4979 5158 4901 4855 5041 4900 4904 5254 4919 5208 4511 4752 4987 4411 4553 4934 4955 4811 5089 5216 4891 4739 4545 4684 5011 4687 4783 4547 4719 4558 4960 4498 4983 4673 4707 4424 4790 4973 5193 4687 5213 4870 4581 5249 4921 4893 4683 5165 4933 4672 5031 4914 4574 5251 4914 4804 4779 5395 4443 4636 4836 5315 4407 4920 4714 5023 5338 5254 4885 4965 4471 5137 4794 5345 4573 5085 4863 5150 4884 4592 5055 5257 4316 4545 4927 4482 5080 4743 5130 5020 4595 4697 4658 4362 4735 4819 4849 4914 4979 4627 4903 4951 4459 5083 4876 5124 4911 4879 4837 4698 4698 4713 4900 4636 4828 4515 5086 4815 4534 4853 4666 4658 5011 4959 4431 4872 4686 4948 5012 5236 4529 5058 5024 5050 5245 4567 4797 4810 4948 4963 5202 5192 4766 5350 5020 4584 5147 4727 4681 4646 5102 4997 4813 5371 5170 5286 5055
5130 5193 5311 5631 4691 4954 5305 5475 4909 4833 4922 4611 5455 5140 4782 4721 4905 5323 4897 4936 5634 5201 4892 5146 4879 5092 5379 5543 5323 5066 5366 4681 5299 4899 4700 5302 5457 4777 5231 5326 5053 4742 4776 4892 4784 5017 5085 5144 5014 5252 4936 4776 5101 5033 5065 4998 5316 5043 4884 4911 5075 5627 4744 4475 4735 5521 4494 4665 5229 5267 5193 4506 5202 5584 4843 4817 5116 5675 5055 4911 4914 5574 5038 4950 4991 5307 5293 4930 4735 5100 5003 5296 5048 5331 5337 5147 4635 4822 5192 5300 5644 5039 4944 5215 5251 5343 5257 4872 5302 4966 4767 5200 4578 4678 5128 5066 5030 5174 5278 4999 5053 4753 4931 5182 5039 5366 4713 4908 4685 5164 5049 5101 4842 4916 4703 5253 5139 5150 4954 5634 5307 4819 5239 5131 4970 4794 5202 4783 4714 4938 5008 4643 5152 5508 5187 5212 5523 4798 4922 4918 5134 4799 5236 4875 4878 5165 5183 5068 4895 4714 5049 4876 5121 4711 5560 5020 5495 4677 4951 4999 5407 4826 4651 5161 4781 5064 5092 5058 5203 4920 4801 4644 4861 4814 5066 5033 5253 4895 5202 5123 4857 4465 5227 4948 5256 5405 5016 5257 5146 4804 5013 5025 4777 4865 4325 4929 4924 4865 4940 4976 4702 4878 5292 4746 5331 4817 5183 5007 5275 4823 5048 5445 4981 5391 4856 5029 5315 5176 5166 5300 5324 4834 5390 5384 4963 5379 4838 5121 4621 5187 4894 5036 5731 4966 5094 5310
5224 5312 5537 5284 4977 4930 5398 5543 5220 5046 4559 4660 5376 4796 5045 4858 5145 5472 4961 5085 5845 5100 5033 5223 4854 4988 5390 5598 5463 4964 5327 4719 5195 5005 5171 5250 5349 4567 5156 5215 5004 5088 4810 4896 5025 5122 5301 5238 5080 5242 5229 5069 5266 4882 4967 5363 5288 5167 4779 4867 5207 5223 5263 4510 4737 5285 4686 4872 5359 5297 5214 4532 5217 5350 5306 4973 5082 5689 5260 4900 5046 5703 4955 5143 5231 5234 5217 5108 4894 5259 5315 5173 4868 5117 5488 5641 4675 4888 5150 5306 5567 5082 4878 5346 5166 5165 5381 4872 5365 5123 5135 5128 4778 4748 4946 4880 4850 4912 5425 4905 5121 4945 5080 4955 4987 5249 4835 5331 4954 5097 4848 4973 5106 5241 4887 5333 5309 5260 4988 5502 5105 5011 5527 5173 5157 4673 5037 5255 5071 5011 5401 4568 4983 5330 4872 5219 5697 4787 4871 5103 5398 4768 5136 5231 5015 5368 5119 5031 5038 4822 5130 5094 5355 4755 5450 5248 5108 4819 4838 4926 5621 4960 4657 5045 5019 4920 5025 5148 5249 4691 5005 4788 4989 4783 4868 5285 5226 4996 5234 4905 5100 4764 5067 5182 5351 5192 5138 5293 5356 4975 4688 5125 4784 4968 4707 4825 5434 4996 4941 4959 4765 4819 5224 4781 4850 4811 5119 5075 5342 4794 5235 5613 5116 5324 4916 5105 5208 5047 5423 5293 5232 4853 5418 5462 4917 5784 4976 4926 4835 5424 4802 4945 5536 5057 5392 4931
5167 5346 5351 5418 4844 4969 5353 5694 5088 4863 4800 4741 5658 5100 5000 4883 4937 5331 4940 5106 5727 5327 5552 5192 4987 5097 5434 5666 5331 5113 5192 4760 5349 5213 5205 5139 5369 4829 5217 5472 4889 4794 5133 5330 5051 5423 5328 4989 5141 5320 5118 5129 5556 4984 5434 5088 5383 4829 5100 5198 5133 5533 4989 4540 5074 5365 5148 4842 5159 5124 5376 4851 5372 5640 5257 4936 5425 5791 5261 4804 4965 5934 4960 5257 5121 5197 5227 5184 5114 5385 5186 5070 5056 5230 5419 5384 4841 5059 5322 5379 5579 5238 5052 5368 5368 5394 5494 4930 5439 5036 4822 5129 4780 4945 5306 5359 5002 4904 5446 4894 4953 5014 5252 5314 5017 5276 4642 5011 4849 5241 4933 5290 5028 4994 4777 4989 5270 5305 4749 5490 5190 4868 5406 5265 5426 5023 5237 5372 4959 5101 5289 4803 5251 5368 4940 5279 5549 5041 5103 5033 5530 4790 5177 5004 5315 5349 5267 5093 5210 4624 5330 5077 5489 4920 5513 5184 5293 4806 4991 5186 5721 5067 4740 5397 4812 5284 4886 5391 5097 4792 4996 4870 4873 5261 5177 5194 5228 5084 5455 4784 4888 4774 5301 5221 5296 5456 4917 5115 5339 5138 4932 5619 4453 5241 4901 5444 5183 4743 4830 5063 5010 5067 5224 4729 5244 5044 5249 5076 5376 4822 5164 5403 5060 5222 4853 5184 5101 5059 4903 5584 5359 5180 5622 5173 4850 5644 4802 5013 4858 5574 4685 4944 5470 5102 5624 5137
5008 5473 5337 5324 4879 5220 5277 5465 5239 5062 4726 4682 5268 4900 4960 5088 4904 5511 4883 5109 5963 5148 5308 5115 5093 5026 5243 5356 5371 5010 5363 4796 5325 4946 5203 5195 5412 4771 5108 5410 5169 4856 4765 4818 4658 5287 5263 5168 5138 5327 5437 5060 5239 4872 5326 4911 5489 4934 4881 4650 4995 5545 5036 4537 5028 5388 4694 5049 5208 5148 5287 4590 5095 5408 5244 5019 5022 5644 5046 5042 5203 5505 4915 5267 5149 5185 4990 5081 4842 5212 5106 5023 4951 5424 5559 5344 4818 5151 5176 5338 5267 5111 4965 5241 5312 4955 5514 4776 5260 5249 4898 5133 4967 4885 5334 5181 5027 5123 5306 4853 5012 4831 5127 5102 5173 5186 4767 4926 4765 5116 4726 5164 4881 5203 4600 5249 5148 5203 5038 5539 5061 4929 5208 5371 5126 4861 5060 5206 5145 5139 5003 4853 5405 5253 4986 5229 5671 4653 5069 4983 5308 4605 5256 5082 5131 5268 5494 4979 4998 4894 5496 5195 5431 4926 5650 5461 5470 4932 4905 5158 5459 4787 4717 5245 4989 5223 4990 5361 5072 4835 4888 4788 4816 4953 5127 5164 5034 5004 5211 4852 5109 4968 5151 5102 5402 5332 5192 5351 5228 4669 4639 5189 4871 4994 4625 5173 5122 4944 5028 5043 4983 5044 5474 4690 5444 4999 5259 5096 5496 4778 5218 5468 4969 5408 5144 4931 5241 5304 5339 5402 5359 5152 5575 5204 4793 5404 4900 5024 4859 5402 4922 5145 5548 4979 5556 5262
5101 5247 5420 5148 4929 4931 5252 5491 4968 5099 4655 4509 5341 5033 4631 4863 4898 5396 4895 4710 5920 5234 5056 4977 4890 5074 5349 5567 5390 4786 5273 4726 5185 5158 4912 5152 5126 4534 5038 5148 4904 4723 4828 4766 4865 4911 5163 5045 4898 5540 5139 4929 5116 4670 5367 5137 5352 4646 4904 4792 4949 5537 4844 4563 4763 4993 4570 4379 5101 5067 5172 4635 5064 5119 5045 4756 5212 5251 4830 4855 4722 5522 4996 5275 5020 5067 4697 5109 4977 5132 5142 5249 4802 5078 5418 5254 4544 5081 5104 4791 5205 4936 4951 5353 5173 5430 5310 4817 5394 5023 4799 4891 4575 5124 5180 5043 4951 4950 5278 4985 4983 4907 4875 4828 5101 5274 4747 5002 4895 5295 4972 5052 4925 5004 4710 5375 5023 5265 4992 5372 5098 4650 5146 5214 5341 4693 5061 5048 4889 5150 5184 4629 5161 5226 4750 5185 5370 4832 4907 4823 5270 4818 5135 5208 5085 5335 5242 4999 5205 4493 5007 4940 5112 5008 5330 5179 5553 4906 4845 5008 5359 4769 4979 5349 4916 4999 4775 5042 5063 4784 4622 4925 4726 4748 5268 4794 5172 5070 4959 4750 4646 4620 5089 4981 4989 5483 4873 5105 5263 5135 4881 5459 4678 4793 4530 5114 4638 4803 5048 4839 5011 4655 5097 4744 5085 4927 4900 4774 5234 4825 5040 5517 5082 5068 5200 4764 5051 5007 5308 5235 5239 4850 5373 5272 4764 5408 4706 4984 4708 5254 4705 4836 5429 5238 4917 5183
5264 5461 5503 5328 5122 4914 5291 5643 5088 5091 4972 4815 5535 4774 5001 4981 5315 5604 4832 4888 6026 5172 5343 5080 5010 5162 5273 5542 5402 5343 5422 5014 5446 5094 4980 5346 5453 4752 5249 5509 4946 4973 4989 5068 4863 5191 5070 5479 5274 5526 5408 4934 5383 5162 5337 5146 5381 5055 4869 4798 5288 5701 5011 4554 4944 5371 4630 4791 5302 5417 5764 4641 5369 5553 5119 4944 5357 5398 5177 5205 5007 5681 5129 5383 4985 4938 5291 5422 4986 5399 5160 5282 4852 5497 5336 5120 4764 5484 5274 5237 5601 5225 5055 5559 5058 5465 5497 5031 5617 5221 5077 5419 4835 5319 5451 5328 5115 5033 5382 5353 5098 5017 5313 4963 5170 5509 4759 5311 5077 5373 5182 5259 5209 5508 4751 5290 5328 5073 5074 5513 5375 5144 5567 5282 5569 5004 5224 5171 5280 5074 5074 4857 5415 5017 4967 5362 5801 4980 5062 5096 5550 4799 5323 5411 5236 5396 5427 5070 5158 4711 5207 5074 5437 4870 5500 5254 5302 4839 4894 5107 5762 4960 4779 5259 5258 5357 4916 5481 5155 4965 4887 4844 4984 4865 5188 4905 5221 5046 5510 4940 5154 4893 5305 5425 5584 5334 5149 5229 5169 4737 4979 5560 4842 5166 4770 5496 5007 4970 4979 5060 5043 5161 5346 5043 5260 5212 5211 5079 5255 4693 5003 5646 5061 5587 4968 5224 5539 5305 4990 5627 5482 4952 5530 5531 4869 5861 4956 5154 4921 5324 5046 5250 5613 5443 5445 5288
5228 5498 5273 5485 4815 4617 5529 5510 5076 5362 4951 4791 5541 4787 4701 4938 4924 5485 5130 5257 5835 5138 5145 5268 5401 5169 5181 5608 5351 5155 5278 4898 5454 5290 4787 5532 5370 4779 5327 5468 4957 4903 4979 4929 4850 5351 5398 5175 5341 5309 5250 5153 5354 4735 5275 5401 5200 4794 4906 5237 5029 5848 5071 4642 4850 5503 4958 4950 5354 5193 5574 4905 5145 5545 4918 5032 5339 5555 5177 5043 5050 5614 5125 5311 5109 5103 5108 5279 5000 5321 5530 5105 5000 5519 5690 5463 4895 5040 5314 5300 5625 5109 4861 5234 5549 5331 5484 5165 5664 4924 5016 5278 4833 5321 5440 4838 4982 5206 5360 5064 5010 5158 5086 5155 5056 5337 4963 5090 5185 5126 5043 5301 5165 5106 4928 5298 5288 5516 4978 5508 5322 4835 5492 5353 5476 5055 5422 5072 5002 5098 5412 4828 5532 5336 5024 5391 5744 4940 4978 4866 5505 4887 5158 4962 4922 5448 5068 5331 5069 4713 5474 5187 5266 4719 5456 5357 5258 4857 4843 5258 5745 4924 4651 5090 4937 5058 5028 5196 5138 4971 4984 4959 4832 5129 5104 5140 5132 4996 5355 4931 5095 4699 5308 5266 5042 5449 4960 5436 5115 5174 4911 5514 4768 5234 4894 5372 4892 4878 5036 5118 5145 5159 5054 4991 5376 4907 5324 5425 5302 4759 5252 5490 4955 5306 4930 5132 5228 5351 5066 5246 5329 5255 5277 5120 4664 5699 4819 5110 4879 5502 5290 4908 5581 5251 5461 5122
5005 5450 5285 5331 4697 4983 5086 5542 5270 5092 4747 4728 5392 4831 5096 5041 4913 5386 4882 5047 5774 5378 5398 5246 4923 5345 5080 5615 5393 5002 5268 4744 5047 5242 4998 5428 5440 4789 5111 5425 5043 5125 4616 4866 4688 5301 5240 4996 5046 5147 4976 5069 5373 4796 5349 5149 5180 4968 4902 4834 5066 5790 5012 4566 4852 5233 4707 5045 5356 5145 5321 4834 5205 5829 5076 4985 5167 5629 4966 4907 4997 5654 5184 5370 5160 4958 5100 5261 4595 5364 5303 5345 5080 5403 5414 5562 4784 5068 5174 5287 5516 5173 5082 5382 5154 5417 5171 4927 5628 5054 4615 5283 4357 5023 5390 4922 4714 5036 5245 5317 4929 4957 4768 5115 4961 5263 4656 4634 4814 5224 4719 5171 4921 4854 4740 5185 5155 5213 4876 5547 5289 4717 5470 5103 5285 4903 5071 5102 5004 5364 5116 4864 5098 5168 5053 5275 5334 4805 4903 4993 5520 4786 5026 5199 5206 5546 5363 4804 5025 4635 5411 4892 5337 4862 5298 5267 5534 4879 4696 4999 5744 4810 4877 5051 4816 5213 4772 5178 5085 5149 4817 5011 4573 4973 5299 4800 5305 4829 5073 5147 5102 4809 5174 5136 5497 5609 4847 5245 5338 4642 4674 5283 4893 4884 4800 5231 4938 4924 4855 4963 5199 4783 5036 4586 5325 4847 5067 5258 5593 4610 4877 5358 4922 5384 4774 5050 5306 4991 4896 5415 5358 5015 5414 5348 4951 5701 4793 5193 4611 5315 5165 5023 5628 4809 5563 4948
4835 5182 5130 5140 4787 4874 5015 4947 4739 4862 4428 4508 5145 4707 4694 4765 4862 5246 4432 4646 5201 4909 5026 4693 4801 4836 5315 5562 5021 4872 5181 4214 5054 4858 4763 5177 5262 4500 5011 4985 4862 4668 4370 4733 4676 4709 4816 5017 4796 4928 4838 4540 4890 4438 4981 4957 4858 4597 4510 4635 4761 5204 4741 4227 4655 4727 4332 4539 5053 4984 5075 4518 4964 5084 4714 4580 4986 5056 4671 4546 4477 5197 4794 5232 4880 4763 5044 4890 4766 4934 5212 5213 4600 4821 5170 4936 4456 4798 4908 5015 5134 4798 4881 5015 4937 4913 4816 4672 5188 4967 4593 4607 4212 4545 4846 5080 4644 4666 5213 5053 4610 4770 4553 4725 4923 5294 4574 4626 4848 4865 4624 4657 4693 4830 4559 4980 4871 4956 4986 5147 4724 4675 5070 4828 5097 4586 4891 4802 4472 4729 4943 4320 5058 4856 4678 5023 5225 4425 4413 5168 4964 4777 4735 4945 4838 5189 4831 4685 4805 4542 4879 4707 5131 4798 5000 4941 5052 4656 4850 4603 5031 4564 4401 4833 4663 4795 4897 4863 4852 4285 4799 4611 4370 4569 4857 4697 4797 4691 4860 4627 4800 4712 4966 4765 5416 4730 4615 5035 4908 4587 4481 5036 4647 5070 4493 4872 4725 4580 4783 4837 4754 4828 5185 4430 4590 4577 4661 4808 5173 4497 4898 5320 4971 4690 4435 4960 5126 4830 5063 4976 5064 4605 5048 5141 4778 5233 4476 4985 4427 5089 4890 4542 5417 4951 4966 4856
5527 5596 5155 5432 4936 5121 5456 5468 5170 5185 4726 4892 5394 4898 4940 5224 5019 5439 4818 4998 5757 5258 5008 5181 5017 5034 5490 5725 5291 5005 5228 4761 5420 5162 5204 5600 5333 5063 5086 5669 5237 5175 4953 5134 4768 5199 5361 5317 5317 5064 5258 5218 5456 4618 5340 5241 5486 5152 5016 5035 4977 5752 5062 4684 4742 5491 4795 5130 5564 5453 5454 4627 5281 5625 5188 4958 4927 5693 5237 5164 5060 5495 5116 5217 5242 5157 5317 5297 5166 5454 5550 4958 4975 5613 5811 5231 4824 4968 5196 5521 5606 5237 5080 5286 5341 5258 5430 5138 5661 5126 5010 5301 4757 4999 5330 5192 4856 4940 5405 4934 4932 5017 5211 5026 5054 5501 4588 4923 5121 5354 4855 5179 4810 5011 4845 5319 5389 5580 5216 5567 5345 5072 5548 5358 5448 5055 5328 5150 4932 5282 5125 4853 5073 5291 5141 5371 5619 5042 5190 5110 5452 4944 5139 5362 5297 5098 5305 5159 5090 4780 5393 5028 5546 5130 5316 5391 5592 5110 4851 5138 5563 4879 4689 5254 4915 5330 4929 5134 5109 4839 4926 5065 4827 4965 5028 5212 5233 5203 5391 5208 5174 4769 5074 5430 5341 5450 5293 5249 5351 4944 4975 5407 4626 5184 4853 5064 5108 4979 5116 5043 4961 5270 5331 4971 5235 5106 5144 5251 5586 4795 5412 5479 5170 5468 5323 5283 5132 5237 5283 5557 5378 5159 5560 5498 4979 5874 5117 5063 4895 5512 5299 5202 5575 5381 5421 5263
4909 5367 4909 5118 5024 4726 5047 5324 4974 4709 4519 4798 5067 4892 4756 4776 4764 5387 4558 4848 5842 4795 4860 4670 4766 4927 5297 5251 4977 4770 5061 4603 4848 4945 4921 5170 4910 4481 5008 5149 4625 4843 4720 5063 4556 5053 5033 4890 4934 5132 4916 4804 5326 4722 5035 5017 5194 4710 4594 4743 4751 5474 4757 4549 4964 5128 4706 4736 5095 4815 5097 4585 5042 5056 5195 4615 4941 4994 4928 4783 4748 5384 4734 5307 5098 4863 4920 5228 4537 5164 5052 4784 4772 4952 5029 5234 4522 4870 5112 4937 5375 4862 4717 5104 5201 4937 5178 4752 5164 4904 4872 4789 4206 4669 5058 5155 4856 4790 5298 4798 4759 4761 4876 4877 4592 5220 4598 4890 4865 5172 4500 4934 4681 5051 4396 5087 4890 4974 4839 5099 5093 4710 5235 4873 4961 4656 4924 5006 5103 4908 5076 4537 4978 4966 4391 4863 5207 4733 4791 5064 5039 4390 4867 5127 4746 5202 4978 4765 5050 4649 5104 4731 4941 4695 5087 5182 4944 4775 4830 4717 5270 4883 4548 4943 4748 5079 4958 4853 4871 4599 4574 4678 4927 4726 4995 4916 4797 4856 5273 4482 4809 4589 4957 5038 5260 5084 4528 4969 5230 4861 4523 5295 4623 4896 4412 4941 4956 4658 4809 4795 4597 4829 4955 4724 4929 4886 4914 4993 4901 4413 4946 5336 5195 5026 5006 5028 5227 4921 4788 4976 5047 4689 5034 5102 4688 5196 4762 4951 4844 5042 5072 4722 5391 4984 5024 4930
4720 4503 4413 4720 4358 4197 4426 4838 4475 4158 4089 4247 4705 4103 4361 4617 4210 4955 4256 4573 4969 4544 4576 4284 3931 4350 4718 4768 4803 4604 4660 4279 4661 4343 4527 4496 4676 4489 4299 4697 4391 4205 4035 4418 4185 4353 4642 4445 4331 4715 4460 4230 4500 4348 4583 4440 4186 4500 4262 4273 4183 4558 4107 3871 4277 4630 3904 4367 4625 4435 4657 4074 4565 4752 4609 4414 4559 4735 4353 4363 4155 4793 4350 4641 4454 4298 4383 4396 4290 4557 4597 4542 4184 4453 4864 4617 4262 4363 4475 4414 4709 4080 4302 4520 4574 4634 4669 4278 4929 4405 4179 4393 4007 4352 4347 4210 4210 4357 4902 4365 4574 4237 4276 4408 4110 4368 4101 4093 3994 4569 4015 4186 4244 4297 4075 4628 4417 4639 4266 4681 4408 4270 4747 4303 4296 4043 4576 4512 4310 4441 4836 4096 4420 4452 4212 4517 4745 4065 4476 4248 4749 4148 4474 4303 4684 4742 4519 4551 4256 4114 4525 4263 4629 4274 4592 4871 4597 4524 4373 4275 4788 4174 4008 4455 3939 4712 4054 4190 4366 4279 4265 4096 4065 4198 4504 4325 4561 4175 4539 4156 4197 4151 4766 4510 4478 4468 4282 4458 4693 4237 4382 4632 4032 4569 4179 4511 4146 4217 4473 4231 4318 4199 4323 4184 4321 4357 4375 4393 4651 4278 4408 4752 4419 4463 4200 4404 4128 4189 4265 4978 4805 4446 4688 4530 4133 4876 4085 4289 4058 4524 4384 4290 4687 4640 4511 4311
5683 5856 5749 5692 5310 5365 5615 5879 5488 5336 5249 5204 5934 5379 5107 5458 5346 5708 5227 5459 6526 5447 5599 5156 5184 5313 5716 5810 5728 5311 5553 5074 5733 5372 5401 5698 5896 5021 5434 5617 5341 5212 5022 5372 5023 5677 5466 5508 5423 5733 5838 5400 5641 5182 5621 5647 5870 5179 5177 5377 5626 6125 5208 4967 5098 5764 5099 5565 5622 5647 5956 5054 5588 6088 5665 5173 5681 5873 5534 5423 5252 5833 5363 5724 5703 5618 5704 5521 5155 5588 5472 5682 5491 5716 5743 5939 5125 5287 5789 5496 6043 5399 5485 5814 5673 5647 5735 5350 5907 5512 5463 5350 4920 5561 5627 5622 5218 5105 5644 5457 5628 5154 5420 5639 5405 5739 5149 5040 5182 5434 5261 5536 5408 5434 5084 5463 5376 5599 5309 5949 5575 5132 5494 5568 5653 5300 5701 5337 5426 5364 5436 4952 5612 5452 5533 5822 5985 5216 5539 5003 5804 5102 5537 5505 5324 5653 5592 5295 5516 5163 5573 5460 5758 5273 5819 5399 5564 5523 5128 5646 6086 5097 4832 5794 5216 5211 5514 5539 5531 5132 5507 5308 5271 5405 5271 5399 5482 5454 5717 5317 5429 4981 5557 5371 5785 5635 5253 5637 5513 5240 5291 5590 5077 5405 5319 5473 5371 5222 5271 5863 5459 5388 5435 5089 5625 5606 5529 5406 5762 5182 5569 5835 5396 5637 5494 5343 5591 5346 5352 5883 5526 5286 5745 5840 5450 6070 5133 5461 5038 5855 5337 5265 5893 5619 5744 5460
5589 5819 5469 5563 5211 5155 5650 5850 5360 5243 4823 4912 5764 4948 5291 5273 5322 5843 5085 5258 6216 5527 5531 5442 5245 5402 5512 6055 5826 5526 5926 5053 5608 5403 5348 5447 5860 5163 5660 5688 5197 5218 5232 5251 5123 5408 5564 5397 5459 5409 5458 5331 5611 5163 5504 5480 5693 5401 5009 5253 5231 6120 5333 5028 5427 5640 5115 5319 5493 5557 5899 5138 5693 6019 5470 5074 5521 5586 5672 5423 5089 5834 5341 5771 5309 5269 5332 5564 4956 5535 5723 5337 5517 5705 5808 5646 5196 5222 5604 5215 5817 5264 5565 5622 5552 5583 5698 5580 5639 5659 5275 5515 4736 5313 5697 5367 5523 5189 5878 5559 5506 5100 5418 5288 5181 5562 5015 5126 5237 5416 5288 5378 5011 5469 4886 5721 5609 5714 5337 5760 5555 5503 5745 5459 5727 5204 5452 5165 5293 5520 5573 5246 5798 5493 5395 5666 5902 5270 5316 5318 5695 5252 5407 5369 5376 5676 5797 5569 5655 5122 5534 5310 5390 5069 5809 5530 5684 5019 5103 5518 6086 5274 5157 5664 5096 5636 5106 5609 5456 5252 5191 5084 5136 5236 5600 5318 5474 5343 5734 5283 5312 4953 5590 5467 5910 5544 5420 5570 5567 5465 5304 5809 5163 5500 5274 5573 5354 5076 5341 5359 5418 5369 5676 5142 5604 5353 5449 5246 5712 4806 5219 6048 5280 5672 5260 5215 5549 5330 5048 5704 5805 5360 5692 5544 5123 5921 5172 5338 5006 5389 5528 5198 5996 5505 5747 5446
4607 4768 4553 4788 4303 4304 4648 5002 4469 4387 4279 3999 4593 3986 4444 4312 4377 4760 4273 4796 5057 4498 4803 4467 4495 4534 4555 5033 4868 4383 4474 4234 4390 4552 4260 4455 4599 4559 4540 4739 4270 4323 4299 4451 4341 4824 4526 4481 4683 4590 4427 4643 4706 4003 4553 4383 4710 4433 4384 4292 4430 4934 4631 4108 4377 4727 3988 4317 4714 4573 4834 4321 4547 4885 4709 4550 4469 5033 4492 4339 4508 5013 4405 4543 4358 4532 4513 4779 4387 4748 4384 4645 4411 4694 5084 4648 4147 4716 4507 4618 4587 4687 4403 4572 4501 4655 4630 4474 4738 4428 4466 4558 3928 4245 4591 4291 4458 4581 4786 4427 4341 4256 4339 4541 4514 4817 4208 4087 4237 4540 3970 4316 4525 4452 4225 4760 4824 4897 4463 4787 4436 4364 5054 4593 4527 4427 4405 4600 4523 4725 4847 4453 4859 4830 4575 4680 4778 4313 4579 4344 4572 4314 4628 4678 4633 5048 4709 4515 4515 3926 4618 4344 4635 4508 4866 4605 4886 4372 4294 4476 5099 4243 4379 4498 4237 4622 4226 4398 4485 4449 4084 4069 4142 4202 4351 4360 4758 4412 4491 4621 4249 4297 4584 4666 4782 4743 4695 4594 4539 4461 4405 4456 4485 4447 4182 4571 4425 4451 4350 4276 4524 4534 4557 4224 4744 4701 4652 4393 4667 4339 4715 4696 4606 4618 4082 4410 4714 4627 4433 5038 5018 4452 4803 4545 4367 4991 4129 4302 4123 4711 4418 4358 4810 4494 4818 4751
5076 5167 5256 5329 4825 4763 5008 5305 4869 4951 4639 4467 5339 4929 4708 4884 4908 5155 4584 4640 5875 4966 5136 4967 4739 4993 5278 5348 5190 4969 5192 4556 4980 5023 4856 5099 5387 4741 5060 5000 4916 4969 4890 5281 4666 4972 5122 5101 5049 5120 5188 5038 5200 4756 5306 5046 5360 4977 4650 4768 5004 5357 4842 4673 4767 5139 4639 4800 5065 5030 5355 4766 5627 5613 5153 4812 5132 5268 5127 4957 4654 5416 4871 5020 4996 5070 4934 4899 4903 4875 4913 4927 4808 5021 5397 5241 4512 4925 5010 5058 5383 4886 4798 5290 5183 5100 5227 4789 5315 5132 4812 5015 4291 4531 4986 4983 4855 4697 5452 5015 4827 4808 4862 4950 4873 5406 4481 4982 4818 5067 4742 4849 4856 4932 4729 5254 5077 5193 5041 5474 4961 4815 5171 5030 5029 4689 5087 4766 4904 5167 5151 4756 5046 5251 4675 5297 5428 4869 4840 4792 5021 4794 4960 5123 4957 5138 5285 5064 4935 4710 5311 4857 5211 4949 5361 5063 5039 4984 4916 4754 5386 4723 4752 5134 4566 5061 4957 5001 5099 4816 4748 4757 4932 4839 5004 4804 5081 5118 5388 4804 5110 4528 5001 5046 5307 5364 4977 5085 5163 5269 4728 5259 4514 4800 4737 5169 5034 4923 4755 4845 4701 4987 5294 4534 5337 4830 4874 4985 5108 4679 4901 5249 5017 5306 4819 5086 5094 5165 5054 5427 5337 4909 5391 5113 4722 5376 4671 4706 4894 5062 4888 5087 5289 4969 5342 4989
5014 5422 5153 5259 4788 4999 5258 5416 4920 4994 4632 4805 5332 4752 4678 5043 5004 5366 4600 4968 5924 4922 5099 4970 4839 4942 5122 5577 5191 4822 5445 4784 5001 5322 5035 5332 5285 4565 5281 5147 4936 4873 4872 4876 4865 5102 5228 5141 5055 5002 5187 4768 5136 4528 4917 5243 5466 4848 4778 4968 4732 5541 5172 4583 4732 5193 4705 4915 5216 5237 5472 4494 5421 5488 5134 4527 5030 5208 4781 4828 4994 5383 4999 5121 5251 5039 5048 5136 4722 5218 5139 5165 4896 5302 5271 5337 4568 4820 5062 4981 5534 4955 5072 5244 5166 5182 5272 4789 5184 4888 4836 4982 4403 4936 4979 5114 5044 4792 5406 4943 4891 4792 4888 5009 5011 5364 4586 4745 4991 5101 4755 5054 5051 4831 4812 5021 5105 5356 4972 5450 5186 4614 5145 5025 5083 4954 5124 5032 4865 5005 5282 4711 5329 5216 4788 5306 5408 5024 4994 4993 5200 4750 5155 5173 5146 5234 5634 4738 4996 4785 5216 5169 5352 4800 5147 5239 5337 4691 4666 4998 5583 4752 4721 5260 4605 4925 4723 5145 5039 4948 4549 5051 4673 4862 5116 5105 5115 5018 5057 4995 4961 4598 5061 5168 5299 5553 4977 5302 5285 4937 4875 5405 4621 4990 4774 5143 4680 4803 4752 4859 4899 4830 5241 4722 5208 4793 5020 5030 5357 4614 5071 5234 5034 5253 4988 4881 5352 4993 5015 5206 5146 4744 5381 5378 4899 5524 4844 4973 4678 5184 5127 4858 5779 4949 5213 4861
5103 5162 5207 5313 5045 4828 4961 5399 5210 5039 4836 4690 5387 4784 4874 4999 5253 5342 4945 4983 5714 5081 5236 4909 4772 4917 5450 5575 5240 4834 5086 4733 5234 5182 4958 5243 5398 4624 5206 5214 4791 4849 4993 4992 4904 4993 5061 5202 5188 5374 5096 5067 5052 5028 5139 5320 5339 5025 4670 4866 5043 5326 5037 4658 4882 5101 4671 4790 5520 4919 5366 4712 5229 5603 5260 4702 5214 5199 5107 4988 4603 5548 5061 5200 5053 5012 5003 5187 4878 5418 4967 5171 4667 5064 5417 5453 4685 4991 5172 5086 5458 4916 4903 5267 5302 5142 5388 5012 5267 4972 4979 5256 4441 5041 5165 4859 4953 4803 5385 5139 4986 5098 4984 5051 4932 5333 4507 5050 4950 5197 4921 4996 4877 4819 4719 5102 5180 5184 5178 5262 5161 4649 5030 5072 5153 4870 5098 5061 4874 4710 5219 4539 5110 4962 4635 5153 5381 4913 5141 5054 5281 4692 4969 5058 5256 5517 5305 4728 5268 4441 5266 4799 5258 4824 5476 5139 5359 4965 4916 5144 5552 4795 4924 5259 4952 5043 5068 5003 5130 4655 4853 4705 4737 4733 5300 5008 4878 5130 5288 4807 4952 4578 5188 5305 5327 5181 4971 5328 5071 4877 5066 5448 4771 4719 4568 5188 4787 4765 4699 4883 4829 4755 5164 4593 5079 4961 5143 5058 5353 4638 5124 5115 5218 5159 4918 4842 5330 5206 5219 5395 5196 4921 5491 5320 4954 5373 4802 4934 4679 5390 4899 4652 5442 5179 5336 4767
5317 5282 5204 5491 5021 4990 5047 5323 4809 4742 4819 4745 5212 5037 4853 5279 5077 5234 4717 5060 6007 5217 4995 5236 4782 5181 5367 5663 5416 4942 5461 4733 5345 5118 5201 5356 5353 4662 5141 5260 5009 5002 5000 4937 4997 5167 5172 5125 5300 5414 5281 4973 5285 4842 5052 5102 5334 5041 5161 4972 5035 5673 5036 4512 5122 5204 4921 4948 5530 5147 5625 5020 5192 5426 4952 4529 5218 5489 5259 4845 5154 5669 5126 5135 5030 5042 5055 5293 5082 5158 4974 5131 4815 5113 5421 5220 4764 4790 5084 5309 5359 5119 4886 5053 5333 5158 5355 4845 5535 5141 5034 5242 4541 5012 5352 5001 5080 5255 5233 4883 5200 4915 5148 5140 4755 5530 4837 4815 4893 5291 4732 5042 4828 5276 4564 5253 5174 5034 4688 5347 5227 4882 5353 5172 5373 4746 5185 5042 4976 4998 5135 4661 5416 5357 4890 5260 5573 4955 4991 5175 5441 4818 5219 5090 5144 5247 5540 5122 4883 4743 5102 5104 5287 4836 5611 5460 5276 4890 4773 4817 5482 4932 5078 5377 4719 5373 4509 5134 5267 4658 4850 5039 5030 4905 5040 5380 5104 4911 5299 4845 5024 4619 5318 5152 5154 5348 4974 5453 5106 4990 4927 5383 4667 5084 4412 5174 5074 5022 4970 4892 4875 5117 5363 5010 5370 4973 5088 5094 5237 4739 4916 5441 5175 5204 4955 5363 5221 5167 4936 5425 5116 4976 5653 5088 4901 5651 4822 4976 4784 5247 4987 4984 5700 5032 5489 5203
4969 5404 5196 5222 5055 4915 5118 5447 4939 4941 4534 4580 5175 4746 4771 4851 4924 5347 4671 4893 5894 5075 5089 4991 4868 5060 5406 5306 5228 4939 5132 4646 5230 5063 4861 5215 5265 4781 5300 5116 4652 4736 4844 4939 4573 5003 5333 4802 5036 5014 5026 4913 5141 4765 5101 4947 5436 4893 4712 5076 5029 5209 4772 4623 4731 5098 4737 4674 5074 5111 5430 4522 5037 5455 5119 5009 5088 5187 4892 4853 4793 5366 4897 5184 4838 4808 5102 4996 4773 5050 4988 4909 4869 5057 5378 5454 4543 4909 5127 5264 5140 4847 4964 5185 5079 5278 5139 4892 5227 4836 4743 5033 4458 4950 5103 4944 4761 4972 5444 4834 4947 4883 4890 4940 4831 4876 4309 4892 4673 4996 4635 5176 4673 4841 4684 5155 5159 4953 5041 5264 5051 4669 5206 5079 4906 4590 4940 5019 5069 5057 5103 4471 5092 5032 4604 5081 5278 4496 5016 4789 5253 4709 4814 5022 5081 5386 5226 5017 4669 4347 5171 4940 5267 4699 5526 5252 5104 5095 4581 4962 5468 4756 4463 5291 4668 5156 4828 4785 4861 4738 4894 4887 4756 4572 4958 4753 4769 4908 5270 4781 4919 4793 5080 5324 5397 5268 5026 5250 5148 4973 4628 5153 4580 4810 4717 4986 4913 4712 5095 5047 4900 4866 5277 4871 5029 5013 5071 5073 5040 4644 4880 5236 4904 5187 5007 4764 5152 5068 4920 5454 4972 4895 5131 5341 4709 5417 4697 4753 4709 4921 4983 4904 5239 5066 5325 5049
5634 6009 5604 5569 5281 5330 5740 5918 5242 5296 4912 4993 5834 5104 5316 5300 5261 5939 5145 5217 6352 5381 5563 5269 5297 5583 5484 6001 5802 5160 5611 5083 5438 5502 5423 5723 5718 5061 5677 5550 5240 5154 4955 5220 5352 5657 5517 5123 5337 5626 5403 5346 5753 5202 5426 5370 5815 5047 4948 5258 5492 5700 5288 4980 5196 5585 5092 5318 5584 5625 5772 5062 5699 6209 5748 5259 5578 5759 5413 4960 5202 5820 5300 5439 5193 5668 5745 5545 5061 5577 5559 5677 5167 5909 5894 5798 5248 5166 5407 5636 5712 5287 5389 5602 5503 5592 5759 4999 6000 5456 5204 5450 4737 5395 5513 5454 5504 5265 5866 5541 5176 5342 5480 5550 5315 5504 4999 5234 5327 5442 5156 5779 5514 5245 4982 5690 5784 5571 5271 5477 5629 5008 5565 5361 5549 5295 5389 5290 5284 5519 5555 4977 5478 5698 5209 5546 5710 5199 5474 5232 5763 5264 5404 5432 5446 5655 5393 5508 5318 5008 5844 5382 5780 5336 5916 5581 6018 5524 5081 5421 5904 5396 5175 5491 5149 5660 5141 5405 5257 4991 5232 5171 5248 5122 5284 5342 5572 5338 5631 5337 5308 5152 5487 5439 5629 5629 5375 5650 5689 5195 5146 5596 5112 5089 5183 5468 5185 5293 5253 5576 5321 5154 5533 4788 5325 5205 5332 5548 5623 5002 5285 5719 5387 5268 5239 5267 5555 5209 5376 5758 5715 5276 5716 5566 5346 5909 5167 5340 5123 5517 5510 5423 5828 5477 5726 5407
5593 5628 5509 5570 5355 5248 5332 5903 5577 5381 5048 4883 5443 5169 5220 5362 5193 5968 5253 5512 6216 5383 5243 5551 5297 5267 5768 5697 5766 5244 5768 5072 5711 5422 5376 5691 5567 5287 5431 5506 5202 5395 4954 5293 5096 5565 5385 5380 5534 5669 5403 5290 5429 5139 5458 5508 5517 5035 5346 5363 5443 5844 5039 4815 5129 5625 4843 5292 5551 5344 5852 4842 5494 5736 5125 5297 5480 5601 5472 5262 5216 5761 5128 5731 5274 5431 5353 5613 5002 5575 5653 5766 5128 5719 5924 5724 5024 5390 5506 5377 5848 5387 5315 5591 5618 5511 5733 5122 5746 5369 5410 5306 4840 5228 5607 5336 5184 5544 5673 5216 5226 5309 5363 5128 5009 5757 5023 4914 5190 5225 5073 5286 5125 5381 5038 5577 5327 5284 5268 5575 5399 4913 5907 4981 5323 5454 5303 5257 5061 5535 5445 4943 5624 5789 5225 5458 5953 5285 5207 5261 5565 4978 5354 5200 5207 5727 5615 5316 5670 4944 5441 5277 5753 5169 5688 5458 5766 5321 5264 5495 5967 5203 5238 5672 5025 5380 5128 5402 5468 5176 4973 5020 5150 5274 5624 5514 5406 5415 5628 5233 5076 4979 5317 5357 5478 5555 5198 5586 5447 5194 4990 5677 5250 5402 4950 5381 5399 5224 5086 5194 5044 5179 5315 4872 5448 5241 5430 5173 5595 5147 5192 5746 5223 5652 5185 5190 5507 5274 5331 5755 5581 5112 5715 5585 5017 5838 4973 5394 5031 5602 5541 5182 6008 5254 5653 5573
5425 5741 5474 5541 5182 4990 5528 5768 5370 5207 5022 4628 5674 5102 5025 5139 4824 5495 5018 5115 5772 5192 5273 5527 4961 5129 5573 5546 5613 4922 5200 4959 5520 5188 5122 5342 5577 4826 5183 5693 4888 5198 5063 5053 4952 5019 5473 5401 5001 5504 5129 5290 5529 4867 5325 5164 5348 5178 4779 5173 5295 5828 5000 4481 5017 5329 4693 4871 5188 5138 5101 4926 5410 5643 5304 5034 5091 5597 5234 5074 5263 5496 5010 5456 5151 5170 5057 5179 4980 5529 5332 5201 4913 5470 5670 5120 4988 5219 5281 5399 5391 5330 4758 5407 5258 5509 5430 5032 5714 5474 4985 5175 4735 4973 5368 5264 4994 4927 5713 5095 4943 5300 5142 5265 4934 5197 5086 5192 4853 5245 5011 5449 4990 5128 4894 5583 5166 5467 5062 5419 5215 5062 5298 5149 5358 4855 5260 4946 4953 5457 5305 4619 5204 5251 4815 5316 5823 4784 4948 5235 5522 5081 5068 5259 5236 5381 5343 5120 5319 4708 5381 5171 5452 4991 5685 5604 5586 5137 5057 4973 5593 4931 4830 5158 5082 5163 5272 5519 5084 4850 4819 4995 4872 5087 5329 4935 5274 5042 5168 4997 5287 4781 5130 5125 5285 5426 5273 5346 5378 5065 5079 5371 4705 5026 4764 5278 5125 4766 5180 5259 4902 5058 5423 4981 5170 5159 5207 5196 5450 4983 5278 5589 5082 5520 5235 5126 5207 5252 5210 5362 5502 5247 5289 5593 5111 5796 4882 5108 4985 5298 5022 5007 5677 5561 5372 5132
4977 5199 5078 5165 4738 4674 5251 5232 4938 4723 4650 4555 5376 4851 4758 4831 4958 5064 4672 4870 5479 4886 4991 4947 4764 4968 5159 5471 5225 4707 5050 4558 5099 4906 4787 5072 5430 4534 4925 5316 5006 4806 4875 5254 4752 4759 4985 4981 4845 5000 4964 5072 5023 4753 5165 5109 5177 4656 4835 4875 4752 5373 5061 4515 4454 5022 4531 4575 5102 4943 5140 4599 4933 5216 4925 4856 5060 5218 4900 4809 4735 5266 4918 5081 4954 5100 5099 5021 4765 4976 4999 4929 4662 5067 5440 5278 4374 4954 5045 5124 5297 4999 4897 5214 5275 5126 5095 4708 5258 4876 4831 5127 4189 5023 5203 5030 4771 5030 5125 5022 4935 4861 4898 4924 5025 5021 4496 4758 4652 5000 4744 5021 4736 4877 4560 5190 5026 5297 5035 5285 5018 4711 4912 5249 4966 4756 5055 4856 4695 5261 4934 4472 5008 4763 4769 5225 5229 4627 4689 4665 5297 4616 4626 5021 5154 5416 5208 4750 4978 4713 5236 4797 4998 4693 5393 5180 5461 4838 4847 4839 5322 4708 4714 5129 4773 5324 4831 5076 4921 4729 4766 4487 4504 4643 5102 4618 5044 4841 5266 4856 4832 4555 5092 5270 5183 5198 4748 5123 4934 4947 4740 5207 4602 4843 4629 5059 4781 4856 4956 4772 4745 4690 4965 4502 4990 4883 5031 4893 5177 4745 4764 5352 4827 5297 4723 5022 4794 4984 4986 5329 5204 4968 5277 5271 4797 5315 4639 4903 4375 5217 4917 4928 5540 5057 5184 4884
5819 5598 5669 5689 5514 5253 5595 5797 5278 5381 5014 5149 5569 5080 5109 5156 5458 5935 5072 5322 6211 5444 5273 5442 5095 5366 5704 6097 5493 5276 5362 4906 5457 5492 5341 5820 5752 5159 5602 5572 5205 5163 5199 5114 5196 5512 5436 5783 5463 5614 5421 5138 5652 5123 5536 5433 5573 5408 5231 5409 5509 5977 5531 4879 5088 5828 4970 5319 5820 5753 5798 5044 5657 5874 5474 5144 5537 5792 5413 5309 4964 5884 5393 5647 5318 5339 5652 5652 5192 5587 5509 5578 5329 5797 5847 5652 5079 5309 5458 5685 6031 5600 5534 5443 5655 5711 5675 5172 5986 5376 5331 5428 4844 5427 5442 5446 5530 5155 5649 5627 5492 5408 5422 5511 5423 5757 4993 5399 5120 5606 5280 5592 5300 5272 5156 5467 5641 5903 5558 5862 5510 5016 5586 5447 5543 5343 5424 5406 5325 5176 5601 4956 5587 5571 5428 5386 5649 5321 5384 5376 5762 5271 5395 5263 5420 5578 5595 5425 5289 5323 5583 5225 5655 5178 5878 5374 5660 5113 5136 5343 5898 5017 5183 5508 5054 5468 5476 5505 5480 4997 5111 5247 5242 4966 5492 5373 5652 5150 5843 5322 5504 5106 5436 5362 5313 5700 5587 5733 5664 5119 5484 5856 5043 5383 4723 5372 5200 5490 5217 5163 5222 5392 5481 5177 5694 5322 5434 5604 5546 4839 5422 5516 5149 5496 5366 5248 5817 5298 5289 5798 5584 5400 5954 5651 5321 5963 5170 5478 4945 5531 5551 5436 5823 5371 5454 5546
5011 5379 5179 5406 4631 5092 5230 5413 4849 4801 4687 4553 5428 4820 4934 5012 4914 5343 4614 4937 5812 5004 4761 4958 4827 4891 5077 5604 5233 4900 5263 4534 5041 5200 4942 5093 5311 4416 4847 5364 4987 4908 4556 4819 4656 5103 5159 5018 5069 4964 5030 5066 5098 4779 4914 4947 5363 4847 4913 4922 5218 5492 4896 4347 4655 4872 4637 4756 5491 5225 5145 4691 5007 5291 5061 4467 5299 5516 4739 4603 4791 5264 5176 5131 4829 4948 5358 5002 4911 4924 5350 5034 4772 5018 5545 5371 4660 5012 4981 5081 5504 4946 4936 5313 5112 5094 5205 4744 5420 4783 4814 5040 4381 4966 5380 4739 4891 4921 5032 5050 5042 5061 4892 5113 4829 5013 4317 5007 4931 4962 4771 5060 4820 4833 4541 5069 5162 5213 5041 5295 5314 4560 5158 5313 4977 4733 5050 5079 4817 4980 5180 4731 5088 5176 4896 5167 5346 4783 4700 4927 5325 4451 5029 5065 5129 5110 5107 4795 4872 4581 5182 4927 5116 4897 4980 5021 5326 4932 4735 4921 5329 4628 4742 4976 4784 5064 4733 5185 5227 4623 4717 4714 4589 4860 5116 4901 5080 4921 5035 5188 5093 4779 4894 4890 5147 5227 4812 5181 5107 4762 4859 5392 4614 5033 4592 4932 4668 4942 4876 5058 4802 4768 4943 4811 4953 4739 5056 4930 5193 4649 4697 5308 5001 5180 4928 4984 5119 4854 4849 5123 5074 4831 5180 4815 5094 5515 4803 5026 4626 5305 4796 4834 5333 5305 5276 4841
5576 5722 5355 5585 5010 5167 5441 5550 5013 5019 4921 4704 5707 5125 5230 5043 5147 5560 4812 5125 5903 5173 5188 5267 5149 5212 5488 5987 5327 5273 5434 5014 5511 5160 5068 5412 5532 4960 5332 5485 5297 5167 5028 5234 4843 5241 5435 5240 5345 5322 5224 5232 5380 4671 5210 5368 5429 4927 5070 5041 5155 5930 5075 4697 4975 5178 5041 4852 5548 5538 5422 5001 5414 5681 5194 4968 5111 5848 5022 4866 4819 5600 5436 5162 5148 5061 5449 5221 4969 5498 5515 5309 4944 5361 5670 5413 4849 5056 5481 5475 5785 5124 5124 5724 5250 5176 5470 5086 5764 5253 4889 5444 4543 5076 5440 5283 5280 5138 5219 5099 5144 5077 5051 5321 5039 5540 4900 5045 4777 5256 4913 5124 4944 5131 4532 5115 5286 5302 5112 5551 5319 5082 5545 5277 5546 5155 5388 5214 4992 5150 5405 5176 5145 5186 4969 5357 5563 5057 5084 4833 5558 4893 5140 5250 5270 5202 5423 5233 5043 4889 5346 5217 5446 5041 5288 5385 5566 5080 4981 5221 5712 4899 4818 5245 5060 5361 4861 5302 5210 5041 5023 4906 4795 4903 4960 5180 5213 5242 5410 4875 5208 4892 5180 5191 5591 5276 5147 5300 5490 4895 4869 5411 4933 5205 4885 5234 5029 4963 5225 5031 5000 5051 5470 5071 5176 4965 5124 5209 5516 5006 5093 5293 5330 5543 5142 5307 5247 5099 5210 5351 5510 5066 5496 5556 5100 5641 5190 5060 4856 5366 5318 5008 5744 5237 5360 5053
5182 5269 5401 5358 4745 5112 5441 5588 5214 4887 4748 4697 5198 5101 4982 4932 5201 5468 4875 4886 5973 5291 5379 5143 5011 4811 5530 5629 5470 4794 5339 4774 5279 5131 5099 5324 5393 4954 5413 5697 5242 5060 4745 5062 4968 4872 5262 5105 5124 5377 5085 5236 5420 4824 5383 5447 5374 4760 4936 4812 5016 5717 5044 4802 4953 5156 4650 5077 5579 5111 5434 4597 5032 5532 5057 5047 5385 5500 5230 5026 4940 5472 5209 5298 5303 5416 5209 5452 5235 5161 5352 5198 4912 5347 5796 5296 4787 5171 5057 5350 5646 5156 5164 5434 5326 5370 5466 5177 5586 5230 5210 5160 4571 5135 5467 4835 5482 5215 5652 5275 4919 5314 5201 5246 5167 5390 4781 5015 5194 5100 4847 5042 5308 5059 4903 5339 5225 5252 4982 5310 5490 4922 5137 5366 5326 5228 5367 5076 5222 5137 5005 4678 5284 5106 4888 5297 5811 4830 4953 5062 5431 4903 5030 5367 5364 5392 5494 5182 5441 4658 5436 4936 5251 4998 5614 5434 5386 5109 5146 5079 5731 4979 5178 5262 4990 5127 5145 5322 5296 4868 4740 5088 4839 5036 5229 4995 5217 5230 5471 5148 4845 4871 5069 5307 5374 5190 5121 5523 5257 5024 5014 5482 4791 5015 4838 5104 4949 4896 5062 5267 5230 5065 5162 4770 5171 5148 5303 5128 5275 4869 5363 5775 5213 5170 5060 5300 5314 5106 5347 5335 5659 5183 5628 5172 4941 5646 4657 5487 4946 5414 5036 5131 5686 5471 5463 5126
5640 5850 5738 5799 5354 5400 5609 6004 5765 5377 4985 4994 5851 5239 5529 5250 5336 5786 5490 5430 6244 5798 5824 5546 5370 5620 5768 6026 5891 5278 5372 5235 5801 5436 5365 5564 5703 5342 5623 6029 5457 5268 5352 5328 5284 5514 5628 5584 5259 5497 5487 5425 5697 5206 5931 5596 5472 5225 5253 5493 5541 6228 5174 4967 5211 5709 5282 5056 5589 5547 5805 5296 5672 5882 5552 5532 5638 5942 5302 5449 5235 6110 5449 5646 5681 5481 5549 5624 5409 5678 5630 5539 5513 5603 6312 5772 5225 5640 5818 5643 5898 5322 5585 5807 5597 5708 5591 5312 5832 5266 5282 5704 4862 5389 5628 5610 5149 5458 5943 5631 5347 5310 5590 5489 5384 5829 5000 5279 5554 5637 5120 5496 5362 5447 5136 5740 5779 5679 5431 6064 5596 5081 5848 5632 5762 5311 5595 5468 5470 5753 5729 5371 5626 5569 5358 5749 5915 4998 5467 5467 6063 5329 5393 5813 5522 5939 5746 5502 5391 5050 5834 5410 5713 5320 5824 5743 5770 5452 5377 5523 5845 5093 5141 5683 5259 5833 5255 5705 5385 5120 5249 5188 4992 5169 5386 5404 5600 5412 5686 5228 5574 5051 5718 5627 5913 5685 5493 5668 5679 5273 5190 5658 5259 5411 4997 5488 5690 5434 5571 5430 5416 5326 5704 5127 5518 5354 5761 5538 5897 5222 5517 5923 5570 5709 5317 5378 5669 5522 5693 5866 5880 5457 5920 5691 5421 5922 5364 5523 5034 5913 5286 5160 6013 5536 5925 5432
5275 5104 5172 5294 5115 5103 5136 5266 5008 4890 4659 4638 5277 4805 4994 4828 5056 5233 4809 4957 5678 5097 5195 5049 4823 4981 5339 5632 5240 5011 5037 4683 5271 4932 5030 5361 5556 4808 5092 5717 4852 4685 4716 4908 5105 5175 5196 5150 4931 5381 5077 4809 5302 4857 5361 5182 5138 4915 4965 4994 4901 5460 5038 4547 4969 5405 4453 5069 5235 5189 5235 4786 5154 5481 4927 4950 5021 5462 5066 4866 4774 5417 4800 5429 4797 5180 5211 5292 4575 5227 5060 5290 4923 5248 5454 5155 4782 4943 5105 5116 5370 5137 5016 5326 5206 5319 5340 4764 5366 5078 5112 5127 4466 5041 5049 5271 5072 4947 5450 5394 4936 4694 4999 5176 4886 5170 4718 4853 4883 5052 4795 5196 4737 4990 4523 5080 5073 5123 5005 5511 4997 4755 5266 5056 5143 4857 5154 4947 5131 5142 5211 4842 5083 5187 4797 5356 5403 4774 4952 5115 5301 4792 5085 5135 5191 5391 5435 4879 5027 4830 5226 4871 5280 4706 5555 5312 5415 5127 4995 4883 5531 4845 4892 5184 4732 5128 4781 5124 4946 4521 4788 4686 4728 5030 5211 4911 5172 4877 5338 4850 5181 4486 5161 4981 5340 5032 5137 5322 5157 4918 4834 5313 4696 4886 4471 4957 5130 4940 4747 5011 4856 5113 5101 4419 5184 4892 4982 5082 5252 4655 4999 5170 5081 5386 4905 5046 5368 5137 4845 5552 5196 4849 5508 5304 4949 5535 4835 5223 4278 5060 5260 4979 5535 5076 5429 4935
5143 5276 5553 5388 5019 4923 5151 5281 5235 4945 4777 4823 5465 4650 4851 5004 5025 5469 4856 5091 6063 5335 5207 5200 4822 4849 5176 5617 5427 5158 5516 4739 5265 5241 5122 5366 5696 4668 5141 5365 5164 4997 4703 4892 5039 5169 5139 5355 5116 5661 5148 5462 5278 4919 5270 5121 5597 5101 4837 4828 5241 5587 5132 4752 5123 5094 4631 4975 5260 4992 5586 4659 5178 5256 5040 5066 5350 5563 5264 4953 5032 5616 5231 5239 4983 4962 5321 5202 5135 5458 5138 5344 4922 5294 5568 5463 4720 5136 5307 5194 5272 5225 5044 5225 5252 5321 5312 4909 5488 4851 4779 5138 4275 5240 5082 5031 4828 5007 5453 5388 5154 5000 5096 5262 4782 5157 4542 5130 4858 5268 4820 5336 4752 5161 4794 5309 5161 5204 4960 5573 5003 4700 5280 5255 5077 4708 5176 5011 4966 5079 5001 4577 5075 5394 4338 5124 5546 4914 4887 5089 5299 5056 5033 5354 5115 5562 5167 5211 5063 4932 5257 5003 5200 4937 5594 5362 5442 4916 4695 5071 5526 4766 4959 5127 4806 5038 5059 5295 5145 4728 4741 4592 4634 4912 5065 5160 4985 4844 5319 4990 5230 4899 5199 5309 5297 5227 5028 5402 5182 5021 4725 5480 4992 4943 4799 5182 4940 5076 5213 5049 4848 5005 5545 4732 5181 4926 5142 5388 5526 4773 5076 5330 5060 5423 4947 5031 5336 5286 5385 5392 5188 5214 5458 5495 4970 5695 4933 5122 4629 5235 5255 5004 5584 4826 5372 5134
5234 5541 5427 5369 4835 5228 5354 5721 5241 5113 4870 4759 5600 5031 4983 5079 5059 5518 4984 5249 5874 5282 5141 5097 5322 5255 5337 5788 5499 5148 5436 4947 5265 5256 5133 5314 5461 4692 5306 5527 5276 4664 5097 5262 5015 5309 5348 5335 5303 5448 5214 5245 5283 4961 5318 5321 5366 4940 5192 5184 4968 5562 5286 4582 5063 5386 4864 5158 5647 5298 5505 4802 5094 5714 5260 4773 5290 5578 5183 5061 4927 5738 5038 5333 5212 5136 5236 5283 4982 5524 5207 5299 5135 5298 5611 5494 4953 5405 5381 5324 5522 4936 5062 5396 5378 5098 5566 5064 5500 4949 4967 5192 4759 4994 5309 5229 5323 5188 5384 5267 5188 5033 5114 4914 5127 5638 4675 5096 4880 5319 4901 5204 5140 5271 4537 5314 5289 5580 5318 5651 5332 4924 5583 5364 5265 5073 5302 5159 5050 5432 5345 4897 5187 5086 4981 5311 5646 5012 5073 5120 5618 4691 5237 5106 5180 5717 5376 5104 5042 4993 5408 5052 5262 4883 5665 5402 5271 5015 5091 5070 5771 5184 4798 5309 4996 5456 4821 5452 5184 4733 5155 4919 4974 5035 5316 5178 5444 5023 5312 4911 5550 5054 5480 5250 5431 5670 5123 5289 5246 5189 4942 5508 4595 5162 4596 5319 5166 4739 5208 5159 4999 4964 5397 4856 5267 5108 5345 5326 5208 4835 5121 5285 5064 5604 5066 5123 5227 5152 5115 5567 5370 5165 5574 5169 5080 5733 5300 5061 4684 5354 5210 5164 5678 5194 5531 5372
5440 5557 5443 5640 5334 5126 5531 5592 5343 5193 4554 4860 5668 5045 5004 5037 5249 5474 5061 5361 5689 5258 5317 5313 5132 4998 5452 5729 5409 5159 5509 5083 5264 5302 5081 5436 5532 4909 5325 5627 5235 5075 5006 5149 5136 5155 5329 5343 4986 5432 5099 5289 5399 4927 5249 5706 5545 4953 4899 4941 5149 5911 5286 4864 4987 5527 4824 5096 5680 5226 5645 4903 5676 5664 5154 5119 5306 5736 5322 5152 4867 5493 5100 5530 5458 5437 5133 5038 5084 5455 5358 5199 4834 5677 5798 5564 4662 5070 5284 5390 5584 5200 5467 5415 5440 5393 5326 5187 5445 4791 5170 5268 4652 5263 5294 5136 4954 5238 5858 5321 5188 5002 5142 5446 4861 5593 4841 5213 5206 5126 4826 5142 4715 5135 4960 5574 5134 5253 5127 5817 5257 4983 5199 5625 5434 4959 5202 5164 5428 5054 5252 4979 5247 5424 4841 5461 5546 4935 5057 4944 5654 5024 5143 5543 5116 5329 5296 5247 5055 5138 5442 5071 5266 4898 5403 5296 5369 5148 4956 4806 5775 5195 4655 5458 5193 5141 4927 5346 5355 4918 4874 5309 5278 4960 5140 5511 5404 5263 5331 4962 5071 4923 5307 5422 5376 5113 5331 5453 5155 5285 4920 5528 4809 5025 5214 5250 5054 4898 5155 5302 5077 4896 5404 4758 5585 5087 5265 5236 5406 4938 5105 5457 5234 5528 5406 5251 5369 5085 5542 5410 5361 5000 5522 5567 5070 5702 5229 5219 4751 5180 5203 5192 5624 5491 5492 5014
5295 5607 5492 5749 5278 5390 5444 5536 5298 5247 5146 5064 5767 5087 5198 5149 5576 5719 5030 5642 6210 5451 5418 5315 5096 5053 5674 5931 5444 5251 5473 4955 5510 5571 5280 5676 5793 5170 5474 5643 5266 5181 5146 5394 5122 5532 5563 5422 5627 5487 5496 5343 5675 5099 5542 5407 5490 5433 5282 5326 5415 5958 5255 4853 5228 5428 4811 5353 5675 5668 5640 5140 5510 5812 5349 5140 5541 6043 5218 5209 5140 5856 5287 5395 5312 5387 5642 5567 5245 5616 5275 5469 5181 5564 5871 5721 5082 5326 5667 5696 5988 5337 5442 5566 5481 5556 5566 5438 5828 5336 5408 5605 4773 5022 5346 5302 5416 5372 5545 5552 5216 5367 5407 5500 5237 5579 4828 5397 4965 5500 5109 5294 5247 5359 5011 5310 5531 5754 5384 5531 5535 4960 5794 5369 5384 5130 5371 5467 5332 5541 5560 5146 5600 5504 5027 5534 5898 5294 5231 5073 5649 5010 5440 5697 5487 5788 5860 5269 5523 5207 5780 5286 5823 5197 5880 5521 5765 5480 4965 5162 6165 5238 5037 5560 5233 5662 5240 5569 5728 5183 5099 4863 5394 5255 5389 5407 5616 5330 5551 5188 5457 4995 5597 5491 5475 5904 5574 5624 5503 5179 5138 5766 5195 5383 4695 5469 5291 5119 5376 5154 5290 5377 5690 5103 5710 5285 5364 5366 5691 4840 5236 5629 5405 5563 5285 5342 5653 5355 5370 5756 5805 5295 5926 5508 5356 6161 5193 5397 5042 5501 5600 5369 5901 5255 5901 5547
5426 5686 5665 5450 5135 5278 5564 5740 5438 5262 4884 4863 5632 4892 5115 5133 5493 5725 5050 5215 6042 5370 5402 5254 5241 5098 5650 5898 5881 5272 5378 5154 5399 5495 5109 5397 5470 4971 5300 5902 5054 5255 5105 5096 5126 5090 5560 5385 5212 5694 5494 5301 5722 5229 5590 5472 5792 5456 5000 5286 5223 5910 5323 4853 5102 5620 5104 5345 5520 5420 5933 5047 5429 5949 5100 5032 5303 5598 5091 5213 5373 5624 5305 5775 5277 5162 5349 5542 5230 5800 5396 5550 5332 5516 5919 5600 5004 5496 5581 5537 5641 5355 5467 5620 5551 5762 5489 5237 5532 4987 5073 5553 4409 5431 5485 5296 5086 5129 5760 5479 5033 5118 5341 5429 5172 5487 4706 5154 5238 5521 5314 5410 5310 5184 5028 5543 5286 5306 5200 5825 5339 4919 5440 5339 5269 5166 5450 5265 5224 5376 5487 5069 5591 5446 5073 5362 5875 4912 5321 5090 5629 4931 5446 5499 5571 5616 5801 5354 5289 4887 5713 5251 5459 4969 5562 5390 5581 5303 5080 5334 5870 4957 5017 5313 5115 5453 5112 5415 5115 5163 4927 4970 4916 5064 5582 5305 5377 5247 5432 5326 5503 4699 5336 5173 5528 5694 5212 5554 5458 4986 5267 5749 5122 4901 5062 5593 5326 5076 5247 5484 5271 5064 5448 4942 5422 5309 5353 5344 5543 5009 5199 5753 5344 5580 5076 5249 5267 5391 5454 5558 5621 5348 5671 5426 5068 5889 4978 5585 4835 5505 5440 5259 5806 5288 5701 5281
5059 5421 5155 5498 5196 5101 5390 5483 5028 4897 4768 4577 5356 4815 4988 4809 5221 5525 4620 5086 5977 5377 5260 5188 5152 4896 5494 5622 5292 5107 5140 4849 5396 5151 5067 5222 5508 4886 5320 5760 4963 4957 4943 5269 4796 5226 5440 5172 4994 5380 5046 5253 5709 5083 5397 5419 5154 4983 4875 5145 5344 5660 5117 4443 4765 5502 4851 4896 5322 5098 5596 4886 5255 5305 5053 4888 5381 5465 5118 4905 4774 5479 5002 5312 5211 5235 5175 5428 5175 5250 5105 5248 4777 5336 5548 5284 4878 5076 5313 5289 5615 4862 5266 5605 5347 5340 5357 4962 5491 5049 5109 5164 4348 5395 5139 5160 4938 5114 5517 5269 4823 5074 5009 5099 5151 5348 4792 5068 5011 5258 4846 5214 4843 5465 4866 5336 5348 5326 5184 5501 5385 4636 5501 5232 5310 4945 5343 5135 5370 5368 5266 5062 5312 5396 4919 5290 5413 4882 5046 5069 5827 4752 5099 5350 5167 5643 5357 5080 5300 4811 5427 5190 5290 4999 5429 5425 5390 5051 5194 4998 5739 5003 4808 5107 4816 5176 4979 5315 5190 4854 4758 4741 5070 4796 5154 5218 5212 5190 5291 4973 5040 4896 5328 5212 5199 5347 5170 5142 5498 4857 4858 5528 4992 4901 4698 5160 4941 4929 5036 5092 4911 4933 5255 5074 5190 4989 5497 5355 5169 4814 5043 5573 5153 5064 5138 5247 5083 5073 5166 5371 5445 4995 5588 5387 5014 5620 5034 5154 4944 5352 5356 5096 5793 5100 5227 5412
5285 5486 5503 5249 5033 5014 5219 5386 4845 4803 4548 4778 5477 5089 4750 4813 5024 5531 4920 4890 5918 5185 4735 4992 4760 4921 5702 5556 5488 5084 5356 4927 5165 5146 4982 5046 5288 4769 5272 5403 5230 5079 4787 5161 4859 5301 5312 4930 5203 5211 5177 5101 5317 5129 5373 5162 5420 5002 4833 4923 5087 5524 4920 4244 4772 5634 4746 4771 5275 5375 5257 4888 5231 5481 5286 4946 5238 5695 5276 5025 5063 5507 5064 5213 4971 5081 5316 5139 5200 5264 5378 5435 4783 5322 5570 5271 4851 5043 5384 5304 5370 5019 5129 5284 5294 5177 5159 4924 5512 5000 5140 5044 4708 5039 5106 5199 5030 4853 5513 5139 4977 4919 5152 5251 5026 5372 4798 5171 5069 5353 4971 5027 4920 5241 4613 5373 5143 5393 5192 5424 5190 4930 5645 5003 5233 4915 5053 5133 4876 5310 5356 4739 5376 5202 4930 5427 5346 5004 5214 4767 5368 4823 4977 5110 5102 5259 5383 4955 5255 4659 5371 5163 5271 4907 5624 5502 5314 5068 4655 5146 5537 4993 4882 5140 4891 5172 4989 5324 5247 4772 4896 4771 5010 4918 4937 5059 5120 5090 5347 5024 5022 4596 5043 5250 5416 5181 5082 5371 5182 4821 4926 5552 4601 5121 4728 5341 5167 4813 4865 5125 4905 4997 5389 4868 5314 5140 5273 4920 5423 4715 5141 5721 4978 5071 5103 5165 5244 5322 5189 5353 5483 4935 5786 5203 4671 5605 4779 4870 4813 5442 4895 5107 5479 5039 5290 5224
5326 5308 5301 5326 5076 5191 5294 5188 5208 5081 4692 4909 5453 5078 4880 5073 4907 5077 4815 4961 5843 5231 5253 5384 4974 4979 5111 5647 5263 4849 5279 4673 5281 5135 5059 5401 5170 4837 5009 5485 5137 4854 4927 4582 4667 5038 5076 5170 4963 5269 5108 5000 5605 4526 5217 5207 5338 5134 4686 4853 5352 5633 5297 4744 4957 5196 4581 4918 5376 5394 5544 4737 5354 5753 5133 4976 5125 5397 4865 5077 4896 5488 5073 5226 5034 5164 4991 5222 4807 5022 5290 5188 4930 5451 5227 5267 4682 5086 5106 5240 5475 5095 5086 5302 5351 5436 5301 4752 5385 5166 5097 4960 4423 4730 5201 4962 4834 4988 5499 5206 4883 4770 5158 4993 5172 5265 4677 4864 4950 5086 4850 5162 4801 5037 4582 5224 5134 5377 5139 5329 5183 4668 5318 4919 5301 4856 5173 5128 5154 5250 5189 4929 5124 5221 4889 5362 5520 5109 5093 4975 5416 4976 5188 5316 5213 5312 5496 5126 5072 4537 5315 5117 5332 4805 5610 5432 5432 4776 4795 5111 5690 4876 4879 5102 4777 4970 5089 5130 4999 4553 4576 5050 4877 4754 5177 4753 5135 5127 5386 5351 5024 4721 4854 5101 5410 5379 5251 5399 5394 4738 4993 5523 4605 4909 4617 5043 4771 4852 4910 5102 4935 4894 5367 5056 5264 5073 5157 5131 5579 4734 5004 5336 5183 5194 4928 4943 5405 5108 4952 5358 5240 5213 5353 5283 4779 5695 4997 5073 4715 5093 5068 5232 5576 4970 5232 5128
5298 5544 5415 5659 5126 5168 5516 5809 5134 5094 4825 4806 5639 5000 5155 5127 5028 5688 5139 5356 5900 5396 5464 5429 4969 4913 5666 5867 5318 5344 5424 4983 5446 5322 5375 5550 5494 5111 5308 5597 4946 5031 5038 5158 4899 5184 5263 5069 5352 5522 5060 5179 5409 5086 5475 5317 5451 5055 4936 5141 5266 5809 5043 4976 5046 5527 4738 5382 5302 5354 5471 4954 5277 5774 5347 5298 5447 5830 5290 5207 4993 5637 5180 5561 5222 5480 5408 5475 4871 5494 5268 5322 5092 5529 5852 5525 5153 5134 5288 5573 5843 5463 5397 5470 5804 5716 5558 5130 5573 5354 5439 5467 4435 5310 5351 5436 5219 5032 5572 5206 5250 4827 5358 5350 5191 5623 4846 4891 4952 5377 4827 5546 5094 5376 4727 5392 5289 5438 5089 5676 5324 5047 5354 5434 5519 4965 5176 4957 5229 5041 5196 4849 5467 5564 5295 5564 5838 5035 5327 5398 5573 4901 5237 5354 5182 5287 5357 5391 5112 5029 5468 5157 5371 4886 5502 5096 5470 5253 5255 5161 5797 5112 5060 5410 5128 5113 5183 5374 5447 5129 5139 5057 5352 4874 4971 5326 5297 5046 5314 5199 5115 4794 5419 5388 5583 5380 5253 5501 5317 5173 5126 5553 5162 4812 5067 5120 4923 4998 5122 5051 5082 5296 5417 4851 5391 5406 5281 5263 5619 4908 5292 5785 5201 5355 5225 5529 5352 5016 5099 5703 5704 4888 5714 5445 5058 5645 5100 5124 4867 5224 5153 5117 5678 5329 5414 5250
4776 4886 4843 4878 4702 4611 4828 4976 4843 4583 4395 4363 5174 4562 4615 4603 4705 4907 4661 4571 5516 4896 4889 4955 4645 4759 4708 5303 4871 4751 4725 4540 4937 4735 4655 4944 5110 4703 4977 5080 4609 4429 4421 4570 4391 4968 4686 4835 4788 4915 4820 4674 4911 4569 4885 4960 4939 4596 4660 4596 4804 5208 4618 4346 4688 4988 4452 4625 5103 4723 5075 4537 4765 5046 4493 4843 4992 5120 4899 4740 4865 5052 4883 5068 4793 4720 4824 4767 4690 5017 4851 4851 4467 4770 5035 4791 4396 4603 4734 5065 5069 4791 4675 5203 5157 4797 5019 4678 5191 4616 4474 4711 4116 4613 5122 4831 4538 4812 5141 4532 4706 4714 4736 4800 4678 4921 4284 4424 4771 4915 4318 4885 4726 4787 4439 4796 5009 4696 4643 4909 4881 4286 4910 5141 4872 4535 4884 4564 4354 4630 4749 4388 4676 4534 4555 4641 5264 4535 4405 4592 4983 4504 4875 5014 4705 4981 4889 4888 4617 4393 4869 4694 4871 4713 5068 5083 4835 4676 4538 4723 5188 4652 4629 4559 4820 4697 4733 4590 4746 4388 4665 4381 4531 4353 4746 4674 4626 4717 5045 4554 4732 4399 4956 5053 4899 4847 4480 5306 4750 4279 4461 4989 4453 4823 4509 4874 4521 4527 4811 4546 4489 4764 5063 4502 4900 4682 4777 4903 4800 4530 4920 5101 4712 5002 4654 4769 4396 4809 4622 4976 5026 4517 5089 4939 4627 4919 4544 4758 4398 4953 4782 4506 5310 4727 4959 4764
4747 5206 5293 5119 4806 4488 4929 5310 4843 4591 4384 4239 5018 4629 4692 4911 4690 4974 4751 5038 5673 4866 4990 4969 4386 4924 5004 5359 4940 4786 5234 4375 4923 4782 4907 4868 4895 4893 5239 5082 4686 5010 4527 4867 4391 4663 5046 5028 4798 5063 4738 4992 5063 4663 4927 5071 5112 4807 4615 4483 4884 5265 4898 4409 4752 4965 4536 4664 5285 4888 5046 4769 4940 5356 5128 4616 5076 5321 4874 4546 4636 5217 4797 4841 5087 5136 4833 5075 4674 4983 4893 4975 4484 4890 5313 5150 4511 4750 4991 5086 5319 4881 4548 4753 5001 4982 4988 4657 5045 4928 4825 5129 4350 4805 4834 4858 4654 4877 5381 4768 4655 4873 4934 4952 4808 5205 4622 4435 4500 4870 4680 4574 4811 4865 4634 5256 4795 5061 4744 5150 4795 4622 4890 4992 5179 4778 4761 4774 4520 4944 4889 4526 4919 4886 4436 4968 5245 4716 4739 4781 4961 4681 4682 5022 4828 5158 4978 4707 4760 4716 5114 4805 5106 4710 5132 5134 5152 4694 4670 4700 5262 4694 4586 4984 4746 5145 4836 4914 4989 4470 4501 4534 4823 4692 4624 5097 4737 4835 5224 4644 4894 4464 5032 5008 5141 5103 4763 5045 5181 4814 4514 5151 4712 4769 4427 4707 4715 4637 4853 4798 4520 4822 5133 4580 4885 4771 5004 4873 5224 4489 4931 5034 4836 5159 4443 4873 4868 4859 4920 5052 5305 4654 5054 5193 4647 5099 4736 4789 4649 5149 4800 4567 5327 4931 5002 4887
5334 5525 5372 5490 5247 5151 5424 5953 5356 5063 4711 4826 5400 5074 5145 5036 5206 5727 5083 5118 6014 5224 5371 5464 4802 5096 5595 5788 5603 5158 5594 5205 5256 5053 5095 5162 5463 4932 5199 5482 5154 5200 4877 4985 4801 5265 5463 5266 5194 5449 5248 5055 5478 4925 5509 5351 5298 5072 4984 5120 5066 5693 5274 4681 4972 5580 4719 5073 5432 5203 5540 4809 5253 5671 5289 5140 5464 5741 5095 5056 4933 5786 5182 5403 5240 5381 5318 5510 4885 5462 5364 5284 5213 5413 5993 5656 4882 4998 5551 5178 5518 5378 5237 5568 5358 5391 5442 5114 5614 5256 4903 5349 4763 5131 5393 5313 5006 5368 5614 5265 5178 4733 5266 5388 5162 5446 4917 4752 5100 5385 4942 5272 5165 5376 4801 5461 5193 5397 5045 5600 5472 5160 5327 5460 5511 5105 5137 5235 5001 5236 5473 5085 5471 5218 5028 5404 5469 4992 5309 4903 5715 5035 5283 5136 5139 5332 5536 5028 5336 4958 5422 5233 5528 4992 5447 5274 5711 5153 5004 5411 5770 4852 4913 5347 5088 5456 4943 5499 5294 5049 5101 4840 4777 4958 5243 5291 5324 5183 5589 5267 5267 4921 5353 5381 5633 5443 5195 5388 5401 5147 5161 5703 5020 5225 4614 5515 5044 5023 4984 5079 5027 4986 5332 4947 5266 5054 5354 5205 5650 4803 5030 5598 5385 5522 5139 5237 5256 5255 5207 5569 5360 5024 5605 5207 4736 5497 5203 5201 4890 5433 5064 5115 5629 5458 5553 5262
5499 5402 5462 5334 5085 5023 5249 5765 5334 5182 4730 4880 5515 4966 4774 5016 5205 5315 5272 5096 6110 5266 5295 5251 5030 5332 5472 5508 5229 5039 5151 4965 5457 5176 4933 5289 5685 5182 5321 5754 5094 5402 4934 4951 4830 5373 5663 5651 5143 5313 5261 5087 5429 4850 5297 5294 5335 4928 5151 4820 5373 5796 5275 4619 5020 5519 5012 4722 5401 5468 5306 4948 5291 5670 5415 4943 5596 5535 5165 5242 5066 5753 5116 5248 5167 5066 5044 5243 4728 5579 5442 4985 5314 5447 5738 5506 4865 5169 5364 5278 5535 5034 5115 5528 5248 5393 5403 5035 5645 5219 4997 5376 4981 5034 5220 5084 4763 5226 5416 5150 4977 5075 5030 5335 5240 5494 4721 5181 5133 5360 4907 5274 4994 5050 4962 5269 5307 5397 4990 5715 5539 4878 5338 5284 5522 5084 5370 5147 5303 5073 5310 4981 5351 5235 4850 5614 5482 4917 5241 4874 5471 5123 5368 5184 5056 5258 5297 5195 5251 4642 5489 5165 5542 5158 5647 5313 5462 5168 4824 5381 5787 4882 4609 5295 5046 5278 5079 5254 5288 4583 5017 5070 4902 4947 5090 5147 5279 5232 5614 4969 4995 4705 5415 5223 5686 5641 5168 5112 5514 5021 4912 5247 4760 5205 4823 5191 5053 5263 5067 5266 5115 4974 5291 4841 5295 5237 5264 5484 5553 4637 5284 5411 5218 5467 5106 4857 5394 5301 5250 5523 5620 5321 5481 5437 4740 5632 5036 5102 4993 5728 5317 5088 5584 5156 5543 5225
5623 5904 5807 5982 5412 5565 5822 5924 5591 5423 5315 5134 5966 5520 5365 5513 5361 5983 5290 5623 6166 5711 5875 5499 5258 5355 6042 6263 5883 5381 5967 5195 5709 5552 5329 5642 5974 5191 5591 5898 5580 5362 5145 5538 5400 5662 5676 5614 5238 5740 5173 5562 5950 5385 5538 5595 5846 5421 5201 5447 5453 6232 5388 5165 5215 5727 5247 5329 5993 5557 6044 5210 5721 5866 5490 5210 5580 6256 5390 5365 5322 5967 5454 5885 5613 5640 5764 5322 5261 5632 5525 5686 5374 5762 5934 5682 5195 5686 5910 5967 5930 5457 5507 5608 5438 5739 5560 5144 5970 5535 5305 5745 4773 5221 5642 5292 5479 5235 5895 5767 5384 5227 5452 5797 5339 5859 5272 5571 5307 5596 5231 5471 5515 5420 5194 5653 5671 5981 5362 5999 5484 5229 5682 5582 5817 5423 5642 5651 5508 5415 5486 5243 5913 5706 5446 5486 5816 5345 5344 5461 5997 5238 5580 5591 5698 5990 5668 5438 5388 5261 5755 5611 5918 5132 6082 5831 5946 5135 5218 5443 6119 5185 5094 5785 5016 5388 5466 5749 5739 5423 5170 5156 5301 5100 5365 5385 5704 5546 5728 5287 5573 5271 5713 5615 5889 5684 5473 5778 5665 5327 5266 5961 5340 5447 4959 5422 5436 5332 5448 5621 5238 5231 5685 5266 5607 5496 5567 5657 6018 5260 5632 5802 5447 5727 5422 5778 6075 5330 5406 5937 5560 5416 5785 5813 5354 6112 5324 5454 5419 5891 5371 5269 6127 5679 5878 5490
5066 5153 5233 5102 4769 4810 5236 5272 4763 4878 4476 4786 5022 4720 4894 5160 4856 5180 4603 4977 5768 5001 4787 4870 4555 4802 5331 5442 5408 4898 5097 4655 5061 4937 4840 5001 5196 4860 5173 4955 5117 4711 4649 4946 4553 4910 5003 4906 4885 5102 4868 4928 5036 4961 4994 5146 5089 4871 4648 4699 4933 5144 4840 4244 4753 4952 4631 4688 5122 5055 5262 4646 5049 5306 5024 4663 5058 5559 4819 4411 4677 5197 4816 4980 5026 4984 4940 4944 4773 5073 5064 5108 4621 5118 5401 5383 4653 4683 4950 4977 5362 4747 4812 5068 5171 4904 5279 4861 5366 4687 4820 5193 4249 4752 5035 4721 4824 4880 5404 5038 4906 4906 4931 5122 4810 5192 4580 4678 4590 4917 4584 5102 4924 4782 4536 5033 5133 5175 5043 5290 5090 4567 5117 4947 4940 4711 4985 5015 4981 4872 5084 4494 5439 4709 4707 5130 5306 5041 4799 4712 5020 4798 4949 5021 4945 5265 5224 4585 4924 4570 5304 4995 5109 4706 5143 5313 5123 4674 5000 5025 5429 4538 4620 4807 4722 4959 4890 5013 5156 4539 4584 4800 4537 4473 4697 4598 4815 4951 5059 4902 4986 4693 4830 5110 5346 4710 4995 4947 4900 4707 4940 5218 4402 4780 4450 4864 4562 4709 4901 4976 4770 4689 5126 4815 4954 4842 5162 4985 5147 4524 4963 5184 4779 4977 4711 4972 5323 4714 4811 5294 5240 4880 5060 5047 4701 5407 4858 4707 4682 5286 4769 4712 5143 4932 5125 4867
5243 5509 5689 5585 5133 5199 5375 5544 5116 4973 4785 4802 5387 5011 5188 5115 5313 5504 5177 5086 6135 5377 5125 5052 5039 5315 5622 5730 5513 4936 5367 4834 5292 5410 5277 5566 5322 4823 5233 5666 5123 5196 4906 5208 5087 5212 5489 5174 5380 5520 5317 4772 5293 4628 5313 5459 5271 4988 5286 4961 4995 5774 5076 4375 5150 5425 4985 5027 5783 5083 5529 4864 5035 5735 5197 5051 5250 5682 5353 4948 5007 5632 5203 5465 5320 5107 5312 5556 4777 5289 5157 5339 4974 5341 5574 5602 4936 4997 5403 5198 5455 5297 5233 5373 5415 5329 5384 4977 5537 5278 5439 5108 4740 5174 5320 5364 5447 5229 5674 5299 4914 5170 5156 5127 5138 5491 4827 4917 5041 5283 4591 4993 4888 5278 4980 5205 5510 5306 5222 5836 5272 5029 5507 5288 5313 4959 5095 5276 5072 5327 5346 4854 5428 5062 5017 5303 5539 4773 5071 5183 5334 4947 5213 5252 5226 5465 5412 5144 5316 4951 5272 4953 5578 5068 5468 5256 5706 5143 4902 5229 5823 5202 5112 5409 5043 5180 5198 5383 5358 4980 5025 5132 5083 4724 4965 5081 5228 5273 5351 5005 5090 4803 5398 4958 5228 5396 5201 5311 5176 4941 4803 5398 5235 5222 4996 5136 5340 4876 5047 5000 5236 5076 5361 4917 5250 4977 5155 5341 5382 4864 5245 5527 5222 5223 5162 5159 5393 5152 5270 5417 5462 5115 5656 5392 5032 5563 4833 5222 4931 5535 5306 5341 5673 5522 5651 5383
5111 4870 4994 5325 4775 4745 5287 5282 4925 4932 4560 4509 5479 4689 4940 4674 4936 5420 4845 4941 5807 5125 5270 5006 4777 5121 4958 5527 5236 4888 5009 4803 5030 5134 5071 5197 5214 4613 4741 5220 5035 4774 4860 5078 4796 5013 5200 4872 4799 5237 5102 4881 5048 4893 5090 5073 5107 4864 4629 4864 4928 5408 4754 4347 5009 5222 4603 4818 5140 5111 5083 4646 5005 5671 4954 4898 5294 5563 4936 4924 4887 5337 5074 5316 4938 4740 4905 5023 4629 5212 5141 5153 5079 5050 5452 5487 4740 5029 5236 5105 5220 5173 4848 5228 5255 5416 5258 4845 5376 4761 4729 5133 4423 4918 5011 5013 4728 4714 5176 5118 5050 4894 5022 4995 4880 5168 4537 4873 4696 5355 4753 5154 4696 4912 4427 5253 5066 5489 4725 5271 5093 4524 5307 4902 5291 4669 5192 4833 4989 4880 5100 4731 5159 5040 4615 5127 5309 4615 4799 5113 5436 4773 4978 4918 5058 5346 5165 5166 4863 4796 5281 4775 5256 4645 5177 4996 5385 5086 4930 4650 5463 4587 4525 5098 4801 5138 4991 5257 4998 4768 5043 4914 4543 4747 4789 4872 5111 4897 4860 4972 4852 4864 5125 5263 5058 5197 4945 5276 5245 4527 4640 5268 4649 4988 4606 5079 4593 4917 4954 4879 5007 5011 4975 4727 5021 4872 4863 5305 5353 4620 4828 5333 5116 5384 4723 4707 4875 4832 4983 5458 5184 5044 5299 5255 4915 5528 4452 4915 4613 5006 4782 4783 5346 5028 5403 4709
5147 5556 5471 5573 5127 5153 5410 5741 5207 5225 5129 4621 5623 5176 5114 5082 5185 5362 5208 5086 6211 5368 5485 5232 4987 5355 5365 5777 5564 5190 5409 4989 5208 5450 5041 5534 5587 4746 5239 5572 5375 5017 4973 5178 5205 5173 5521 5139 5186 5435 5150 5371 5387 4934 5335 5263 5509 5191 5046 5342 5295 5689 4972 4709 4905 5306 4925 5159 5141 5413 5509 4621 5099 5769 5075 5160 5251 5708 5061 5145 5233 5605 5293 5290 5249 5171 5114 5512 5221 5528 5450 5284 5076 5872 5734 5380 4810 5082 5289 5292 5715 5355 5124 5690 5272 5207 5487 5115 5746 5083 5217 5561 4676 5016 5469 5115 5369 5273 5447 5380 4997 5046 5401 5546 4855 5483 4742 5132 5138 5274 4910 5516 5036 5065 4746 5232 5289 5313 5083 5556 5504 4868 5417 5293 5364 5001 5425 5108 4966 5268 5297 5115 5328 5140 5104 5417 5693 5047 4961 5220 5536 5096 5312 5220 5442 5459 5521 5132 5248 4815 5621 5292 5553 4907 5470 5438 5773 5012 4980 5291 5659 4737 5169 5507 4965 5322 5013 5429 5240 5058 4986 5007 4694 5218 5344 5246 5332 5084 5201 5167 5290 4985 5222 5287 5368 5561 5060 5257 5448 4974 4953 5342 4933 5327 4985 5366 5215 5012 4937 5112 5031 5029 5299 4860 5196 4901 5166 5339 5661 4915 5243 5326 5065 5419 5109 5294 5410 5138 5211 5561 5459 5125 5558 5444 5024 5797 5051 5034 5170 5570 5059 5236 5655 5469 5358 5086
4911 5116 4997 5138 4631 4798 5089 5262 4912 4632 4493 4385 5331 4526 4685 4748 4873 4970 4604 4854 5595 4884 4852 5054 4574 4579 4960 5366 5093 4720 5084 4630 4813 4997 4628 4845 5308 4595 5047 5333 4910 4764 4517 4644 4353 5048 4939 4809 4821 4757 5092 5093 5124 4516 4858 4865 4946 4730 4758 4774 4906 5219 4928 4399 4628 5086 4629 4421 5016 4796 4995 4545 5085 5140 4948 4789 4861 5323 4879 4894 4788 5273 4571 4771 4837 5041 5179 4897 4570 5158 4921 5004 4522 5259 5462 5306 4451 4553 5014 4984 5263 4823 4756 5090 4965 4985 5049 4673 5275 4853 4857 5169 4404 4509 4960 4783 4667 4996 5019 4912 4937 4758 4834 4780 4716 4755 4455 4695 4830 4868 4638 5056 4860 4634 4309 4917 5179 5311 4604 5197 5006 4546 5130 5106 5001 4643 4997 4741 4660 5005 5114 4473 4760 4872 4569 5032 5287 4595 4694 4416 5064 4580 4616 4866 4970 5003 5136 4823 5177 4503 5006 4851 4961 4825 5291 4859 5325 4679 4749 4758 5373 4648 4505 5003 4779 4981 4611 4815 5027 4444 4557 4550 4582 4281 4538 4855 4719 4682 5047 4904 4977 4751 4918 4959 5090 5163 4869 5021 5053 4629 4727 5300 4717 4657 4576 4966 4787 4874 4923 4809 4536 4637 5032 4566 4928 4644 4927 4671 4955 4559 4873 4910 4926 5445 4710 4915 5019 4998 4897 5417 5300 5032 5316 5238 4717 5504 4715 4561 4573 5087 4643 5041 5140 4939 5157 4721
5253 5303 5108 5299 4945 4678 5332 5685 5142 4804 4724 4745 5418 4973 5148 4772 4719 5537 4943 5111 5425 4954 5070 5034 4983 5114 5288 5541 5412 4849 5349 4492 5343 5037 4653 5279 5428 4696 5193 5314 4552 4782 4672 4867 4677 5091 4736 5026 5258 5338 5276 4835 5215 4731 5255 5079 5000 4940 4467 4907 4725 5378 4680 4462 4772 5169 4559 4579 5262 5267 5301 4660 5243 5719 5050 5053 5023 5268 4929 5034 4899 5275 5088 5168 4979 5173 4981 5043 4812 5431 5340 5110 4817 5110 5398 5298 4614 4952 5047 5231 5276 4939 4932 5431 5027 5149 5219 4866 5366 5105 4779 5239 4591 4781 5150 5216 4898 4854 5414 4751 5007 4915 4852 5128 5007 5170 4609 4821 4780 4974 4761 4971 5008 5172 4724 5291 5160 5112 5053 5225 5188 4851 5270 4936 5251 4837 5147 4827 4825 4983 4979 4661 5061 4967 4715 5158 5759 4921 5002 4828 5508 4781 5047 4866 4899 5341 5142 4923 4971 4474 4983 4690 5207 4818 5432 5131 5238 4748 4539 5085 5520 5023 4725 5337 4980 5253 4895 5242 5021 4571 4802 4632 4751 4880 4979 5072 4887 4781 5224 5004 5030 4668 5078 5252 5273 5103 4867 5257 4987 5010 4771 5170 4720 5057 4633 4992 4660 4648 5046 4977 4951 4871 5132 4425 5192 5175 5056 5106 5245 4651 4638 5626 4946 5138 4765 5075 5120 4807 4868 5151 5308 5111 5296 5165 5055 5417 4897 4991 4533 5128 4881 4784 5540 5275 5173 5098
5378 5703 5576 5681 5135 5366 5555 5967 5712 5429 4945 4932 5935 5323 5183 5355 5005 5750 5557 5505 6246 5420 5702 5736 5217 5504 5460 6030 5696 5277 5486 5125 5656 5910 5378 5756 5795 5279 5525 6008 5575 5271 5165 5285 5248 5487 5620 5320 5616 5587 5628 5665 5563 5375 5748 5677 5738 5268 5219 5357 5530 6082 5415 4990 5123 5629 5142 5412 5612 5498 5531 4963 5538 5816 5494 5503 5697 6004 5610 5514 5421 6061 5323 5946 5196 5403 5394 5735 5372 5938 5692 5429 5398 5792 5896 5991 5019 5537 5508 5751 5749 5367 5399 5628 5623 5707 5859 5333 6062 5359 5215 5377 4705 5339 5785 5419 5338 5585 5989 5617 5439 5220 5259 5541 5297 5487 4797 5345 5362 5636 5123 5546 5440 5392 5250 5452 5575 5835 5441 5699 5601 5106 5831 5772 5481 5151 5559 5332 5502 5467 5601 5243 5547 5329 5345 5596 6060 5082 5245 5246 5676 5064 5468 5508 5474 5986 5571 5400 5206 4745 5532 5209 5419 5019 5960 5623 5750 5202 5061 5378 5864 4990 5081 5548 5223 5595 5290 5523 5538 5241 5247 5247 5320 5404 5440 5629 5484 5594 5687 5603 5303 4855 5713 5545 5811 5688 5301 5761 5703 5288 4997 5699 5151 5375 5164 5608 5166 5060 5430 5431 5426 5232 5602 5094 5701 5392 5507 5661 5627 5011 5271 5988 5331 5558 5389 5247 5521 5559 5502 5968 5648 5430 5577 5692 5266 5979 5269 5208 5204 5372 5333 5286 6187 5801 5707 5453
5119 5586 5223 5489 4982 4883 5355 5683 5056 5206 4830 4912 5342 4958 5178 4938 4766 5358 4917 5160 5753 5349 5370 5158 4906 5143 5393 5513 5404 5125 5446 4737 5260 5121 5154 5433 5192 5154 5301 5401 4961 4986 4928 5196 4882 5293 5406 5009 5133 5196 5193 5097 5209 4761 5066 5115 5337 5064 4866 4917 5005 5661 4953 4506 5000 5416 4901 4793 5209 5278 5632 4787 5445 5633 4945 5044 5496 5604 5086 4967 4688 5586 5103 5632 5049 4869 5048 5020 4940 5319 5341 5178 5037 5368 5391 5659 4713 5106 5150 5363 5469 5093 5118 5341 5348 5309 5329 5039 5594 5011 5051 5185 4347 5166 5359 5126 4970 5245 5411 5137 5089 4936 4952 5093 4945 5142 4800 4995 4873 5156 4898 5066 4913 4852 4968 5354 5194 5351 5075 5631 5212 4827 5509 4914 5363 5055 5272 4970 5086 4880 5198 4698 5388 5242 4928 5344 5701 4803 4986 5053 5355 4836 5138 5243 5310 5571 5470 5023 5033 4748 5216 5010 5226 4873 5384 5340 5403 5048 5091 4907 5339 5061 4686 5379 4860 5541 4809 5135 5173 4830 4781 5239 4754 4984 4944 5159 5203 4832 5344 4962 4719 4733 5221 5272 5203 5189 5081 5218 5285 4773 4742 5598 4820 4981 4802 5402 4964 4979 5205 5003 5109 4857 5464 4836 5340 4891 5123 5262 5332 4798 5076 5637 5161 5345 4922 4990 5136 5097 5061 5354 5458 5076 5460 5246 5007 5802 4865 5047 4992 4847 5356 4974 5676 5082 5539 5027
5425 5346 5499 5369 5086 5235 5268 5574 5168 5086 4725 4736 5383 5133 4968 5331 4986 5475 5028 5329 6034 5194 4999 5301 4977 4909 5628 5617 5392 5175 5235 4502 5429 4998 4992 5362 5490 5171 5214 5449 4961 4795 4984 5341 4782 5229 5403 5326 5380 5345 5102 5402 5188 4860 5306 5211 5547 5047 5036 4943 5289 5439 5190 4818 4823 5413 4857 5139 5388 5399 5595 4727 5174 5712 5269 5177 5378 5629 5275 4927 4917 5590 5193 5349 5133 5299 5258 5219 5012 5082 5214 5165 4722 5186 5624 5215 4857 5104 5024 5405 5773 5113 5176 5442 5398 5274 5499 5044 5459 5215 5261 5477 4545 5040 5457 5018 5292 5412 5572 5215 5127 5044 5224 5363 5083 5266 4594 5197 4914 5155 5062 5324 4786 5139 4816 5268 5276 5318 5141 5482 5385 4936 5438 5382 5291 5277 5219 5059 5113 5071 5021 4743 5545 5295 4975 5336 6048 4996 5179 5108 5345 4736 5069 5283 5263 5528 5579 5129 5321 4844 5502 4861 5520 4855 5521 5384 5469 5059 4989 5424 5806 4907 4960 5177 5026 5332 5208 4958 5310 5020 4768 4877 4810 5061 5165 5144 5318 5016 5670 5070 5133 4979 5174 5300 5345 5489 5051 5404 5145 5083 4961 5638 4811 4933 4791 5234 5009 4915 5104 4915 4973 4962 5576 4897 5306 5282 5490 5224 5298 4582 5188 5472 4943 5281 4892 5150 5274 5215 4855 5450 5472 5124 5614 5454 4972 5555 4952 5108 5048 5231 5163 5155 5676 5300 5544 5335
5020 5221 5058 5227 4701 5296 5168 5213 4771 4582 4821 4523 5221 4847 4557 4823 4715 5321 4385 4896 5779 5057 4927 4983 4831 4903 5276 5465 4897 4937 5188 4707 4729 4778 4773 5033 5201 4636 5210 5282 4724 4735 4544 4687 4693 4857 5129 4746 4854 5171 4989 4922 5257 4755 5033 5022 5083 4719 4693 4966 4902 5297 4738 4429 4673 5110 4504 4868 5230 5168 5181 4584 4974 5415 4705 4902 4815 5371 4763 4670 4639 5146 4588 5165 4865 4829 4949 4887 4675 5056 4654 4864 4769 5331 5460 4904 4761 4607 5051 5219 5283 4886 4921 5117 4786 4964 5044 4628 5250 4874 4816 5038 4327 4794 5079 4846 4933 4753 5213 5095 4704 4811 4752 5027 4596 5019 4785 4751 4642 4766 4587 4789 4765 4941 4460 4948 4888 5045 4804 5313 4951 4680 5031 4794 5106 4853 5006 4815 4864 5016 5028 4704 5199 5142 4923 4921 5361 4552 4634 4814 5499 4445 4931 4780 4954 5354 5294 4669 4982 4734 5264 4856 5190 4532 5118 5122 5093 4672 4660 4968 5344 4598 4783 4993 4677 5172 4530 5124 4949 4747 4766 4642 4668 4718 5150 4820 5027 4846 5144 4626 4941 4599 4939 5004 4991 5085 4865 5344 5093 4809 4858 5287 4499 4676 4444 5004 4842 4638 4846 4972 4938 4651 5123 4680 5270 5073 5297 4954 5127 4528 4700 5162 4663 4971 4880 4903 5124 4970 4848 5173 5085 4696 5384 4949 4613 5386 4714 4863 4685 4957 4893 4888 5538 4762 5329 5062
5171 5313 5562 5310 4998 5066 5203 5781 5244 5018 4995 4781 5332 5311 4905 5043 5171 5644 4730 5014 5963 5107 5375 5187 5187 5291 5630 5790 5479 5030 5264 4992 5244 5042 5315 5241 5485 4801 5511 5689 5122 5041 4959 5087 5065 5128 5433 5049 5439 5583 5383 5321 5547 5131 5566 5202 5529 5150 4975 5188 5316 5552 5186 4542 4973 5377 4739 5003 5384 5059 5568 4847 5109 5678 5176 5203 5317 5557 5183 5087 5163 5637 4874 5411 5046 5265 5225 5349 4904 5408 5408 5185 4741 5494 5405 5515 4571 5138 5349 5311 5638 5190 5016 5553 5565 5651 5501 5073 5491 4940 5153 5053 4706 5078 5419 5347 5222 5136 5489 5234 5121 5046 5263 5348 4877 5412 4930 5200 5046 5369 4982 5478 4984 5237 4671 5368 5317 5271 5135 5309 5464 5123 5539 5293 5396 4869 5321 5068 5043 5176 5289 5016 5355 5296 4917 5199 5666 4787 5093 5142 5312 4642 5230 5077 5320 5196 5300 5206 5036 4931 5354 4974 5232 4895 5775 5451 5313 5173 5057 5016 5712 5000 4966 5307 5421 5378 5003 5499 5294 4860 5154 5151 5060 5077 5239 5149 5043 5235 5539 4996 4954 4742 5313 5288 5533 5078 4875 5306 5340 4919 4863 5469 4813 5053 4907 5162 5111 4997 5123 5151 5081 4930 5282 4792 5377 5180 5374 5254 5219 4856 4953 5763 5096 5501 5294 5162 5348 5443 5169 5562 5465 5044 5616 5474 4905 5662 5007 5141 5130 5366 4803 5307 5731 5482 5530 5064
5474 5187 5365 5703 5274 5241 5235 5394 5077 5034 4726 4663 5223 4944 5051 5249 5060 5476 4670 5010 6034 5256 5267 4884 5010 4935 5441 5836 5174 5238 5093 4760 5564 5181 5116 5324 5506 4810 5502 5386 5294 4766 4887 4981 4956 5225 5099 5074 5104 5432 5345 5158 5339 5019 5426 5040 5099 5032 4920 5260 5089 5692 4953 4549 5344 5481 5050 4856 5367 5202 5602 5105 5345 5596 5014 4947 5305 5503 5253 5125 4760 5482 5017 5383 5298 5085 5242 5343 5113 5240 5423 5233 5120 5355 5639 5334 4722 5137 5173 5094 5576 5183 5171 5315 5427 5234 5242 5223 5448 5253 4983 5252 4573 5237 5212 5353 5185 5218 5550 5260 5170 4897 4974 5254 5208 5446 4731 4855 5031 5257 4893 5150 4922 4921 4641 5431 5296 5312 5190 5432 5046 4795 5418 5386 5343 5062 5336 5153 4909 5161 5083 4816 5398 5165 4951 5265 5582 4933 5041 4703 5302 4755 5190 5109 4996 5195 5570 5049 5021 4639 5321 4904 5397 4984 5369 5335 5509 5015 4921 5080 5611 4799 4887 5324 4697 5276 4951 5176 5345 4515 4969 4890 4655 4971 5106 5090 4950 5114 5467 5011 5327 4922 5307 5252 5279 5316 5050 5451 5147 4824 4686 5502 4703 5135 4745 5135 4815 4994 5132 4815 5233 4942 5315 5026 5322 4851 5363 5232 5291 4595 5190 5583 5474 5216 4931 5154 5288 5339 5060 5421 5353 5044 5491 5199 4909 5463 4766 5180 4761 5378 5071 5046 5710 4972 5342 4789
4940 5289 5043 5349 4897 5007 5144 5456 4914 4996 4661 4486 5200 4904 4817 5084 4774 5269 4904 4997 5545 5025 5111 4926 4814 4576 5302 5473 5318 4805 5216 4642 5295 5011 5007 5186 5382 4676 4921 5370 4856 4869 4697 5013 4708 5056 5149 5110 5020 5365 5036 5199 5254 4599 5282 4899 5196 5119 4607 4859 4905 5391 4769 4404 4753 5303 4519 4790 5239 4905 5159 4708 5021 5345 5023 5048 4994 5378 5091 4830 4979 5627 5010 5246 4875 5168 5110 5167 4982 5243 5328 5096 4806 5253 5396 5276 4295 4750 5247 5250 5353 4939 4974 5204 5255 5215 5242 4887 5384 4906 4799 4897 4434 4916 5260 4946 4713 4988 5268 4803 4979 4800 5020 5077 5085 4954 4779 4870 4776 5149 4613 5004 4861 5023 4782 5101 4945 5247 4806 5050 5112 4825 5236 5111 4825 4871 5045 4756 4960 4831 5176 4624 5036 5086 4815 5090 5442 4418 4996 4954 5440 4615 5060 5037 5264 5404 5098 4669 4825 4486 5238 5029 5248 4786 5312 5270 5194 4950 4905 4916 5387 4638 4623 5071 4910 4798 4809 5266 5152 4884 4831 4929 4416 4904 4943 4799 5014 4785 4886 4801 4819 4826 5228 4899 5145 5061 4728 5330 5225 4770 4633 5021 4921 4964 4521 4947 4943 4830 4867 5051 5098 4874 5436 4534 4685 5028 5154 5067 5298 4831 4991 5143 4935 4969 4939 5122 5056 5045 5223 5413 5207 5171 5141 5285 4785 5625 4729 5096 4782 5296 5058 4809 5610 4930 5272 5204
4710 4863 5013 5062 4495 4801 4771 4929 4602 4425 4162 4306 4954 4488 4335 4722 4719 5002 4659 4659 5629 4700 4764 4660 4462 4568 4790 5124 4957 4523 4934 4449 4817 4927 4832 4741 5039 4434 4825 4923 4621 4445 4459 4580 4591 4596 4902 4790 4474 4910 4939 4727 4626 4720 4860 4809 4881 4316 4523 4553 4616 5115 4495 4304 4421 4744 4433 4604 4844 4574 4877 4504 4915 4942 4656 4460 4922 4905 4561 4579 4570 4796 4568 4920 4613 4597 4769 4980 4598 4923 4641 5010 4479 4826 4847 4786 4313 4825 4563 4595 5124 4464 4674 4826 4797 4745 4961 4684 4969 4720 5007 4579 4196 4710 4848 4868 4625 4651 5206 4800 4565 4737 4464 4688 4864 4742 4305 4239 4811 4837 4397 4963 4714 4637 4303 4937 4857 4906 4488 4825 4867 4343 4838 4531 4807 4348 4745 4563 4802 4613 4600 4152 5066 4744 4815 4814 5050 4350 4644 4634 4683 4150 4692 4637 4711 4963 5070 4648 4852 4273 4646 4492 4990 4355 4974 4865 4929 4540 4745 4612 4970 4368 4290 4847 4415 4752 4376 4798 4800 4355 4492 4546 4365 4504 4701 4557 4787 4750 4692 4285 4633 4245 4945 4689 5078 4928 4414 4755 4960 4748 4445 5084 4226 4689 4309 4652 4380 4486 4810 4587 4412 4375 4965 4525 4587 4627 4683 4743 4958 4215 4728 5145 4481 4830 4313 4545 4828 4599 4874 4819 4933 4691 4901 5030 4600 5090 4456 4766 4273 4784 4631 4647 5235 4855 4916 4754
5369 5636 5586 5643 5422 5464 5562 5616 5292 5436 5220 4831 5818 5092 5179 5286 5260 5818 5140 5613 6212 5666 5771 5378 5253 5241 5568 5878 5739 5097 5748 4995 5585 5307 5208 5708 5488 5076 5294 5891 5287 5172 4916 5440 5038 5560 5729 5379 5292 5626 5477 5259 5299 4774 5550 5477 5565 5331 5108 5106 5301 5673 5311 5116 4983 5494 5054 5368 5708 5407 5700 5164 5603 5969 5028 5263 5526 5865 5172 5440 5091 5739 5431 5703 5112 5439 5483 5352 5120 5424 5572 5279 5120 5651 5976 5529 5102 5312 5671 5607 5707 5252 5384 5652 5405 5482 5487 5281 5583 5387 5231 5544 4690 5463 5613 5340 5222 5126 5684 5312 5387 5374 5234 5332 5249 5623 4993 5185 5183 5472 5244 5266 5130 5194 4946 5672 5470 5742 5375 5861 5373 5261 5694 5345 5612 5278 5507 5381 5331 5327 5610 4996 5795 5464 5208 5306 5818 5104 5150 5403 5656 5065 5435 5467 5430 5654 5572 5487 5324 4962 5554 5363 5573 5039 5952 5508 5717 5447 5227 5233 5650 5225 4869 5639 4998 5410 5106 5328 5609 5157 5193 5177 5180 5101 5331 5354 5527 5209 5472 5110 5316 5001 5580 5266 5578 5759 5350 5701 5509 5196 5181 5883 5092 5262 4942 5552 5332 5278 5400 5366 5356 5434 5408 5130 5594 5269 5153 5328 5639 5148 5568 5628 5030 5547 5392 5240 5315 5241 5484 5701 5793 5359 5735 5601 5178 6061 4957 5474 4915 5471 5334 5384 5968 5567 5867 5427
5613 5823 5715 5882 5292 5273 5683 5986 5423 5264 5244 4870 5702 5509 5387 5283 5424 5863 5250 5496 6224 5426 5597 5579 5220 5582 6038 6130 5856 5369 5551 5134 5750 5222 5144 5549 5744 5278 5752 5889 5355 5244 5168 5496 5303 5509 5553 5687 5431 5517 5704 5491 5801 5535 5798 5464 5814 5354 5245 5156 5512 5888 5442 4982 5436 5909 4943 5038 5697 5604 5820 5112 5811 5932 5493 5513 5412 5747 5416 5568 5377 6085 5350 5644 5436 5471 5713 5609 5189 5851 5577 5697 5205 5835 6111 5818 5000 5387 5811 5441 5889 5430 5371 5883 5568 5642 5740 5264 6033 5282 5751 5644 4824 5420 5477 5731 5276 5339 5949 5577 5319 5247 5498 5264 5434 5516 5206 5296 5172 5554 5236 5539 5302 5518 5179 5537 5572 5726 5285 5849 5325 5400 5914 5556 5678 5478 5453 5468 5324 5539 5661 5230 5585 5489 5277 5474 5881 5074 5303 5488 5768 5112 5341 5481 5574 5676 5823 5344 5388 5207 5701 5160 5925 5395 5874 5822 5807 5429 5393 5212 5876 5242 4984 5682 5356 5753 5545 5626 5570 5078 5227 5281 5574 5048 5507 5628 5626 5180 5763 5295 5395 5053 5577 5417 5888 5472 5383 5653 5746 5345 5194 5792 5083 5459 5239 5499 5554 5647 5377 5457 5391 5097 5622 5290 5622 5380 5495 5390 5963 5123 5302 5940 5382 5717 5441 5480 5631 5198 5571 5832 5716 5469 6138 5942 5287 5949 5357 5581 5077 5726 5570 5545 6197 5274 5870 5389
5444 5878 5672 5635 5030 4887 5455 5951 5290 5319 5094 4929 5647 5075 5063 5365 5139 5657 5172 5171 5901 5427 5445 5446 5060 5302 5487 5864 5677 5426 5565 4993 5577 5285 5235 5618 5712 5056 5418 5725 5243 5048 5212 5002 5202 5354 5355 5301 5367 5832 5479 5528 5662 5083 5386 5296 5514 5360 5056 5293 5207 5796 5231 4739 5165 5494 4787 5030 5417 5244 5659 4931 5259 5502 5679 5163 5579 5786 5475 5272 5080 5808 5392 5510 5431 5228 5344 5494 5125 5427 5585 5361 5245 5527 6105 5726 5164 5355 5341 5521 5422 5393 5210 5358 5670 5516 5782 5360 5731 5359 5075 5354 4947 5467 5413 5329 5367 5287 5723 5496 5233 4976 5267 5357 5321 5378 5028 5406 4953 5350 4976 5391 5098 5270 5081 5334 5581 5506 5097 5442 5367 5042 5692 5558 5514 4966 5514 5497 5213 5296 5506 5048 5557 5438 5119 5462 5896 5083 5421 5377 5888 4917 5386 5312 5732 5742 5290 5331 5314 5130 5245 5307 5476 4961 5782 5697 5677 5527 5074 5238 5788 5023 5010 5416 5142 5677 4837 5696 5185 4984 5046 5041 5286 5206 5181 5430 5524 5052 5539 4974 5298 4731 5410 5454 5660 5362 5598 5651 5456 5413 5175 5636 4981 5017 4950 5226 5233 5247 5294 5529 5235 5141 5538 5257 5539 5409 5565 5332 5736 5126 5156 5863 5315 5556 5221 5399 5592 5432 5444 5654 5628 5298 5770 5415 5260 6112 5057 5327 4806 5589 5314 5355 5703 5387 5797 5203
5249 5547 5109 5564 5032 5025 5547 5525 5363 5173 4927 4957 5432 4719 4954 5191 5052 5712 4928 5550 5820 5355 5270 5258 5107 5257 5418 5632 5565 4954 5383 4958 5657 5194 5110 5349 5494 5068 5128 5548 5327 5065 4873 5183 4876 5072 5273 5350 5133 5521 5350 5129 5427 4726 5224 5136 5576 4806 4953 5016 5421 5823 5086 4591 5005 5566 4864 5083 5292 5292 5420 4842 5415 5677 5135 5013 5706 5610 5064 5242 5225 5325 5309 5447 5254 5154 5153 5477 4994 5395 5320 5279 4714 5293 5341 5381 4830 5280 5470 5214 5536 5162 4996 5585 5568 5311 5588 5045 5570 5070 4986 5101 4593 5397 5269 5308 4997 5070 5561 5081 5073 5065 5022 5099 4954 5463 4912 4889 4847 5284 4840 5374 4947 5169 5145 5357 5366 5143 5157 5442 5303 4894 5623 5299 5211 4760 5427 5118 5248 5000 5294 5054 5436 5224 4851 5554 5914 5016 5093 5244 5525 4817 5123 5331 5307 5339 5588 5117 5206 4735 5275 4902 5313 4894 5418 5211 5411 5240 5136 5066 5713 4904 4738 5197 4823 5287 5224 5384 5351 4703 5131 4989 5081 5276 5304 5106 5244 5233 5263 5020 5096 4983 5593 5293 5480 5390 5002 5223 5194 5052 4810 5643 4962 5123 4691 4933 5219 5176 5095 5370 5258 4967 5041 5277 5304 5141 5271 5168 5614 4732 5447 5574 5222 5468 4898 5209 5610 5238 5096 5476 5425 4879 5502 5673 4991 5675 4885 5276 4737 5551 5318 5094 5631 5200 5365 5359
5337 5663 5414 5497 5189 5194 5391 5691 5393 5165 4904 4904 5661 5128 4940 5233 4850 5554 5121 5178 6118 5154 5269 5139 5026 5150 5570 6032 5496 5324 5339 4972 5436 5201 5093 5540 5498 4957 5384 5191 5161 4970 4943 5047 4869 5451 5190 5420 5338 5540 5235 5109 5448 5025 5278 5220 5493 5124 5013 4976 5158 5839 5024 4770 5218 5414 4667 5063 5245 5350 5563 4892 5315 5705 5416 5171 5423 5718 5197 5026 4915 5517 5351 5450 5418 5028 5176 5411 5120 5296 5475 5454 4971 5351 5729 5450 5008 4885 5364 5213 5434 4992 5396 5373 5496 5503 5547 5111 5817 5414 5010 5315 4723 5169 5549 5009 5142 5096 5757 5391 5235 5044 5164 5383 5092 5174 5022 4790 5093 5253 5102 5283 4897 5057 4898 5417 5192 5468 4912 5408 5098 4981 5103 5318 5261 5073 5357 5165 5103 5387 5401 5035 5401 5098 4991 5235 5525 4859 4985 5026 5623 4922 5042 5388 5099 5373 5425 5136 5334 4900 5507 4989 5428 5445 5656 5463 5314 5149 4765 5542 5747 4918 4877 5278 4883 5172 5282 5300 5208 5026 4862 5294 4848 4748 5130 5148 5220 5171 5288 5029 5114 4837 5091 5329 5642 5297 5085 5384 5186 4996 5227 5254 4905 5321 4899 5309 5214 4980 5149 5293 5248 4895 5589 5004 5417 5413 5502 5269 5717 4583 5133 5767 5051 5288 5211 5126 5594 5246 5148 5506 5543 5234 5413 5479 4859 5627 5152 5422 5083 5567 5115 5189 5733 5466 5209 5226
5739 5723 5527 5556 5120 5217 5559 5681 5238 5178 4958 4911 5555 5120 5294 5544 5481 5600 5060 5255 6158 5709 5760 5395 5185 5190 5594 6040 5573 4893 5413 4976 5688 5516 5142 5747 5674 5140 5334 5563 5182 5271 4960 5041 4963 5282 5448 5327 5221 5344 5302 5303 5382 4905 5470 5603 5485 5093 5286 5211 5674 5948 5186 5156 5217 5240 4970 5051 5416 5110 5634 5184 5305 5649 5295 5069 5494 5901 5411 5083 4863 5606 5245 5559 5242 5437 5503 5589 5097 5453 5340 5516 5135 5725 5826 5858 5204 4878 5269 5565 5882 5227 5243 5541 5516 5625 5403 5175 5779 5345 5034 5486 4714 5371 5601 5397 4951 4941 5821 5328 5215 5212 5278 5356 5358 5813 5353 4974 5219 5095 4990 5379 5047 5185 4782 5340 5428 5496 5201 5579 5298 5124 5560 5540 5677 5039 5401 5211 5232 5222 4996 4826 5473 5462 4969 5415 5845 4856 4990 5331 5531 5242 5326 5450 5467 5780 5532 5196 5495 4783 5553 5310 5634 5154 5634 5406 5678 5261 5111 5063 5804 5320 5068 5647 5172 5433 4999 5441 5234 4852 4767 5290 5031 5113 4990 5260 5192 5126 5619 5057 5432 5088 5428 5356 5479 5364 5330 5416 5442 5004 5282 5598 4935 5085 5118 5218 4865 5276 5195 5351 5110 5048 5430 5161 5415 5137 5425 5199 5757 5206 5151 5512 5450 5332 5301 5134 5604 5323 5394 5491 5733 5240 5405 5683 5113 6010 4923 5446 4860 5498 5122 5298 5666 5386 5866 5220
5388 5498 5259 5643 5051 5197 5378 5654 5272 5355 5031 4749 5719 5066 4991 5054 5026 5451 5092 5312 6017 5404 5277 5527 5036 5065 5480 5524 5358 5073 5481 4849 5696 5359 5029 5580 5280 4690 5122 5456 5061 4930 5062 5247 5374 5412 5472 5199 5109 5653 5394 5281 5537 4997 5250 5342 5274 4969 4896 5217 5218 5663 5011 4845 5243 5304 4908 5045 5581 5423 5454 4756 5376 5700 5280 5171 5203 5629 5234 5187 5147 5675 5353 5608 5045 5334 5370 5292 5029 5615 5216 5227 5339 5398 5817 5504 4852 5222 5314 5554 5365 5244 5199 5405 5438 5431 5506 4996 5632 5195 5115 5466 4789 5164 5494 5075 5105 5103 5688 5186 5122 5079 5429 5164 4966 5390 4824 5138 5036 5170 5025 5242 5032 5212 4743 5268 5147 5683 5107 5477 5193 4927 5393 5278 5484 5052 5412 5388 5195 5107 5363 4844 5295 5338 4882 5140 5501 4920 5102 5001 5546 4847 5135 5294 4997 5602 5429 5119 5122 4676 5407 5179 5590 4923 5511 5398 5750 5120 5030 5211 5775 5049 4796 5437 5046 5339 5097 5516 5379 4966 5130 5018 4886 4923 5020 5175 5236 5291 5515 5104 5198 4922 5357 5388 5473 5591 5171 5696 5359 5022 4987 5601 4878 5082 4720 5230 5119 4887 5230 5326 5227 5182 5136 5074 5315 4885 5490 5352 5585 4862 5302 5433 5330 5445 5360 5114 5596 5369 5357 5465 5257 5272 5536 5562 5140 5639 5168 5128 4898 5676 5034 5083 5724 5389 5598 5425
5187 5520 5515 5479 4988 5209 5356 5401 5082 4972 5162 4664 5568 5048 4912 4958 5166 5317 5175 5326 5969 5106 5242 5185 5042 5316 5386 5864 5486 5071 5461 4919 5346 5277 5330 5454 5522 5027 5325 5398 5277 5064 5093 5118 4881 5139 5304 5212 5123 5502 5272 5181 5378 5011 5221 5419 5338 5329 4778 5331 5433 5836 5029 4499 4921 5481 4702 5043 5533 5536 5588 4665 5507 5900 5162 5249 5160 5856 4967 5135 5025 5630 5138 5497 5137 5045 5222 5332 4934 5437 5272 5331 5029 5324 5541 5464 4730 5387 5190 5569 5571 5136 5348 5316 5666 5282 5564 4739 5530 5115 5148 5306 4444 5099 5219 5243 5386 5503 5713 5472 5204 4951 5177 5478 5201 5469 4554 5032 4872 5113 4969 5534 4841 5263 4672 5419 5222 5381 5338 5427 5101 4860 5548 5019 5291 5143 5264 5032 5064 5411 5209 4882 5525 5428 4821 5602 5661 5018 5175 5261 5613 5279 5019 5244 5303 5510 5406 5137 5314 5044 5457 5235 5238 4990 5495 5501 5493 5051 5055 5154 5834 5030 4774 5291 4987 5604 5301 5196 5245 5013 4935 4948 4804 5138 5213 5367 5236 4994 5472 4991 5137 4693 5187 5326 5438 5537 5146 5368 5308 4958 5063 5537 4835 5078 4915 5081 5322 5008 5136 5092 4991 4924 5451 4795 5578 5360 5227 5335 5470 4965 4992 5225 5323 5416 4953 5272 5249 5193 5425 5700 5416 5282 5672 5292 4867 5560 5089 5265 4926 5246 5303 5235 5545 5005 5683 5554
5344 5635 5645 5776 5465 5202 5584 5858 5446 5143 5036 4984 5731 5286 5282 5223 5377 5857 5432 5455 6553 5455 5541 5592 4946 5418 5740 5891 5895 5151 5522 5244 5634 5480 5428 5580 5806 5093 5473 5668 5116 5355 5371 5421 4985 5520 5631 5444 5406 5606 5549 5368 5635 5172 5776 5650 5727 5397 5251 5307 5441 5935 5331 4858 5260 5768 5022 5405 5438 5442 5840 4946 5558 5960 5634 5262 5543 6021 5463 5280 5222 6076 5244 5643 5548 5564 5593 5664 5271 5668 5318 5562 5391 5761 5865 5944 5145 5308 5828 5622 5746 5530 5359 5731 5648 5665 5826 5187 5791 5308 5448 5583 5162 5119 5459 5442 5242 5443 5860 5307 5464 4988 5597 5557 5285 5494 4938 5427 5252 5653 5173 5567 5115 5384 4996 5404 5543 5667 5404 5775 5319 4920 5718 5477 5641 4995 5701 5568 5461 5606 5522 5362 5620 5573 5040 5565 5860 5146 5490 5392 5902 5018 5837 5684 5566 5855 5721 5372 5398 5012 5731 5341 5706 5029 5978 5620 5928 5234 5234 5517 6075 4973 4906 5443 5210 5499 5234 5371 5329 5325 5210 5056 5249 5114 5420 5481 5377 5352 5464 5406 5328 5023 5670 5505 5577 5586 5201 5527 5556 5350 5231 5431 5166 5334 4911 5607 5370 5073 5239 5314 5239 5419 5668 5320 5593 5312 5399 5438 5743 5104 5578 5763 5514 5650 5448 5346 5393 5610 5266 5982 5529 5315 5972 5903 5187 5750 5323 5425 5455 5499 5491 5195 5880 5638 5752 5451
5415 5850 5342 5565 4843 5053 5299 5671 5113 4817 4837 4732 5280 4959 4905 4774 5182 5615 4907 5108 5822 5109 5143 5400 5193 5159 5436 5791 5265 4890 5128 4702 5404 5282 5164 5355 5364 4956 5236 5486 4938 5135 4949 5125 4891 5050 5374 5282 5225 5565 5318 5314 5407 4907 5231 5482 5474 4939 5171 5076 5110 5806 5237 4842 4721 5089 4667 4970 5613 5283 5231 4795 5127 5741 5199 4891 5411 5418 5182 5038 4964 5705 5167 5123 5116 5292 5276 5219 4937 5226 5129 5121 4952 5279 5605 5360 4982 5075 5105 5389 5691 5266 5118 5586 5558 5293 5301 5243 5393 5129 4870 5444 4526 5055 5270 5115 5208 5059 5637 5082 5188 5143 5081 5253 5065 5561 4950 5196 4984 4958 4851 5265 5068 5172 5017 5505 5466 5152 5478 5513 5394 4892 5464 5314 5280 5082 5213 5232 4983 5109 5225 4778 5307 5428 5199 5160 5723 4834 4988 5060 5375 4974 5245 5431 5326 5513 5341 5132 5138 4708 5318 4878 5317 5116 5393 5199 5367 5023 5030 5096 5859 4986 4995 5242 4846 5533 4964 5024 5282 4980 4985 5036 4721 5017 5373 4928 5231 5222 5467 5014 5008 4972 5321 5414 5423 5400 5122 5224 5248 4954 5168 5632 4719 5224 4754 5278 4958 4900 5181 4893 5179 5203 5039 5055 5258 5090 5218 5311 5317 4832 5241 5377 5302 5347 5165 5299 5194 5068 4981 5375 5526 5202 5393 5293 5075 5564 4724 5334 4770 5333 5042 5160 5489 5423 5240 5253
4942 4980 5186 5067 4862 4664 5163 5223 4819 4818 4511 4383 4990 4842 4767 4502 4850 5209 4713 4940 5644 4882 5240 4826 4660 4970 5060 5348 4917 4621 4999 4532 5091 4845 4702 5344 5077 4795 4926 5411 4954 4635 4719 4745 4808 5016 5068 4922 4803 5166 5005 4879 5027 4551 4929 4918 5303 4670 4978 4835 4798 5475 4713 4369 4474 5293 4559 4780 5085 4913 5190 4348 5094 5290 4642 4720 5099 5247 4847 4620 4669 5364 4724 5116 5041 5041 4876 4972 4521 5022 5034 4763 4728 5114 5375 5144 4611 4905 5095 5331 4995 4689 4968 5193 5174 5176 5014 4776 5311 5028 4653 5054 4367 4990 5094 5080 4880 5023 5218 4793 4692 4663 4768 4870 4850 5155 4605 4834 4664 4862 4522 4863 4848 4960 4655 5047 4894 4894 4804 5154 4958 4385 5009 4809 5170 4805 4922 4846 4721 4820 4781 4630 5100 4912 4752 4944 5359 4430 4757 4487 5357 4530 4877 4817 4786 5095 5145 4943 4735 4690 4934 4701 5158 4654 5299 5124 5010 4781 4776 4810 5289 4726 4512 4960 4799 5056 4523 4935 4751 4711 4647 4746 4590 4784 4960 4839 5086 4851 5262 4530 4938 4746 4822 4755 4913 5164 4866 5171 4895 4596 4721 5183 4575 4809 4460 4883 4800 4699 4759 4684 4852 4764 4862 4526 5030 4803 4824 5087 5067 4710 4830 5160 4844 5017 4599 4801 4954 4843 4776 5195 5124 5020 5019 5231 4548 5420 4758 5165 4564 5085 4896 4841 5561 4712 5194 5075
5142 5574 5273 5426 4910 4853 5373 5422 5131 4848 4562 4624 5546 4717 5126 4856 5110 5587 4883 5339 5734 5032 5177 5230 5075 5101 5414 5695 5281 4848 5229 5107 5283 5010 5074 5345 5310 4921 5185 5568 5061 5048 4930 4997 4997 5128 5335 5044 5076 5433 5050 5271 5410 4704 5234 5331 5346 4824 4804 4926 5100 5694 4889 4662 4957 5326 4788 4888 5400 5147 5420 5032 4869 5435 5118 5027 5131 5631 5104 4908 5140 5611 4957 5559 5142 4941 4995 5484 4839 5351 5172 5111 4727 5151 5618 5049 4794 5373 5356 5167 5240 5081 4979 5246 5357 5255 5310 5274 5267 5020 5194 5251 4499 5014 5342 5046 5071 4874 5415 5109 4852 4952 5031 5079 5115 5243 4705 4950 4774 5367 4708 5357 4864 5040 4845 5333 5503 5180 5112 5356 5132 4757 5587 5271 5280 4761 5166 5156 5056 5296 5229 4981 5255 5308 4952 4981 5708 5054 4828 5076 5570 4558 4761 5275 5148 5207 5306 5167 5153 4751 5052 4796 5311 4849 5541 5480 5509 5068 4854 5162 5779 4771 4793 5072 5148 5421 4900 5179 4949 4918 5016 4990 4951 4967 4972 5119 5499 5192 5301 4891 5220 4953 5194 5358 5269 5346 5050 5347 5266 4865 4558 5591 4937 5074 4641 5176 4979 4779 5204 5094 4993 4974 5302 4952 5048 5020 5440 5213 5328 4823 5009 5552 5133 5295 5141 5108 5212 4927 5061 5385 5334 5044 5375 5414 4953 5581 4792 4938 4829 5483 4920 5281 5593 5379 5364 5004
5451 5706 5698 5540 5101 5136 5456 5766 5294 5543 5105 4906 5723 5265 5117 5212 5144 5679 5192 5461 6302 5489 5553 5468 5107 5355 5411 5697 5654 5078 5389 5165 5850 5490 5302 5455 5656 5035 5380 5867 5168 5293 4947 5344 4999 5539 5611 5381 5313 5585 5363 5205 5543 5026 5539 5249 5585 5111 4967 5346 5434 5994 5630 5016 4995 5573 5136 5037 5484 5316 5497 5186 5225 5953 5486 5173 5471 5855 5314 5147 5014 5860 5237 5331 5350 5293 5539 5321 5235 5484 5504 5430 5440 5685 5939 5648 5116 5299 5463 5684 5819 5313 5390 5607 5388 5726 5433 5166 5770 5252 5230 5410 4856 5250 5442 5311 5226 5140 5747 5335 5042 5441 5208 5403 5188 5536 4733 5188 5202 5401 4985 5491 5282 5281 4928 5519 5694 5740 5397 5573 5409 5102 5638 5637 5443 5203 5481 5437 5143 5358 5336 5288 5396 5490 5119 5631 5936 5028 5530 5170 5774 4857 5357 5399 5734 5805 5792 5287 5312 4838 5607 5200 5752 5021 5909 5509 5558 5051 5279 5387 5939 5091 5002 5445 5098 5281 5171 5539 5301 4857 5157 5021 5266 5113 5587 5407 5328 5294 5567 5298 5185 4902 5559 5391 5546 5539 5443 5634 5537 5160 4962 5738 5124 5102 4938 5371 5384 5166 5304 5308 5151 5138 5420 5250 5394 5125 5505 5446 5598 5224 5479 5626 5277 5667 4924 5348 5379 5421 5234 5848 5793 5234 5684 5665 5294 5998 5093 5358 5046 5660 5384 5397 5690 5460 5666 5144
5567 5580 5538 5405 5020 5280 5533 5843 5549 5268 5052 4862 5743 5101 5092 5152 4894 5761 5121 5141 6094 5458 5532 5571 5102 5111 5623 5837 5753 5071 5473 5133 5415 5220 5182 5569 5716 4972 5540 5729 5167 5300 4985 5432 5218 5625 5637 5267 5475 5343 5245 5480 5505 5157 5584 5325 5436 5050 5009 4970 5396 5681 5500 4556 5154 5478 4813 5204 5501 5425 5517 5026 5354 5926 5345 5304 5543 5880 5404 5371 5366 5691 5245 5842 5257 5115 5499 5344 5231 5506 5410 5362 5194 5366 5923 5574 5078 5383 5218 5424 5631 5176 5059 5638 5357 5475 5601 5052 5991 5254 5327 5296 4869 5297 5385 5344 4988 5079 5644 5396 5250 5269 5216 5146 5101 5306 4792 4995 5148 5383 4804 5617 5167 5222 4916 5657 5500 5816 5334 5562 5495 5106 5813 5295 5613 5287 5347 5379 5092 5321 5433 4913 5519 5176 5063 5563 5980 5150 5227 5161 5937 4941 5304 5047 5266 5535 5782 5199 5366 4931 5421 5072 5535 5244 5849 5587 5763 5323 4981 5369 5911 5218 5134 5335 5204 5347 5130 5324 5565 4887 5212 5275 5039 4957 5504 5174 5529 5109 5600 5225 5461 4831 5617 5424 5567 5372 5400 5502 5604 5078 5146 5797 4893 5143 4823 5395 5119 5080 5346 5288 5313 5244 5361 4846 5575 5175 5408 5118 5659 4822 5248 5742 5024 5452 5135 5065 5298 5281 5362 5857 5455 5419 5915 5431 5162 5953 5261 5066 5028 5616 5125 5286 5875 5319 5691 5260
5262 5630 5446 5556 5072 5224 5423 5508 5284 5320 4879 4708 5757 5137 5185 5262 5049 5273 5009 5292 5982 5190 5270 5431 5012 5053 5439 5639 5403 5036 5552 4925 5442 5439 5046 5660 5162 5114 5295 5552 5124 5053 4934 5274 5004 5353 5500 5131 5102 5546 5311 5535 5556 4861 5400 5431 5752 5159 4915 5105 5348 5709 5129 4953 4829 5448 4666 4961 5627 5209 5613 4985 5232 5793 5259 5200 5436 5830 5103 5194 5163 5800 5264 5345 5232 5569 5371 5485 5089 5493 5422 5564 5063 5480 5718 5568 4694 5133 5487 5645 5512 5361 5095 5453 5385 5569 5382 5202 5513 5125 5020 5368 4900 5062 5402 5259 5232 5434 5551 5336 5262 5023 5349 5303 5000 5564 4778 5252 5042 5428 5080 5405 4984 5202 4881 5242 5217 5424 5335 5681 5430 4915 5649 5666 5582 4851 5282 5392 5164 5423 5240 5078 5291 5000 4993 5469 5882 5013 5053 5035 5699 4744 5110 5318 5609 5599 5405 5238 5156 4809 5548 4927 5515 4905 5825 5375 5835 5129 5057 5244 5738 4867 4903 5202 5173 5314 5176 5175 5389 4878 5082 5269 5123 5104 5240 5071 5383 5257 5561 5187 5401 5104 5321 5376 5508 5451 5339 5504 5351 4994 4925 5597 5040 4884 4525 5289 5314 4908 5281 5376 5144 5313 5401 4910 5197 5079 5351 5118 5600 4764 5503 5493 5232 5446 5263 5309 5614 5482 5234 5577 5576 5417 5602 5616 5172 5891 4862 5410 4990 5297 5295 5553 5619 5529 5676 5221
5576 5688 5642 5609 5174 5214 5854 6013 5362 5172 5151 5248 5733 5184 5180 5095 5323 6010 5234 5618 6164 5305 5438 5068 5412 5261 5687 5817 5776 5359 5785 5030 5602 5387 5229 5554 5599 5240 5786 5607 5378 5177 5136 5232 5177 5621 5505 5092 5517 5606 5531 5286 5540 5214 5520 5546 5884 5109 5043 5168 5399 5866 5141 4891 5274 5596 5323 5063 5498 5452 5703 4880 5533 5953 5546 5142 5811 6036 5302 5331 5234 5891 5468 5513 5388 5682 5122 5733 5008 5657 5750 5682 5189 5617 5638 5667 5070 5371 5504 5712 5827 4915 5509 5486 5832 5650 5827 5285 5815 5272 5122 5635 4824 5294 5426 5410 5502 5573 5683 5517 5376 5222 5204 5175 5306 5637 5164 5101 5362 5632 5267 5441 5525 5336 4970 5556 5655 5630 5451 5983 5550 5042 5810 5558 5731 5403 5771 5322 5399 5498 5667 4980 5492 5354 5343 5503 5919 5175 5474 5121 5704 5199 5379 5421 5369 5658 5454 5378 5358 4866 5712 5434 5771 5293 5721 5688 6026 5426 5016 5533 5798 5277 5067 5535 5058 5557 5464 5451 5522 5150 5282 5270 5022 5100 5254 5179 5567 5544 5592 5287 5204 4884 5471 5467 5584 5680 5114 5522 5849 5094 5172 5825 5174 5271 5101 5351 5181 5205 5444 5241 5573 5196 5299 5333 5268 5310 5393 5563 5719 5114 5650 5820 5473 5376 5535 5191 5632 5477 5495 5773 5712 5471 5658 5679 5107 6007 5146 5338 5278 5731 5379 5100 5895 5550 5579 5481
5391 5349 5023 5370 5380 5137 5272 5648 4908 5203 4622 4658 5558 4952 5161 5001 4937 5469 4822 4823 5879 5054 5134 5376 5082 5004 5545 5883 5507 5043 5368 4853 5530 5028 5124 5425 5460 4988 5262 5456 4785 5000 4867 4899 4778 5119 5367 5359 5248 5686 5239 5118 5329 4783 5011 5117 5548 5081 4829 5121 5085 5646 4942 4841 5166 5421 4779 4600 5367 5151 5506 4914 5383 5533 5120 5070 5176 5470 5163 4961 5095 5708 5193 5280 5217 5316 5126 5242 4931 5313 5247 5292 4975 5550 5727 5508 4830 4829 5475 5181 5483 5167 5166 5199 5297 5368 5464 5133 5581 5174 5151 5276 4821 5146 5229 5237 5034 5103 5654 4941 5219 5152 5030 5085 4943 5355 4975 5048 4945 5205 4922 4915 4732 5184 4906 5319 5109 5178 5106 5455 5060 5089 5278 5243 5200 5031 5104 5018 5096 5111 5345 5010 5352 5304 5024 5286 5570 4942 5225 4947 5527 4798 5073 5229 5180 5218 5421 5066 5015 4594 5176 4777 5368 4713 5505 5335 5281 5246 5007 5072 5460 5064 4784 5357 4904 5309 4709 5301 4976 4759 4916 5013 5153 4772 5011 5227 4994 5134 5376 5009 5124 4862 5392 5112 5153 5277 5091 5112 5306 5051 4927 5271 5137 5071 4767 5111 5088 4915 5035 5168 4980 5012 5359 4858 5154 5211 5138 5231 5303 4742 5225 5564 5230 5431 5060 5141 5429 5252 5157 5573 5348 4922 5555 5544 4913 5815 4912 5092 4831 5413 5377 5124 5494 5491 5297 5180
5588 5541 5411 5392 5156 5272 5504 5822 5566 5301 4691 5198 5717 5042 5235 5289 5263 5481 5077 5371 6101 5362 5373 5458 5060 5206 5635 5804 5693 5467 5756 4930 5468 5338 5083 5485 5786 5198 5512 5683 5317 5446 5069 5295 4853 5498 5401 5224 5352 5770 5683 5119 5797 5259 5513 5432 5555 5361 4946 4888 5317 5452 5280 4850 5174 5741 4852 5133 5823 5446 5768 4910 5564 5620 5378 5363 5364 5827 5470 5154 5155 5517 5245 5569 5515 5344 5530 5282 5332 5642 5377 5445 5180 5516 5778 5560 4932 5400 5498 5524 5689 5316 5165 5807 5501 5176 5603 5142 5573 5370 5319 5353 4951 5343 5534 5176 5010 5393 5829 5421 5129 5120 5157 5217 5279 5487 4799 5029 5323 5600 4976 5534 5177 5490 4962 5644 5457 5320 5360 5736 5445 5200 5510 5390 5488 5232 5574 5200 5126 5312 5392 4923 5448 5242 5022 5445 5683 4926 5006 5386 5564 4706 5441 5419 5278 5519 5645 5363 5533 4945 5259 5242 5733 5197 5714 5554 5576 5338 5084 5240 5962 5011 4977 5478 5199 5458 5228 5374 5400 5143 5100 4977 4939 5213 5293 5325 5221 5335 5555 5183 5448 4819 5508 5607 5955 5539 5318 5310 5567 5196 5079 5554 4761 5227 5140 5575 5124 5167 5128 5260 4914 5301 5536 4894 5555 5311 5597 5407 5499 4936 5272 5576 5251 5622 5211 5528 5319 5557 5179 5536 5449 5358 5718 5432 4921 5926 5300 5233 5067 5259 5223 5393 5716 5498 5653 5273
5343 5515 5613 5354 5098 4970 5447 5723 5445 5086 4845 4834 5382 4977 5272 4925 5205 5556 5378 5139 6039 5103 5103 5329 5007 5176 5444 5711 5717 5037 5154 4878 5360 5310 5183 5328 5524 5137 5408 5679 5047 5013 5060 5270 5050 5341 5343 5368 5379 5549 5329 5469 5407 5007 5374 5349 5416 5277 5163 5251 5292 5766 5294 4616 5115 5613 4798 5273 5382 5021 5648 4792 5279 5776 5375 4944 5472 5645 5378 5000 5101 5844 5321 5454 5371 5338 5287 5445 4933 5544 5418 5422 5032 5573 5642 5783 5010 4998 5530 5473 5704 5070 5028 5369 5564 5245 5509 5231 5574 5185 5316 5312 4896 5143 5462 5320 5354 5484 5853 5192 5342 5143 5167 5196 5025 5420 4842 5133 4952 5227 4935 5270 4947 5246 4972 5608 5377 5295 5145 5623 5172 5056 5532 5404 5359 5025 5291 5022 5111 5386 5584 5062 5319 5238 5101 5626 5765 4964 5157 4895 5345 5142 5171 5108 5281 5387 5255 5357 5251 4802 5415 4866 5404 4955 5479 5386 5566 5159 5030 5424 5685 5009 4920 5373 5253 5465 5003 5459 5179 5018 5013 4896 4757 5202 5430 5386 5121 5548 5451 4884 5220 4720 5396 5333 5087 5299 4890 5351 5423 4813 4901 5437 5007 5360 4937 5456 5412 4844 5051 5085 5198 4918 5377 4935 5250 5066 5130 5400 5353 5103 5392 5455 5301 5676 4948 5025 5441 5208 5174 5583 5322 5284 5641 5444 5183 5778 5042 5179 4764 5496 5327 5199 5674 5404 5558 5336
4973 5275 5488 5427 4880 4879 5351 5533 5158 5093 4891 4779 5502 5050 5048 4962 4885 5237 4937 5236 6079 5221 5396 5222 5127 5052 5225 5547 5313 4901 5457 4751 5123 5312 4995 5268 5349 4889 5307 5693 5130 4980 5015 5282 4964 5169 5211 5168 5113 5410 5073 5320 5404 4867 5388 5245 5335 4767 5136 4960 4863 5581 5186 4748 4832 5366 4786 4708 5404 4922 5324 5035 5218 5571 4845 5210 5237 5549 5346 4981 4970 5544 5068 5323 4901 5099 5118 5260 5011 5403 5223 5241 5042 5282 5699 5417 4701 5348 5326 5321 5407 4973 4994 5337 5071 5309 5385 5145 5497 5190 4855 5207 4725 5041 5478 5129 5112 5293 5494 5124 4899 5303 4975 5099 5117 5199 4872 4706 5214 5439 4874 5191 5192 5093 4805 5264 5208 5459 5025 5461 5155 4892 5363 5208 5379 4972 5443 5270 4978 5201 5120 4832 5328 5080 4823 5260 5534 4815 4934 5054 5238 4913 4966 5147 5274 5483 5570 5068 5187 4839 5267 5144 5501 5024 5618 5602 5403 4798 5038 4985 5596 5014 4757 5344 5060 5379 5159 5233 5131 4828 4941 4895 4867 4876 5379 4957 5236 5053 5465 4961 4921 4791 5286 5207 5364 5169 4801 5525 5269 4970 4892 5672 4838 5107 4881 5259 5086 4824 5275 5059 4935 4899 5280 4837 5314 5163 5196 5274 5218 4834 5239 5337 4868 5251 4981 4960 5111 5132 5291 5458 5433 5352 5272 5240 4896 5364 4982 5179 4773 5274 5054 4954 5624 5159 5524 5095
5087 5300 5406 5379 4730 5116 5269 5336 5155 4946 4663 4860 5470 4922 4900 4997 4896 5423 4551 4907 5823 5052 4839 5107 4981 4872 5122 5534 5311 4737 5398 4891 5162 5021 4956 5334 5395 4732 5296 5452 5066 4803 4761 4920 4996 5139 5092 5303 4774 5236 5086 4846 5263 4976 4943 5361 5303 4704 4968 4638 5067 5362 4949 4569 4666 5316 4514 4901 5286 5283 5461 4581 5119 5528 4762 4969 5162 5642 5145 4838 4902 5345 4898 5088 4939 5020 5092 5063 4691 4923 4980 5261 4766 5192 5487 5197 4771 5104 5091 5068 5462 4855 5045 5523 5232 5201 5321 4814 5435 4926 5168 5200 4417 5055 5081 5000 4973 5070 5257 5264 4878 4882 4909 4970 4807 5021 4922 4717 4907 5043 4842 5167 4817 5123 4400 5286 4996 5186 5035 5353 4980 4743 5288 5070 5237 4829 5399 5138 4835 5118 5126 4565 5242 5200 4793 5228 5410 4727 4941 4973 5291 4700 5052 5221 5092 5110 5224 5184 5085 4791 5066 4935 5299 4588 5285 5225 5284 4985 4937 5200 5536 4847 4785 5046 4690 4993 4992 5286 5133 4564 4697 5035 4906 4499 4911 5042 5147 5048 5413 4867 5112 4633 5173 5015 5306 5090 5046 5180 5075 4741 4952 5241 4894 4755 4580 5018 5113 4887 5073 4936 4857 5076 5011 4689 5251 4922 4937 5232 5495 4693 5019 5187 5230 5304 4823 5039 5200 5209 5078 5510 5360 4850 5358 5302 4846 5539 4771 4931 4698 5422 5200 5131 5417 5108 5313 4752
5187 5144 5494 5482 4832 4613 5281 5618 5121 4779 4652 4623 5588 4906 4908 5089 5088 5359 4943 5164 5940 5204 5316 5104 4969 5241 5310 5743 5387 5007 5008 4634 5501 5032 5206 5312 5433 4830 5280 5372 5160 4936 4817 5061 4664 5209 5036 5140 4910 5252 5235 5173 5285 4886 5235 5327 5097 4914 4984 4983 5167 5707 4899 4519 5107 5099 4925 4734 5243 5015 5339 4880 5132 5455 4994 5129 5213 5449 5179 5104 4997 5488 5021 5260 5254 5114 5064 5464 5122 5195 5319 5133 4984 5079 5464 5529 4909 4970 5167 5220 5667 5111 5085 5232 5488 5412 5343 5139 5479 4782 4994 4945 4364 5086 5063 5151 4946 5165 5547 5026 5047 5039 5002 4961 5104 5357 4761 4873 4964 5328 4852 5130 4903 4921 4735 5356 5355 5240 5040 5519 5181 5032 5516 5332 5320 5220 5273 5009 4990 5299 5133 4853 5287 5068 4956 5015 5537 4998 4998 5216 5457 4829 5160 5102 5431 5581 5503 5291 5184 4896 5273 5141 5335 5018 5393 5378 5395 5000 5091 4849 5779 4921 4757 5128 4843 5364 5029 4817 5358 4650 4742 4931 4930 4887 5215 4973 5210 5147 5358 5152 5028 4812 5345 5296 5197 5460 5169 5316 5248 4841 4747 5664 4626 5217 4975 5055 4883 5014 5110 4941 4959 5020 5153 5141 5220 4904 5184 5081 5621 4802 5224 5356 5256 5312 4932 5052 5044 4979 5364 5605 5558 5311 5668 5449 5000 5503 4877 4968 4709 5612 4953 5018 5779 5138 5322 5135
5225 5662 5566 5756 5021 5065 5423 5733 5260 4986 4869 4693 5438 5157 5238 5091 5224 5636 5359 5415 6089 5366 5723 5224 4980 5457 5362 6066 5502 5054 5424 4993 5455 5588 5467 5407 5635 5275 5489 5565 5245 5355 4912 5136 5191 5277 5418 5338 5311 5307 5331 5332 5479 5084 5389 5417 5337 5118 5217 5106 5049 6011 5206 4640 5107 5169 5155 5191 5664 5306 5759 5099 5359 5646 5261 5057 5545 5755 5306 5196 5170 5818 5313 5484 5446 5262 5263 5500 5117 5730 5590 5376 4997 5397 5752 5451 5188 5460 5424 5575 5550 5227 5145 5268 5582 5452 5460 5304 5502 5070 5027 5434 4763 5283 5637 5425 5318 5353 5724 5024 5236 5122 5323 5293 5366 5441 4954 5011 5272 5420 4947 5336 5076 5328 4695 5527 5357 5600 5030 5470 5741 4731 5537 5345 5629 5129 5394 5312 5444 5299 5281 5176 5674 5302 5326 5432 5494 5071 5192 4879 5719 4974 5185 5387 5167 5463 5510 5171 5170 5020 5658 5395 5246 4780 5813 5597 5480 5287 5070 5344 5775 5153 4659 5485 5055 5392 4939 5478 5460 5033 5209 5060 4966 5219 5203 5269 5450 5498 5694 5182 5251 4993 5557 5617 5881 5517 5260 5651 5477 5032 4956 5542 4948 5387 4910 5320 5234 5272 5199 5350 5396 5060 5412 4993 5435 5335 5501 5586 5754 5148 5256 5662 5414 5807 5173 5412 5355 5136 5111 5632 5773 5171 5610 5259 5255 5956 5143 5293 4793 5537 5285 5124 5857 5648 5550 5289
5310 5619 5568 5603 5191 5320 5549 5804 5445 5396 5052 4914 5757 5149 5139 5299 5012 5725 5036 5421 6373 5278 5330 5135 5258 5335 5445 5727 5689 5160 5729 5263 5533 5440 5345 5528 5433 4924 5283 5790 5123 5218 5090 5366 5030 5612 5264 5582 5273 5649 5533 5343 5539 5072 5462 5509 5789 5133 5201 5236 5246 6054 5285 4770 5008 5605 4886 5110 5744 5523 5872 5045 5494 5752 5343 5245 5311 5843 5379 5182 5257 6032 5229 5560 5349 5636 5508 5666 5157 5707 5327 5617 5200 5735 5895 5569 4802 5393 5603 5456 5702 5387 5317 5523 5614 5661 5656 5062 5627 5575 5073 5497 4715 5103 5586 5323 4902 5460 5714 5442 5271 5160 5155 5399 5286 5605 4727 5185 5252 5653 4924 5292 5470 5380 5059 5500 5424 5566 5138 5842 5466 4952 5535 5468 5518 5287 5342 5475 5277 5643 5494 5110 5568 5386 5273 5575 5856 5135 5247 5165 5986 4879 5488 5497 5278 5759 5727 5083 5275 5001 5630 5246 5631 5054 5872 5567 5503 5060 5238 5486 5983 4962 4930 5420 5137 5296 5159 5592 5455 5118 5107 5265 5183 5244 5650 5099 5480 5376 5665 5476 5250 5105 5433 5359 5795 5657 5098 5975 5512 5299 4951 5634 5149 5299 5000 5410 5457 5285 5203 5377 5192 5152 5403 5191 5530 5466 5594 5298 5573 5286 5571 5644 5136 5524 5220 5303 5718 5102 5186 5780 5760 5438 5459 5784 5275 5740 5213 5420 5071 5603 5179 5277 5943 5445 5722 5482
5276 5589 5345 5492 4919 5003 5345 5663 5193 5136 4840 4803 5331 5122 4861 5153 5274 5677 4945 5080 5963 5248 5303 5174 5088 5062 5584 5791 5427 5019 5350 4943 5397 5037 5416 5484 5555 5161 5146 5495 5108 5201 4910 5115 4805 5300 5351 5238 5146 5477 5049 5110 5258 4812 5322 5195 5614 4871 5055 5026 5329 5839 4934 4835 4982 5465 4687 4920 5576 5378 5623 4646 5089 5369 4867 5135 5298 5608 5047 4972 5051 5663 5322 5463 5307 5213 5327 5419 5141 5154 5485 5433 5125 5822 5737 5508 5015 5218 5251 5348 5535 5206 5186 5563 5086 5336 5309 5325 5359 5101 4885 5147 4803 5181 5356 5450 5038 5394 5279 5132 5161 5246 5230 5244 4879 5814 4924 4956 5106 5221 4792 5073 4873 4940 4829 5345 5397 5324 5084 5521 5389 4855 5528 5392 5449 5246 5167 5116 4968 5351 5112 4609 5495 5347 4859 5202 5803 4892 5020 5280 5646 4922 5368 5511 5162 5388 5443 5157 5214 4978 5100 5199 5609 5121 5712 5551 5249 4842 4904 5212 5875 4770 4974 5504 4840 5218 5109 5168 5209 4908 4830 4960 4901 5078 5302 5161 5090 5041 5388 5087 5121 4770 5119 5559 5631 5186 5035 5585 5298 5089 5052 5349 4859 5289 4838 5143 4975 4753 5136 5031 4829 5164 5548 4814 5242 5145 5287 5289 5298 4949 5196 5609 4939 4918 5300 5307 5437 5040 5203 5325 5632 5102 5333 5457 5010 5759 4829 5373 4724 5469 5272 4963 5836 5068 5321 5248
5363 5354 5280 5359 5162 4991 5350 5712 5119 5080 4790 4680 5472 5043 4940 5087 5162 5601 5238 4930 5756 5318 5249 5333 4820 5073 5502 5989 5762 5163 5389 4912 5316 5293 4952 5169 5424 4795 5223 5592 5147 4881 4802 5179 5060 5231 5245 5177 5083 5456 4981 5058 5412 4986 5378 5202 5516 4899 5040 5264 5169 5697 5042 4837 4732 5444 4609 5080 5235 5325 5705 4880 5280 5582 5165 5003 5087 5612 5074 5053 4849 5853 4970 5413 5371 5644 5277 5406 5128 5121 5259 5396 5037 5502 5655 5331 4831 5322 5517 5434 5337 5239 5373 5287 5309 5499 5180 5123 5508 5024 5215 5292 4830 5033 5266 5019 4905 4917 5779 5340 5059 5027 5093 5345 5158 5552 4878 4901 5158 5250 5037 5483 5062 5034 4689 5273 5378 5432 5278 5551 5295 5013 5271 5327 5172 5175 5253 5054 5066 5252 5050 4961 5284 5225 5154 5266 5734 5069 4882 4952 5551 5066 5097 5241 5149 5347 5662 5058 5060 4745 5241 5022 5635 4705 5601 5323 5579 5064 5007 5098 5674 4932 4795 5341 5282 4982 5092 5330 5296 4905 4841 4696 5108 5053 5008 4985 5265 5157 5245 4980 5126 4900 5461 5379 5386 5394 5291 5273 5213 5064 4770 5596 4866 5291 4960 5284 4935 5032 5079 5105 4834 5081 5334 4669 5026 5098 5321 5056 5455 4965 5365 5551 5230 5657 5160 5333 5426 4890 5248 5487 5416 5151 5457 5452 4935 5886 4941 5052 4937 5526 5256 5284 5449 5467 5380 5037
5299 5332 5368 5436 5121 5274 5255 5463 5135 4971 4839 4783 5523 4904 4935 5214 5213 5237 5056 5043 5826 4912 5296 4977 4908 4924 5579 5626 5355 4933 5260 4699 5365 5138 4812 5179 5364 4863 5099 5501 5027 5011 4844 5329 4853 5163 5113 5239 5158 5370 5197 5130 5288 4752 5319 5122 5443 4885 4629 5022 4994 5612 4874 4926 4882 5112 4780 4737 5479 4991 5384 4919 5204 5533 4974 5046 5465 5460 5093 4730 5114 5436 5257 5181 5064 5277 5213 5236 4953 5240 5467 5196 4659 5555 5599 5040 4675 5389 5420 5417 5326 4946 5203 5408 5196 5333 5379 4889 5348 5169 4930 5136 4582 5199 5178 5303 5042 5539 5446 5359 4856 5113 5094 5182 5071 5395 4701 4925 5145 5407 4924 5223 5171 4859 4755 5158 5445 5247 5207 5506 5134 4766 5393 5287 5189 5032 5194 5059 4992 5189 5181 4638 5393 5006 4790 5321 5640 4852 4969 4751 4957 4679 5061 5240 5342 5341 5432 5165 5371 4484 5124 4863 5552 5056 5580 5394 5382 4919 5076 5015 5471 4855 4672 5345 4946 5066 5193 5231 5069 4947 4752 4777 4724 4794 5125 4938 4843 5104 5434 4981 4900 4750 4969 5195 5326 5460 5074 5203 5175 5053 4994 5666 4744 5250 4499 5136 5029 4518 5198 4963 4697 4832 5507 4733 5175 5119 5042 5005 5249 4984 5257 5415 5164 5173 5211 5183 5497 5327 5247 5467 5520 4971 5251 5489 4748 5498 4957 5147 4924 5289 5042 4985 5410 5267 5293 5099
5004 5192 5005 5283 5035 4929 5177 5247 5128 5035 4697 4531 5468 4751 4943 4956 5192 5427 4531 4906 5995 5012 5149 4871 4855 5109 5285 5681 5340 4755 5447 4575 5252 5047 5017 5368 5461 4803 4916 5187 4893 4947 4901 5007 4918 5248 5321 5141 4985 5338 4982 5052 5289 4541 5083 5151 5084 4830 4880 5033 4999 5528 4880 4525 4890 5072 4683 4981 5187 5257 5429 4550 5096 5377 5215 4699 5060 5516 5014 4898 4784 5392 5157 5176 5017 4875 5204 5055 4805 5276 5270 5193 4736 5426 5373 5243 4566 5038 5271 4839 5293 5062 4728 5172 5005 5308 5381 5178 5317 5401 4963 5047 4617 5098 5156 5054 4998 4952 5437 5120 4964 4934 4920 4902 5019 5174 4682 4906 4724 5161 4852 5041 4849 4904 4599 5088 4997 5178 4744 5221 5148 4537 5203 5165 5281 4828 4882 5120 5171 4938 5067 4889 5284 4892 4585 5056 5533 4894 4783 5044 5347 4871 5329 5162 5004 5247 5200 4713 5158 4787 5231 4782 5512 4907 5366 5123 5045 5025 4796 4878 5763 4607 4812 5003 4908 5037 4916 5062 5016 4845 4732 4911 4643 4838 4975 4830 4987 5136 5312 4924 4983 4784 5065 5221 5339 5190 5103 5223 5263 5054 4786 5153 4687 4966 4620 5202 4896 4976 5170 5323 4990 4775 5259 4922 5025 4677 5031 5138 5441 4777 4956 5227 4739 5499 5031 4777 5306 4978 4899 5500 5133 5015 5267 5284 4991 5823 4936 4885 4734 5322 5090 4812 5473 4955 5148 5085
5260 5286 5143 5320 4816 4716 4922 5529 4810 5058 4663 4460 5324 4916 4779 4988 4713 5483 4835 4930 5619 5112 4960 5012 4852 4886 5322 5423 5012 4804 4828 4456 5058 5041 4980 5086 5150 4801 5212 5131 4608 4700 4637 4996 4857 5392 5163 5029 5122 5137 4895 5144 5228 4530 5109 5039 5294 4801 4665 4920 5102 5451 4815 4280 4663 5008 4492 4528 5218 5143 5035 4881 4980 5371 4906 4823 5074 5337 5004 5159 4653 5574 4975 5016 5109 5032 4956 5119 4621 5230 4940 5172 4951 5235 5392 5373 4685 4870 5082 5023 5325 5010 5018 5148 5313 5207 5045 5124 5349 4970 4812 4910 4660 4689 5110 5042 4931 4793 5392 4928 4833 4680 4765 4987 4791 5264 4791 4684 4690 5074 4530 4949 4583 4729 4656 5228 4950 5278 5013 5247 5180 4742 5265 5155 4901 4858 4975 4718 4812 5063 5124 4866 5047 5038 4782 5027 5291 4580 4887 4565 5332 4951 4828 4898 4771 5091 5103 4912 4644 4446 5139 4994 5348 5025 5417 5299 5292 4689 4736 4840 5656 4843 4681 5227 4739 5103 4958 5104 5096 4842 4592 4728 4932 4714 5013 4756 5041 4820 5304 4758 4740 4651 5141 5035 5046 5050 4766 5169 5097 4666 4790 5042 4711 5130 4697 4924 4852 4840 4816 4751 4916 4742 4916 4493 5087 4947 4913 4731 5071 4472 4790 5163 4964 5022 4977 4835 5358 4802 4724 5280 5311 4876 5394 4842 4696 5346 4721 4527 4842 5343 5091 4897 5432 5044 5163 4833
5323 5241 5197 5312 4680 4886 5097 5426 4916 5320 4418 4530 5290 4877 4738 4877 5143 5234 4905 4938 5887 4889 5325 5128 5030 4986 5005 5646 5324 4853 5335 4656 5364 4953 4795 5293 5192 4593 5099 5522 4987 4930 4911 5116 4905 5179 5127 5085 5371 5468 5111 5227 5277 4742 5146 5097 5271 5180 4614 4970 5003 5575 5043 4843 4765 5380 4751 4997 5105 4984 5043 4712 5282 5625 5010 5060 5016 5493 5088 4896 4850 5569 5111 5172 4846 5142 5193 5162 4962 5059 5332 5245 4971 5347 5659 5115 4556 5084 5301 5314 5304 4917 5088 5300 5087 5255 5355 5049 5295 4992 4930 5282 4615 4961 5245 5003 5183 4957 5486 5088 4935 4895 5001 4985 4942 5299 4606 5093 5073 5292 5050 5252 4900 5006 4473 5049 5331 5244 5015 5249 4900 5080 5449 5268 5071 4848 5194 5164 5006 5274 5441 4839 5246 5149 4652 5146 5649 4783 4949 4944 5315 4933 4865 5124 5067 5297 5245 5203 5115 4686 5354 4943 5282 4758 5469 5301 5253 4941 5179 4822 5518 4629 4765 5078 4755 5107 4952 5056 4971 4907 4737 4814 4842 4907 5129 5044 5190 5183 5452 4912 5006 4481 5329 5103 5347 5318 5064 5359 5133 4822 4750 5385 4745 5049 4640 5304 5033 4791 4967 4935 5061 4947 5265 4632 5165 4783 5077 4971 5275 4720 5157 5497 4966 5415 4906 5179 5392 4977 5233 5451 5226 4965 5445 5322 4800 5612 4842 4798 4888 5004 5021 5372 5309 5371 5217 4833
5229 5606 5477 5692 5163 5298 5487 5604 5402 5288 4950 5030 5719 5175 5052 5307 5323 5745 5230 5302 6338 5414 5301 5258 5294 5024 5481 5876 5361 5132 5635 5041 5538 5631 5539 5743 5501 4720 5364 5283 5094 5415 5041 4989 5004 5562 5357 5098 5464 5826 5457 5506 5616 5010 5345 5344 5351 5209 5057 5115 5392 5739 5216 4822 5131 5415 4981 5468 5663 5361 5356 5231 5325 6004 5282 5096 5692 5705 5464 5117 5170 5669 5511 5399 5364 5483 5458 5512 5190 5388 5569 5360 5112 5588 5645 5680 4952 5223 5365 5723 5840 5232 5397 5310 5501 5363 5616 5152 5454 5261 5197 5218 4715 4935 5530 5186 5126 5123 5609 5269 5374 5277 5396 5252 5068 5583 5056 5284 5279 5453 5090 5394 4949 5276 4891 5199 5252 5586 5198 5389 5318 5085 5511 5531 5417 5109 5660 5447 5377 5445 5559 5181 5536 5343 4839 5508 5670 4851 5048 5475 5769 5013 5240 5518 5174 5681 5437 5252 5482 4844 5547 5252 5351 5211 5818 5515 5367 5112 5159 5324 5812 4960 4946 5495 5062 5404 5212 5573 5284 4992 5048 5231 5166 5230 5343 5359 5186 5222 5518 5179 5374 4913 5261 5267 5493 5383 4993 5755 5494 5081 5096 5784 5042 5272 4898 5215 5204 4891 5067 5299 5116 5259 5536 4926 5538 5158 5487 5357 5669 4967 5316 5703 5370 5237 5280 5203 5585 5393 5122 5536 5497 5463 5640 5493 5398 5953 5429 5423 5147 5305 5330 5130 5901 5424 5772 5361
5470 5651 5329 5537 5153 5250 5678 5842 5493 5105 4747 5013 5546 4698 5093 5322 5131 5372 5064 5100 6136 5208 5361 5446 5001 5054 5521 5787 5417 5389 5212 4895 5353 5318 5040 5453 5706 4918 5507 5557 5028 4992 5044 5265 4767 5489 5340 5261 5165 5457 5400 5400 5723 5128 5021 5347 5459 5008 5024 5208 5404 5995 5390 4783 5169 5557 4960 5170 5341 5234 5557 5045 5410 5693 5318 5330 5533 5645 5321 5038 5157 5455 5310 5512 5355 5160 5539 5349 5085 5444 5362 5259 5164 5391 5608 5726 5093 5075 5415 5614 5678 5231 5233 5314 5309 5334 5619 5163 5658 5208 5024 5191 4569 5360 5248 5197 4858 5261 5610 5453 4921 5138 5008 5275 5168 5450 4934 5014 4951 5302 4936 5170 5262 5045 5065 5125 5581 5437 5035 5577 5120 4840 5290 5290 5212 5150 5432 5046 5247 5380 5545 4787 5459 5441 5235 5271 5682 4947 5239 5194 5585 4881 5130 5302 5223 5920 5401 5223 5058 4862 5445 5387 5510 5084 5585 5351 5269 5012 5016 5140 5770 4894 4749 5344 4649 5278 4975 5381 5237 4933 5080 5123 4864 4984 5279 5236 5264 5036 5319 5007 5265 5054 5334 5248 5465 5188 5176 5345 5477 4923 5090 5547 4736 5296 4830 5232 5311 4933 5106 5245 5048 5040 5547 5068 5248 5350 5537 5445 5525 4997 5515 5603 5116 5276 4924 5194 5647 5218 5284 5512 5673 5141 5618 5608 5201 5502 5221 5285 4862 5468 5427 4990 5686 4959 5543 5148
5545 5576 5378 5539 5224 5206 5436 5776 5273 5154 5160 4934 5618 4979 5156 5253 5329 5515 4990 5152 6186 5443 5332 5416 5194 5225 5533 5589 5399 5203 5051 5032 5532 5327 5319 5584 5469 4925 5332 5340 4964 5130 4992 5288 5037 5745 5437 5292 5374 5426 5210 5259 5479 4903 5565 5310 5311 5094 5120 5187 5267 5754 5103 4615 5163 5618 4974 5120 5633 5489 5526 4847 5276 5717 5364 5202 5198 5748 5291 5187 5391 5563 4998 5381 5663 5361 5353 5316 4943 5673 5298 5429 5336 5471 5646 5715 4821 4849 5349 5294 5669 5342 4942 5681 5142 5219 5506 5065 5487 5306 5141 5475 4956 5184 5423 5265 5078 5108 5562 5089 5037 5155 5446 5278 5239 5627 4840 4849 5017 5371 4960 5237 5329 5124 4912 5430 5339 5422 4940 5735 5363 5025 5493 5270 5461 5227 5425 5123 5017 5440 5238 5109 5227 5360 5126 5471 5708 5087 5373 4903 5586 5132 5148 5211 5109 5203 5604 5033 5309 5147 5657 5154 5740 5143 5631 5485 5529 5112 5051 5151 5848 4856 5039 5368 4917 5346 5028 5544 5327 5018 5017 5028 5125 5003 5234 5454 5189 5152 5399 5221 5309 4947 5522 5429 5355 5558 5270 5071 5273 4923 4870 5442 5085 5031 4865 5235 5318 5045 4963 5299 4948 5204 5533 4733 5546 5048 5316 5163 5580 4729 5220 5533 5125 5616 5194 5038 5422 5240 5185 5610 5453 5306 5858 5450 4824 5745 5040 5152 4827 5573 5207 5395 5793 5166 5541 5339
5542 5580 5345 5490 5163 5144 5278 5777 5213 5172 4865 4643 5664 4931 5325 5355 5352 5612 4968 5359 6187 5306 5349 5183 5018 5404 5607 5866 5521 5189 5216 4831 5367 5257 5217 5517 5545 4852 5326 5401 5085 4975 5153 5189 4991 5625 5502 5333 5419 5522 5527 5264 5406 4789 5576 5419 5341 5184 4965 5015 5332 5873 5294 4816 5022 5517 4929 5059 5603 5312 5679 4953 5397 5811 5515 5040 5416 5691 5423 5278 4946 5814 5121 5523 5137 5173 5323 5613 5089 5453 5230 5553 5005 5466 5626 5732 4872 5055 5234 5418 5785 5364 5147 5590 5618 5440 5760 5102 5455 5301 5257 5479 4729 5013 5405 5338 5048 5150 5459 5178 5264 4933 5270 5311 5065 5611 4876 5094 5223 5423 4971 5134 5072 5335 4909 5520 5211 5542 5192 5730 5433 4787 5617 5547 5570 5200 5285 5311 4985 5240 5306 5147 5645 5343 5212 5517 5819 5083 5159 5213 5917 5281 5365 5501 5283 5537 5302 5227 5415 4790 5571 5089 5529 4996 5559 5355 5559 5342 5023 5230 5907 4811 4910 5309 5139 5527 5198 5253 5135 5054 5085 5025 4813 5113 5295 4945 5230 5082 5453 5322 5272 5014 5437 5254 5694 5421 5232 5376 5376 5006 5135 5598 5043 5156 4919 5416 4943 4961 5105 5275 5116 5180 5415 5003 5446 5311 5551 4977 5727 4869 5324 5557 5229 5601 5190 5132 5508 5158 5283 5709 5358 5287 5677 5406 5079 5770 4823 5265 4902 5437 5282 5177 5675 5534 5714 5276
5293 5762 5445 5246 4633 5047 5284 5571 5132 4664 4553 4803 5515 4816 4857 4685 5073 5385 4867 4950 5878 5017 5111 5085 5016 5054 5103 5683 5486 4869 5251 4704 5203 5206 5329 5340 5362 4615 5231 5234 4909 4924 4738 4692 5144 5101 5117 4977 5145 5437 5392 4963 5110 4948 5280 5271 5418 4943 4942 4824 5140 5541 4863 4576 4889 4908 4821 4723 5479 5117 5309 4813 5175 5411 5239 4672 5235 5608 4911 4785 4688 5669 5296 5164 5268 5126 4924 5411 4780 5297 5297 5449 4902 5523 5426 5435 4905 5007 5126 5265 5263 5109 4978 5302 5298 4998 5260 4912 5466 4879 4882 5156 4781 5110 5017 5079 5214 5142 5398 5335 4967 5174 5057 5284 4832 5271 4773 4917 5140 5195 4982 5380 5242 4952 4798 5426 5100 5190 5185 5473 5082 4677 5317 5359 5322 4866 5085 4943 4971 5335 5248 4577 5023 5015 4690 5287 5667 4880 5012 4865 5512 4669 4939 5255 5112 5369 5075 5129 4865 4785 5330 4697 5257 4637 5555 5205 5552 5306 4924 4956 5479 4884 4607 5351 4923 5245 4854 5402 5078 4778 4725 5016 4833 4882 5193 5055 4985 5062 5224 4740 4939 4513 4940 5087 5407 5270 4889 5349 5274 4953 4890 5490 4562 4911 4773 5221 4963 4730 5284 5011 5111 5215 5129 4599 4825 4775 5047 4924 5296 4888 5179 5494 5241 5317 5095 5266 5090 5012 5193 5295 5213 5362 5572 5216 4790 5693 4925 4965 4712 5294 5041 5344 5526 5265 5289 4937
5290 5363 5212 5325 5280 4896 5406 5607 4913 5000 4672 4555 5453 4824 5002 4935 5055 5332 4804 5338 5939 5165 5266 4930 5096 5325 5389 5631 5596 5258 5198 4907 5233 5163 5006 5120 5349 4844 5332 5355 5190 4856 4912 5093 4733 5255 5234 5035 5164 5316 5251 4994 5560 4956 5464 5176 5272 5152 4740 5067 5040 5702 4923 4525 5036 5394 4833 5024 5400 5359 5688 5173 5435 5716 5090 4877 5420 5622 5260 4827 5024 5164 4986 5421 4861 4712 5248 5213 4884 5495 5371 5192 5212 5584 5543 5512 4905 4980 5251 5269 5491 5136 5176 5408 5203 5306 5234 4968 5440 5093 4892 5037 4378 5094 5310 5125 5119 4855 5415 5184 5088 4969 4940 5456 4820 5346 4704 4926 5059 5353 4784 5231 4962 5257 4863 5380 5002 5191 4955 5418 5119 4740 5454 5037 5051 5137 5191 5140 5166 5197 5216 4951 5374 5167 4777 5362 5326 4806 5184 4798 5367 4880 5220 5170 5131 5197 5244 4924 4925 4883 5533 5039 5213 5160 5556 5186 5088 5077 4968 4775 5755 4899 4629 5020 4764 5295 4826 5327 4982 4983 4852 4855 4802 4897 5033 5039 4841 5141 5316 5087 5212 4800 4906 5169 5275 5048 4915 5104 5374 4896 4887 5386 4639 4995 4808 5093 4862 4893 5066 5157 4925 4958 5177 4909 5357 5240 5090 5210 5190 4571 4994 5711 4994 5151 4872 5054 5138 5064 4752 5434 5424 5128 5561 5070 4826 5687 5042 5131 4502 5131 5275 4862 5387 5019 5461 4970
5453 5798 5611 5675 5024 5063 5669 5755 5434 5361 4967 4850 5569 5023 5147 4981 5159 5754 5013 5432 6292 5446 5399 5395 4988 5373 5627 5810 5772 5148 5502 4780 5431 5437 4983 5497 5346 4920 5322 5753 5021 5274 5141 5347 5279 5310 5390 5290 5410 5316 5449 5029 5371 5170 5354 5336 5766 5350 5327 5118 5126 6042 5384 4746 5095 5722 5010 5007 5580 5588 5528 4876 5397 5777 5292 5325 5202 5888 5406 5171 5046 5624 5187 5725 5208 5195 5498 5428 5121 5470 5387 5391 5393 5646 5838 5803 5055 5243 5731 5547 5810 5396 5346 5915 5193 5648 5345 5104 5919 5032 5274 5644 4703 4871 5369 5284 5138 4984 5720 5201 5424 5236 5199 5235 5263 5565 4727 5169 5174 5420 5216 5269 5335 5428 4873 5589 5298 5651 5356 5732 5522 5432 5738 5255 5438 5304 5280 5349 5207 5215 5362 4991 5514 5602 5141 5196 5803 5001 5251 5417 5618 4773 5377 5221 5455 6023 5646 5178 5191 4883 5333 5200 5533 4952 5734 5376 5782 5100 5268 5232 5736 5100 5116 5296 5210 5635 4979 5351 5465 5208 4905 4916 5194 4995 5592 5283 5302 5180 5569 5130 5310 5065 5466 5255 5610 5513 5156 5879 5697 5231 5062 5601 4991 5094 4896 5345 5072 5436 5174 5206 5398 5205 5298 5253 5386 5185 5495 5072 5670 5375 5185 5726 5223 5699 5227 5159 5548 5219 5171 5823 5703 5131 5335 5507 4980 5814 4861 5190 4991 5364 5350 5295 5810 5242 5643 5410
5389 5457 5609 5483 4996 5232 5468 5831 5482 5250 5051 4938 5551 5040 5076 5324 5106 5547 4956 5128 6161 5236 5648 5254 5104 5223 5341 5680 5740 5209 5428 4781 5267 5211 5180 5556 5790 4927 5571 5439 5299 5018 5072 5089 5030 5242 5453 5139 5239 5556 5472 5242 5561 5040 5526 5368 5590 5129 4995 5079 5459 5642 5374 5296 5258 5233 4882 5066 5485 5121 5695 4935 5378 5913 5416 5046 5348 5621 5198 5089 5359 5712 5177 5631 5221 5408 5128 5423 5080 5411 5281 5466 5006 5449 5623 5397 4737 5368 5291 5373 5799 5233 5118 5500 5482 5425 5612 5128 5561 5175 5062 5354 4659 5226 5439 5404 5007 5205 5578 5500 5425 5236 5128 5243 5334 5415 5003 5197 5073 5365 5004 5236 5059 5361 5127 5343 5305 5544 5188 5667 5232 5054 5378 5437 5492 5030 5412 5284 5120 5199 5254 4679 5404 5466 4952 5449 5924 5081 5104 5147 5442 5128 5528 5549 5407 5649 5350 5262 5427 4897 5545 5120 5742 5090 5685 5490 5511 5306 5027 5200 5543 4937 4898 5537 5383 5368 5091 5207 5399 4837 5105 5031 5176 5193 5520 5263 5228 5283 5682 5156 5450 4927 5281 5275 5501 5439 5029 5289 5630 5212 4936 5768 4893 5083 4905 5283 4997 5120 5266 5269 5154 5086 5328 4638 5411 5040 5234 5275 5361 4652 5257 5514 5226 5230 5148 4997 5491 5279 5307 5469 5525 5332 5726 5544 5152 5966 4814 5332 4942 5513 5161 5235 5746 5154 5518 5328
5104 5635 5384 5378 5081 5261 5684 5681 5210 5021 5034 4963 5584 5052 4884 5094 5281 5516 4983 5246 6018 5414 5158 5243 5131 5167 5457 5912 5706 5110 5653 4786 5370 5280 5107 5517 5532 5021 5560 5620 5119 4822 5103 5208 5153 5364 5335 5225 5174 5549 5192 5150 5508 5214 5175 5251 5452 5034 5174 5519 5153 5794 5304 4668 4825 5258 5103 5181 5214 5354 5593 4841 5384 5688 5199 4902 5449 5852 5204 5053 4914 5607 5368 5432 5386 5294 5129 5371 5098 5578 5630 5424 5032 5466 5565 5429 4848 4996 5036 5621 5857 5205 5344 5515 5529 5284 5572 5229 5621 5197 4983 5291 4484 5112 5365 5087 5313 5394 5776 5329 5053 5193 5185 5439 5002 5376 5005 4944 5268 5239 5112 5327 5062 5170 4730 5336 5379 5443 5035 5254 5453 4827 5578 5396 5396 5263 5606 5177 5241 5249 5394 4988 5363 5574 4991 5235 5917 5020 5015 5150 5414 4699 5303 5232 5245 5591 5596 5270 5268 5017 5305 5229 5455 5033 5360 5387 5462 5151 5207 5340 5722 5104 4912 5072 4995 5265 4996 5293 5270 5010 4980 5049 4822 5125 5483 5258 5474 5233 5227 5193 5027 4644 5297 5237 5417 5468 5047 5540 5253 5152 5037 5631 4879 5150 5048 5210 5193 5003 5146 4859 5358 5020 5350 5141 5310 5083 5291 5500 5469 4920 5325 5577 5321 5581 5187 5293 5376 5297 5117 5600 5668 5065 5524 5648 5288 5703 5134 5348 4832 5388 5405 5069 5795 5252 5498 5177
4656 4890 4955 5066 4528 4811 4711 4936 4501 4554 4240 4249 5129 4577 4435 4534 4442 5040 4435 4641 5250 4734 4981 4736 4344 4730 5039 5132 4904 4559 4797 4519 4959 4563 4717 4893 5052 4271 4647 4972 4481 4621 4671 4395 4482 4864 4959 4734 4726 4825 4898 4695 4973 4424 4835 4664 4976 4688 4459 4415 4663 5077 4496 3987 4680 4721 4520 4565 5005 4629 4867 4461 4835 5067 4810 4489 4733 5188 4485 4347 4460 5097 4630 5176 4687 4682 4722 4781 4657 4905 4683 4538 4500 4856 5214 4769 4461 4589 4598 4819 4973 4724 4890 4775 5011 4988 4869 4314 5018 4572 4763 4618 4163 4410 4818 4675 4631 4611 5012 4789 4650 4514 4583 4805 4679 4872 4386 4437 4448 4537 4344 4524 4377 4540 4596 4892 4561 5038 4501 5297 4472 4527 4738 4974 4575 4559 4845 4818 4614 4714 4904 4434 4848 4595 4518 5107 4915 4147 4658 4586 5197 4599 4703 4555 4770 4891 4808 4431 4539 4311 4902 4674 4723 4625 5058 4995 4889 4530 4579 4876 4794 4417 4481 4695 4429 4760 4580 4832 4723 4161 4357 4529 4524 4468 4603 4822 4747 4853 4825 4516 4594 4037 4735 4648 4820 5018 4657 4733 4744 4482 4618 4774 4396 4635 4486 4821 4676 4384 4570 4661 4622 4562 4844 4363 4865 4458 4695 4473 5055 4608 4818 5217 4594 4648 4768 4534 4885 4754 4816 4806 4834 4708 4961 4637 4369 5084 4681 4577 4298 4974 4534 4536 5272 4915 5026 4880
4908 5129 4986 4942 4548 4619 4809 5060 4652 4396 4333 4421 4945 4640 4471 4670 4532 5111 4665 4802 5297 4711 4770 4684 4739 4695 4886 5098 4878 4585 5029 4455 5001 4852 4464 4947 4813 4355 4712 5016 4519 4462 4656 4656 4590 4847 4671 4716 4797 5154 4813 4833 4956 4844 5007 4724 5077 4694 4411 4550 4689 5057 4592 4213 4551 4907 4414 4762 4797 4487 4917 4366 4802 5225 4652 4526 4843 4959 4703 4445 4561 5047 4729 4882 4680 4796 4690 4855 4702 4843 4974 4681 4625 4706 5078 5084 4375 4726 5028 4899 5071 4459 4588 4950 5046 4698 5015 4723 5007 4432 4757 4959 4302 4769 4861 4547 4602 4558 5147 4681 4724 4558 4596 4629 4567 4906 4606 4574 4413 4977 4710 4936 4496 4725 4120 4894 4543 4590 4656 4830 4625 4568 5021 4316 4682 4414 4929 4784 4480 4918 4752 4466 4850 4897 4481 4736 5086 4388 4624 4721 5012 4344 4524 4810 4957 5097 4948 4573 4609 4276 4786 4498 4892 4405 4973 4914 5257 4726 4375 4710 5188 4488 4552 4749 4639 4841 4559 4748 4604 4430 4521 4666 4431 4733 4917 4934 4595 4622 4901 4546 4655 4306 4867 4608 4833 4750 4555 4941 4789 4502 4505 5103 4528 4467 4239 4699 4649 4519 4899 4632 4768 4453 4875 4525 5046 4612 4973 4876 5244 4567 4554 5053 4872 4844 4509 4699 4745 4722 4802 4997 4844 4619 4834 4975 4596 5093 4671 4956 4464 4730 4612 4688 5200 4597 5045 4845
5406 5644 5645 5720 5289 5171 5434 5918 4960 5311 5024 4668 5513 5075 5057 5140 5488 5666 5042 5298 6057 5317 5365 5314 5130 5342 5600 5867 5629 5353 5707 5084 5741 5326 5201 5466 5162 4792 5306 5855 5289 5100 5166 5471 5114 5599 5792 5233 5260 5918 5569 5534 5713 5209 5259 5172 5489 5306 4913 5073 5268 5828 5376 4742 5234 5617 4819 5238 5620 5573 5600 5230 5351 5569 5329 5247 5461 5711 5155 5230 5006 5641 5288 5474 5126 5388 5428 5432 5171 5488 5515 5549 5392 5611 5786 5851 4602 5275 5387 5302 5613 5170 5353 5427 5571 5533 5598 5433 5651 5225 5068 5398 5073 5281 5376 5232 5247 5456 5760 5354 5186 5078 5294 5419 5276 5478 5111 5337 5083 5466 5189 5294 5200 5278 4879 5398 5534 5616 5153 5525 5195 5308 5761 5412 5514 5333 5382 5630 5484 5442 5476 5129 5645 5398 5085 5376 5841 4970 5412 5206 5577 5071 5428 5377 5586 5659 5718 5110 5149 5082 5377 5257 5655 5371 5812 5209 5662 5304 5249 4941 6117 5074 5042 5245 5126 5478 5076 5469 5418 4924 4846 5065 5029 5223 5092 5567 5472 5396 5476 5292 5234 4902 5525 5451 5552 5615 5453 5732 5513 5063 5048 5731 5014 4999 4998 5512 5089 5189 5301 5083 5178 5275 5346 5052 5547 5108 5262 5314 5464 4745 5088 5557 5118 5585 5194 5150 5635 5265 5417 5613 5746 5176 5832 5632 5050 5547 5310 5378 4770 5522 5314 5457 5744 5635 5593 5502
4668 4831 4803 4866 4351 4506 4804 4898 4721 4524 4295 4494 4902 4508 4539 4645 4448 4773 4398 4617 5016 4660 4848 4848 4368 4539 4901 4955 4825 4585 4845 4395 4965 4688 4453 4562 5002 4284 4679 4889 4486 4428 4326 4708 4388 4747 4756 4704 4336 4749 4790 4384 4923 4639 4748 4694 4679 4322 4104 4355 4660 5094 4380 4013 4643 4838 4371 4417 4666 4693 4782 4329 4591 4782 4497 4499 4822 4881 4497 4347 4729 4916 4607 5095 4719 4941 4866 4715 4434 4829 4441 4702 4542 4878 4737 4751 4197 4664 4770 4774 5067 4513 4560 4762 4819 4774 5020 4392 5001 4451 4643 4476 4220 4470 4796 4555 4634 4613 4913 4720 4654 4512 4469 4533 4714 4598 4262 4248 4301 4712 4468 4642 4559 4470 4073 4585 4820 4575 4397 4954 4699 4367 4682 4775 4733 4458 4598 4497 4600 4415 4758 4086 4752 4635 4468 4660 5036 4394 4385 4591 4877 4265 4513 4490 4674 5031 5067 4503 4738 4079 4847 4631 4675 4237 4721 4855 4901 4339 4520 4302 4879 4410 4063 4745 4382 4408 4476 4688 4842 4452 4389 4498 4334 4333 4740 4677 4807 4243 4779 4487 4226 4318 4814 4664 4713 4790 4515 4757 5131 4452 4659 4997 4450 4643 4195 4639 4549 4271 4515 4677 4446 4581 4755 4339 4710 4558 4599 4491 4757 4264 4617 5054 4562 4737 4446 4611 4822 4788 4807 5015 4815 4419 4997 5043 4461 4788 4452 4784 4560 4665 4419 4407 5270 4672 4748 4537
5345 5389 5404 5427 5297 5175 5355 5493 5281 5033 4755 4760 5561 5037 5125 5138 5210 5685 4882 5205 6028 5065 5350 5266 5028 4963 5617 5664 5200 5179 5437 4824 5346 5075 5182 5309 5644 5026 5453 5568 5112 4999 5094 5153 4835 5328 5371 5339 5246 5506 5215 5426 5624 4917 5515 5384 5467 5067 4923 5422 5274 5460 5245 4515 4906 5512 4903 4985 5347 5340 5627 4867 5403 5621 5285 5185 5235 5584 5211 5152 4948 5654 5055 5369 5328 5328 5239 5188 5368 5374 5487 5304 5005 5536 5684 5541 4663 5402 5394 5359 5893 5120 5069 5557 5221 5293 5241 5162 5650 5196 5339 5136 4811 4990 5280 5214 5150 5099 5796 5040 5120 5076 5084 5465 5123 5509 4927 5081 4959 5514 4891 5248 5127 5021 4806 5234 5323 5467 5145 5305 5118 4967 5494 5228 5329 4828 5399 5212 5163 5218 5564 5045 5342 5342 4810 5344 5660 5100 4929 5144 5340 4799 5208 5221 5068 5483 5334 5010 5104 4914 5456 5255 5486 4893 5612 5531 5287 4845 5224 5152 5725 4829 5022 5444 4987 5371 5075 5368 5236 4761 5108 4888 4799 5137 5264 5234 5252 5271 5328 4747 5226 4977 5406 5443 5279 5227 5118 5569 5611 5038 4672 5645 4698 5113 4907 5177 5087 5023 4969 5212 4868 5122 5337 4949 5294 5105 5231 5239 5413 4999 5325 5374 5014 5315 5108 5027 5376 5301 5317 5663 5551 5052 5432 5631 4929 5729 5089 5101 5052 5286 4987 4958 5645 5156 5474 5282
5073 5259 5455 5274 4743 4766 5011 5184 4931 4890 4711 4597 5208 4668 4761 4729 4824 5221 4716 5232 5759 4946 5044 4966 4980 4948 5187 5437 5091 4655 5193 4553 5238 4926 4722 5029 5323 4509 5063 5296 4764 4774 4701 4986 4671 5056 4841 4901 5003 5342 5076 5122 5268 4724 5206 5080 4944 4933 4657 4696 4977 5348 4905 4406 4594 5187 4536 4685 5085 5041 5363 4798 4911 5622 4729 4834 5090 5177 4979 4702 4636 5387 4706 4949 5080 5208 4727 5087 4894 4943 4877 4971 4883 5402 5325 5236 4445 5106 5135 5106 5415 4788 4933 5018 5234 5075 5261 4808 5135 4837 4889 5175 4473 4641 5060 4848 5007 5038 5361 4785 4865 4868 4711 4938 4938 5271 4805 4843 4691 5177 4634 5076 4871 4826 4589 5218 5071 4944 5001 5418 5025 4482 5457 4978 4984 4969 4908 4591 4669 5338 4917 4730 5319 5069 4768 5248 5529 4739 4806 4762 5276 4776 4907 4944 5061 5513 5161 4986 5053 4456 5070 4748 5061 4580 5566 5165 5441 4750 4826 4840 5521 4494 4502 5004 4855 5016 4852 5246 5121 4749 4679 4659 4613 4759 5114 4708 5116 4820 4856 4721 4851 4718 5130 4969 5157 5119 4512 5352 5253 4669 4624 5465 4531 4853 4522 5090 4796 4496 5077 4892 4714 4838 4790 4681 5132 5148 5202 4882 5407 4660 5009 5178 4718 4902 4536 5061 5145 4743 4925 5288 5048 4990 5346 5167 4697 5194 4765 5076 4583 5134 4929 4958 5486 4823 5293 5005
5083 5280 5113 5161 4743 4785 5059 5243 4973 4593 4721 4493 5502 4912 4758 4728 4982 5101 4653 5030 5620 5191 4858 4800 4763 5000 5333 5387 5253 4967 5105 4658 5204 5186 4851 5144 5151 4416 5015 5621 5027 4426 4812 5007 4807 5051 5045 4943 4966 5175 4901 4579 5083 4978 5111 4916 5128 4878 4771 4737 4976 5392 4625 4322 4737 5053 4698 4480 5170 5087 5218 4454 5161 5326 5091 4739 4990 5161 4717 4722 4657 5149 4773 5266 5051 4995 5047 4933 4778 5239 4761 5128 4882 5180 5259 5075 4694 5098 5100 4999 5349 4933 5380 5166 4882 5176 5062 4635 5163 4582 4789 4932 4375 4965 4957 5013 5009 4887 5454 5275 4616 4871 4860 5095 4794 5183 4611 5011 4788 5093 4753 4867 4796 4714 4389 4978 5136 5236 5050 5459 5083 4728 5171 5154 4986 4834 5033 4995 4790 5014 5047 4479 4853 4917 4723 4790 5167 4989 5060 4865 5294 4760 5003 5020 4851 5446 5160 4923 5027 4557 5110 4931 5122 4635 5274 5144 5257 4758 4689 4990 5571 4753 4544 5063 4560 5132 4750 5360 4904 4637 4460 4542 4801 4630 4852 4726 4935 4863 5004 4808 4854 4297 5228 5077 5062 5371 4963 4991 4902 4772 4799 5281 4559 4835 4644 5196 4747 4690 4821 4854 4938 4752 4721 4950 5058 4989 5100 4887 5246 4690 5055 5229 5068 5051 5065 4722 5302 5036 4906 5253 5206 4985 5319 5174 4947 5267 4867 4734 4346 5107 4836 4938 5078 5001 5010 4939
5389 5847 5913 5680 5353 5045 5505 6115 5260 5426 5070 5053 5774 5246 5540 5540 5206 5763 5133 5524 6297 5620 5776 5519 5389 5529 5903 6101 5709 5306 5859 5006 5711 5479 5504 5751 5872 5305 5592 6284 5473 5432 5219 5667 5184 5765 5657 5496 5739 5875 5544 5643 6013 4926 5581 5550 5701 5586 5274 5536 5585 5857 5444 5025 5266 5935 5162 5062 5862 5538 5963 5172 5595 5748 5573 5670 5541 5849 5504 5552 5123 6050 5306 5893 5619 5614 5675 5684 5361 5469 5619 5482 5637 5646 6280 6023 4992 5505 5784 5591 5859 5498 5649 5879 5634 5795 5691 5573 5903 5503 5451 5450 4965 5325 5770 5265 5588 5437 5845 5629 5425 5496 5272 5571 5349 5828 5074 5447 5464 5757 5333 5348 5643 5458 5311 5467 5819 5616 5498 5901 5827 5372 5827 5623 5543 5185 5442 5516 5539 5481 5981 5108 5677 5440 5398 5557 5624 5315 5326 5489 5907 5273 5430 5751 5738 5984 5835 5516 5504 5158 5708 5487 5712 5282 5840 5817 5802 5351 5468 5276 6269 5250 5283 5626 5347 5690 5389 5709 5595 5123 5153 5144 5197 5409 5359 5389 5724 5380 5853 5448 5367 5479 5692 5842 5856 5976 5314 5746 5783 5223 5327 6019 5474 5454 5307 5722 5569 5369 5735 5292 5373 5670 5383 5197 5673 5405 5641 5602 5752 5093 5522 5872 5569 5684 5536 5682 5813 5217 5442 5784 5929 5431 5809 5871 5388 6001 5151 5481 5005 5882 5498 5640 6162 5562 5890 5461
4913 5190 5298 5449 5005 4874 4924 5555 4865 4835 4623 4534 5219 4875 4730 5048 4783 5456 4629 4837 5968 5315 5017 4915 4996 4748 5341 5510 5076 5107 5176 4660 5147 4792 4842 4945 5382 4611 5291 5334 4777 4824 4667 5105 4702 5042 5103 5085 4876 5103 5113 5078 5151 4883 5252 4886 5125 4895 4655 4816 5251 5254 4952 4185 4914 5330 4767 4701 5251 5072 5226 4591 5149 5408 5001 4973 5047 5407 4722 4922 4446 5219 5145 5179 5075 4826 5113 4872 4774 4932 5204 5064 5053 5122 5452 5339 4654 4930 5139 4952 5623 4912 4732 5432 5299 5158 5439 4884 5339 4836 4890 4981 4820 5130 5167 5084 4833 4851 5311 5183 4624 4656 4816 5112 4924 4884 4663 4808 4793 5254 4666 4905 5001 4901 4504 5368 4962 5210 5159 5209 4914 4629 5126 5149 5093 4723 5094 4665 4953 4990 5247 4596 5323 5147 4695 5061 5529 4630 4850 5065 5234 4694 5044 4999 4994 5238 5156 4818 4972 4762 5391 4948 5240 4900 5344 5092 5546 5138 4929 4860 5398 4714 4598 5193 4720 4977 4910 5107 5114 4548 4694 4437 4630 4747 5161 4869 4768 4963 4987 4786 4940 4606 5330 5245 5273 5075 4964 5294 5092 4843 4625 5212 4713 4986 4321 5163 4840 4824 5007 4911 4783 4860 5320 4905 5076 4642 4972 5139 5345 4663 5069 5355 4973 5241 4873 4810 5131 5191 5168 5074 5248 4872 5420 5320 4718 5529 4897 4843 4756 5230 5018 4875 5552 5049 5107 5037
5282 5823 5514 5520 4971 4929 5639 5786 5089 5249 5087 4733 5690 5390 5209 4909 5279 5694 4750 5118 6200 5378 5317 5172 5352 5346 5582 5881 5770 5161 5650 4924 5610 5584 5099 5609 5516 4695 5478 5575 5226 4948 5186 5211 5179 5112 5542 5310 5438 5555 5298 5255 5504 5140 5243 5536 5570 5149 5119 5027 5175 6049 4901 4858 5240 5339 4878 5161 5601 5536 5598 4868 5424 5653 5351 4951 5430 5925 5500 5207 4878 5906 5274 5635 5236 5050 5515 5342 5138 5231 5537 5294 5109 5525 5828 5694 4991 5308 5392 5602 5717 5207 5320 5348 5722 5598 5692 5197 5743 5183 5092 5405 4777 5246 5374 5540 5370 5414 5529 5183 5363 5251 5498 5123 5047 5368 4995 5383 5046 5249 5165 5131 5271 5058 4862 5446 5484 5762 5032 5656 5450 4981 5789 5661 5426 5017 5272 5250 5069 5413 5454 4927 5381 5517 5172 5443 5931 5142 5365 5377 5828 5224 5510 5320 5621 5612 5420 5452 5365 4841 5358 5324 5574 4987 5663 5472 5368 5139 5132 5129 5949 5426 4989 5383 5164 5477 5059 5515 5309 5170 5197 5126 5052 5098 5361 5175 5549 5387 5478 5277 5103 4766 5390 5120 5486 5577 5353 5461 5235 5058 5242 5620 4970 5314 5051 5536 5242 4844 5333 5315 5362 5334 5324 5088 5439 5352 5230 5352 5362 5091 5224 6018 5415 5589 5422 5568 5551 5437 5414 5688 5559 5439 5524 5296 5059 5887 4948 5366 4981 5534 5315 5191 5853 5401 5589 5501
5263 5222 5273 5385 5040 5209 5273 5490 5139 4964 4867 4829 5472 5026 4865 5010 5132 5373 4994 5248 5690 5350 5460 5222 5142 4970 5474 5769 5358 4912 5411 4835 5150 5356 5279 5386 5097 5106 5272 5365 4959 4988 4897 5066 4985 5136 5371 5309 5221 5241 4958 5153 5232 4970 5231 5157 5514 4917 5006 5154 5155 5740 5112 4551 4739 5467 4823 5084 5366 4934 5227 4755 5280 5724 5110 4922 5343 5599 5196 4963 4921 5730 5020 5357 5339 5171 5411 5243 4990 5447 5163 5215 5031 5718 5528 5373 4992 5049 5213 5288 5467 5120 5191 5304 5225 5261 5194 4829 5348 4968 4963 5281 4574 5197 5183 5245 5044 5194 5649 5070 5072 5169 5076 5004 4745 5673 4772 4969 5008 5237 5007 5427 5066 5229 4662 5414 5015 5492 5306 5380 5430 4609 5451 5238 5559 5013 5140 5206 4952 5357 5177 4915 5375 5202 4795 5387 5508 4856 5019 4868 5418 5090 5156 5167 5093 5295 5197 4881 5296 4719 5340 4936 5377 4670 5510 5132 5683 5107 5140 5005 5579 4989 4878 5158 5121 5133 5016 5340 5256 5006 4940 5138 4959 5125 5258 5356 5420 5349 5336 5061 5094 4795 5300 5313 5587 5297 5083 5413 5584 4995 5009 5561 4972 4728 4809 5295 4894 4892 5143 5063 5175 5057 5518 4738 5394 4984 5279 5388 5342 4732 5053 5330 4933 5220 5080 4995 5263 5117 5395 5436 5329 4983 5635 5366 5116 5910 5125 5194 4853 5382 5116 5074 5646 5162 5413 5183
5660 5873 5819 5701 5308 5240 5796 5958 5633 5377 5113 5156 5754 5340 5092 5357 5407 5693 5205 5356 6551 5477 5447 5350 5586 5457 5761 6031 5742 5272 5521 5182 5608 5416 5308 5473 5515 5319 5385 5923 5124 5282 5201 5245 4957 5358 5486 5664 5467 5746 5448 5650 5659 4994 5471 5550 5611 5326 5112 5286 5399 6109 5526 5001 5182 5778 5047 5151 5834 5557 5911 5064 5581 5827 5286 5374 5561 5940 5359 5155 5363 6016 5255 5502 5564 5438 5483 5499 5132 5478 5458 5633 5043 5550 5654 5707 5056 5547 5718 5687 5679 5245 5340 5684 5483 5593 5622 5360 5853 5453 5275 5745 5073 5421 5622 5366 5350 5402 5894 5242 5144 5324 5361 5487 5385 5728 5251 5456 5163 5511 5333 5619 5377 5519 5178 5824 5636 5546 4951 5881 5596 5171 5674 5488 5564 5118 5654 5568 5575 5545 5327 5206 5836 5496 5279 5654 6237 5259 5387 5305 5999 5149 5678 5440 5608 5706 5780 5350 5660 5062 5490 5376 5653 5056 5830 5558 5501 5304 4969 5453 6016 5255 5247 5531 5229 5602 5180 5387 5324 5434 5226 5373 5130 5276 5364 5525 5545 5674 5864 5306 5339 4978 5518 5587 5756 5879 5552 5433 5467 5468 5134 5718 4896 5359 5044 5536 5506 5030 5313 5510 5101 5215 5754 5121 5553 5482 5794 5608 5677 5051 5322 5749 5309 5748 5113 5371 5462 5427 5655 5655 5776 5597 5559 5524 5272 6091 5371 5449 5043 5661 5490 5507 5919 5650 5854 5619
5742 5778 5768 5662 4960 5397 5805 5968 5335 5346 5227 4963 5680 5201 5349 5297 5395 5534 5175 5348 6281 5424 5559 5614 5372 5590 5676 5925 5802 5303 5778 5164 5699 5208 5299 5679 5955 4988 5662 5713 5369 5442 5299 5548 5096 5160 5599 5595 5489 5756 5569 5476 5840 5254 5831 5457 5661 5442 5015 5420 5405 5839 5342 4889 5356 5741 5097 5233 5790 5571 5855 5025 5637 6006 5345 5433 5432 5922 5596 5181 5348 5867 5348 5470 5274 5324 5891 5870 5296 5785 5467 5446 5141 5788 5982 5634 4959 5490 5592 5763 5778 5553 5223 5734 5419 5571 5873 5076 5809 5451 5401 5563 4799 5360 5592 5636 5269 5534 5694 5357 5321 5429 5569 5339 5370 5650 5063 5414 5329 5484 5283 5494 5401 5497 5147 5748 5775 5605 5228 5812 5476 5344 5770 5488 5554 5038 5550 5390 5345 5545 5495 5011 5540 5403 5213 5665 5988 5143 5383 4986 5638 5154 5362 5303 5345 5780 5734 5620 5427 5046 5770 5294 5826 5146 5706 5603 5715 5247 5310 5327 5961 5241 4951 5571 5216 5603 5528 5561 5536 5314 5469 5238 5265 5346 5423 5342 5625 5411 5754 5298 5497 5215 5519 5685 5819 5605 5500 5431 5477 5481 5263 5765 5121 5550 4890 5365 5662 5085 5493 5270 5277 5253 5840 5030 5638 5345 5763 5518 5497 5116 5377 5790 5301 5884 5302 5562 5624 5403 5672 5679 5701 5421 5834 5684 5155 5745 5212 5444 5275 5601 5372 5541 5938 5347 5827 5467
5018 5338 5360 5146 4887 5296 5062 5495 5003 5165 4800 4799 5463 4833 4941 5189 4867 5342 4824 4942 5737 5118 5330 5135 4655 5104 5490 5792 5292 4731 5447 4730 5191 5182 5015 5451 5455 4690 5334 5201 5036 5043 4850 5030 4885 5227 5293 5378 5075 5126 4905 4982 5414 4725 5354 5222 5329 5095 4761 4989 5156 5552 5267 4565 4964 5244 4800 4840 5403 5124 5304 4659 5412 5734 5099 4811 5109 5723 5171 4839 4858 5374 5178 5126 5120 5072 5142 5147 5092 5264 5146 5069 4972 5343 5382 5218 4550 4983 4920 5462 5478 5156 5101 5203 5416 5304 5603 4952 5666 5085 5154 5016 4774 4956 5202 4978 4974 4947 5609 4935 5071 5076 4917 5085 5065 5427 4575 4624 4900 5191 4660 5350 4834 4881 4611 5464 4856 5502 5151 5399 5114 4830 5137 5163 5277 4868 5143 5239 4932 5244 5160 4726 5337 5131 4486 5267 5586 4982 5085 4978 5644 5014 5170 5062 5062 5483 5416 4793 5044 4638 5212 5070 5254 4930 5254 5414 5611 4901 5075 5109 5414 4847 4852 5119 4825 5247 4934 5271 5085 4746 4844 4934 4652 4900 4989 4976 5141 4952 5228 4882 5103 4709 5115 5204 5183 4969 5097 5256 5363 4766 5049 5397 4565 5121 4233 4895 5033 4955 4954 4795 4902 4843 5091 4605 5300 4930 5062 4878 5489 4768 5124 5285 4963 5396 4969 4987 5186 5098 5280 5468 5414 5123 5370 5255 4956 5619 5071 5063 4947 5426 5009 4713 5494 5269 5513 5027
5506 5701 5575 5690 5287 5096 5488 5705 5281 5244 5136 4987 5539 5395 4946 5032 5364 5814 5102 5467 6199 5342 5382 5193 5388 5311 5706 5608 5695 4944 5603 4925 5638 5412 5247 5786 5701 4922 5548 5676 5199 5122 5204 5409 5253 5415 5462 5145 5517 5891 5327 5432 5847 5139 5717 5284 5885 5261 5190 5179 5162 5905 5391 5124 4999 5664 4900 5289 5645 5473 5588 5059 5419 5595 5407 5215 5712 5617 5454 5321 5066 5937 5389 5521 5325 5454 5602 5322 5182 5758 5465 5519 5307 5662 6029 5631 4828 5304 5575 5812 5758 5314 5315 5567 5664 5564 5492 5223 5733 5405 5177 5196 4623 5243 5686 5320 5268 5555 5824 5451 5175 5226 5306 5505 5150 5355 5092 5415 5315 5515 5124 5323 5318 5305 4886 5383 5417 5449 4977 5368 5350 5250 5565 5680 5282 5304 5544 5371 5447 5462 5387 4895 5580 5527 5126 5366 5824 4632 5491 5312 5799 4865 5418 5419 5441 5545 5755 5284 5438 4978 5358 5124 5852 4999 5789 5586 5378 5275 5106 5184 6041 5481 5120 5266 5226 5393 5467 5307 5330 5013 5046 5083 5204 5184 5572 5214 5424 5173 5866 5432 5112 4913 5400 5538 5711 5668 4928 5883 5479 5271 5170 5451 5075 5240 5073 5584 5370 5234 5418 5362 5196 5294 5698 4970 5468 5492 5358 5506 5318 5019 5173 5706 5400 5536 5267 5492 5607 5488 5386 5646 5665 5240 5702 5668 4938 5668 5232 5475 4897 5372 5249 5355 5839 5252 5644 5589
5126 5321 5343 5295 4871 4838 5433 5285 5027 5202 4835 4659 5569 5129 4940 4968 4974 5545 4971 5127 6042 5320 5339 5153 5070 4977 5337 5551 5444 4941 5414 4520 5193 5220 4891 5380 5297 4932 5154 5505 5077 4602 5062 5182 4834 5081 5078 5199 5115 5161 5211 5061 5586 4834 5289 5559 5451 5031 4897 5091 5385 5642 5230 4621 4906 5338 4486 4711 5338 5056 5537 4841 5263 5548 5112 4915 5216 5323 5023 4964 4891 5564 5066 5287 5173 4860 5217 5363 4891 5115 5371 5347 4951 5349 5612 5472 4675 5168 5372 5335 5525 5206 4881 5297 5329 5411 5389 4996 5326 5128 5008 5047 4630 5087 5288 5219 4975 5089 5634 5156 5083 5104 5115 4908 5043 5460 4855 4926 5109 5154 5021 5167 4904 5046 4748 5349 5179 5289 4717 5230 5095 4938 5354 5235 5276 5016 5165 5180 5115 5284 5231 4785 5217 5076 4587 5296 5670 4884 5057 5208 5553 4839 5095 5253 5183 5585 5498 5222 5094 4879 5411 4979 5309 4784 5470 5402 5393 4804 4931 5026 5679 4909 4642 5408 4955 5248 5261 5384 5010 4924 4713 4939 5094 5233 5418 5056 5086 5053 5374 5193 5029 4698 5184 5249 5225 5222 4944 5393 5179 4904 4865 5422 4733 5219 4769 5182 5077 4961 5029 5309 5049 4881 5005 4951 5229 5040 5209 4958 5406 5009 5269 5491 4968 5268 4942 4704 5322 5159 5030 5495 5426 5235 5555 5322 4713 5701 4933 5033 4653 5509 4937 5221 5807 5205 5421 5176
5119 5481 5260 5344 5165 4995 5368 5602 5150 4953 4718 4766 5492 4767 4975 4956 5086 5591 5095 4900 5871 5321 5104 5295 5136 5036 5420 5623 5493 5138 5507 4850 5399 5286 4958 5316 5313 4751 5151 5401 4780 5001 5079 5050 4780 5000 5189 5117 5095 5536 5140 4976 5299 4912 5197 5189 5445 4861 4879 5008 5118 5623 4975 4401 4921 5563 4567 4851 5301 5294 5592 4588 5344 5638 5191 4623 5541 5624 4961 4923 5125 5504 5240 5202 5119 5147 5062 5110 4917 5235 5206 5300 4956 5433 5484 5513 4879 5007 5467 5318 5379 4918 5219 5398 5240 5179 5362 4928 5347 4979 4996 5141 4705 5220 5502 4945 5062 5025 5306 4809 5049 5024 5069 5079 4959 5602 4647 5073 5051 5268 5049 5024 4875 5317 4996 5323 5103 5205 5066 5424 5161 4805 5270 5179 5004 4672 5080 5235 5100 5224 5339 4851 5087 5351 5033 5455 5436 4937 4849 4982 5468 4872 5242 5200 5355 5161 5367 5078 5127 4788 5185 5007 5335 4950 5463 5404 5100 5180 4828 5033 5511 5119 4768 5453 4842 5227 4838 5474 4945 4898 4889 5036 5136 4943 5178 5183 5075 5244 5327 4775 5012 4525 5190 5186 5220 5444 4907 5428 5175 5037 4923 5308 4609 5029 4615 5008 5016 4885 4875 5219 5016 5066 5157 4769 5251 5077 5106 5137 5215 4809 4926 5900 5038 5334 5168 5193 5229 5057 5060 5315 5427 4805 5676 5202 4933 5550 5032 5210 4613 5429 5171 4841 5641 5317 5375 5082
5267 5505 5328 5582 5051 4784 5063 5472 5099 5011 4858 4434 5203 5065 4979 5005 5228 5572 4918 5112 6017 4976 5372 5088 4939 5092 5695 5502 5271 4867 5303 4822 5430 5002 5000 5336 5330 4827 5276 5290 5013 4974 4829 5130 4846 5379 5161 5039 5243 5600 5460 5291 5196 4855 5218 5252 5240 4935 4866 4930 5193 5623 4942 4598 4632 5174 4530 4869 5236 5066 5236 4813 5030 5590 4961 5197 5291 5485 5182 4981 4822 5409 4910 5440 5226 5254 5037 5410 4905 5244 5088 5147 4765 5317 5524 5279 4539 5025 5175 5256 5490 5001 4962 5235 5398 5231 5333 5299 5313 4918 5091 5194 4487 4970 5205 5230 4914 5078 5648 5113 4980 4868 4997 5121 5029 5144 4889 4765 5168 5195 4971 4972 5057 5019 4615 5117 5051 5201 4994 5285 5183 4689 5404 5159 5249 5048 5135 4964 5136 5023 5179 4771 5426 5098 4869 5092 5699 4661 4985 5089 5464 4758 4966 5174 5224 5485 5474 4826 4751 4730 5389 4885 5249 4892 5413 5405 5299 4965 4949 4915 5647 4703 4773 5113 5061 5385 4873 5152 5140 4755 4875 5002 4581 4915 4859 4892 5145 4941 5129 4868 5094 4612 5285 5123 5289 5248 4810 5167 5040 4752 4788 5578 4891 4912 4653 5195 5118 4852 5066 4934 5075 4815 5199 4862 5278 5070 5306 5234 5502 4611 5359 5574 5088 5349 5116 5054 5324 5217 5093 5449 5496 5190 5435 5259 4780 5569 5008 5056 4976 5246 4974 5127 5426 5090 5531 5116
5575 5608 5655 5597 4862 5256 5517 5615 5427 5166 4715 4961 5418 4909 5083 5303 5075 5645 4928 4913 5853 5501 5396 5412 5180 5338 5540 5894 5437 5212 5374 4732 5360 5352 5366 5293 5890 5010 5687 5466 5229 5155 5006 5010 5109 5247 5557 5397 5504 5548 5130 5243 5587 5011 5580 5247 5501 5362 5142 5233 5157 5848 5217 4458 5142 5120 4878 4952 5275 5639 5686 4604 5459 5594 5421 4811 5455 5679 5381 5286 5033 5705 5349 5230 5475 5185 5404 5295 5242 5311 5400 5551 5164 5302 5731 5650 5261 5390 5227 5279 5531 5387 5486 5346 5392 5598 5674 4928 5489 5295 5247 5465 4845 5330 5548 5450 5552 5015 5662 5473 5266 5217 5375 5282 5180 5617 5110 5064 5296 5107 5104 5492 5107 5106 4846 5527 5566 5629 5007 5838 5441 5050 5581 5551 5506 5102 5470 5266 5012 5433 5200 5094 5650 5393 5114 5646 5827 5128 5227 5187 5672 5170 5364 5392 5271 5609 5513 5329 5317 4756 5426 5311 5437 5076 5749 5514 5529 4969 5069 5335 5738 5082 5030 5610 5077 5155 5160 5452 5267 4930 4974 4968 5085 4965 5284 5306 5582 5306 5642 5058 5024 4894 5268 5687 5591 5379 5391 5700 5408 5354 5359 5290 4872 5244 5015 5438 5122 5190 5237 5330 5158 5259 5586 4951 5544 5327 5431 5285 5490 4981 5032 5877 5250 5622 5073 5589 5682 5423 5546 5616 5539 4956 5891 5270 5063 5813 4806 5487 4938 5447 5356 5074 5671 5359 5848 5362
5248 5480 5530 5429 5099 5027 5303 5370 5279 5255 4894 4826 5772 4969 4792 5185 5056 5536 4868 5297 5941 5109 5351 5181 4965 4909 5491 5432 5413 5247 5351 4836 5328 5158 5332 5388 5459 5000 5333 5428 5180 5016 5080 5471 4965 5391 5355 5347 5315 5633 5537 5121 5294 4981 5349 5277 5577 5287 4830 5040 5325 5725 5367 4417 4864 5536 4612 4975 5213 5525 5464 4963 5394 5645 5472 5056 5245 5693 5386 5188 5055 5801 5096 5287 5179 5093 5303 5398 4950 5484 5102 5552 5004 5489 5600 5443 5004 5278 5506 5362 5546 5262 5311 5337 5510 5444 5431 4947 5516 5176 5050 5314 4566 4930 5274 5207 5023 4992 5842 5314 5185 5081 5158 5286 5182 5473 4738 5102 5047 5288 5058 5257 5032 5372 4692 5211 5348 5343 5136 5438 5022 4941 5530 5068 5206 5043 5218 5156 5161 5032 5408 4748 5419 5319 4776 5496 5560 4822 5290 5087 5565 4775 5307 5314 5188 5492 5443 4997 5154 4566 5516 5079 5293 4826 5703 5611 5369 4895 5116 5077 5751 5015 4847 5311 5124 5294 5179 5417 5297 4825 5052 4988 5104 4933 5204 5173 5191 5152 5337 4906 5190 5001 5330 5478 5599 5504 5146 5269 5506 4840 5015 5558 4787 5246 4951 5218 5062 4940 5068 5036 5045 5016 5490 4893 5519 5191 5395 5158 5477 4770 5241 5296 5176 5363 5110 5198 5665 5294 5189 5743 5456 5272 5505 5554 4852 5805 4863 5100 5008 5145 5100 5037 5687 5106 5758 5234
5315 5637 5521 5342 5079 5195 5594 5541 5014 5219 4937 4702 5631 4615 5056 5119 4918 5568 5074 5318 5964 5265 5261 4975 5114 4919 5734 5723 5464 4970 5390 4859 5599 5193 5157 5551 5452 4949 5237 5545 5132 4986 5070 5207 4922 5251 5313 5242 5349 5743 5182 5163 5595 4688 5270 5247 5435 5093 4654 5019 5117 5866 5152 4739 5150 5489 5203 5012 5658 5391 5650 4869 5286 5856 5080 5029 5580 5783 5166 5207 5167 5578 5271 5402 5485 5136 5388 5182 5044 5569 5299 5573 5178 5484 5808 5540 4719 5164 5520 5488 5711 5345 5192 5331 5429 5253 5484 5208 5608 5002 5090 5365 4733 5204 5375 5403 4955 5053 5585 5115 5210 5137 5096 5153 5278 5624 4803 5220 5075 5747 5059 5324 5026 5142 5100 5480 5378 5463 5157 5810 5479 5060 5423 5274 5520 5076 5261 5461 5281 5027 5333 4938 5719 5136 5124 5411 5775 5191 5374 5181 5697 4949 5288 5288 5263 5563 5632 5218 5335 4838 5427 5226 5329 4983 5562 5275 5672 4897 5117 5349 5804 4897 4798 5142 4749 5312 5088 5101 5222 4847 5144 5126 4879 5099 5063 5101 5173 5255 5554 5246 5344 4816 5499 5446 5464 5362 4921 5545 5393 5008 5053 5691 4971 4817 4692 5206 5168 4975 5271 5269 5175 5112 5335 4836 5310 5236 5466 5254 5448 4915 5457 5814 5223 5291 4950 5202 5451 5114 5351 5468 5546 4894 5379 5478 5078 5592 4942 5141 4569 5477 5301 4942 5785 5161 5356 5418
5283 5579 5328 5700 5155 5108 5401 5650 5008 5168 5179 4843 5552 5037 5027 5389 5067 5731 4853 5395 5873 5411 5555 5456 5305 4994 5467 5655 5433 5003 5581 4945 5668 5419 5176 5397 5344 4961 5185 5690 5166 4942 4918 5177 5074 5334 5314 5359 5334 5408 5363 5274 5345 4807 5410 5276 5535 4970 4921 5130 5347 5732 5208 4769 4930 5486 5032 5111 5562 5221 5529 4926 5434 5449 5124 5030 5149 5767 4839 5101 5114 5724 5037 5503 5375 5378 5336 5376 5009 5140 5319 5366 5018 5483 5834 5642 4729 5387 5163 5346 5651 5185 5406 5361 5492 5304 5303 5088 5444 5016 5077 5358 4737 5002 5396 5358 5060 5237 5596 5201 5277 5259 5047 4982 5225 5677 4912 5199 5079 5368 4919 5185 5097 5220 4997 5477 5609 5676 5227 5731 5310 4893 5430 5473 5058 5270 5258 5207 5134 5378 5241 4879 5473 5565 5297 5367 5899 4965 5089 5310 5489 4911 5116 5333 5691 5536 5662 5247 5143 4998 5340 5112 5321 5039 5579 5513 5623 5104 5056 5045 5784 5144 5072 5418 4833 5319 5135 5235 5379 4934 4970 5085 5079 5034 5216 5328 5295 5375 5184 5180 5138 4962 5435 5532 5433 5304 5205 5477 5329 4893 5092 5791 5084 5129 4740 5000 5069 5050 5277 5148 5101 5181 5257 4912 5518 5093 5478 5253 5368 5029 5146 5561 5162 5454 4959 5287 5573 5204 5324 5458 5629 5353 5591 5346 4969 5456 4990 5300 4707 5503 5317 5142 5938 5365 5663 5118
5134 5268 5399 5165 4703 4618 5002 5363 4932 4854 4821 4699 5031 4776 4834 4972 4950 5391 4730 5043 5843 5086 5140 4932 4771 4928 5385 5439 5192 5076 5022 4676 5233 5013 4837 4863 5373 4729 5095 5242 5064 4937 4556 4861 4737 5033 5079 4917 5053 5337 4900 4960 5193 4757 5004 5093 5049 4858 5039 4956 5138 5724 4789 4403 5008 5377 4621 4942 5038 5103 5273 4605 5087 5295 4964 4702 5146 5448 4948 4875 5032 5294 4967 5087 5011 4852 5198 4936 4670 4956 4925 5094 5108 5011 5540 5293 4534 4843 5269 5121 5550 5054 4928 5363 5184 5364 5443 4750 5504 4727 4672 4785 4465 4864 5440 4942 4721 4787 5135 5099 4749 4787 4708 4803 4909 5153 4460 5005 4801 5096 4552 4909 4859 4898 4712 4965 5055 5209 5008 5165 4900 4674 5378 5239 4988 4670 5051 5069 5138 5112 5177 4664 5289 5132 4566 5114 5230 4729 4877 5048 5413 4769 4975 5187 5161 5044 5174 4970 5122 4710 4944 5073 5079 4725 5396 4852 5389 4950 4670 4903 5750 4799 4906 5055 4637 5061 4726 5094 5272 4678 4696 4673 4771 4687 5031 4674 5222 4740 5073 4928 4956 4693 5057 4983 4967 5077 4739 5091 4991 4906 4807 5369 4671 4845 4527 4828 4780 4821 4780 5016 4867 4893 5187 4892 5121 4682 4984 4863 5173 4801 4729 5424 4882 5146 4662 5234 5178 4828 4891 5139 5300 4891 5390 5161 5052 5468 4639 4934 4681 5220 5081 4898 5313 4835 5268 5013
4837 5042 5121 5180 4524 4862 4990 5171 4895 4895 4440 4496 5146 4607 4781 4634 4914 4979 4830 4927 5609 4881 5014 5028 4743 4808 5142 5515 5275 4896 5193 4511 4930 4896 4913 5037 5147 4744 4733 5189 4692 4605 4764 4561 4634 5088 5176 5061 5005 5205 5019 4924 5160 4461 5068 4979 5154 4706 4636 4915 4949 5553 4985 4586 5116 5000 4504 4753 5208 4986 5175 4623 5034 5285 4929 4578 4799 5321 4725 4969 4665 5366 5123 4988 4798 4505 5130 5072 4745 5163 5148 5287 4753 5012 5354 5220 4587 5038 4689 5121 5312 4966 4947 5054 5305 5092 5143 4881 5151 4902 4878 5066 4412 4959 5028 4928 4826 4962 5125 4895 4889 4693 4789 4824 4857 5372 4491 4728 4864 5045 4724 5098 4547 4728 4510 5045 4984 5151 4822 5362 4984 4711 5288 5203 5270 4900 5029 5200 4763 4832 4924 4782 5073 5073 4814 5006 5348 4646 4697 4745 5225 4706 5126 5081 5012 5251 5112 4896 4821 4618 5112 4749 5107 4941 5235 5043 5120 4872 4853 4821 5542 4512 4447 4855 4483 5108 4673 4893 5019 4525 4594 4685 4689 4962 5082 4798 4923 4890 5167 4726 4888 4657 4956 5264 5251 5005 4764 5247 5012 4761 4831 5419 4604 4731 4336 5079 4939 4986 4884 4935 4971 4882 5064 4655 5195 4769 4917 4983 5046 4432 5117 5047 4777 5218 4822 4921 5160 5038 4861 5025 5145 5102 5396 5016 4814 5611 4712 5004 4438 5082 4930 4972 5402 4891 4973 4711
5629 5701 5716 5681 5238 5284 5434 5859 5680 5316 5140 4962 5728 5398 5224 5338 5300 5837 5403 5480 6278 5526 5577 5563 5026 5258 5855 5893 5656 5400 5698 4878 5755 5895 5392 5733 5791 4772 5511 5517 5469 5317 5281 5443 5138 5412 5613 5504 5234 5642 5461 5571 5692 5257 5590 5571 5653 5058 5503 5406 5524 5958 5303 4835 5423 5579 4902 5153 5587 5586 5721 4946 5456 5786 5458 5341 5741 5850 5654 5360 5110 5829 5393 5730 5535 5560 5550 5555 5442 5604 5423 5640 5540 5645 5907 5980 5039 5385 5484 5662 5855 5474 5488 5580 5710 5816 5901 5140 5858 5408 5342 5308 4892 5104 5454 5197 5262 5238 5692 5434 5371 5504 5495 5508 5334 5737 4872 5195 5205 5641 5109 5475 5183 5353 5059 5413 5677 5778 5204 5691 5398 5070 5651 5515 5473 5082 5694 5490 5030 5391 5402 5036 5431 5531 5066 5659 5896 5059 5077 5352 5705 5256 5396 5542 5707 5819 5677 5565 5500 5260 5442 5423 5655 5412 5874 5503 5548 5189 5294 5403 5853 5116 5093 5705 5143 5429 5402 5711 5583 5183 5399 5184 5084 5232 5582 5281 5280 5179 5786 5430 5226 5365 5550 5746 5715 5236 5307 5815 5764 5123 5285 5794 5148 5413 5067 5272 5308 5028 5469 5462 5119 5377 5353 5276 5646 5494 5363 5467 5819 5152 5572 5879 5365 5584 5228 5410 5810 5499 5447 5713 5727 5503 5784 5486 5256 5737 5227 5568 5058 5924 5399 5422 5888 5370 5812 5528
5137 5359 5312 5554 4862 4940 5256 5752 4983 4877 4718 4674 5477 4865 4825 4947 5089 5468 5088 5179 5980 5281 5229 5153 4760 4944 5426 5677 5486 5117 5275 4830 5176 5362 4986 5299 5240 4900 5285 5571 4983 4930 4958 5120 4972 5208 5365 5142 5136 5266 5216 5553 5432 5129 5421 5276 5498 4834 4625 5028 5191 5718 5313 4625 5002 5121 4756 4976 5404 5408 5435 4623 5138 5671 5329 4866 5348 5626 5153 4847 4971 5538 5034 5176 5052 5122 5310 5441 4965 5541 5263 5336 4926 5306 5631 5564 4577 5046 5238 5547 5546 5040 5049 5358 5452 5346 5182 5005 5267 5098 5306 5396 4480 5194 5548 5183 4914 5100 5783 5117 4955 4919 5154 5022 5253 5164 4399 4943 4881 5256 4812 5355 4795 5016 4751 5311 5219 5446 5174 5762 5217 4965 5619 5405 5374 5039 5375 5152 5170 5234 5141 4665 5264 5204 5005 5373 5631 5053 4910 5019 5645 4901 5123 5139 5105 5699 5294 5075 5208 4760 5241 5118 5459 5089 5353 5315 5547 4962 5030 5237 5617 4550 4779 5296 4808 5163 5217 5135 5229 5045 4908 4704 4865 4939 5261 4955 5030 5235 5480 5088 5129 4812 5074 5335 5391 5443 5038 5281 5222 4995 4971 5506 4661 5086 5004 5173 5014 4960 4918 5135 5025 4942 5136 5010 4994 4945 5391 5290 5465 4789 5164 5468 5055 5123 5075 5226 5052 5181 5257 5629 5401 5145 5445 5279 4851 5463 5027 4902 4920 5356 4736 5086 5647 5186 5413 5389
5388 5400 5375 5246 5083 5050 5223 5373 5044 5000 4811 4723 5423 4597 5021 4814 4901 5605 4877 5284 5934 5093 5465 5115 5001 4812 5216 5744 5296 4903 5406 4819 5549 5106 5059 5331 5317 4819 4873 5456 4811 4802 4963 4927 4883 5219 5200 5378 5142 5284 5128 5309 5255 4871 5174 5061 5536 5002 4659 4947 5310 5729 5106 4846 4884 5377 4687 5064 5144 5167 5315 4937 5094 5373 5064 5072 4981 5502 4993 5084 4934 5631 5179 5232 5096 5327 5185 5382 4901 5300 5159 5290 4927 5506 5561 5213 4558 4938 5197 5156 5720 4943 5306 5230 5581 5396 5616 5028 5652 5213 5131 5316 4594 5189 5392 4979 5121 5159 5528 4986 5115 4792 5076 5223 5120 5533 4772 4948 5003 5273 4900 5040 4923 5126 4553 5504 5124 5240 5117 5380 5013 4993 5550 5343 5345 4895 5179 5166 4913 5099 5200 4715 5061 5256 5023 5501 5716 4917 4876 4922 5331 4964 5075 5245 5457 5405 5205 5292 5013 4774 5263 4816 5389 4763 5461 5302 5497 5040 5006 4901 5534 4879 4842 5170 4912 5455 4793 5260 5090 4765 4838 4948 4884 4814 5131 4922 5180 4845 5314 5041 4879 4575 5075 5044 5390 5108 5041 5303 5350 4839 4944 5507 5067 4992 4623 4975 4964 4776 5229 4880 5028 5114 5143 4836 5136 5069 4913 4987 5462 4864 5080 5493 5091 5143 5014 5079 5530 5045 5237 5536 5508 5144 5374 5274 4850 5574 5038 5368 4861 5283 5075 5139 5477 5293 5411 5001
4942 5016 4754 4998 4337 4562 4576 5064 4677 4521 4502 4289 5146 4460 4469 4796 4606 5147 4404 4919 5294 5026 4820 4703 4810 4620 4976 5659 4889 4776 4878 4386 4950 4751 4558 4955 5084 4477 4584 5065 4697 4635 4647 4873 4759 5028 4748 4731 4697 4888 4608 5063 4694 4640 4826 4623 4893 4602 4775 4664 4740 5249 4809 4242 4473 4921 4347 4678 4749 4792 4880 4274 4823 5097 4748 4625 5018 5366 4528 4525 4296 5366 4674 4872 4584 4899 4907 4654 4599 4772 4827 4685 4724 4898 5182 4767 4367 4879 4934 4968 5049 4535 4509 4862 4983 4929 4920 4730 4917 4599 4668 4844 4070 4479 4781 4762 4533 4544 5114 4862 4664 4622 4518 4673 4641 4946 4510 4742 4415 4866 4618 5013 4653 4489 4309 4878 4896 4846 4867 4993 4541 4561 5032 4810 4769 4608 4941 4782 4645 4718 4951 4564 4830 4724 4460 4747 5319 4461 4334 4933 5151 4660 4785 4830 4611 4869 5025 4607 4862 4307 5031 4546 5201 4525 5243 4782 5081 4602 4706 4724 4967 4396 4539 4626 4584 4672 4657 4780 5016 4369 4678 4335 4390 4822 4811 4548 4988 4866 4802 4590 4702 4439 5258 4777 5003 4943 4653 4728 4858 4540 4579 4886 4396 4725 4448 4951 4486 4484 4852 4409 4448 4939 4778 4443 4514 4537 4744 4898 5282 4602 4787 5028 4615 5114 4596 4767 4713 4750 4698 4989 5022 4597 4878 5051 4504 5291 4549 4727 4367 4825 4518 4426 5238 4824 4963 4578
5327 5329 5563 5448 4770 4968 5222 5696 5136 5099 4699 4813 5281 4803 5012 5127 5098 5461 5029 5116 5958 5330 5221 5374 5165 5097 5419 5606 5371 4994 5170 4844 5462 4896 5095 5378 5335 5028 5343 5258 5031 5097 4967 5168 5021 5147 5344 5433 5277 5279 5148 5198 5552 4929 5359 5250 5299 5178 5053 5097 5003 5389 4927 4681 4893 5618 4835 5122 5507 5089 5746 4629 5532 5917 5300 5053 5233 5649 5243 5113 4911 5619 5171 5258 5059 5168 5437 5440 5081 5311 5251 5362 5028 5483 5647 5412 4861 5198 5194 5265 5600 5265 5120 5195 5072 5293 5509 4829 5405 4908 4721 5096 4730 5350 5223 5100 4979 5020 5570 5074 4993 5011 4962 5169 5086 5675 4858 5054 4981 5310 4789 5156 5112 5156 5052 5203 5290 5293 5221 5504 5381 4966 5379 5187 5199 5066 5425 5318 4942 5265 5077 4879 5218 5361 4916 5159 5783 4994 5164 5005 5299 4759 5247 5170 5272 5430 5490 5055 5179 4679 5389 5093 5519 4984 5308 5196 5425 5171 5115 5065 5504 4928 4702 5198 4800 5131 4773 5163 5227 5192 4864 5198 4981 4963 5097 5350 5347 5276 5594 4968 5034 4971 5228 5255 5385 5430 4975 5220 5293 5083 4762 5354 4843 4869 4768 5385 5046 4914 5043 5148 4988 5006 5527 4900 5275 5185 5421 5270 5506 4724 5239 5547 5255 5154 5044 5104 5224 5073 5104 5380 5428 4990 5660 5670 5192 5640 4822 5134 4755 5559 5419 5363 5493 5222 5484 5082
5602 5630 5835 5651 5214 5270 5797 5769 5418 5660 5135 5158 5630 5117 4985 5233 5247 5498 5106 5362 6388 5651 5714 5552 5624 5590 5466 6158 5837 5408 5731 5222 5672 5312 5334 5467 5876 5363 5477 6005 5377 5197 5108 5531 5289 5733 5571 5357 5500 5444 5328 5415 5524 5067 5561 5455 5650 5246 5098 5261 5482 5968 5393 5002 5249 5611 5267 5015 5831 5550 5754 5145 5735 5902 5276 5583 5688 6140 5278 5226 5580 5888 5389 5610 5497 5375 5684 5392 5343 5915 5746 5667 5072 5354 5864 5703 5084 5479 5423 5755 5694 5289 5335 5392 5441 5734 5622 5175 5613 5249 5304 5211 4800 5442 5638 5552 5279 5487 5854 5575 5107 5373 5173 5268 5327 5756 5283 5116 5244 5615 5202 5351 5505 5459 4877 5534 5611 5802 5221 5748 5440 5266 5997 5612 5848 5461 5539 5380 5473 5579 5564 5282 5769 5441 5182 5647 5983 5323 5457 5467 5811 5101 5383 5554 5523 5919 5674 5492 5558 5091 6087 5556 5686 5057 6044 5827 5523 5309 5336 5181 6266 5333 4873 5494 5065 5291 5325 5497 5772 4858 5402 5357 5617 5095 5282 5303 5632 5439 5839 5412 5439 5137 5623 5602 5896 5720 5641 5623 5580 5436 5292 6003 5040 5432 5008 5579 5509 5375 5326 5436 5367 5399 5768 5237 5701 5134 5509 5442 5742 5051 5625 5696 5562 5786 5157 5529 5765 5378 5319 5845 5909 5644 5939 5729 5139 6129 5486 5378 5100 5388 5506 5497 5983 5305 5829 5533
4381 5052 5180 5076 4618 4579 4782 5209 4704 4611 4517 4204 4887 4612 4547 4659 4709 5158 4759 4720 5446 4835 4761 4681 4713 4651 4956 5079 4854 4781 4974 4330 4976 5008 4760 4792 4935 4342 4645 5283 4692 4454 4478 4926 4451 4660 4754 4683 4722 5142 4787 4940 4778 4623 5103 4881 4761 4657 4460 4601 4821 5031 4453 4305 4555 4772 4463 4450 5063 4759 5351 4393 4847 4722 4607 4775 5132 4810 4795 4484 4357 5165 4683 4678 4588 4715 4654 4768 4669 4687 4851 4710 4497 4867 5090 5124 4444 4655 4832 4826 4956 4612 4911 4920 4948 4898 5059 4646 5010 4428 4737 4700 4075 4890 4969 4866 4410 4763 4890 4660 4573 4733 4624 4490 4835 5023 4442 4466 4591 4822 4360 4651 4609 4676 4485 4803 4895 4991 4714 4862 4748 4539 4808 4758 4587 4636 4773 4756 4808 4819 4844 4388 4957 4717 4413 4839 5059 4674 4701 4967 4948 4552 4695 4913 4734 5026 4756 4716 5031 4414 4887 4574 4803 4676 5192 4903 4857 4677 4627 4635 5082 4409 4677 4767 4564 4684 4704 5012 4847 4243 4368 4304 4536 4392 4564 4589 4703 4873 4885 4574 4510 4396 4813 4854 4826 5032 4587 5068 4856 4438 4247 5252 4339 4439 4360 4881 4466 4738 4801 4495 4519 4482 4784 4600 5011 4627 4861 4773 4664 4446 4822 5167 4563 5031 4592 4675 4962 4507 4807 4632 5014 4513 5190 4750 4469 5011 4673 4749 4210 4806 4734 4591 5231 4828 4901 4647
5107 5618 5234 5452 5022 4974 5250 5433 5005 5262 4842 4648 5364 5039 4814 4955 5005 5593 4809 5173 5885 5098 5032 5035 5031 4896 5507 5515 5309 5101 5337 4701 5351 5245 5112 5383 5391 4959 5251 5321 4876 4831 4877 5144 4730 5305 5253 5038 5171 5240 5104 4942 5446 4730 5223 5234 5228 4838 4848 4922 5055 5550 5275 4555 5035 5260 4824 4850 5302 5153 5518 4776 5272 5514 5015 4833 5426 5651 5028 5075 4854 5500 5149 5418 5306 5047 5143 5072 4826 5491 5524 5130 4908 5328 5636 5345 4719 5004 5185 5256 5941 5057 4979 5424 5510 4996 5446 5016 5574 5228 4882 5130 4437 5103 5532 5205 5283 5044 5546 5046 4856 4979 5176 5090 4941 5264 4833 4997 4773 5304 4940 4946 5154 5133 4821 5276 5300 5419 4934 5556 5260 4951 5502 5208 5589 5002 5265 5237 5030 4922 5415 4887 5385 5227 5004 4970 5630 4984 4970 5249 5662 4596 5161 5082 5101 5344 5404 4822 5037 4670 5547 5372 5561 4826 5460 5357 5386 4914 4880 5310 5795 4862 4621 5318 4990 5160 4890 5385 5303 4623 5065 5090 5065 4868 5135 5155 4949 4960 5208 4796 5263 5006 4964 5308 5188 5356 5048 5407 5210 5094 4850 5648 4808 4999 4655 5264 5089 4987 4937 4936 5155 5270 5037 5079 5189 4975 5095 5242 5668 4638 5256 5382 5108 5178 5076 5233 5348 5302 5090 5455 5381 4906 5605 5320 4926 5876 4864 5173 4785 5486 5292 4973 5671 5198 5438 5067
5344 5511 5309 5558 4950 5149 5314 5377 5093 5105 4747 4608 5520 5198 4951 5213 4839 5626 4851 5271 5798 5208 5225 5079 4998 4927 5411 5785 5339 4904 5314 4880 5164 5245 5302 5373 5446 5090 5232 5440 5069 4817 4782 5099 4938 5147 5252 5310 5271 5190 5123 5149 5338 4817 5476 5250 5470 4998 4758 4955 4981 5748 5111 4756 4973 5389 4631 4880 5182 5463 5432 4587 5319 5456 5418 5006 5203 5627 5133 5093 5089 5544 5154 5326 5037 5201 5037 5256 4946 5260 5180 5333 4772 5193 5656 5253 4857 5055 4989 5410 5532 5099 4962 5079 5283 5167 5190 5065 5360 5168 4919 5145 4541 4922 5549 5324 5021 5088 5525 5050 5023 4838 4977 5321 4886 5413 5030 4885 4992 5141 4745 5045 4899 5222 4647 5418 5042 5434 5100 5346 5113 4766 5586 5178 5315 4947 5237 5166 4913 5321 5162 4928 5390 5292 4902 5518 5761 4962 5165 4978 5585 4917 5149 5304 5129 5444 5527 4907 5211 4771 5407 5101 5351 4925 5514 5634 5400 4919 4619 5206 5556 5014 4919 5382 4888 5189 5106 5192 5120 4918 4779 4945 4937 4966 5015 5199 5289 5203 5539 5024 5145 4727 5136 5401 5357 5324 5000 5339 5242 5033 5061 5194 4947 5008 4784 5246 4957 5103 5172 5103 5048 5076 5381 4533 5340 5039 5281 5259 5335 4764 4928 5371 5169 5140 4982 5253 5274 5230 5025 5443 5529 4987 5500 5408 4840 5584 4994 4868 4944 5187 5065 5017 5733 5427 5313 5088
4879 5213 5051 5171 4549 4625 4945 5526 4704 4915 4547 4433 4947 4572 4689 4792 4752 5087 4693 4540 5550 5011 4935 4792 4759 4869 4783 5350 5371 4532 5148 4585 5049 5012 4927 5077 5294 4311 5104 5105 4859 4828 4454 4838 4590 4862 4995 4582 4978 5131 4969 4847 5012 4645 4947 5052 5034 4781 4526 4607 4825 5219 4821 4504 4570 5035 4571 4722 5057 4838 5049 4446 4874 5202 4971 4710 4925 5089 5017 4588 4712 5291 4679 5016 4763 5071 5175 4822 4675 4999 5098 4975 4882 5034 5517 5282 4515 4823 5003 5029 5386 4744 4956 5187 4952 5043 5012 4688 5072 4655 4641 4851 4225 4876 5073 4703 4552 4768 5121 4977 4708 4665 4872 4781 4876 4975 4222 4723 4643 5018 4684 4963 4638 5081 4411 5081 5140 5089 5040 5314 5092 4741 5155 5126 4886 4765 5092 4777 4705 4893 4687 4402 4975 5117 4824 4988 5163 4593 4823 4923 5042 4593 4831 5178 4981 4954 4861 4981 4889 4483 4923 4898 5099 4710 4997 5198 5204 4759 4649 4904 5433 4624 4381 5068 4903 4899 4588 4936 4758 4671 4594 4434 4344 4442 4720 4904 4509 4726 5004 4696 4840 4688 4854 5012 5000 5156 4632 4975 5431 4527 4467 5101 4825 4766 4559 4818 4729 4681 4742 4710 4575 4861 5095 4586 4813 4577 5102 4852 5151 4581 4642 5202 5212 5011 4512 4891 4840 4878 5042 5143 4980 4784 5020 4920 4810 5206 4692 4742 4388 5143 4784 4681 5109 4819 5187 4793
4967 5058 5079 5330 4666 4692 4614 5065 4906 4821 4668 4491 5059 4694 4784 4794 4898 5218 4474 5036 5582 4744 4838 4681 4797 4873 5083 5502 4983 4728 5143 4450 5043 4885 4711 4992 5101 4716 5116 5325 4792 4827 4544 4792 4887 5077 5065 4943 4985 4840 4909 4914 5016 4834 5131 4924 4864 4817 4891 4686 4674 5284 4784 4443 4824 5129 4740 4570 5192 5023 5236 4528 5324 5194 4969 4690 5093 5308 4801 4821 4636 5098 4756 5117 4944 4888 4701 4951 4609 5068 5068 5184 4685 4997 5316 5045 4380 4897 4913 5032 5338 4566 4768 5040 4857 4815 4981 4822 5183 4841 4628 4879 4219 4649 4741 5100 4733 5002 5158 4791 4786 4795 4644 4704 4948 4744 4542 4811 4591 5087 4771 4597 4982 4855 4691 4969 5041 5132 4933 5336 4814 4624 5400 4850 5156 4834 5012 4832 4857 4975 5088 4315 4985 4942 4486 4680 5371 4777 4773 4692 4974 4422 4934 4970 4812 5253 5321 4608 5065 4450 5044 4690 5479 4670 5230 5166 5172 4837 4546 4825 5185 4714 4561 4857 4763 4902 4789 4779 4926 4520 4610 4592 4663 4557 4972 4792 4977 4849 5090 4884 4852 4564 4873 4612 5135 5229 4714 5107 4986 4700 4754 5274 4670 4798 4309 4906 4603 4646 4937 4736 4900 4867 4975 4713 4882 4763 4980 4993 5236 4491 4897 5188 4793 5058 4779 4828 5031 4921 4834 5100 5259 4938 5523 5272 4516 5115 4876 4758 4569 5000 4985 4974 5508 4741 5048 4911
4815 5139 5028 5323 4783 5039 5340 5385 4778 4797 4652 4544 5250 4784 4386 4760 4925 5307 4826 4958 5816 4913 4913 5169 4791 4996 5342 5498 5406 4823 5205 4765 5150 4908 4924 5164 5134 4721 4992 5203 4685 4752 4835 4995 4543 5171 5078 4808 5091 5428 5283 5140 5199 4955 5022 4989 5336 4821 4662 4829 5082 5403 4877 4486 4794 5348 4533 4845 5225 5432 5205 4569 5159 5308 5196 4919 4875 5542 5061 4618 4779 5480 4801 5260 4804 5193 5089 4902 4878 5208 4846 5173 4799 5324 5047 5175 4440 4756 5318 5184 5268 4985 4725 5229 5041 5031 5266 4984 5357 4857 4759 4919 4641 4793 5144 5071 4832 4898 5231 4958 5003 4670 5109 5101 4854 5203 4601 4668 4672 4919 4643 4853 4908 5154 4638 5234 5192 5120 4679 5017 5162 4648 5055 4941 5058 4778 5158 4814 4965 4919 4957 4702 4968 5126 4817 4990 5544 4798 4877 5031 5108 4591 4978 5063 5043 5111 4974 4819 4836 4843 5016 4832 5149 4726 5426 5247 5236 4873 4648 5166 5562 4591 4716 5062 5026 4994 4515 4914 4932 4840 4710 4560 4792 4885 4823 4940 5216 5133 4998 5065 4921 4428 5302 5357 5234 5079 4698 5261 5060 4983 4523 5189 4465 4737 4465 4761 4820 4973 4905 4976 4717 4575 5046 4934 5183 4823 4986 5174 5265 4545 5019 5252 4881 5206 4992 4610 4916 5003 4902 5307 5070 5005 5218 5220 4852 5418 4858 4936 4565 5129 4762 4730 5544 4944 5014 5051
5272 5339 5181 5109 5201 4922 5154 5485 5106 4779 4866 4607 5236 4798 4971 5148 4844 5264 4685 4613 5531 4970 5081 4841 4737 4889 5465 5370 5131 4987 5182 4794 5100 5233 4896 5157 5202 4578 5183 5161 4831 5020 5088 5073 4624 5138 5169 5145 5025 5239 5010 5181 5369 4791 4968 5167 5311 4914 4583 4845 4977 5565 5065 4669 5047 5207 4593 4849 5056 5162 5354 4707 5231 5178 4998 4898 5540 5481 5105 5033 4707 5532 5024 5277 4758 4853 5328 5127 4871 5242 5360 4974 4856 5284 5388 5401 4548 4970 5164 5444 5279 4932 5041 5243 4998 5089 5280 4870 5373 5292 4682 5182 4561 4946 5034 4967 4997 5048 5486 4927 4819 4890 4805 5332 4818 5206 4501 5044 5001 5073 4778 5013 4865 5009 4475 5132 5185 5047 4787 5153 4999 4766 5030 5324 5073 4898 5141 5217 4832 4967 4831 4752 5139 5064 4700 5114 5509 4488 4683 4754 5184 4599 5060 4790 4983 5173 5198 5068 4840 4294 5083 5150 5332 4939 5491 5235 5112 4788 4781 5041 5280 4807 4697 5213 4615 4980 4980 4774 4902 4737 4776 4720 4502 4818 5057 4882 4675 4999 5289 5093 4982 4659 4911 5310 5151 5050 4625 5174 5183 5043 4687 5198 4646 4859 4515 4881 4988 4648 4870 5092 4720 5155 5038 4711 5093 4934 5211 5160 5196 4340 4611 5459 4850 5015 4648 5243 5225 5288 4879 5448 5140 5063 5242 5065 4871 5168 4785 5156 4891 5057 5157 4932 5407 5219 5327 4869
5717 5833 5691 5727 5261 5414 5719 5809 5409 5307 5016 4966 5842 4983 5056 5339 5377 6036 5281 5573 6308 5364 5318 5483 5337 5455 5767 6055 5627 5414 5578 5146 5584 5476 5298 5565 5886 5405 5716 5777 5198 5452 5635 5504 5167 5560 5554 5576 5602 5440 5482 5623 5553 4915 5538 5432 5660 5382 5357 5409 5413 6241 5665 4844 5280 5778 5189 5178 5683 5900 5699 4960 6026 5688 5729 5095 5614 6027 5500 5418 5018 6148 5246 5586 5368 5415 5592 5789 5157 5595 5488 5473 5238 5511 5936 5903 5184 5413 5632 5700 5909 5209 5445 5785 5816 5673 5706 5375 5610 5566 5341 5614 5125 5301 5495 5578 5319 5550 5853 5509 5409 4999 5395 5512 5334 5634 5140 5406 5331 5352 5217 5599 5306 5371 4874 5577 5503 5676 5363 5779 5735 5175 5790 5474 5645 5260 5484 5446 5442 5402 5548 5231 5842 5394 5387 5752 5916 5188 5497 5261 5940 5323 5505 5530 5387 5442 5583 5510 5404 4994 5556 5551 5589 5229 5807 5656 5648 5202 5129 5529 6131 5287 4854 5412 5084 5953 4996 5613 5385 5130 5231 5292 4976 5231 5362 5301 5504 5520 5776 5279 5290 5055 5424 5849 5635 5670 5285 5487 5672 5509 5374 5736 4958 5495 5064 5412 5337 5220 5523 5416 5457 5257 5679 5153 5613 5466 5707 5404 5824 5033 5110 5552 5451 5859 5139 5321 5843 5235 5293 5691 5797 5426 5474 5610 5118 5971 5370 5397 5005 5753 5484 5155 5868 5509 5812 5475
5402 5723 5620 5662 4934 5082 5422 5673 5340 5158 5100 4871 5759 5002 4761 5259 5090 5602 5117 5335 6046 5193 5376 5302 5220 4973 5494 5875 5504 5084 5473 4864 5515 5502 5106 5329 5729 4890 5398 5765 5141 4996 4805 5112 5132 5358 5358 5401 5249 5632 5325 5434 5411 4976 5189 5305 5449 5180 4914 5241 5297 5784 5143 4834 4781 5307 4798 5016 5328 5231 5406 5009 5389 5577 5295 5251 5205 5682 4916 5225 4950 5669 5018 5223 5192 5325 5427 5096 5012 5229 5216 5254 4992 5310 5734 5544 4892 5053 5176 5516 5744 5212 5253 5319 5465 5330 5602 5130 5673 5114 5045 5477 4605 5344 5510 5233 5111 5223 5510 5273 5328 5263 4935 5483 5074 5249 4886 5052 4883 5149 5040 5419 5118 4923 4844 5248 5610 5354 4944 5423 5222 5160 5430 5371 5410 4918 5332 5165 4852 5229 5458 4937 5265 5415 5020 5385 5586 4878 5105 4885 5482 4739 5157 5152 5542 5445 5526 5208 5317 4735 5672 5094 5632 5080 5714 5178 5568 4972 4594 5313 5698 4941 5058 5565 5106 5417 4761 5323 5628 4921 4958 4830 4966 4999 5140 5299 5313 5108 5434 5095 5207 4688 5362 5280 5424 5255 5208 5422 5271 5150 5119 5769 5166 5067 4902 5344 4971 5047 5318 5033 5087 4909 5233 4767 5429 5395 5313 5509 5323 4962 5245 5371 4979 5393 5037 5293 5341 5280 5500 5496 5643 5239 5734 5661 4992 5652 5062 5605 4950 5321 5041 5243 5692 5313 5811 5131
5405 5694 5716 5796 5198 5091 5499 5486 5501 5064 5324 5000 5753 5074 5026 5301 5366 5745 5283 5665 6192 5363 5660 5279 5206 5344 5669 5879 5546 5106 5574 5286 5571 5483 5366 5419 5803 5213 5501 5724 5246 5433 5077 5386 5281 5805 5429 5502 5299 5821 5666 5494 5447 5031 5534 5481 5409 5416 5151 5211 5474 5879 5303 4689 5163 5586 4991 5138 5617 5314 5592 5067 5678 6050 5515 5347 5517 5758 5271 5180 5302 5925 5434 5595 5227 5415 5404 5653 5335 5661 5419 5500 5133 5522 5807 5593 5027 5307 5600 5810 5878 5127 5225 5623 5479 5456 5576 5131 5712 5357 5454 5513 4943 5293 5558 5425 5455 5188 5721 5222 5136 5482 5337 5152 5436 5808 5220 5194 5445 5556 5073 5122 5370 5207 4991 5555 5631 5601 5281 5629 5378 5083 5837 5298 5577 5088 5722 5210 5434 5455 5622 4900 5606 5282 5115 5483 5826 5267 5121 5310 5715 5165 5349 5369 5427 5788 5505 5398 5434 4674 5758 5133 5583 5046 5758 5487 5592 5071 5125 5344 5877 5122 5243 5405 5052 5324 5192 5497 5660 5050 5216 5062 5246 5059 5354 5434 5635 5475 5436 5208 5260 4982 5596 5230 5685 5738 5208 5439 5486 5157 5178 5822 5269 5348 5012 5483 5447 5127 5177 5368 5453 5287 5388 5130 5349 5353 5455 5490 5661 5296 5683 5605 5248 5686 5201 5304 5503 5209 5412 5615 5887 5645 5775 5706 5170 5883 5070 5418 5119 5551 5408 5364 6066 5565 5887 5639
5791 5962 5792 5844 5408 5165 5700 6026 5786 5526 5378 5181 6034 5314 5152 5661 5161 5817 5321 5521 6327 5781 5735 5767 5464 5436 5747 6016 5765 5592 5558 5172 5664 5674 5521 5824 5952 4959 5658 5601 5450 5581 5344 5463 5287 5505 5501 5665 5486 5937 5535 5778 5729 5385 5545 5591 5645 5288 5550 5549 5745 6135 5654 5029 5354 5722 4968 5425 5395 5538 5810 5260 5667 5913 5528 5408 5473 6210 5546 5526 5511 6241 5345 5787 5381 5546 5643 5681 5489 5455 5796 5405 5323 5948 5952 5865 5355 5298 5731 5836 5973 5473 5347 5768 5856 5721 5928 5470 6135 5326 5218 5547 5017 5242 5825 5439 5537 5457 5763 5651 5650 5518 5675 5687 5188 5763 5167 5513 5211 5421 5418 6017 5455 5451 5090 5520 5737 5650 5442 5852 5627 5192 5733 5745 5597 5230 5925 5510 5512 5588 5668 5142 5694 5653 5214 5619 5913 4959 5086 5547 5956 5387 5374 5690 5580 5740 5621 5607 5352 4923 5843 5632 5840 5198 6002 5813 5659 5598 5157 5679 5941 5158 5403 5735 5284 5572 5435 5622 5633 5194 5297 5269 5178 5063 5574 5436 5425 5415 5871 5231 5637 5233 5368 5687 5472 5634 5399 5761 5576 5279 5443 5665 5093 5616 5420 5612 5324 5338 5572 5258 5279 5469 5752 5248 5586 5432 5694 5891 5764 5187 5437 5774 5286 5757 5350 5495 5600 5805 5418 5945 5675 5664 5919 5683 5377 6126 5101 5669 5427 5912 5548 5379 6150 5526 6013 5510
5637 5760 5733 5800 5307 5349 5684 5826 5364 5423 5017 5026 5717 5310 5273 5592 5426 5708 5207 5461 6184 5625 5577 5658 5178 5436 5776 6139 5605 5193 5328 5025 5739 5550 5221 5557 5647 5095 5436 5713 5364 5413 5280 5246 5087 5154 5602 5570 5331 5663 5601 5411 5684 5241 5714 5441 5481 4977 5075 5348 5388 6233 5575 4877 5281 5657 5223 5262 5528 5459 5721 5162 5469 5782 5658 5206 5488 5770 5401 5186 5363 5818 5335 5620 5312 5365 5343 5551 5318 5549 5491 5373 5158 5673 5746 5622 5131 5478 5580 5747 5828 5477 5088 5700 5812 5534 5845 5220 5972 5424 5493 5580 5023 5427 5713 5326 4985 5444 5686 5348 5400 5402 5425 5672 5523 5741 4947 4991 5288 5501 5058 5528 5135 5507 5143 5693 5661 5543 5398 5822 5678 4948 5477 5517 5823 5204 5455 5446 5371 5494 5396 5254 5714 5664 5175 5459 5992 5162 5283 5068 5843 4951 5423 5393 5251 5774 5581 5278 5188 5044 5497 5305 5663 5005 5615 5672 5897 5388 5327 5537 5929 5177 5152 5466 5222 5515 5017 5637 5414 5060 5143 5124 5314 5200 5471 5497 5506 5273 5689 5153 5376 5342 5387 5558 5520 5655 5345 5781 5549 5387 4969 5957 5054 5074 4934 5170 5080 5390 5098 5274 5407 5168 5394 5145 5652 5271 5770 5390 5703 4857 5294 5788 5440 5428 5431 5328 5597 5431 5517 5743 5561 5265 5575 5603 5073 5943 5018 5356 5226 5771 5466 5394 5894 5486 5666 5336
5451 5717 5505 5473 5348 5014 5514 5886 5447 5328 5017 4830 5577 5145 5243 5082 5275 5754 5157 5298 5827 5408 5548 5423 5002 5280 5763 5595 5753 5293 5580 4787 5563 5345 5241 5393 5512 5007 5292 5975 5181 4975 5056 5516 5146 5292 5514 5511 5048 5493 5338 5414 5450 5138 5391 5426 5530 5078 5144 5442 5382 5840 5421 4800 4981 5613 4869 5167 5223 5424 5786 4862 5491 5862 5326 4960 5521 5944 5463 5175 5159 5732 5039 5697 5035 5349 5301 5490 4997 5687 5438 5622 5153 5608 5758 5670 4843 5425 5616 5596 5829 5322 5274 5793 5532 5528 5643 5121 5644 5180 5104 5456 4701 5351 5646 5469 5127 5367 5801 5420 5071 5113 5351 5278 5147 5533 4896 5416 5320 5293 5243 5358 5203 5246 4788 5421 5249 5582 5512 5661 5333 5038 5516 5267 5622 5125 5379 5319 5282 5249 5352 5126 5339 5511 5159 5454 5769 5133 5000 5336 5543 5064 5297 5356 5479 5648 5490 5515 5186 4997 5545 5112 5598 5078 5624 5441 5685 5130 5311 5163 5729 5252 5006 5558 5138 5437 5211 5544 5277 4828 4943 5283 5130 4938 5299 5237 5277 5375 5426 5331 5248 4869 5348 5372 5594 5567 5444 5431 5239 5003 5090 5662 5040 5100 5043 5619 5342 4894 5168 5310 5068 5259 5471 4867 5467 5327 5280 5449 5349 4880 5287 5524 5363 5747 4979 5295 5575 5070 5089 5763 5657 5128 5771 5803 5317 5883 5152 5158 5118 5612 5332 5226 5803 5499 5458 5290
5443 5580 5478 5374 5138 5331 5322 5711 5189 5198 4650 4776 5479 5192 5296 5303 5262 5787 4979 5159 6149 5425 5345 5241 5138 5197 5538 5869 5576 5107 5569 5010 5430 5359 5190 5440 5445 4853 5275 5667 5300 4927 5012 5112 5115 5400 5565 5173 5363 5617 5405 5358 5670 5079 5577 5332 5643 5152 5148 5421 5172 5739 5123 4637 5180 5529 4775 5293 5309 5535 5466 4882 5227 5640 5453 4864 5369 5561 5142 5121 5195 5595 5075 5512 5383 5201 5285 5526 4930 5362 5427 5271 5189 5430 5718 5669 4807 5142 5329 5501 5688 5109 5502 5220 5682 5444 5532 5281 5370 5261 5359 5282 4660 5025 5297 5248 5328 5226 5678 5088 5289 5094 5166 5499 5254 5712 4835 5232 4975 5345 4936 5252 5026 5378 4628 5359 5373 5316 5107 5696 5314 4782 5714 5388 4926 5085 5575 5351 5249 5369 5332 4856 5429 5386 5103 5446 5936 5023 5242 4984 5396 5033 5420 5255 5344 5568 5577 5167 5116 4880 5243 5049 5661 4936 5688 5223 5434 5428 5093 5332 5711 5039 4971 5508 5043 5278 4958 5282 5173 5120 5116 4992 5098 5230 5263 5345 5215 5384 5372 5097 5121 5173 5539 5134 5424 5573 5214 5560 5214 5022 5193 5486 4962 5281 4931 5165 5167 5108 5157 5280 5237 5188 5164 4812 5409 4930 5275 5178 5633 5218 5330 5759 5233 5430 5220 5289 5595 5424 5219 5769 5818 5269 5551 5289 4850 5576 5071 5134 4820 5610 5049 5519 5810 5417 5462 5230
4983 5232 5482 5500 4570 4828 5428 5596 5167 4873 4899 4479 5346 5004 5082 4727 5103 5192 4900 5053 5670 5119 5252 4887 5147 5012 5428 5558 5135 4855 5110 4606 5252 5103 4790 5309 5375 4845 5310 5461 4951 4822 4833 4955 4587 4970 5299 5271 5152 5144 5235 5175 5185 4853 5365 5210 5223 4948 4721 4849 4917 5697 4987 4767 4819 5211 4773 4657 5282 4934 5362 4733 5281 5397 5015 5032 5043 5435 4934 5163 4905 5569 5256 5172 5177 5183 5002 5141 4869 5349 5288 4958 4750 4997 5658 5401 4487 5053 5197 5428 5656 5052 5005 5260 5365 5193 5101 5071 5466 4953 4759 5086 4593 4972 5217 4951 5072 5123 5239 4951 4774 4832 4920 5129 4999 5060 4746 5127 4874 5358 4900 4865 4985 4968 4907 4985 5311 5641 5022 5309 5204 4920 5379 5212 5305 4611 5243 4917 4872 5191 5272 4891 5009 5074 5108 5256 5725 4741 4930 4814 5467 4653 5031 5029 5439 5487 5125 5148 4891 4630 5210 4936 4986 4754 5231 5267 5325 4919 4778 4897 5574 4982 4730 5105 4955 5204 5004 5114 5079 4903 5034 4981 4884 4941 5150 4974 5471 4818 5294 4983 5267 4756 5448 5147 5296 5491 4896 5259 5199 5083 4856 5239 4943 4672 4705 5203 5051 4806 5134 4724 5005 4751 5117 4523 5192 4971 5271 5295 5360 4611 5067 5385 5095 5261 4875 5065 5118 5056 5220 5296 5530 5167 5469 5299 4920 5646 4801 5086 4638 5415 5207 5027 5541 5242 5288 5193
5092 5629 5540 5471 4985 5242 5394 5772 5078 5137 4793 4724 5595 5063 5182 4908 5328 5508 4934 5222 5774 5437 5369 5181 5236 5161 5298 5860 5253 4971 5449 4823 5467 5065 4988 5481 5620 4764 5393 5594 5228 4865 5160 4929 5107 5244 5239 5404 5618 5329 5403 5097 5501 5107 5354 5183 5551 5392 4697 5010 4996 5673 5412 4718 5347 5453 4867 5193 5375 5112 5555 4784 5676 5764 5090 5029 5162 5515 5234 4980 4998 5733 5203 5568 5288 5291 5208 5340 5065 5464 5364 5407 5037 5347 5509 5376 4879 5315 5392 5398 5765 5505 5504 5422 5462 5428 5509 5140 5637 5110 5226 5156 4882 5027 5348 5394 5327 4965 5598 5101 5210 5278 5248 5242 5129 5286 5055 5227 5010 5398 5003 5097 4973 5211 5068 5201 5316 5419 5011 5577 5106 4842 5614 5295 5186 4972 5368 5117 4955 5131 5305 4958 5265 5322 4778 5172 5811 4942 5215 5120 5436 4732 5298 5352 5260 5642 5358 5124 5338 5131 5367 4989 5526 5182 5449 5371 5391 4825 4931 5203 5992 5046 4889 5599 5050 5418 5006 5363 5127 5125 5025 4854 4891 4931 5327 5306 5520 5127 5335 4960 5380 4775 5145 5348 5323 5570 5208 5346 5354 5231 4999 5451 4978 5056 4811 5237 5196 4976 5062 5184 5142 4883 5230 4830 5569 5163 5278 5222 5630 5028 5201 5658 5313 5353 4946 5148 5216 5378 5210 5349 5605 5143 5531 5458 5211 5804 5149 5338 4669 5382 5260 4995 5450 4988 5402 5388
5299 5489 5657 5402 4963 5108 5382 5467 4925 5249 5006 4566 5448 4682 4900 4970 4969 5157 5033 4985 5754 5276 5293 5047 5027 5043 5095 5748 5368 5100 5328 4530 5402 4829 5137 5382 5414 4991 5131 5505 5035 4878 4755 4948 4780 5140 4841 5154 5228 5388 5169 5076 5366 4837 5192 4961 5237 5102 4812 5099 4915 5688 4965 4394 4908 5261 4969 5028 5357 5078 5694 4828 5242 5613 4870 5227 4892 5564 4928 4822 5094 5407 5217 5184 4899 5030 5095 5304 5005 5199 5473 5196 4841 5425 5294 5225 4843 5104 5022 5350 5314 5023 5297 5182 5232 5206 5223 4975 5427 4946 4798 5113 4517 5015 5312 4986 5271 5247 5513 4920 4968 5037 5046 5092 4964 5249 4817 4855 5153 5078 4760 5094 5077 4893 4840 5254 5085 4938 5108 5608 5138 4904 5264 5006 5187 5183 4901 4951 5068 5120 4905 4857 5184 4843 4918 5271 5661 5055 5177 4791 5191 4849 5100 5093 5069 5304 5357 5157 4790 4754 5296 5048 5141 5039 5640 5521 5421 4995 4822 5076 5681 4960 4642 4956 4904 5225 4759 5216 4918 4867 4799 4829 5131 4670 5039 5048 5207 4784 5170 4906 5093 4757 5061 5062 5214 5226 5114 5540 5083 4675 4704 5426 4774 5059 4869 4992 4987 4830 5054 4896 5130 4842 5346 4709 5394 4954 5144 4972 5192 4703 5114 5409 4811 5161 5029 5019 5541 4857 4820 5365 5301 5147 5278 5290 4947 5540 4986 5021 4773 5153 5038 5020 5552 5142 5338 4990
5616 5300 5765 5699 5197 5216 5593 5501 5255 5185 4822 4913 5427 5050 4944 4933 5230 5700 5002 5421 6002 5477 5463 5153 5299 5372 5596 6076 5381 5107 5184 4927 5374 5244 5065 5419 5562 5089 5079 5639 5306 5174 5073 5288 5270 5487 5224 5250 5346 5569 5519 5313 5396 4678 5517 5370 5433 5054 5229 5132 5192 5711 5162 4474 5219 5494 5010 5152 5492 5600 5420 4974 5365 5649 5152 5240 5462 5810 5270 5075 5012 5628 5115 5651 5390 5340 5365 5532 5198 5614 5592 5442 5104 5357 5970 5606 5121 5301 5499 5372 5463 5077 5434 5357 5400 5596 5291 5073 5745 5132 5015 5427 4820 5252 5277 5350 5322 5413 5759 5544 4963 5086 5029 5310 5520 5693 5115 5054 4988 5335 4963 5245 5127 5262 4888 5425 5323 5619 5280 5773 5311 5014 5714 5317 5443 5369 5420 5339 5320 5353 5181 4929 5634 5500 5136 5540 5520 5124 5083 4959 5609 4936 5281 5401 5055 5593 5344 5294 5179 4912 5353 5112 5525 4945 5770 5220 5917 5252 5147 5138 5738 4961 4858 5411 4895 5426 5062 5626 5504 4969 4980 5223 5203 4920 5430 5313 5422 5234 5754 5091 5127 5153 5248 5145 5373 5776 5386 5485 5328 5028 5033 5610 4997 5321 5118 5342 5171 5060 5204 5065 5473 5280 5329 5061 5539 5326 5435 5212 5708 4904 5161 5624 5465 5359 5222 5117 5823 5207 5289 5577 5507 5228 5551 5351 5024 5652 4881 5360 4789 5384 5278 5478 5780 5330 5570 5636
4913 5144 5141 4976 4770 4675 5040 5191 4685 4843 4823 4415 5215 4664 4626 4761 4706 5260 4773 4824 5672 4954 4822 4707 4847 5110 5004 5621 5087 4847 4914 4561 4987 4680 4854 5294 5092 4544 4984 5307 4899 4495 4645 4980 4759 4902 5075 4596 5092 5300 5143 4690 4937 4470 4907 5084 5208 4883 4887 4892 4800 5395 5004 4405 4773 4956 4445 4768 4992 5078 5214 4347 5023 5111 4982 4822 5048 5253 5005 4744 4829 5696 4868 5026 4736 4691 4891 4963 4611 4818 5097 4958 5022 5022 5322 5173 4720 4914 5198 5042 5113 4762 4808 5018 5126 5181 5007 5019 5143 4907 4879 4879 4460 4798 4987 4782 4819 4826 5342 4927 4869 4713 4704 4839 4943 5100 4427 4850 4580 4953 4510 4909 4569 4797 4667 4931 5061 5211 4990 5355 4788 4705 5318 5186 4988 5055 4840 5150 4886 4741 5012 4589 5082 4957 4571 4732 5335 4521 4920 4970 5285 4475 5026 4928 4705 5279 4919 4836 4766 4559 5044 4655 5002 4654 5285 5163 5250 4938 4601 5186 5297 4649 4556 4826 4841 5036 4798 4720 4827 4664 4685 4531 4553 4323 4803 4702 4844 4620 5126 4733 4728 4425 4749 4787 4868 4963 4881 5116 5059 4671 4564 5140 4510 4823 4438 4636 4689 4843 4887 4748 4842 4896 4921 4746 5029 4532 4955 4955 5105 4459 4925 5236 4696 4958 4725 4851 5170 5057 4795 5393 5179 4860 4986 5020 4708 5170 4590 4881 4443 5050 4986 4714 5349 4938 5186 4835
5267 5522 5423 5368 4705 4920 5429 5498 5116 4994 4618 4836 5466 4866 4824 4704 4876 5274 4712 4938 5968 5205 5189 4865 5117 5201 5300 5643 5274 5070 5474 4498 5426 4883 4688 5136 5535 4802 5005 5302 5066 4672 4723 4847 4822 5287 5300 4965 5092 5270 5165 4838 5151 4644 5322 5232 5113 4577 4890 4809 5011 5413 4963 4689 4995 5228 4792 4882 5158 5270 5483 4790 5121 5531 4885 4838 5116 5497 5073 5047 4799 5443 4999 5357 4843 4879 5152 4959 4876 5126 5044 5248 5197 5139 5252 5208 4570 4947 5146 5059 5577 5000 5228 5621 5258 5139 5327 4991 5261 4760 4672 5051 4561 4999 5076 5191 4683 4883 5313 5130 4960 4688 4906 5126 5119 5224 4720 4923 4872 5090 4764 4987 5061 4881 4810 4912 5173 5346 5035 5471 5163 4965 5362 5316 5118 4949 4973 5003 4801 5050 4960 4740 4881 5360 4929 5240 5605 4732 5157 4907 5112 4963 4860 5176 5144 5454 5200 5078 4983 4953 5210 4966 5209 5081 5495 5388 5429 4915 4728 5207 5547 4815 4641 5024 4788 5418 4732 5076 5272 4672 4789 4754 4672 4738 5049 4761 5366 4865 5279 5119 4961 4792 5120 5044 5329 5025 4889 5299 5119 4858 4638 5355 4591 4973 4762 5147 4829 4874 5104 4849 4975 4648 5249 4571 5186 4735 5066 5117 5017 4735 4982 5626 4917 5021 4863 5117 5059 4899 4823 5268 5542 4974 5372 5203 4883 5444 4716 5230 4469 5152 5182 4966 5433 4905 5293 5024
5235 5218 5155 5335 4831 5038 5236 5353 5268 5035 4533 4698 5188 4729 4806 4850 5129 5538 4963 4854 5867 5166 5163 5053 4881 4876 5241 5483 5371 4626 5102 4783 5062 5145 4936 5229 5417 4678 5187 5106 5007 4697 4729 4952 4742 5309 5054 4918 4919 5322 4991 5141 5527 4792 5212 5181 5179 4659 5077 4983 5156 5519 5056 4644 4798 5514 4632 4992 5174 5002 5325 4899 4981 5501 5106 4775 5074 5424 5027 5013 5028 5437 4947 5128 5211 5119 4979 5072 4873 5162 5052 5056 5195 5144 5432 5347 4539 5006 5210 5184 5567 4960 4823 5345 5107 5065 5342 4936 5503 4884 4805 5042 4465 5028 5168 5085 4895 4860 5323 5028 4879 4770 5186 5144 4857 5448 4874 4891 4898 5098 4457 5054 4911 5105 4713 5229 5179 5233 4888 5044 5069 4856 5238 5104 5031 4880 5384 5123 5027 4972 5369 4851 5223 5349 4859 5214 5333 4681 5002 4912 5121 4772 4998 5032 4954 5111 5219 5101 4820 4880 5182 5084 5445 4768 5250 5045 5403 4688 4968 4928 5549 4608 4764 5023 4703 5020 4611 5217 5218 4727 4778 4746 4843 4671 5027 4896 5260 4898 5079 4859 5130 4711 5387 5001 5180 5043 4852 5080 5074 4789 4543 4992 4650 5070 4618 4934 4881 4850 4947 4812 4720 4926 4873 4495 4992 4917 4816 4863 5135 4607 5083 5143 5033 5212 4638 4695 5047 4795 4829 5164 5260 4929 5493 5017 5118 5647 4770 5045 4543 5367 5062 4802 5335 5140 5174 4858
5572 5852 5509 5479 5171 5081 5461 5934 5420 5027 5052 4867 5670 5042 5091 5078 5251 5447 5156 5185 6030 5404 5392 5441 4952 5273 5597 5867 5679 5482 5526 4898 5552 5439 5320 5577 5726 5072 5572 5663 5102 5134 5313 5221 5092 5559 5474 5412 5313 5491 5404 5538 5744 5153 5446 5330 5598 5056 5146 5136 5402 6083 5192 4864 5274 5589 4948 5078 5415 5531 5751 5151 5294 5775 5568 5206 5715 6031 5164 5224 5070 5868 5321 5559 5424 5493 5479 5593 5385 5450 5584 5297 5165 5441 5795 5713 4843 5143 5216 5696 5723 5221 5356 5593 5385 5551 5701 5001 5780 5279 5137 5473 4746 5287 5574 5222 5421 5491 5637 5408 5205 5202 5458 5631 5109 5485 4787 5276 5094 5379 5125 5261 5230 5288 4906 5405 5725 5601 5003 5671 5570 5105 5556 5622 5624 5079 5750 5201 5111 5382 5497 4883 5097 5295 5055 5480 5927 5031 5190 5218 5690 5139 5178 5236 5482 5487 5644 5345 5237 5017 5465 5301 5537 5164 5755 5470 5597 5308 4883 5348 5714 4933 5172 5524 5063 5381 5090 5552 5760 5039 5343 5131 4890 5406 5383 5314 5279 5210 5279 5146 5341 4988 5687 5560 5670 5319 5209 5469 5639 5332 5122 5552 4999 5279 5080 5445 5422 5098 5360 5277 5305 5402 5490 4876 5372 5468 5675 5437 5641 4854 5463 5676 5327 5542 5204 5348 5488 5561 5129 5777 5541 5401 5781 5491 5294 5643 5154 5516 5096 5396 5305 5260 5644 5505 5559 5239
5702 5627 5372 5793 5103 5286 5804 5717 5372 5524 5004 4822 5849 5364 5174 4986 5320 5710 5232 4981 5965 5492 5555 5550 5202 5424 5650 6004 5618 5418 5550 5019 5518 5299 5057 5745 5612 5082 5532 5549 4884 4888 5020 5106 5204 5414 5476 5277 5503 5695 5278 5289 5474 5217 5448 5475 5685 5336 5283 5362 5143 5801 5465 4946 5142 5571 4765 5135 5597 5639 5427 4974 5458 5828 5074 5242 5484 5773 5441 5355 5279 5839 5458 5438 5279 5202 5414 5379 5172 5562 5337 5540 5226 5586 5580 5532 5002 5381 5114 5563 5575 5386 5336 5635 5569 5438 5584 5479 5685 5375 5158 5715 4585 4941 5501 5691 5476 5255 5575 5062 5286 4933 5367 5321 5173 5577 4817 5228 5160 5411 5111 5547 5056 5342 4908 5705 5369 5590 5182 5782 5579 5143 5706 5584 5333 5186 5330 5383 5201 5188 5281 5057 5441 5677 4917 5524 5839 5112 5452 5484 5662 5147 5477 5188 5235 5630 5594 5315 5329 5121 5357 5282 5551 5297 5707 5518 5682 5148 5173 5325 5906 5159 5109 5580 5165 5729 5255 5102 5227 5048 5092 5095 5151 4961 5519 5116 5500 5089 5560 5112 5523 4911 5602 5515 5621 5368 5377 5679 5252 5339 5393 5661 4945 5252 4831 5430 5137 5020 5062 5271 5098 5434 5454 4788 5596 5306 5075 5342 5595 5053 5262 5696 5287 5518 5149 5348 5485 5420 5464 5686 5687 5412 6041 5385 5103 5868 5209 5096 5055 5471 5518 5270 5808 5321 5335 5217
5118 5104 5429 5120 4931 4836 5057 5477 5159 4945 4804 4541 5384 4863 5195 4820 4861 5405 4843 4894 5933 5007 5118 4901 5052 5022 5160 5776 5436 4886 5224 4771 5194 5096 4845 5438 5291 4599 5345 5248 4994 4680 4882 4864 4888 5313 5006 5003 4992 5100 4945 5066 5242 4751 5101 5249 5158 4625 4713 4938 5121 5467 5049 4649 4785 5243 4766 4951 5199 4967 5726 4706 4962 5592 4833 4771 5238 5688 5151 4955 4853 5652 4885 5469 4859 4858 5228 5339 4951 5294 5134 5287 4742 5245 5409 5219 4773 4810 5200 5180 5475 4749 4974 5537 5167 5355 5041 4986 5512 4889 4949 4988 4373 4961 5241 5014 4906 5197 5529 5045 4847 4811 4918 5119 4875 5371 4597 4973 4818 5046 4654 4900 4860 5297 4759 5160 5280 5382 4960 5257 5223 4498 5479 5015 5281 4860 5108 5022 4877 5169 5041 4852 5066 4942 4847 5036 5521 4948 4848 4683 5515 4644 5040 4949 5049 5332 5189 5320 5098 4499 5209 4787 5245 4809 5502 5302 5175 4883 4786 5126 5288 4837 4693 5093 4857 5136 4790 5050 4933 4842 4681 4902 4739 4486 5013 5070 5246 5043 5175 4975 5253 4854 4989 5072 4963 5284 4964 5314 5143 4576 4740 5367 4658 4941 4698 5121 5065 4676 4949 4896 4951 4869 5113 4717 5197 4763 4949 5190 5072 4651 5042 5349 5083 4935 4757 4732 5151 5103 4859 5574 5119 5129 5551 5279 4945 5456 4699 4880 4771 5220 4999 4878 5675 4736 5340 5019
5005 5023 5246 5060 4434 4631 5051 5059 4877 4800 4527 4516 5199 4685 4711 4843 4657 4939 4663 4925 5733 4897 5012 4717 4570 5033 5129 5358 5023 4732 4888 4449 4885 4839 4703 4976 5139 4615 4901 5256 4762 4703 4642 4816 4731 4572 4958 4969 5106 5031 4898 4825 4952 4499 5125 5004 5053 4725 4810 4755 4775 5296 4691 4250 4623 4973 4596 4555 5085 4908 5113 4483 5256 4990 4736 4649 4634 5146 4837 4657 4765 5262 4654 5007 4832 4690 4854 5162 4604 4723 5086 5007 4472 4743 5191 4958 4589 5017 5071 4899 5174 4894 4733 4887 4966 5050 4973 4836 5107 4835 4799 5062 4190 4924 4906 4674 4541 4686 5002 4934 4604 4601 4789 4764 4947 4874 4666 4708 4744 4895 4558 4791 4748 4677 4426 4986 4880 4911 4758 5283 4796 4624 5108 4790 4961 4579 5068 4838 4711 4886 4964 4356 5203 4877 4643 4976 5275 4565 4749 4698 5035 4566 4838 5004 4782 5186 5065 4628 4735 4413 5058 4940 4983 4484 4961 5063 5155 4784 4530 4928 5330 4690 4491 4915 4573 5195 4624 4944 4861 4635 4497 4624 4641 4714 4842 4714 4879 4798 5052 4581 4783 4475 4812 4922 4982 4973 4731 4834 4688 4964 4702 5318 4448 4799 4557 4920 4864 4786 4598 4924 4832 4517 5061 4626 4976 4685 5095 5003 5236 4565 4857 4963 4815 5072 4722 4855 5016 4718 4720 4889 4904 4824 4861 5008 4671 5523 4541 4856 4494 5080 4864 4762 5215 4815 5175 4925
5001 5613 5611 5547 5042 5106 5253 5573 5187 5145 4880 4899 5374 5187 5123 5033 4986 5630 4925 5407 5863 5339 5218 5230 4826 5021 5415 5884 5547 5098 5719 4836 5370 5314 4998 5518 5393 4726 5314 5559 5182 5104 4864 5213 5123 5232 5306 5339 5243 5494 5187 5008 5416 5131 5191 5240 5452 5120 5099 5039 5063 5914 5106 4848 5030 5328 4849 5015 5539 5440 5603 4736 5342 5691 5133 5029 5354 5553 5125 5083 5144 5611 5215 5520 5381 5320 5231 5319 4920 5391 5439 5402 5091 5320 5780 5351 4487 5100 5390 5363 5499 5164 5282 5373 5261 5383 5484 4853 5636 4933 4981 5123 4683 5017 5321 5256 4880 5310 5724 5433 5056 5220 4762 5218 5097 5159 4767 4917 4922 5226 4955 5249 5111 5081 4692 5116 5052 5409 5312 5625 5307 4804 5458 5009 5488 5159 5336 5427 4900 5215 5379 4664 5478 5442 4929 5201 5481 5123 4834 5177 5450 4979 5152 5249 5270 5770 5501 5171 5198 4922 5288 5039 5578 4777 5378 5448 5704 5041 5048 5119 5587 4880 4905 5204 4854 5276 5231 5071 5210 4765 4736 5102 4907 4942 5273 5044 5394 4939 5543 4984 5035 4836 5199 5158 5496 5606 5034 5478 5387 5112 4828 5509 4913 5062 4874 5301 4929 4938 5402 5091 5089 5044 5289 5047 5234 5128 5339 5245 5492 4945 4963 5478 5331 5285 5181 5309 5329 4905 5286 5319 5373 5037 5578 5762 5250 5588 4969 5496 4814 5201 5251 5124 5876 5065 5595 5150
5252 5536 5413 5495 5225 5152 5316 5644 5132 5136 4718 4659 5338 5002 5107 5056 5109 5378 4968 5045 6025 5224 5308 5150 5074 5002 5468 5675 5176 5042 5311 4782 5300 5486 5289 5441 5433 4886 5335 5486 5230 4986 4757 4971 5078 4995 5498 5248 5142 5239 4977 4988 5373 4865 5199 5291 5496 4820 5013 5004 5125 5760 5038 4814 4781 5412 4913 4912 5364 5442 5469 4674 5312 5509 5178 4974 5253 5502 5130 5026 4797 5339 5118 5213 5073 5316 5236 5367 4946 5207 5076 5376 5070 5528 5729 5348 4872 5206 5222 5361 5634 5373 5199 5367 5253 5181 5467 4735 5300 5294 5040 5280 4736 5092 5408 5103 5121 5012 5487 5122 4794 4993 5167 5346 5059 5382 4677 5024 5153 5169 4810 5173 5200 5097 4781 5404 5326 5289 4969 5363 5233 4782 5104 5352 5173 4875 5071 5105 5000 4972 5191 4622 5192 5372 4751 5179 5750 4830 4878 5139 5522 5077 5254 5295 5133 5251 5363 5031 5143 4981 5504 5222 5276 4958 5397 5280 5486 4977 5040 4974 5520 5103 4926 5380 5032 5215 4898 5292 4914 4681 4895 4742 4925 4840 4986 5150 5301 4972 5472 4820 5081 4888 5214 5463 5222 5313 4980 5705 5395 4617 5038 5419 4717 5078 4762 5112 5016 5131 5043 5042 4830 4986 5559 4816 5112 4795 5082 5148 5188 4795 5178 5275 5212 5373 5085 5240 5373 5091 5369 5421 5279 5003 5487 5248 4849 5555 4984 4985 5007 5356 5078 5006 5448 5354 5495 4911
5354 5275 5460 5317 5095 5078 5433 5646 5075 4950 4722 4898 5534 4758 4964 4973 4784 5350 4762 5222 5794 5035 5038 4912 4883 5029 5452 5596 5284 5129 5269 4628 5542 5337 4912 5394 5354 4591 5204 5428 5034 4756 4821 5062 4816 5114 5245 5180 4958 5284 5189 5056 5360 4901 5230 5202 5301 4837 4625 4967 5106 5568 5150 4558 4812 5365 4919 5222 5374 5201 5544 4711 5050 5517 4946 4868 5342 5620 4999 4862 4913 5261 5041 5370 5023 5002 5405 5355 4703 5346 5294 5056 4908 5373 5336 5468 4900 4940 5037 5355 5533 5103 5294 5110 5319 5351 5639 4871 5543 5387 5148 5244 4523 5203 5189 5019 5136 5053 5374 5110 4944 5047 4973 5238 4930 5406 4594 5181 4940 5173 4880 5115 5074 5153 4853 5385 5084 5305 5035 5544 4999 4919 5393 5160 5362 4867 5102 5180 4940 5040 5048 4896 5162 5041 5171 5375 5601 4906 4875 4937 5340 4866 5076 5241 5261 5323 5184 5175 5010 4773 5393 5010 5272 5044 5497 5046 5429 5118 4910 5257 5634 4936 4742 5296 4754 5048 5052 5137 5150 4739 4857 4874 4846 4919 5064 5023 4846 5080 5296 4986 4997 4868 5103 5174 5477 5084 5264 5282 5232 5089 4849 5389 4982 5030 4797 5150 5168 4796 5024 4972 5085 4960 5409 4959 5331 4994 5317 5267 5318 4649 5231 5514 5042 5046 5044 5105 5476 5126 4994 5463 5344 5061 5489 5434 5060 5449 4938 5236 4855 5392 4946 5084 5615 5391 5334 5090
5358 5616 5525 5633 5310 5002 5459 5652 5117 5327 4744 4801 5288 5064 5324 5021 5267 5562 5012 5159 6403 5110 5226 5228 4950 5486 5481 5728 5345 5313 5353 4842 5528 5329 5137 5378 5571 4856 5290 5637 5242 5052 5027 5090 4936 5318 5427 5123 5360 5567 5370 5288 5455 4839 5462 5322 5234 5180 4986 5154 5027 5669 5093 4655 5133 5493 5071 4797 5471 5281 5501 5013 5521 5865 5198 4923 5502 5659 5373 4949 5107 5728 5135 5350 5303 5294 5150 5565 5181 5696 5274 5405 5261 5680 5691 5700 4865 5007 5523 5404 5725 5038 5299 5474 5415 5454 5376 5116 5531 5300 5273 5433 4627 4982 5223 5310 5210 5189 5618 5099 5096 4972 5316 5122 5229 5713 4822 5212 5241 5550 4800 5269 5068 5194 4967 5038 5301 5333 5036 5798 5261 4880 5583 5545 5403 4858 5142 5238 5072 5247 5307 5227 5375 5087 5101 5622 5643 5000 5182 5149 5547 5157 5417 5464 5231 5365 5348 5036 5322 4983 5546 5222 5561 5085 5565 5502 5340 5107 5002 5241 5817 5081 4898 5302 4898 5367 4938 5207 5276 4982 5060 5159 5016 4799 5078 5266 5133 5075 5607 5167 5316 5033 5263 5535 5407 5369 5436 5443 5629 5021 5003 5436 4905 5131 4958 5285 5321 5133 5077 5155 5136 5170 5486 4881 5352 4951 5294 5333 5495 4777 5431 5713 5299 5531 4880 5228 5531 5010 5224 5545 5643 5167 5849 5319 4984 5671 5224 5027 4784 5556 5385 5119 5798 5262 5372 5177
5537 5510 5329 5520 5465 5280 5119 5848 4994 5157 4944 4745 5518 5204 5218 5455 5090 5507 5027 5240 6244 5548 5546 5261 5101 5377 5670 5842 5538 5112 5423 4876 5507 5274 5427 5410 5456 4686 5370 5775 5075 5064 4780 5040 5316 5556 5730 5202 5359 5566 5337 5157 5501 4954 5518 5150 5656 5077 5018 5328 5427 5938 5120 4785 5319 5534 5092 4987 5467 5337 5494 5152 5742 5709 5379 5174 5354 5809 5204 5144 5068 5906 5161 5420 5210 5243 5383 5304 4927 5420 5424 5428 5288 5614 5834 5651 4904 5179 5309 5456 5552 5487 5296 5410 5269 5591 5391 5116 5432 5439 5341 5174 4702 5363 5514 5571 5072 5102 5415 5398 5354 5091 5144 5336 5061 5637 4963 5215 5267 5705 5061 5371 5112 5273 5040 5505 5544 5524 5099 5667 5389 5074 5730 5542 5524 5035 5408 5391 5203 5439 5411 4879 5483 5427 5052 5356 5629 4805 5280 5218 5455 4933 5322 5542 5377 5331 5730 5091 5243 4993 5499 5056 5654 5036 5837 5404 5783 5237 4868 4872 5709 5115 4935 5678 5048 5439 5122 5387 5454 4944 5131 5265 4953 5165 5141 5148 5323 5413 5453 5257 5199 4883 5494 5396 5472 5336 5198 5438 5408 5036 5028 5540 5030 5161 4620 5166 5022 5341 5299 5077 5140 5090 5396 5020 5364 5093 5394 5437 5517 4659 5284 5759 5253 5416 5288 4968 5488 5439 5313 5646 5418 5152 5971 5704 5097 5780 5097 5149 4812 5389 5114 5085 5625 5379 5702 5003
5475 5213 5229 5293 5045 4950 5434 5309 4961 4750 4817 4792 5141 4861 4815 5038 4975 5475 4857 4883 5989 5133 5115 4917 4822 5124 5411 5546 5395 4913 5316 4860 5356 5117 4926 5200 5398 4696 5135 5329 4839 5015 4823 4849 4895 5268 5447 5100 5046 5354 5327 5240 5266 4641 5172 4830 5318 4953 4798 4919 4968 5468 5228 4448 4704 5235 4630 4877 5524 5197 5152 4792 4864 5583 4978 4912 5463 5485 5101 4934 5034 5538 5101 5222 4769 5099 5244 5273 4880 5375 5152 5150 4982 5127 5384 5401 4758 5017 5284 5130 5305 4907 5105 5279 5299 5326 5471 4815 5449 5022 4945 5099 4420 4955 5211 4883 4988 4927 5431 5041 4895 4797 4820 5089 5050 5313 4673 4961 4821 5219 4608 4988 4967 4953 4688 4996 5260 5633 4894 5355 5260 4813 5485 5094 5171 4852 5391 5016 5041 5148 4899 4870 5278 4981 4778 5118 5401 4828 4930 5147 5400 4890 5141 4755 5285 5562 5443 5055 5076 4653 5234 4915 5310 4949 5575 5376 5454 4955 4709 5223 5613 4680 4898 5030 4869 5148 4825 5127 5146 4747 4759 4889 4616 4678 5192 4690 5304 4997 5229 5073 4895 4666 5373 4987 5372 5175 5191 5298 5245 4903 4970 5537 4854 4817 4687 5142 4932 5089 4804 4930 5148 5187 5085 4944 5139 5038 4950 5286 5304 4759 5369 5337 5030 5127 4955 4964 5331 4965 5120 5389 5377 5170 5465 5270 4745 5593 4854 5149 4877 5037 5111 5007 5619 5056 5355 5158
5372 5397 5444 5509 5054 5015 5280 5467 5089 5239 4486 4663 5494 4913 4908 5154 5278 5500 4745 5178 5916 5375 5177 4967 5071 5167 5211 5655 5219 4962 5253 4611 5136 5349 4970 5425 5201 4812 5342 5474 4982 5072 4969 5136 4850 5293 5331 5249 5124 5234 5089 5038 5259 4798 5070 5446 5217 4960 4652 4885 5025 5574 5502 4718 4664 5480 4929 4696 5443 5354 5407 4734 5273 5521 4950 4812 5166 5433 5231 5064 4820 5645 5113 5403 5091 5216 5164 5013 4790 5487 5318 5273 5022 5107 5686 5397 4794 5056 5440 5477 5481 4970 5066 5376 5119 5455 5228 5163 5424 5092 5039 5262 4696 5009 5293 5117 5161 5075 5650 5454 4937 4950 4987 5198 4853 5472 4832 5221 5088 5456 5145 5170 4860 5194 4823 5248 5290 5265 5044 5654 5207 5161 5437 5151 5288 5048 5309 4986 5193 5255 5338 4938 5438 5207 4797 5239 5526 4636 4898 5007 5578 5021 5128 5376 5059 5423 5325 5060 5233 4970 5004 5060 5592 4595 5419 5319 5248 5019 4855 4905 5842 4907 4673 5202 5137 5171 5028 5155 5133 5012 4765 4860 4694 4693 5351 4993 5333 4922 5667 4957 5010 4681 5439 5376 5701 5612 5050 5390 5204 4883 4813 5382 4722 5031 5119 5316 5213 4817 5148 4933 4906 4928 5433 4883 5102 4839 5313 4992 5334 4563 4878 5170 5196 5410 4792 5194 5202 4990 5225 5559 5387 4933 5347 5537 4878 5828 5173 4884 4684 4975 5269 5140 5671 5235 5338 5173
5232 5606 5455 5516 4990 5125 5332 5556 5030 5142 5067 4928 5616 4856 4778 5282 5271 5474 5146 5220 6111 5365 5231 5158 5024 5268 5293 5943 5710 5341 5518 5015 5365 5488 5154 5326 5527 4843 5617 5456 5399 5240 4894 5026 4912 5383 5351 5135 5196 5673 5155 5245 5578 5048 5174 5246 5503 4949 5211 5091 5356 5833 5055 4497 4847 5291 4789 5107 5514 5490 5711 4964 5340 5430 5352 4994 5576 5662 5300 5046 5371 5689 5077 5509 5315 5130 5088 5224 5111 5193 5543 5398 5181 5283 5553 5751 4889 5052 5403 5289 5522 5044 5178 5423 5369 5259 5238 5188 5409 5009 4891 5207 4545 5259 5270 5042 4976 5126 5633 5193 5215 5020 5073 5147 5181 5445 5117 4890 5080 5398 5071 5181 5254 5110 4996 5548 5217 5385 5133 5590 5248 5038 5524 5312 5404 5245 5212 5030 5161 5494 5689 4908 5314 5535 5099 5400 5529 5089 5224 4981 5526 5125 5095 5541 5253 5509 5529 5283 5120 4993 5442 5493 5352 5208 5684 5590 5402 5209 4957 5048 5743 4918 4948 5109 5155 5211 4917 5365 5320 5000 4750 5197 4900 4994 5177 5104 5273 5213 5184 5164 4998 4880 5489 5388 5292 5137 4963 5464 5479 4872 4959 5796 5061 5406 5160 5245 5034 5167 5150 5191 5055 5072 5321 5147 5179 5169 5317 5119 5459 4974 5200 5545 5235 5512 5161 5026 5079 5041 5308 5461 5772 4964 5651 5465 5035 5620 5087 5136 4825 5548 5319 4988 5707 5003 5354 5152
5662 5692 5529 5735 5273 5392 5504 5796 5439 5226 4993 5108 5751 5200 5026 5426 4978 5748 5201 5451 6119 5308 5472 5362 5107 5238 5658 5887 5529 5174 5576 5151 5414 5599 5146 5682 5649 5049 5345 5654 5241 5087 5171 5237 5230 5314 5474 5355 5436 5564 5274 5436 5511 5024 5606 5444 5610 5136 4975 5255 5400 5837 5521 4685 5150 5741 4800 5249 5490 5392 5696 4964 5731 5816 5163 5223 5615 5622 5158 5045 5384 5734 5083 5413 5434 5546 5603 5319 5227 5823 5253 5619 5232 5688 5822 5562 5079 5149 5653 5281 5318 5309 5445 5542 5213 5656 5564 5334 5819 5492 5116 5295 4785 5316 5569 5376 5237 5450 5993 5405 5211 5113 5032 5511 5169 5582 5004 5009 4963 5266 5087 5314 5053 5209 5006 5515 5245 5642 5177 5717 5224 4906 5556 5190 5149 5102 5324 5335 5225 5565 5521 5126 5533 5465 5179 5461 5570 5120 5212 4795 5514 4999 5216 5337 5391 5526 5702 5146 5403 4998 5564 5203 5541 5210 5771 5513 5919 5343 4902 5395 5762 5218 5317 5699 4991 5517 5121 5553 5372 5081 4907 5273 4956 5182 5540 5191 5472 5286 5593 5174 5170 4823 5346 5363 5469 5490 5384 5527 5554 5134 5465 5783 4916 5221 4831 5398 5188 5167 5242 5383 5293 5056 5500 4793 5463 5149 5391 5367 5683 4881 5345 5508 5445 5494 5023 5160 5535 5250 5322 5725 5599 5239 5852 5595 5042 5733 5475 5287 5042 5271 5193 5349 5860 5421 5393 5196
4775 5129 5106 4865 4800 4840 4998 5067 4712 4520 4463 4388 5377 4681 4508 4670 4559 5178 4754 4717 5503 4827 4825 4942 4675 4694 5159 5219 4771 4638 5031 4515 4872 4772 4694 4882 5378 4486 4748 4996 4812 4720 4718 4715 4418 4708 4831 5068 4893 5213 4889 4707 5025 4360 4707 4973 5059 4515 4363 4613 4910 5318 4812 4133 4723 4996 4085 4624 5040 4946 4811 4254 5061 5067 5111 4385 5096 5164 4677 4631 4713 5348 4889 4725 4701 4628 4891 4658 4467 4753 4757 4907 4535 4852 5259 5071 4484 4781 5053 4884 5190 4871 4624 4887 5007 5013 5078 4520 5175 4845 4790 4792 4458 4590 5105 4603 4624 4587 4940 4658 4535 4746 4580 4981 4800 4937 4432 4861 4518 4752 4521 4764 4639 4680 4379 5006 4819 4934 4855 4931 4687 4459 4927 4849 4616 4420 4763 4712 4820 4775 4821 4420 4771 4758 4556 5042 5169 4483 4674 4754 4880 4539 4867 4738 4679 5078 4776 4504 4759 4485 4843 4773 4941 4626 5092 4626 5114 4573 4616 4665 5252 4377 4327 4765 4567 4921 4996 5043 4869 4684 4567 4485 4407 4728 4736 4569 4900 4864 4851 4553 4623 4379 4928 4838 4908 5303 4605 4768 4728 4570 4496 4967 4506 4852 4385 5017 4793 4639 4679 4668 4539 4473 5030 4513 5027 4456 4780 4917 5092 4468 4588 5202 4782 5149 4655 4952 5032 4798 4839 4905 5049 4622 4868 4973 4812 5365 4641 4704 4345 4980 4646 4823 5279 4879 4861 4963
4893 5063 4888 5286 4614 4909 4883 5100 4761 4431 4667 4496 5225 4691 4810 4730 4821 5320 4588 5061 5490 4750 4822 4954 4753 4903 5244 5343 4974 4713 5109 4911 4925 4793 4864 4883 5404 4200 5114 5291 4746 4564 4488 4963 4723 5046 5094 4832 4823 4856 4946 4940 5074 4593 5014 4943 4988 4542 4793 4744 4806 5365 4783 4326 4787 4953 4505 4596 4951 4800 4674 4730 5063 5076 4928 4946 4790 5257 5008 4714 4630 5328 4682 5108 4854 4824 4720 4860 4745 5033 4866 4517 4617 5358 5144 4788 4569 4602 4879 5027 5284 4893 5014 4930 4822 4872 5063 4935 5392 4845 4851 4696 4365 4716 4914 4737 4958 4851 5252 4935 4771 4818 4843 5106 4688 4923 4581 4652 4609 4792 4267 4893 4670 4726 4412 4817 4942 5112 5053 5144 5029 4662 5208 5131 4737 4595 5157 4690 4863 4774 5102 4646 5118 4904 4823 4981 5200 4556 4642 4547 5116 4586 4714 4920 4797 5104 5017 4626 4927 4502 4981 4740 4925 4532 5134 5148 5026 4550 4723 4860 5139 4633 4487 4804 4652 5019 4777 5086 4979 4446 4870 4706 4553 4483 4953 4853 5036 4772 4920 4496 4531 4521 4821 4850 5131 4704 4840 5046 4929 4790 4700 4995 4485 5117 4480 4950 4683 4540 4835 4715 4672 4864 4894 4619 4927 4835 4814 4972 5014 4372 5021 5137 4600 4760 4913 4759 5119 5046 4917 4978 5280 4839 5067 5075 4719 5060 4564 4818 4664 5122 4664 4738 5312 4974 5117 4996
5409 5692 5363 5543 5325 5349 5613 5757 5245 5464 4737 4734 5535 5007 5259 5068 5367 5801 5083 5345 6098 5361 5497 5358 4971 5145 5516 5852 5599 5104 5666 4990 5193 5519 5428 5440 5402 5015 5385 5878 5149 5127 5120 5194 5273 5284 5451 5449 5406 5419 5187 5229 5398 5112 5350 5433 5536 5113 4948 5137 5222 5915 5555 4771 5231 5654 4832 5040 5596 5444 5358 4978 5458 5755 5354 4700 5211 5681 5320 5190 5089 5832 5227 5676 5414 5286 5273 5619 4792 5408 5331 5518 5124 5757 5816 5652 5008 5326 5432 5442 5826 5490 5337 5539 5531 5282 5522 5110 5640 5327 5600 5438 4881 5131 5514 5378 5041 5173 5678 5285 5313 5178 5229 5170 5229 5528 5036 5152 5088 5414 4997 5204 4909 5338 4733 5500 5435 5678 5224 5727 5237 5096 5635 5276 5616 5272 5315 5350 5278 5183 5602 5074 5798 5378 5226 5620 5606 4923 5042 5450 5685 5200 5478 5333 5364 5749 5673 4956 5457 4892 5432 5252 5552 4883 5399 5549 5644 5064 5251 5362 5813 5196 4921 5529 5204 5436 4934 5460 5239 5254 4924 5204 4908 5009 5283 5312 5187 5239 5460 4973 5102 4898 5149 5405 5520 5398 5168 5618 5458 5180 5272 5653 4922 5322 5126 5465 5181 5334 4925 5313 5293 5098 5447 4938 5552 5153 5357 5220 5499 5140 5413 5570 5224 5487 5059 5256 5719 5175 5264 5672 5499 5105 5611 5435 4888 5869 5239 5138 5001 5394 5328 5166 5876 5407 5684 5240
5597 5541 5608 5386 5284 5115 5370 5727 5144 5326 4950 4865 5628 5116 4932 5097 5231 5609 4890 5072 5952 5207 5207 5293 4997 5252 5743 5900 5646 5295 5475 4770 5556 5238 5299 5540 5626 5060 5352 5633 5029 5190 5154 5267 4830 5272 5377 5492 5310 5386 5451 5168 5646 5148 5514 5451 5410 5096 4650 5312 5409 5943 5169 4769 4964 5558 4774 5000 5552 5619 6071 5076 5568 5729 5261 5158 5362 5530 5281 5347 4950 5583 5150 5482 5240 5082 5533 5406 5175 5526 5615 5655 5036 5604 5583 5684 4835 5238 5265 5473 5717 5233 5323 5577 5612 5366 5618 4940 5620 5473 5170 5397 4501 5422 5463 5294 5284 5245 5743 5255 5300 5205 5072 5145 5080 5885 4893 4960 5144 5616 4976 5326 5168 5330 4876 5548 5032 5323 5248 5646 5363 4884 5640 5464 5608 5194 5254 5134 5036 5237 5396 4888 5332 5416 5149 5601 5884 5142 4955 5198 5627 5176 5311 5405 5388 5570 5477 5240 5382 4975 5569 5347 5281 5207 5695 5408 5473 5367 5261 5028 5855 5029 5067 5656 5070 5330 5058 5431 5402 5159 4962 5021 5129 5164 5505 5213 5216 5308 5682 5252 5103 4790 5306 5593 5749 5346 5344 5663 5538 4960 4988 5840 4871 5205 4861 5155 5215 5268 5231 5303 5007 5293 5408 5144 5564 5184 5502 5214 5411 4906 5201 5564 5206 5542 5353 5361 5594 5219 5228 5595 5457 5179 5642 5644 5099 5885 5046 5361 4863 5523 5340 5347 5862 5486 5453 5121
5598 5715 5560 5608 5126 4987 5263 5517 5230 5484 4928 4853 5676 4977 5105 5225 5261 5545 5152 5211 6005 5262 5268 5286 5167 5278 5619 6186 5640 5126 5512 4857 5624 5246 5139 5753 5628 5163 5143 5504 5002 5365 5086 5020 4926 5644 5307 5255 5438 5634 5454 5193 5549 5023 5329 5372 5559 5137 4961 4897 5232 5940 5071 4794 5421 5695 4707 5191 5403 5550 5729 5039 5379 5570 5280 5099 5382 5628 5372 4983 5076 5766 5211 5561 5186 5254 5252 5427 5163 5446 5324 5539 5211 5560 5729 5526 5032 5129 5473 5487 5387 5100 5322 5614 5632 5387 5540 5259 5593 5254 5052 5286 4919 5051 5110 5318 5080 5437 5669 5136 5124 5008 5223 5313 5026 5606 4994 4970 4964 5369 4928 5121 5014 5399 4831 5572 5282 5427 5093 5742 5436 4912 5354 5436 5347 5014 5189 5038 5185 5501 5222 4825 5429 5336 4765 5415 5724 4911 5103 5168 5645 5185 5637 5430 5097 5461 5313 5415 5317 5134 5126 5029 5617 5310 5802 5333 5446 5213 4724 5309 5942 5125 5029 5335 5282 5206 5143 5282 5330 4937 4868 4830 4969 5174 5114 5350 5170 5169 5291 5061 5261 4895 5503 5528 5548 5274 5236 5653 5549 4981 4966 5356 5004 5323 4871 5168 5062 5103 5219 5342 4846 5406 5409 5049 5459 5217 5344 5258 5671 4838 5158 5582 5464 5342 5205 5099 5618 5535 5260 5515 5423 5275 5433 5394 5124 5641 5124 5209 4869 5511 5388 5030 5705 5214 5493 5160
5224 5551 5367 5518 5068 5094 5321 5365 5191 4791 4948 4698 5222 4908 4939 5204 5195 5651 4955 5188 6207 5244 5403 5246 5095 4813 5526 5632 5567 5023 5409 4927 5395 5340 5494 5359 5411 4839 5191 5658 5039 5177 4796 5197 5163 5074 5518 5314 5201 5649 5161 5285 5216 4946 5235 5079 5373 5311 4896 5171 5361 5764 5237 4686 4957 5182 4862 4989 5282 5250 5531 4790 5171 5587 5103 4945 5440 5548 5417 4882 5227 5668 5020 5516 5355 5203 5349 5462 5095 5173 4970 5354 5069 5430 5733 5187 4791 5386 5369 5316 5686 5266 5197 5160 5420 5351 5546 4962 5434 5287 5223 5221 4594 5287 5375 5190 5104 5095 5593 5154 5357 5092 5212 5075 5263 5258 4899 5031 5155 5274 5178 5426 4995 5343 4986 5571 5426 5209 5225 5346 5292 4984 5657 5023 5096 4948 5292 5210 5142 5054 5257 4729 5475 5537 4997 5195 5597 4782 4875 5307 5401 4959 5075 5152 5426 5424 5663 5126 5409 4680 5425 4892 5400 4731 5827 5463 5547 4847 5011 5045 5575 5002 5004 5259 4936 5345 5070 5240 5153 4829 4753 5107 4992 5130 5253 5195 5398 5215 5413 5125 5073 4836 5466 5264 5299 5572 4895 5593 5386 5142 5046 5760 4819 4944 4845 5253 5213 5106 5001 5198 5162 4917 5190 5053 5271 5086 5382 5300 5382 4945 5350 5605 5343 5349 5180 5250 5295 5037 5447 5434 5392 4952 5814 5439 5017 5770 4933 5489 5125 5352 5117 5326 5698 5011 5534 5242
5113 5270 5522 5254 4839 4833 5223 5404 5001 4941 4793 4557 5338 4905 4821 4950 5108 5462 5042 4836 5946 5063 5315 4910 4926 5105 5477 5788 5307 5048 5133 4645 5451 5040 5010 5197 5524 4917 5226 5592 5098 4848 4890 5157 4728 5158 5102 5152 4995 5260 4992 5190 5192 4798 5201 5237 5340 5107 4908 4927 5179 5505 4937 4700 4894 5663 4872 4961 5253 5024 5444 4571 5311 5460 4946 4940 5164 5453 5095 4983 4866 5581 4893 5040 4883 5158 5360 5072 4917 4993 5215 5202 5069 5343 5500 5432 5011 5319 5133 5274 5547 4894 5423 5382 5305 5469 5415 4999 5461 4878 5062 5131 4582 4889 5114 5035 4963 5244 5467 5028 5134 4917 5113 4995 5081 5457 4682 4995 4859 5060 4756 5267 4885 4989 4725 5184 5268 5321 5187 5504 4952 4892 5284 5207 5018 4896 5083 5130 5235 5271 4965 4680 5293 5179 4943 5431 5515 4929 5193 4985 5396 4822 5178 5212 5375 5380 5450 5122 5437 4765 5278 4863 5011 4920 5541 5154 5296 4960 5081 5177 5670 4822 4753 5099 4852 5208 4992 5054 5228 4734 4697 4755 4832 4723 5183 5156 5220 5253 5230 4932 5030 4935 4854 5043 5237 5294 5061 5349 5311 4947 4809 5339 4583 5158 4643 5122 4982 4950 4776 5029 4842 4955 5446 4692 5302 5219 5199 5153 5059 4993 5008 5370 4924 5277 4905 5213 5343 4881 4957 5429 5368 5122 5243 5468 5145 5454 4976 5235 4601 5248 5209 5051 5509 4937 5607 5237
5595 5665 5732 5652 4973 4926 5297 5663 5216 5291 5082 5038 5674 5007 5141 5476 5046 5576 4946 5515 6101 5519 5308 5365 5093 5437 5518 5982 5633 5476 5427 5020 5523 5312 5385 5451 5773 4902 5566 5644 5186 5288 4898 5277 5456 5355 5336 5149 5359 5767 5370 5300 5572 5171 5570 5246 5381 5584 5065 5174 5331 6013 5265 4601 5438 5420 4995 5277 5408 5348 5664 5143 5698 5667 5323 5248 5310 5901 5330 5010 5247 5723 5275 5826 5180 5288 5222 5437 5187 5602 5534 5532 5249 5515 5672 5474 5013 5341 5517 5568 5779 5208 5023 5305 5416 5546 5667 5109 5676 5146 5042 5202 4494 5421 5391 5287 5137 5077 5633 5292 5038 5199 5280 5305 5148 5377 4809 5182 5142 5594 5307 5267 5227 5129 4880 5600 5294 5548 5234 5776 5345 4876 5887 5231 5458 4985 5627 5253 5199 5247 5517 4942 5451 5573 5099 5350 5833 5365 5200 5286 5605 5176 5392 5439 5440 5400 5646 5262 5111 5067 5581 5386 5324 4686 5547 5744 5654 5341 4938 5268 5588 5163 5053 5218 5051 5437 4924 5345 5125 4918 5039 4963 5128 5102 5219 5389 5177 5256 5590 5144 5380 4668 5304 5314 5478 5343 5206 5680 5511 5064 5063 5748 5046 5230 4908 5107 5023 5220 5143 5363 5129 5123 5734 5112 5520 5109 5470 5534 5716 4967 5312 5758 5386 5550 5202 5278 5525 5524 5311 5723 5536 5304 5752 5542 5310 5733 5080 5225 4889 5420 5246 5100 5748 5318 5713 5099
5410 5302 5126 5379 5080 4805 5287 5308 4943 4852 4561 4694 5264 4936 5078 5040 5192 5546 4845 5166 5956 5183 5319 5096 4854 5023 5539 5537 5334 5088 5271 4788 5283 5119 4995 5216 5246 4964 5020 5498 4885 4838 4664 5341 5004 5444 5428 5007 5344 5545 5285 5211 5249 4781 5142 5233 5306 4969 4978 5153 4872 5392 5332 4496 4829 5351 4714 5057 5198 5219 5270 4748 5268 5658 5554 5066 5143 5470 5085 5001 4703 5490 5006 5174 4976 4959 5106 5071 4918 5326 5186 4986 4914 5427 5495 5360 4806 4976 5179 5278 5662 5123 5065 5301 5116 5164 5392 4959 5532 4970 5007 5351 4357 5029 5174 5263 5004 5126 5479 5203 5155 4865 5187 5155 4893 5494 4671 4654 4683 5253 4757 5026 5195 4970 4606 5073 5027 5070 5118 5429 5175 5223 5585 5415 5339 5042 5066 5049 5164 4957 5238 4885 5172 5341 5006 5087 5705 5086 5346 4796 5673 4799 4953 5274 4904 5439 5223 4805 5132 4723 5328 4864 5430 4684 5346 5102 5345 5123 4859 5025 5675 4993 4567 5248 4974 5224 4742 5371 5320 4572 4847 4818 4823 4780 4981 5037 5339 4984 5608 4813 5075 4892 5035 5249 5363 5300 5047 5392 5125 4900 4811 5825 5040 4993 4811 5243 4773 5034 5138 5053 5075 5003 5336 5062 5009 5089 5140 5116 5232 4823 4882 5324 5050 5380 4934 4977 5261 5142 4826 5669 5102 5041 5420 5422 4857 5743 5009 5032 4622 5188 4862 5235 5620 5146 5683 5121
5458 5515 5682 5516 5013 5269 5627 5584 5124 5473 4970 4618 5693 5148 5009 5047 4992 5658 4860 5241 6148 5443 5362 5318 5287 5141 5489 5889 5521 5041 5740 4941 5555 5292 5067 5603 5730 4857 5499 5785 5369 5115 5134 5059 4923 5258 5515 5177 5365 5514 5294 5236 5456 4980 5519 5311 5662 4983 5156 5048 5175 5822 5297 4933 5170 5511 4851 4882 5730 5693 5633 5143 5565 5530 5365 4990 5199 5890 5174 5129 4952 5905 5089 5413 5104 5289 5488 5221 5211 5240 5511 5333 5156 5585 5895 5536 4781 5140 5198 5691 5502 5274 5366 5443 5468 5534 5574 5026 5481 5209 5076 5494 4928 5386 5739 4990 5259 5186 5422 5196 5406 5138 5095 5377 5250 5513 4870 5511 5038 5085 4934 5460 5107 5097 4709 5439 5407 5883 5349 5737 5375 4943 5592 5833 5484 5044 5431 5257 4934 5320 5292 4759 5407 5342 5015 5452 5772 5047 5227 4820 5801 5062 5435 5324 5478 5481 5337 5316 5147 4912 5335 5303 5314 5229 5774 5421 5599 5100 5062 5160 5623 5244 4872 5549 5212 5329 5206 5280 5385 4747 5073 5165 4939 4919 5210 5161 5341 4970 5449 5287 5085 4808 5181 5427 5445 5229 5297 5741 5254 5360 5252 5316 4930 5180 4692 5197 4958 5008 5440 5246 5075 5271 5473 4840 5376 5118 5509 5099 5288 4999 5104 5665 5080 5328 5421 5360 5590 5328 5433 5457 5579 5420 5509 5497 5046 5726 5149 5444 4875 5468 5095 4955 5625 5518 5361 5343
5415 5454 5687 5465 5047 4990 5369 5417 5144 5172 4926 4774 5611 4928 4994 4891 4971 5263 5070 5145 5977 5272 5153 5098 5072 5185 5454 5692 5349 5240 5649 4662 5440 5194 5166 5291 5430 4751 5204 5532 4993 4933 5064 5143 5104 5367 5118 5125 5313 5574 5147 5150 5465 4779 5303 5228 5628 5015 5008 5046 5255 5586 4814 4687 4952 5553 4817 4908 5230 5254 5410 4564 5273 5380 5073 4859 5070 5834 5009 5206 5009 5665 4960 5557 5284 5090 5102 4977 5009 5276 5153 5385 4995 5384 5680 5457 4996 5068 5236 5510 5464 5202 5167 5401 5417 5313 5182 5119 5293 5002 4771 5237 4652 5110 5084 5303 5044 5028 5464 5299 4959 5004 4976 5343 5016 5417 4956 5194 4952 5319 5093 5276 4929 5184 4933 5229 5380 5336 5107 5580 5078 5023 5392 5485 5174 4723 5314 5380 5024 5258 5153 4835 5340 5421 4853 5253 5802 4958 4955 5015 5492 4886 5262 5444 5262 5409 5512 5221 5090 4713 5066 5203 5619 5049 5494 5274 5255 5055 4994 5174 5690 5001 4681 5149 4984 5417 5070 5323 5017 4966 4782 4889 4934 5036 4987 5201 4954 5132 5272 4848 5014 4863 5167 5410 5159 5352 4912 5478 5230 5025 4898 5597 4790 5391 4916 5095 5116 4762 5287 5119 4989 4827 5569 5141 5208 5026 5242 5057 5304 4710 4990 5296 5205 5401 5064 5281 5568 5100 5296 5448 5393 4947 5268 5298 4954 5705 5020 4977 4782 5478 5233 5176 5270 5132 5291 5410
5295 5327 5376 5317 4864 4981 4989 5369 5122 5013 4674 4443 5546 5065 5105 4799 4762 5327 5044 5081 5560 5285 4990 5020 5053 5004 5289 5310 5016 5091 5168 4438 5265 5174 5080 5127 5051 4770 4915 5355 4776 4689 4767 4995 4835 5034 5148 5113 5005 5316 5173 5119 5105 4957 5098 5007 5442 5151 4602 5002 4899 5438 4717 4655 4709 5157 4861 4814 5087 5129 5305 4599 5248 5313 4775 4915 5147 5538 4922 4939 4608 5512 5044 5167 4859 4994 4824 4715 4884 5419 5185 5184 4846 5177 5573 5291 4811 5022 5181 5440 5456 4740 5111 5392 5320 5124 5107 4942 5271 5092 4627 5133 4365 4853 5247 5167 4840 5053 5363 4858 4949 4994 4830 5049 4733 5213 4707 5110 4966 5264 4902 4928 4906 5010 4561 5480 5050 4956 5105 5381 5012 4893 5302 4922 5030 4887 5144 5046 4899 5189 5028 4622 5268 5203 4845 4958 5562 4686 4854 4969 5492 4652 5000 5073 4908 5358 5289 4975 4957 4569 5171 4824 5283 4763 5573 5127 5203 4955 5069 4990 5442 4828 4655 5260 4791 5164 4998 5037 4949 5025 4622 4902 4702 4926 5121 4756 5008 5056 5251 4918 4979 4685 5460 5179 5336 5215 4765 5539 4947 4666 4881 5345 4772 4761 4682 5351 4937 4792 5057 4947 4772 4832 5029 4583 5225 4896 5097 5023 5311 4773 4816 4922 4746 5281 4838 4692 5320 4985 4985 5390 5442 4919 5149 5175 4796 5223 4989 4875 4525 5165 5019 4840 5362 5138 5032 4989
5443 5811 5431 5647 5089 5025 5552 5843 5441 5335 4894 4708 5809 4967 5213 5126 5202 5478 4809 5150 5931 5244 5399 5475 5164 5059 5453 5704 5551 5131 5412 4982 5532 5259 5033 5544 5612 4925 5379 5660 5263 5211 5047 5323 5021 5296 5591 5238 5395 5545 5278 5336 5525 5000 5137 5297 5448 5103 5231 5264 5251 5900 5341 4860 5148 5509 4823 5136 5296 5323 5569 5106 5414 5638 5372 5180 5551 5916 5745 5191 5240 5935 5128 5452 5053 5198 5401 5492 4841 5277 5337 5321 5266 5541 5804 5663 5086 5471 5514 5456 5793 5141 5265 5666 5525 5511 5406 5345 5643 5399 5002 5559 4949 5231 5284 5229 5062 5178 5529 5276 5279 5158 5317 5211 4976 5365 4852 5345 5081 5505 5063 5725 5311 5383 4996 5466 5396 5531 5266 5810 5595 5178 5791 5659 5513 5085 5471 5289 5187 5328 5411 5117 5601 5464 4995 5298 5779 4946 5329 5262 5556 5002 5330 5298 5381 5363 5514 5305 5190 4845 5495 5315 5536 5009 5877 5437 5754 5060 5226 5189 5869 5041 4856 5359 5243 5576 5004 5390 5347 5075 5263 4823 5021 4915 5307 5238 5444 5265 5652 5234 5428 4945 5347 5379 5440 5416 5303 5400 5450 5080 4985 5590 4960 5053 4895 5233 5205 5043 5155 5166 5159 5359 5251 4920 5338 4959 5502 5249 5426 5006 5190 5677 5006 5543 5175 5385 5474 5537 5216 5848 5660 5221 5514 5219 5126 5894 4964 5361 4879 5516 5478 5208 5560 5408 5655 4928
5289 5375 5546 5688 5341 5139 5553 5634 5308 5163 4963 4912 5646 4966 5216 4998 5354 5725 5121 5112 6017 5481 5369 5304 5287 5103 5737 6078 5639 5007 5471 4860 5481 5196 5138 5532 5602 5163 5484 5637 5187 4974 5148 5193 4932 5214 5379 5361 5203 5417 5277 5277 5634 4903 5243 5359 5440 5229 5114 5107 5113 5632 5293 4888 5171 5612 4912 5229 5424 5401 5626 5168 5535 5824 5085 4992 5408 5638 5267 5220 4899 5735 5183 5343 5683 5286 5376 5213 5169 5378 5457 5614 5032 5476 5638 5561 5023 5254 5479 5279 5775 5482 5260 5345 5471 5444 5377 5411 5809 5296 5193 5541 4787 5253 5393 5189 5125 5246 5810 5281 5144 5002 5341 5271 5062 5422 5171 4822 5016 5432 4907 5139 4862 5280 4765 5498 5306 5586 5145 5517 5175 5038 5376 5286 5611 5190 5487 5164 4926 5254 5347 5115 5594 5514 5270 5454 5594 4976 5139 5296 5320 4745 5549 5521 5446 5380 5719 5132 5270 4875 5383 5037 5576 4989 5625 5561 5638 5127 5320 5152 5979 5134 4840 5410 5236 5471 5002 5250 5275 4899 4922 5150 5170 4855 5403 5132 5470 5262 5278 5252 5200 4839 5578 5193 5511 5283 5270 5278 5225 5076 5012 5435 5079 5208 4804 5318 5018 5027 5189 5096 5059 5131 5421 4805 5398 5182 5525 5385 5652 4879 5329 5399 5250 5483 5196 5018 5330 5252 5182 5658 5727 5039 5663 5567 5163 5791 5077 5435 4881 5576 5280 4970 5725 5552 5494 5047
4923 5137 4989 5101 4374 4678 5106 5257 4709 4849 4413 4465 5339 4463 4700 4469 4844 5256 4622 4874 5549 4782 4835 4854 4847 4894 4957 5394 5326 4677 5119 4683 4909 5116 4709 5044 4900 4651 4775 5115 4667 4653 4819 4792 4729 4979 5273 4816 5182 5003 5000 4681 4876 4616 5111 5024 5423 4882 4335 4680 4687 5295 4911 4367 4739 5058 4473 4798 5278 5061 5329 4427 5271 5455 5141 4553 5005 5348 5072 4609 4659 5471 4713 4813 4608 4601 4992 5037 4686 5062 4789 5130 4657 5094 5251 5168 4389 5101 4937 4978 5083 4731 4923 5235 4941 5120 4974 4893 5076 4829 4699 5121 4363 4698 4946 4672 4858 4838 5174 4969 4801 4608 4738 4738 4820 5132 4342 4778 4945 4840 4664 4775 4900 4760 4517 4850 5101 5037 4810 5329 4866 4836 5343 5232 4934 4722 4774 4909 4790 4720 4874 4506 5015 4789 4649 5008 5371 4772 4871 4707 5109 4685 5110 5175 4889 4897 5077 5029 4785 4509 5071 4695 5243 4736 5068 4952 5145 4831 4430 4809 5377 4652 4492 4862 4618 4774 4873 5068 4804 4806 4587 4757 4768 4897 4934 4844 5005 4978 5081 5006 4626 4297 5197 4788 5067 5214 4784 5063 4961 4692 4635 5114 4531 4766 4658 5106 4846 4759 4734 4890 4982 4861 4919 4645 5127 4654 4883 4851 5232 4602 4825 5000 4840 4925 4931 4980 5036 4897 4870 5233 4923 4708 5010 4987 4646 5590 4558 4619 4521 5009 4612 4903 5071 5013 5017 4729
5333 5683 5278 5568 4798 5249 5575 5768 5201 5306 4926 4628 5707 4883 4731 5184 5145 5488 4902 5251 6050 5335 5190 5446 5060 5352 5406 5740 5417 5246 5456 4983 5431 5350 4936 5290 5653 4864 5330 5604 5160 4812 5087 5100 4754 5276 5413 5025 5159 5508 5355 5104 5671 4835 5421 5353 5503 5123 4988 5139 5202 5514 5173 4673 4837 5510 5046 4609 5445 5421 5678 4768 5350 5672 5288 5083 5485 5645 5210 5283 5016 5600 5016 5145 5285 5130 5259 5038 4832 5519 5216 5595 5085 5637 5697 5482 4700 5239 5305 5407 5717 5216 5130 5738 5665 5456 5510 5089 5625 4984 5173 5493 4849 5318 5485 5046 5396 5417 5378 5437 5069 4957 5111 5209 5072 5639 5023 4980 5073 5402 4949 5369 5005 5145 4777 5247 5368 5489 5105 5719 5301 5013 5420 5456 5335 5107 5341 5000 5002 5332 5170 5137 5669 5353 5198 5649 5806 4844 5159 5077 5650 4914 5467 5085 5388 5687 5484 5118 5359 5034 5609 5264 5615 5234 5562 5438 5693 5046 4999 5305 5880 4704 4982 5431 5034 5168 5058 5269 5250 5036 5063 4813 4949 4885 5157 5239 5360 5079 5440 5100 5274 4653 5634 5399 5539 5353 5345 5482 5274 5030 5015 5558 4732 5009 4974 5460 5133 5228 5308 5142 4979 5000 5109 4934 5376 5385 5374 5087 5555 5140 5244 5571 5055 5712 5122 5566 5443 5338 5211 5557 5591 5005 5479 5418 4815 5732 4844 5216 4887 5326 5222 5108 5869 5456 5496 5312
4922 5088 5155 5191 4659 4704 5048 5190 4705 4725 4425 4521 5077 4704 4650 4948 4974 5141 4316 4751 5536 4971 5088 4590 4561 4769 5189 5342 5115 4982 5139 4622 5187 4885 4959 5166 5106 4355 5160 4995 4864 4663 4669 4702 4878 4835 5225 4774 5121 5103 5122 4655 4808 4675 4971 5027 5138 5020 4539 4470 4835 5173 4663 4482 5095 4803 4723 4780 4953 4587 5182 4674 4958 5198 4791 4536 4884 5120 4744 4732 4758 5070 4784 5283 4987 4777 5094 5023 4600 5003 4856 5002 4679 5241 5197 4901 4800 4785 4799 4835 5515 5040 4907 5149 5189 5016 5212 4899 5198 4857 4933 4811 4194 5011 4876 5013 4856 4848 5123 5070 4916 4847 4729 4997 4628 5146 4670 4609 4554 4938 4628 4924 4534 4735 4514 4880 4903 5156 4916 5285 4892 4740 4796 4752 5094 4660 4735 5032 4419 4796 4886 4399 5101 4976 4718 4788 5209 4559 4825 4596 5014 4363 4862 4606 5000 4828 5097 4878 4902 4667 4858 4688 5291 4556 5036 5039 5013 4976 4780 4700 5184 4636 4560 5230 4711 5010 4518 5003 4932 4557 4622 4900 4744 4682 4918 4824 4761 4620 5245 4595 4927 4380 4936 4621 4976 4977 4856 5202 4950 4637 4743 5416 4567 4750 4536 4861 4649 4615 4917 4629 4682 4890 5179 4526 5032 4786 4854 4789 4973 4422 4953 5362 4985 4968 4794 4869 5029 4962 5100 5276 5078 4714 5273 5191 4648 5351 4591 4865 4462 4850 5041 4758 5176 4887 5190 4791
5361 5765 5553 5574 5146 5256 5321 5482 5494 5018 5048 4969 5808 5123 4965 5355 5368 5668 4874 5279 6081 5429 5424 5212 5163 5391 5713 5835 5696 5297 5487 5072 5330 5513 5166 5578 5668 4829 5329 5760 5447 5185 4983 5303 5158 5330 5453 5174 5060 5498 5497 5344 5471 4832 5557 5510 5445 5097 5196 5275 5477 5810 5218 4888 5032 5293 4896 5122 5470 5241 5810 4875 5472 5697 5405 5304 5562 5549 5223 4988 5033 5649 5235 5591 5245 5356 5536 5397 5102 5618 5240 5400 5274 5660 5658 5579 4910 5148 5569 5739 5733 5155 5314 5888 5582 5325 5618 5082 5564 5207 5277 5430 4525 5349 5459 5328 4993 5390 5709 5569 5237 5217 5064 5350 5360 5408 4852 5305 5343 5563 4970 5445 5139 5035 5090 5502 5530 5364 5309 5835 5194 5105 5545 5231 5666 4843 5688 5186 5162 5446 5584 4991 5465 5587 5039 5397 5652 5204 4975 5154 5732 5130 5304 5441 5310 5675 5418 5346 5473 4791 5440 5086 5527 5200 5775 5333 5807 5309 5188 5264 5741 5088 5116 5550 5144 5461 5060 5497 5502 4983 5073 5165 4988 5083 5371 5193 5371 5086 5458 5166 5340 5025 5456 5458 5639 5579 5288 5460 5333 5251 5175 5746 5007 5022 4924 5397 5462 5186 5310 5382 4961 5436 5346 4796 5247 5115 5328 5414 5500 4990 5468 5439 5227 5474 5179 5360 5418 5196 5671 5505 5762 5402 5742 5544 5128 5809 5111 5328 4893 5679 5160 5427 5865 5366 5596 5469
5551 5526 5596 5663 5384 5016 5342 5682 5361 5213 5004 4896 5584 5230 5156 5020 5148 5471 5255 5116 6114 5303 5426 5580 5124 5194 5565 5706 5659 5251 5286 4804 5794 5493 5256 5587 5567 4868 5214 5763 5255 5205 5120 5268 5015 5191 5320 5187 5340 5358 5044 5482 5419 5249 5527 5337 5322 5202 5156 5354 5244 6119 5021 4959 4901 5588 5042 5060 5552 5438 5843 4874 5476 5669 5049 5100 5506 5774 5252 5353 5000 5942 5366 5623 5395 5418 5352 5330 4761 5515 5589 5510 5116 5428 5902 5849 4973 5260 5386 5599 5806 5215 5541 5532 5517 5607 5594 5109 5634 5404 5092 5290 4658 5134 5539 5118 5350 5349 5691 5433 5195 5214 5320 5390 5165 5595 5020 5337 5220 5402 5109 5398 5275 5210 4876 5368 5514 5566 5119 5603 5249 4910 5383 5402 5387 5086 5595 5136 5147 5339 5460 5004 5353 5409 5108 5377 5835 5011 5004 5488 5538 5007 5482 5385 5241 5544 5507 5388 5040 4927 5455 5309 5547 5083 5853 5458 5523 5006 5235 5075 5968 5079 5143 5435 4942 5081 5350 5259 5510 5265 5166 5105 5027 5082 5325 5190 5193 5305 5326 5042 5030 4991 5515 5636 5539 5766 5199 5545 5474 5236 5112 5440 4935 5391 5302 5299 5145 4946 5007 4949 5104 5249 5408 5120 5404 5274 5450 5379 5665 5036 5245 5657 5577 5420 5216 5279 5475 5162 5207 5434 5350 5331 5637 5573 5158 5716 5175 5280 4872 5429 5465 5290 5830 5379 5450 5338
4920 5288 5001 5100 4875 4803 5102 5147 4839 4477 4613 4452 5501 4820 4926 4978 4739 5188 4554 5024 5721 5057 4965 5157 4664 4730 5337 5387 5021 4847 5313 4838 4980 4821 4956 5177 5278 4875 5075 5337 4965 4748 4745 5042 4720 5011 5241 5068 5181 5191 4995 5056 5023 4723 5173 5169 5225 4780 4792 4810 4931 5550 4999 4455 4775 5249 4648 4752 5214 4965 5232 4550 5106 5125 4986 4639 5089 5429 4885 4817 4548 5417 4646 5278 4893 4933 4974 5185 4890 5042 5152 4998 4843 4938 5460 5013 4417 4923 4870 4968 5468 4878 5100 5196 5132 5091 5389 5013 5205 4889 4884 5126 4304 5021 5213 5001 4847 5265 5305 4980 4973 4880 5029 5167 4990 5128 4455 4809 4804 4877 4661 4931 4831 4880 4418 5205 5173 5037 4983 5086 5137 4682 5104 5173 5044 5120 5031 4862 4999 4813 4865 4526 5220 5022 4679 4976 5571 4885 5102 4828 5307 4629 4882 4946 4802 5119 5340 4691 5041 4709 4960 4743 4983 4589 5169 5352 5390 4629 4982 5059 5556 4751 4668 5033 4618 5040 4670 5059 5181 4554 4729 4845 4719 5001 5143 5090 5192 5029 5033 4736 4870 4580 5008 4900 5005 5060 4931 4792 4950 4796 4793 5516 4802 4960 4463 5111 4848 4538 4776 4904 4802 4870 5219 4669 5237 5043 5291 4810 5087 4713 4980 5261 4858 5202 5004 4917 4997 4958 4807 5336 5139 4902 4886 5166 4688 5464 4636 4877 4655 4921 4928 4973 5268 5346 5221 5142
5349 5458 5433 5461 5168 5140 5334 5510 5417 4988 4960 4910 5861 5031 5086 5404 5082 5583 4917 5230 5906 5448 5450 5283 5112 4979 5575 6047 5552 5225 5392 4831 5382 5221 5259 5343 5704 4991 5362 5767 5163 5242 5021 4974 5138 5128 5457 5452 5108 5412 5305 5229 5489 5129 5288 5141 5624 5182 5000 5149 5218 5788 5240 4646 4953 5520 4739 5153 5596 5231 5502 4987 5245 5836 5139 5040 5132 5856 5078 5063 5306 5480 5375 5424 5225 5051 5303 5536 5180 5671 5236 5367 4764 5575 5363 5206 5046 5172 5086 5401 5702 5403 5164 5369 5535 5387 5487 5177 5634 5116 4991 5508 4533 5351 5313 5226 5119 4978 5564 5114 5096 5252 5177 5458 5121 5518 4971 4989 5119 5506 4928 5441 4954 5275 4869 5283 5091 5122 5095 5321 5598 4873 5433 5232 5325 5331 5464 5177 5389 5128 5122 4907 5494 5289 5010 5401 5611 4924 4975 5155 5625 4861 5224 5346 5429 5567 5614 5043 5068 4806 5556 5231 5524 4965 5546 5242 5360 5176 5017 5024 5849 4944 4730 5346 5030 5299 4938 5445 5348 5138 4971 4939 4792 5100 5339 5235 5364 5102 5388 5113 5175 4812 5211 5178 5592 5406 5221 5175 5279 5010 5230 5581 5162 5393 5031 5143 5011 4935 4851 5159 5058 5250 5368 4823 5246 5245 5369 5207 5690 4794 5078 5326 5295 5362 5101 5139 5364 5276 5118 5531 5649 5303 5603 5538 5062 5986 5066 5139 4891 5308 5524 5400 5832 5243 5516 5133
5300 5548 5616 5582 4943 5185 5422 5437 5464 4955 4815 4897 5500 5079 4894 5200 5146 5551 5147 5256 6010 5156 5373 5202 4840 4939 5731 5837 5551 5023 5585 5074 5289 5210 5281 5275 5629 5049 5347 5604 5441 5143 5079 5091 4947 5254 5300 5291 5201 5402 5235 5294 5602 5246 5340 5385 5428 5113 5062 4968 5177 5740 5433 4791 5254 5587 4805 5252 5622 5205 5494 5110 5134 5791 5350 5089 5188 5983 5183 5023 4962 5497 5138 5264 5409 5130 5417 5381 5223 5454 5146 5642 5078 5567 5566 5378 4921 5368 5258 5541 5765 5391 5265 5061 5224 5308 5480 5239 5402 5266 5148 5479 4853 5287 5493 5225 5140 4958 5751 5260 5168 5158 5466 5537 5194 5432 5002 4878 4969 5401 4854 5389 4894 5212 4656 5237 5245 5486 5141 5658 5254 5061 5512 5376 5372 4955 5379 5329 4876 4912 5003 4859 5438 5230 4717 5465 5536 5114 5127 5246 5264 4737 5174 5261 5269 5720 5640 4893 5270 4860 5613 5232 5394 5017 5831 5362 5611 4824 5019 5289 5652 4582 4834 5446 5101 5300 5012 5505 5313 4870 5006 4987 5039 4838 5202 5597 5070 5103 5485 5009 5230 4900 5214 5495 5637 5184 5233 5456 5205 4868 5094 5575 4635 5121 4985 5454 5334 4927 5257 5011 4903 5002 5321 4634 5271 5193 5448 5220 5807 4758 5621 5470 4994 5267 5038 5260 5354 5362 5267 5540 5658 5028 5483 5515 5151 5731 4761 5456 4949 5585 5140 5135 5497 5351 5615 5084
5335 5604 5417 5509 5063 5260 5361 5999 5097 5275 5020 4712 5747 5112 5179 5322 5104 5470 5058 5225 5776 5224 5725 5434 5034 5110 5612 5743 5558 5192 5309 4788 5906 5156 5157 5520 5623 5188 5393 5950 5041 5027 5193 5148 4957 5232 5425 5291 5427 5470 5221 5675 5448 5117 5353 5416 5608 5290 4985 5341 5407 5904 5103 4989 5313 5480 4706 4928 5311 5157 5522 4808 5349 5603 5370 5327 5329 5661 5061 5214 5368 5699 5186 5607 5339 5443 5479 5364 5015 5536 5063 5362 4911 5465 5769 5613 4845 5492 5377 5413 5992 5114 5468 5473 5534 5763 5747 5075 5579 5259 5299 5570 4800 5425 5405 5456 5317 5231 5820 5300 5098 5124 5339 5249 5150 5264 4860 5280 5008 5372 5156 5361 4952 5328 4845 5329 5407 5776 5104 5648 5313 4818 5261 5404 5309 5232 5445 5283 5118 5403 5274 4975 5520 5387 5241 5428 5644 4992 5223 5370 5421 4791 5103 5439 5694 5454 5506 5422 5320 5003 5526 4968 5624 5111 5714 5655 5359 5171 5199 5182 5906 5150 5125 5507 5177 5369 5180 5391 5185 5222 4955 4760 5159 4918 5131 5262 5407 5309 5186 5182 5467 5015 5544 5533 5342 5819 5358 5410 5416 5095 5312 5491 5030 4974 5024 5183 5130 4918 5099 5398 4929 4974 5583 4951 5600 5344 5342 5369 5585 5106 5313 5821 5052 5597 5250 5188 5342 5402 5247 5764 5683 5197 5727 5378 5034 5817 5125 5425 4958 5623 5352 5153 5774 5570 5721 5302
5120 5439 5220 5151 4862 4745 5188 5412 5132 5015 4637 4462 5267 4931 4745 4817 5046 5447 4961 4892 5790 5255 5197 5004 4972 5056 5262 5546 5213 5001 4900 4678 5227 4865 4702 5039 5497 4660 5210 5163 4936 4760 4794 5165 4604 5224 5087 5124 5095 5283 5011 4919 5296 5105 5092 4989 4998 4740 4781 4766 5043 5560 5035 4432 4932 5242 4605 4985 4996 5163 5324 4626 5052 5461 5053 5120 5225 5212 5176 4935 4854 5300 4916 5242 4702 4963 5237 5101 4595 4952 5124 4854 4813 5136 5273 5164 4640 4982 5197 5153 5308 4954 5023 5012 5323 5045 5466 4969 5311 4997 4886 5060 4513 5118 5255 4965 5012 4865 5453 4983 4921 4863 5100 4832 5144 5103 4725 4998 4819 5003 4855 5194 4899 4984 4534 5256 5335 5039 4904 5259 5272 4727 5281 5315 5004 4883 5091 4896 5098 4969 4968 4466 5148 5039 4736 5017 5645 4968 4931 5053 5324 4615 5002 4835 4851 5417 5300 4980 5050 4586 5096 4838 5137 4708 5543 4966 5265 4924 4720 4885 5465 4803 4712 4998 5143 5091 4896 5007 5078 4988 4908 4717 4832 4632 5036 4882 5244 4815 5111 4886 4645 4739 5243 5036 5111 5318 5139 5141 4953 5118 4677 5137 4652 4992 4768 5069 4889 4746 4858 4965 5005 4986 5122 4612 5165 4891 5166 5066 5204 4632 4745 5615 4887 5313 4980 4950 5058 5219 4953 5345 5393 5093 5271 5330 5039 5476 4699 4944 4678 5164 4899 4967 5495 4973 5301 5095
5662 5629 5658 5488 5323 5224 5627 5580 5340 5096 5055 5161 5713 5138 5224 5264 5264 5722 5295 5186 6143 5439 5253 5366 5031 5226 5625 5708 5725 5373 5664 5000 5403 5560 5128 5646 5711 4954 5536 5671 5332 5012 5110 5437 5150 5463 5187 5460 5264 5703 5335 5450 5577 5051 5454 5690 5663 5161 5182 5295 5261 5986 5328 4965 5110 5447 5005 5166 5710 5296 5466 4739 5467 5805 5561 5068 5489 5785 5394 5350 5374 5898 5221 5501 5388 5536 5481 5475 5011 5502 5727 5567 4910 5538 5805 5426 4928 5161 5532 5587 5692 5335 5234 5664 5581 5635 5452 5203 5633 5130 5191 5465 4669 5131 5438 5462 5270 5178 5885 5665 5045 5187 5391 5545 5207 5737 4762 5145 5413 5305 5099 5494 5084 5230 4736 5591 5347 5476 5202 5713 5436 5063 5586 5447 5505 5180 5452 5571 5155 5308 5222 5126 5291 5570 5436 5594 5914 5377 5245 5221 5600 5144 5376 5408 5239 5428 5592 5434 5217 4989 5529 5494 5657 5193 5494 5532 5639 5083 5142 5564 5796 5257 4875 5448 4952 5473 5079 5329 5238 5136 5241 5149 5226 5247 5424 5465 5182 5229 5723 5267 5370 4988 5511 5499 5377 5506 5231 5478 5456 5212 5039 5750 5105 5454 5139 5427 5343 4989 5285 5364 5207 5269 5633 5067 5375 5380 5468 5308 5416 4957 5219 5624 5355 5650 5033 5279 5580 5354 5221 5706 5733 5231 5619 5377 5285 5839 5118 5216 4892 5643 5387 5374 5840 5464 5638 5157
5248 5561 5417 5513 5070 4795 5433 5424 5437 5314 5032 4803 5501 5276 5091 4895 4982 5552 5265 5154 5910 5234 5306 5220 5185 5172 5454 5704 5425 4977 5422 4842 5505 5425 5078 5296 5392 5047 5317 5404 5050 4988 4996 5221 4980 5372 5515 5290 5369 5412 5116 5130 5462 4881 5201 5189 5434 4904 5179 5056 5062 5767 5107 4736 4963 5367 4813 4791 5400 5328 5453 4766 5351 5638 5160 4926 5417 5618 5294 5178 5013 5913 5103 5318 5155 5178 5094 5113 4825 5153 5497 5415 5044 5429 5616 5643 5034 5064 5439 5333 5571 5144 5029 5490 5568 5404 5336 4979 5458 5155 5067 5336 4554 4819 5445 5048 5181 5080 5558 4852 5195 4954 5148 5127 5048 5270 4781 5093 4789 5110 4887 5314 4926 5032 4653 5274 5198 5510 4874 5495 5225 5004 5323 5496 5279 5023 5111 5314 4998 5262 5428 4938 5168 5394 4875 5275 5543 5001 5007 5214 5577 4723 5377 4985 5248 5429 5213 5182 5087 4808 5288 5058 5432 4861 5673 5391 5338 5069 5060 5197 5706 5166 4865 5474 4850 5385 5020 5458 5082 4896 4877 5137 5148 5059 5235 5091 5091 4962 5346 4906 4958 4771 5246 5164 5257 5444 5081 5249 5286 5135 4856 5698 4843 4924 4770 5086 5280 4942 4996 5148 5160 5010 5104 4743 5386 5140 5375 5064 5706 4881 4920 5547 5191 5898 5252 5299 5449 5067 5056 5583 5321 5216 5495 5147 4884 5810 4981 5086 4815 5457 5363 5061 5588 5163 5646 5121
4970 4951 4846 4941 4621 4640 4991 5080 4810 4566 4401 4514 5087 4666 4625 4632 4669 4926 4752 4897 5314 4807 4800 4673 4552 4764 5112 5169 4934 4470 4815 4268 5135 4822 4752 5082 4951 4619 4928 5021 4439 4527 4797 4572 4747 4858 4738 4816 4865 5079 4871 4755 4966 4601 4828 4925 5079 4628 4705 4711 4659 5465 4691 4160 4548 4979 4422 4614 4895 4951 4798 4488 4953 5247 4767 4688 4904 5198 4866 4844 4537 5224 5011 4664 4599 4876 4812 4919 4567 4796 4763 4854 4757 4926 5026 5113 4504 4910 4911 5250 5210 4785 4679 4989 5105 4835 4971 4778 5180 4882 4717 4814 4414 4720 4851 4759 4784 4678 4944 4729 4656 4825 4871 4698 4353 5271 4796 4527 4690 5121 4493 4750 4761 4534 4726 4863 4535 4878 4681 4812 4803 4352 5015 4630 4767 4534 4869 4797 4739 4630 4838 4680 4806 4608 4422 4913 5293 4600 4807 4742 5116 4730 4673 5019 4933 5081 5137 4672 4528 4446 5054 4585 5048 4418 5196 5050 5018 4754 4542 4738 5310 4669 4508 5000 4697 4969 4617 5064 4736 4624 4638 4468 4738 4603 4832 4682 4942 4742 4964 4468 4594 4111 5121 5004 4964 4848 4671 5066 4742 4611 4427 5099 4496 4606 4405 4543 4684 4418 5022 4525 4562 4733 4919 4382 4803 4841 4788 4878 5091 4507 4753 5067 4825 4887 4565 4766 4951 4752 4756 5140 5073 4857 4987 4975 4633 5343 4574 4967 4345 4996 5094 4388 5132 4823 5251 4772
4831 5230 5276 5174 4575 4855 5055 5177 4809 4694 4661 4390 5069 4432 4497 4613 4549 5035 4703 4921 5552 5080 4850 4785 4710 5057 4994 5459 4881 4524 4766 4504 5056 4763 4738 4812 5250 4536 4994 5253 4574 4458 4358 4741 4443 4887 4826 4636 4613 5050 4851 4682 5145 4494 5044 4768 5013 4587 4648 4575 4484 5372 4721 4383 4461 4854 4542 4663 4998 5150 5280 4593 4831 5268 4550 4573 5025 5140 4852 4701 4465 5123 4735 5093 4955 4896 4777 4736 4565 4979 4906 4895 4834 4793 5215 5058 4671 4621 4739 5093 5153 4776 4964 5157 4954 4963 4912 4930 5041 4802 4643 4779 4562 4684 5049 4734 4949 4855 5258 4891 4665 4435 4560 4816 4714 4867 4624 4550 4720 5006 4366 4945 4558 4577 4570 5195 4730 5051 4845 5200 4846 4503 5021 4886 4963 4594 4763 4457 4695 5019 4757 4470 4998 5014 4431 5005 5330 4509 4860 4739 5288 4461 4882 4889 4761 5217 5312 4758 4854 4527 4793 4717 4971 4618 5075 5092 5213 4548 4555 4862 5604 4606 4650 4842 4599 4750 4691 4615 4825 4535 4558 4643 4495 4471 5004 4450 5185 4618 4729 4608 4858 4411 5029 5016 4883 5246 4584 5018 5020 4666 4751 5288 4396 4753 4479 4880 4815 4503 4937 4292 4835 4612 4859 4565 4854 4962 4978 4597 5045 4459 4924 5243 4798 5019 4771 4874 4765 4473 4783 4976 5163 4817 5124 5144 4522 5131 4534 4869 4227 4879 4897 4565 5055 5031 5024 4803
5651 5767 5641 5425 5123 5458 5601 5697 5272 5143 4938 4867 5615 5097 5131 5069 5275 5756 5285 5060 6382 5549 5506 5305 5119 5115 5624 5837 5549 5206 5524 5054 5541 5449 5268 5500 5514 5105 5585 5742 5285 5218 5006 5049 5025 5446 5646 5394 5192 5630 5438 5316 5393 5241 5349 5560 5435 5242 5120 5125 5446 5855 5167 4668 5295 5592 4892 5150 5481 5396 5552 4970 5311 5782 5375 5380 5479 6018 5349 5372 4964 5722 5417 5487 5175 5202 5533 5176 5061 5440 5563 5686 5181 5489 5784 5672 5127 5173 5340 5527 5904 5331 5208 5581 5635 5351 5831 5162 6084 5071 5021 5413 4911 5455 5517 5290 5445 5327 5720 5485 5344 5251 5372 5336 5242 5317 5065 4966 5187 5313 5087 5477 5442 5108 4845 5669 5559 5623 5186 5771 5236 4947 5769 5356 5583 5316 5606 5350 5176 5493 5379 4835 5503 5569 5165 5263 5926 4943 5325 5173 5963 5209 5120 5368 5376 5784 5621 5329 5258 5086 5397 5349 5864 5286 5891 5638 5662 5297 4877 5427 5782 4959 5107 5494 4975 5455 5189 5464 5279 5146 5229 5256 4900 5014 5391 5323 5517 5124 5483 5217 5338 4669 5312 5337 5643 5266 5349 5789 5543 5015 4954 5793 5139 5224 5067 5420 5270 5274 5244 5214 5270 5258 5556 5072 5367 5437 5466 5429 5592 5116 5391 5618 5108 5592 5236 5281 5401 5503 5371 5764 5572 5458 5765 5313 5202 5804 5164 5572 5131 5540 5409 5501 5711 5314 5821 5341
5435 5669 5776 5514 4935 5045 5446 5645 5258 5592 4937 4954 5432 4866 5058 5146 5388 5857 5040 5423 6106 5483 5323 5399 4874 5316 5392 5730 5612 5223 5468 4992 5545 5442 5117 5468 5679 5033 5339 5900 5311 5112 5257 5203 4997 5433 5303 5482 5165 5678 5431 5090 5441 4975 5199 5435 5684 5333 5172 4988 5229 5745 4996 4739 5258 5754 4891 5154 5599 5409 5509 5041 5300 5619 5595 4999 5380 5773 5467 5021 5256 5804 5363 5416 5260 5399 5302 5419 5035 5487 5197 5488 5104 5722 5742 5660 5049 5259 5535 5483 5805 5117 5061 5635 5603 5443 5651 5094 5703 4845 5271 5379 4851 5247 5409 5295 5342 5182 5541 5121 5243 5393 5149 5160 5393 5666 4784 5203 5351 5337 5176 5106 5152 5334 4977 5504 5526 5429 5110 5572 5309 5054 5549 5225 5315 5086 5283 5046 5016 5192 5545 4916 5528 5447 4939 5725 5640 5246 5145 5314 5497 5046 5459 5652 5565 5583 5506 5289 5516 4984 5538 5298 5562 5218 5589 5137 5526 4966 5108 5179 5857 4988 5277 5353 5188 5352 5039 5450 5440 4957 5036 4719 4977 5256 5380 5536 5235 5089 5551 5268 5241 4887 5479 5435 5418 5617 5160 5510 5310 5214 4949 5512 4995 5422 5094 5318 5092 5222 5122 5378 5053 5237 5268 5265 5389 5220 5328 5179 5409 4959 5434 5672 5206 5547 5074 5375 5735 5381 5067 5317 5772 5242 5581 5335 5312 6001 4862 5457 4942 5671 5376 5385 6032 5038 5477 5626
5539 5521 5488 5521 5196 5147 5443 5692 5439 5491 4794 4783 5492 5106 5117 5135 5057 5631 5109 5296 6087 5309 5551 5376 5215 5219 5262 5693 5539 4889 5254 4950 5506 5707 5127 5337 5517 4843 5202 5668 5223 5188 4889 5326 5259 5321 5311 5078 5331 5224 5194 5221 5541 5305 5406 5367 5639 5084 5275 5316 5419 5878 5087 4878 5101 5569 4906 4963 5270 5215 5658 4984 5339 5730 5093 5015 5442 5792 5385 5032 5103 5658 5239 5619 5553 5559 5352 5627 5007 5389 5547 5486 5326 5719 5789 5743 4881 4966 5675 5484 5597 5360 5329 5624 5463 5312 5602 5296 5638 5237 4953 5237 4888 5352 5571 5273 5283 5176 5696 5379 5182 5240 5052 5095 5229 5537 5046 5182 5217 5288 4841 5415 5367 5323 4926 5451 5303 5400 5057 5455 5343 4839 5623 5312 5215 5017 5524 5213 5379 5426 5265 4780 5562 5590 5009 5418 5705 4871 5139 5028 5484 5041 5254 5263 5265 5798 5581 5292 5125 4961 5491 5257 5693 4969 5990 5484 5590 5236 4945 5053 5854 5045 4894 5478 5044 4984 4952 5641 5206 5164 4923 5080 5195 5027 5184 5274 5444 5271 5333 5112 5130 4768 5405 5340 5475 5391 5092 5432 5309 5101 5211 5241 5002 5352 5038 5241 5026 4935 5288 5107 5096 5123 5076 5146 5236 5075 5101 5216 5648 5100 5049 5711 5211 5281 5270 5185 5555 5207 5231 5645 5621 5076 5518 5526 5049 5616 4964 5257 5089 5522 5264 5063 5868 5313 5637 5088
5145 5501 5361 5545 4994 4958 5334 5604 5020 5023 5028 4865 5206 5153 4926 5059 5250 5477 4890 4883 5867 5265 5277 5081 5096 5309 5217 5842 5668 4982 5351 4872 5290 5094 5027 5302 5251 4700 5277 5284 5148 4801 4768 5004 4901 5462 5123 5254 5336 5258 5294 5067 5175 5056 5179 5219 5456 4881 5108 5017 5145 5759 4974 4827 4864 5197 4716 4841 5170 5219 5327 4794 5132 5596 5216 4792 5349 5510 5323 4816 5091 5572 5233 5390 5081 5157 4912 5510 4920 5083 5407 5186 4857 5176 5365 5481 4689 4971 5229 5277 5330 4896 5127 5228 5293 5214 5339 5027 5406 4974 4892 5017 4704 4894 5189 5165 5034 5020 5618 5077 5160 5067 4949 5189 4917 5251 4893 4866 4970 5071 4992 5196 4960 5245 4846 5445 5046 5209 5117 5380 5282 4800 5565 5126 5190 4702 5369 5057 5169 5134 5267 4735 5329 5553 4832 5445 5604 5198 4975 5048 5257 4955 5134 5368 5210 5288 5275 5141 5094 4820 5160 5009 5154 4942 5486 5388 5360 4950 4949 5071 5504 4874 4853 5320 5014 5090 5019 5191 5010 4864 4959 4898 5011 4824 5272 5072 5296 5033 5285 5002 5014 4827 5099 4983 5257 5526 4942 5247 5158 5028 4897 5252 4944 5204 4742 5092 5093 4949 5044 5074 5210 4941 5279 4878 5003 5014 4972 5204 5493 4881 4961 5756 5227 5310 5172 5140 5074 4998 5227 5357 5420 5126 5534 5346 5155 5470 4997 5016 4866 5439 4930 5086 5468 5203 5238 5401
5011 5483 5134 5317 4978 4820 5215 5326 5084 5071 4798 4566 5203 4646 4920 4819 4954 5382 5050 4926 5640 5111 5161 4905 4859 5175 5146 5644 5354 5090 5101 4646 5231 4939 4905 5194 5207 4495 4888 5601 4919 4899 5034 5003 4644 4982 5223 5089 4883 5453 5092 4992 5161 5011 4927 5114 5319 4726 4827 4853 4798 5571 4854 4435 5015 5357 4817 4996 5260 4902 5221 4834 5084 5722 4983 4893 5292 5428 4990 4858 4814 5336 5293 5144 4924 4915 5067 5221 4679 5283 5372 4983 4893 5363 5391 5252 4924 5085 5146 5381 5344 5055 5099 5361 5170 5026 5348 5004 5375 4867 4799 5256 4373 4940 5162 4720 5172 5051 5306 5002 5029 5030 4966 4990 4976 5499 4516 5026 4843 5182 4741 5073 4816 4812 4860 5257 5293 5100 4984 5645 5145 4710 5233 5258 5102 4539 5281 5003 5036 4867 5145 4784 5233 5022 4661 4967 5510 4662 4770 4733 5136 4662 5138 5095 5011 5408 5158 5060 4719 4530 5361 4794 5239 4761 5230 5086 5219 4968 4845 4880 5342 4659 4418 5015 4865 5344 4982 5018 5059 4884 5052 4881 4458 4754 5205 4903 4911 4899 4955 4734 4821 4652 4938 5156 5161 5076 4907 5251 5134 4949 4602 5225 4835 5155 4568 4900 4911 4595 4843 4864 5078 4984 5207 5000 5120 4921 5141 5325 5225 4707 5040 5383 5013 5085 4919 4903 5259 5032 5028 5259 5269 5138 5256 5137 5173 5368 4801 4987 4532 4994 5191 4746 5351 5015 5202 4897
5286 5561 5298 5532 5068 4900 5385 5580 4979 4956 4762 4724 5685 4850 5085 5281 4886 5462 4975 5361 5809 5423 5389 5068 4895 5154 5325 5899 5475 5187 5258 4823 5689 5072 5124 5645 5287 4962 5195 5437 5125 4757 4885 5107 4794 5147 5230 5379 5058 5297 5268 5188 5561 4840 5315 5108 5384 5072 4855 5056 5053 5868 4967 4683 4592 5418 4933 5091 5035 5084 5392 4792 5107 5864 5285 5156 5143 5615 4965 5098 5178 5374 5097 5440 5133 5234 5231 5423 4829 5563 5101 5309 4937 5537 5587 5227 5076 5106 5334 5148 5701 5355 5001 5382 5369 5370 5627 4924 5454 5262 4902 5055 4641 5322 5261 5319 5177 4873 5460 5073 5048 4954 5269 5307 5045 5222 4593 4828 4708 5402 4946 5350 5055 5075 4657 5272 5119 5147 5271 5626 5416 4983 5280 5057 5255 5081 4971 5165 5010 5140 5302 4761 5204 5219 5141 5075 5795 5044 5248 4971 5589 4760 4995 4982 5282 5440 5457 5019 5274 4782 5625 4802 5238 4870 5358 5313 5465 5180 5086 5105 5664 4924 4759 5214 4914 5122 4978 5250 5010 5059 4886 4852 4827 5140 5341 5031 5139 4940 5286 5093 5321 4890 5159 5118 5452 5450 5321 5372 5418 4873 5058 5522 4901 4943 4896 5111 5080 4789 4903 5270 5077 4898 5259 4782 5203 5141 5039 5197 5694 4846 5325 5355 4910 5329 5055 4959 5167 5009 5194 5776 5702 4884 5376 5479 4906 5702 4920 5247 4583 5588 5210 5226 5427 4965 5388 5172
5266 5634 5514 5569 4957 5127 5674 5884 5202 5277 4840 4883 5690 5007 5219 5093 5322 5652 5155 5195 5763 5586 5471 5384 4926 5133 5390 5903 5540 5075 5439 4790 5521 5356 5188 5532 5621 4918 5280 5766 5231 5077 5065 5279 5021 5291 5436 5246 5252 5361 5320 5109 5549 5166 5412 5475 5497 5061 4769 5145 5111 5555 5528 4901 5109 5291 5026 5151 5545 5297 5711 4881 5355 5897 5385 5361 5364 5689 5318 5052 5161 5625 5293 5446 5438 5456 5380 5249 5232 5515 5503 5561 5224 5379 5546 5690 5058 5316 5607 5622 5514 5476 5046 5525 5389 5680 5637 5112 5531 5121 5275 5334 4923 5188 5427 5303 5050 5120 5770 5093 5440 5417 5231 5063 5336 5465 5051 5017 5181 5315 5072 5328 5152 5230 4968 5341 5355 5499 5102 5506 5119 4932 5463 5344 5585 5223 5410 5207 5152 5168 5254 4864 5228 5225 4739 5555 5908 4975 5231 5250 5530 5054 5282 5345 5536 5914 5323 5224 5464 5009 5420 5094 5496 5001 5753 5494 5564 5096 5202 5234 5784 5085 4908 5571 5079 5157 5176 5409 5296 5066 4935 4981 4887 5233 5178 5215 5170 5101 5703 5176 5365 4739 5574 5380 5673 5281 5367 5562 5367 5055 5073 5564 4917 5116 4984 5075 5170 5055 5247 5351 4988 5176 5132 4962 5431 5070 5132 5432 5682 5192 5438 5512 5475 5460 5142 5163 5509 5332 5258 5687 5722 5268 5494 5756 5143 5744 4933 5159 4814 5423 5130 5075 5521 5443 5598 5248
5174 5564 5402 5529 5250 5058 5446 5669 5376 5222 4970 4984 5382 5035 5029 5268 5169 5515 4965 5520 6065 5332 5716 5377 4845 5256 5700 5656 5646 5116 5549 5112 5318 5116 5144 5677 5608 5037 5327 5420 5097 5380 5016 5317 4994 5463 5622 5428 5280 5633 5524 5410 5356 4820 5260 5450 5491 5360 4816 5045 5458 5903 5125 4637 5280 5828 4769 5220 5196 5287 5623 5032 5467 5735 5418 5154 5318 5670 5227 5245 4976 5795 5319 5395 5238 5342 5633 5404 5155 5472 5208 5216 5309 5771 5781 5734 4981 5104 5326 5388 5861 5208 5215 5451 5571 5305 5612 5002 5714 5312 5425 5205 4608 5263 5190 5279 5207 5085 5453 5212 5180 5091 5010 5494 5065 5441 4857 4959 5083 5317 4865 5377 5103 5061 4990 5280 5394 5547 5394 5454 5376 4919 5400 5086 5429 4955 5213 5504 5159 5405 5542 5056 5570 5433 5369 5473 5736 4843 5210 4952 5603 4952 5287 5353 5303 5463 5509 4970 5086 5007 5398 5048 5687 5359 5629 5485 5482 5227 5156 5074 6050 4908 5012 5276 5199 5367 5061 5342 5229 5045 5000 5103 5025 5092 5116 5293 5470 4967 5213 5161 5160 4996 5411 5286 5501 5192 5250 5415 5472 5079 4876 5533 5017 5025 4798 5286 5019 5261 5349 5172 5198 4829 5493 4991 5344 5143 5652 5507 5455 4676 5349 5736 5104 5313 5066 5242 5421 4957 5210 5678 5446 5413 5848 5740 5149 5958 5112 5386 5106 5808 5215 5218 5891 5226 5618 5199
5443 5430 5377 5446 5227 5050 5479 5454 5198 5246 4859 4768 5653 4970 5052 5379 5165 5635 5094 5205 6136 5300 5255 5490 5015 5071 5248 5541 5502 5125 5448 5109 5537 5512 5301 5546 5442 4892 5117 5828 5191 5006 5098 5320 5048 5524 5474 5205 5309 5570 5153 5348 5080 5051 5086 5379 5529 5170 5053 5116 5369 5983 5359 4723 4865 5782 4866 5194 5508 5359 5367 4853 5338 5757 5319 4981 5454 5804 5347 5240 5170 5722 5055 5312 5278 5435 5293 5302 5009 5402 5236 5547 5132 5585 5502 5479 5112 5412 5266 5467 5843 5293 5272 5483 5420 5501 5536 4990 5564 5478 5277 5491 4496 5282 5511 5239 4929 5113 5442 5337 5355 5025 5302 5267 5118 5932 4979 5110 5097 5448 4899 5428 5015 5339 4633 5422 5276 5481 5082 5633 5397 5006 5522 5394 5497 4999 5290 5308 5181 5187 5290 4800 5694 5262 5158 5436 5816 5024 5296 5192 5623 5031 5297 5293 5137 5349 5589 5118 5173 5041 5473 5169 5543 5069 5678 5406 5565 5114 5184 5158 5739 5121 4638 5340 5032 5299 4962 5342 5373 4935 4922 5158 5028 4949 5176 5457 5289 5100 5331 5082 5034 4723 5559 5315 5513 5372 5209 5503 5182 4836 5024 5656 4907 5097 4810 5337 5033 5095 5075 4947 4965 5120 5452 4884 5522 4963 5368 5312 5589 4982 5304 5457 5190 5353 4942 5103 5399 5106 5248 5631 5327 5192 5497 5577 5159 5951 5085 4984 4705 5217 5401 5076 5520 5157 5357 5121
4998 5385 5432 5411 5028 4892 5085 5621 5235 5299 4759 4803 5439 4919 5133 5047 4861 5585 4646 5183 5832 5295 5363 5193 4738 5315 5072 5686 5269 4957 5402 4801 5268 5308 5081 5618 5415 4745 5129 5339 4993 5089 4821 5061 5036 5418 5288 5064 5085 5462 5089 5246 5313 4630 5223 5418 5341 4858 4914 4798 5119 5577 5261 4685 4760 5100 4771 4944 5470 5180 5488 4714 5151 5497 4998 5218 5397 5544 5089 5104 4794 5270 5033 5494 5025 5200 5085 5426 5179 5334 5438 5199 4770 5290 5635 5409 4609 5278 5072 5179 5542 4963 4685 5539 5390 5338 5368 5053 5545 5218 4966 5010 4460 5315 5351 5013 5059 5035 5289 5102 4892 5173 4961 5066 5001 5369 4749 4960 4955 5257 5032 5213 5029 4947 4687 5408 5109 5323 5172 5352 5235 4856 5260 5280 5487 4910 5345 5213 5240 5260 5154 4799 5171 4858 4673 5072 5563 4772 4837 4957 5548 4836 5055 5475 4902 5311 5197 4943 4891 4686 4975 4827 5241 4964 5522 5225 5253 5129 4963 5040 5692 4808 4737 5099 5035 5197 5093 5134 5106 4702 4908 5049 4948 4945 5285 4850 5247 4920 5398 5120 5085 4881 5312 5172 5490 5059 5079 5350 5518 4974 5099 5495 4896 4777 4665 5040 5003 4674 5033 5253 4962 5212 5134 4810 5266 4885 5072 5158 5189 4656 5035 5365 5090 5311 4907 5067 5231 5061 5125 5311 5316 5145 5335 5390 5013 5562 5095 5121 4550 5136 5062 5046 5615 5307 5169 5154
5355 5354 5511 5485 4964 5018 5191 5700 5358 5127 4681 4805 5446 4983 5077 5159 5111 5373 4873 5198 6151 5336 5196 5143 4997 5086 5413 5602 5462 5168 5423 4885 5089 5200 4977 5480 5255 4733 5358 5463 5159 5143 4765 5091 5116 5260 5120 5097 5013 5434 5060 5207 5313 4984 5564 5398 5366 5174 4830 5071 5286 5441 4985 4772 4975 5443 4913 4909 5425 5050 5444 4830 5171 5361 4896 5067 5135 5665 5086 5146 5005 5505 5191 5207 5174 5189 5425 5323 5076 5405 5255 5247 5141 5596 5706 5449 4839 5117 5211 5314 5524 5060 5077 5631 5333 5462 5270 5040 5528 5018 5266 5315 4416 5316 5230 5325 5371 4887 5398 5433 5080 5270 5243 5258 4997 5698 4891 4902 5072 5277 5143 5340 5026 5185 4782 5079 5420 5276 5029 5604 5465 5022 5437 5293 5331 5160 5296 5269 5130 5057 5250 4923 5245 5098 5024 5099 5699 5041 5055 5011 5458 4691 5099 5289 5149 5501 5306 5178 5356 4874 5481 5074 5490 4901 5412 5229 5387 5137 5044 4814 5633 4796 4776 5300 4867 5279 4975 5235 5301 4921 4869 4898 4950 4858 5028 5276 5055 5077 5718 4958 5019 4921 5102 5548 5326 5082 5318 5530 5486 4813 4727 5437 4871 5097 4775 5219 4927 4917 5043 5123 4809 4875 5121 5192 5174 5262 5444 5121 5357 4563 5239 5405 5181 5370 5044 5176 5681 5240 5287 5525 5501 4889 5811 5438 5114 5809 4735 5127 4692 5282 5057 5000 5558 5226 5492 4956
5678 5518 5412 5231 5102 5242 5315 5621 4869 4892 4718 4872 5264 4878 4848 5326 5228 5418 5030 5047 6065 5404 5474 5435 4942 5231 5623 5622 5390 4841 5081 5093 5377 4868 5359 5281 5372 4931 5294 5766 5022 4996 4871 5022 4770 5203 5465 5381 5157 5419 5227 4986 5355 4796 4991 5181 5327 5160 4913 5227 5035 5707 5427 4337 5077 5457 5130 4910 5302 5261 5210 4931 5389 5610 5267 5071 5138 5478 5042 4921 5121 5648 4967 5430 5233 5057 5239 5283 4934 5341 5275 5216 5076 5174 5296 5293 4729 5063 5504 5365 5575 5405 5101 5492 5127 5308 5392 5062 5572 4994 4879 5161 4685 5164 5372 5226 4871 5000 5691 5027 5065 5012 5050 5358 5012 5367 4711 4981 4959 5367 4739 5325 4828 5075 4921 5345 5174 5075 5178 5461 5144 4915 5535 5175 5179 4963 5345 5310 5416 5120 5180 4806 5451 5310 4719 5239 5694 4866 5463 5062 5579 4802 5136 5210 5244 5385 5543 4884 5172 4769 5035 5162 5378 4770 5498 5456 5575 4704 5039 5166 5605 4991 4691 5254 5023 5410 4681 5180 5199 4956 4768 5054 4842 4900 5146 5378 5120 4921 5361 4756 5140 4723 5300 5436 5288 5448 4960 5166 5124 4790 4825 5548 4597 5107 4673 4898 5042 4986 5005 4812 4912 4807 5451 4865 5186 4994 5186 5214 5425 4810 4932 5420 5042 5302 4879 5283 5212 5125 5108 5546 5454 5003 5450 5552 4989 5579 4800 4904 4758 5622 5175 5150 5455 5171 5530 5032
5330 5633 5332 5858 5067 5361 5543 5348 5093 5221 4998 4847 5913 5118 4956 5579 4966 5682 5121 5498 6067 5255 5379 5073 5116 5214 5565 5869 5182 5028 5746 4966 5458 5117 5051 5642 5256 4935 5138 5678 5194 5041 4949 5152 5046 5420 5419 5312 5425 5604 5555 5397 5596 4900 5465 5362 5615 5050 4744 5238 5153 5727 5531 4850 5138 5755 4822 5137 5611 5342 5577 5009 5395 5985 5368 5063 5258 5648 5049 5268 5101 5534 5252 5341 5206 5359 5296 5343 4865 5408 5364 5521 5031 5589 5779 5411 4676 5023 5496 5521 5612 5303 5237 5255 5509 5524 5745 5166 5637 5214 5262 5404 4902 5021 5409 5410 5171 5176 5608 5236 5292 5002 5137 5354 4935 5396 5016 5046 4989 5536 4895 5419 4927 5150 4842 5407 5401 5497 4907 5740 5171 4895 5335 5186 5387 4916 5377 5226 5210 5338 5335 5202 5581 5302 4995 5569 5736 4863 5238 5171 5767 4920 5161 5173 5373 5568 5355 5110 5047 5102 5572 4888 5483 5041 5663 5436 5462 5053 4971 5463 5723 4969 4938 5614 4970 5387 5260 5446 5080 5048 5129 5190 5313 5220 5109 5578 5235 5319 5464 4881 5429 4826 5441 5371 5536 5296 5037 5569 5179 5150 4912 5521 5064 5039 4687 5389 5562 5186 5343 5561 5106 4869 5298 5049 5527 5288 5201 5553 5782 4917 5392 5623 5057 5419 4960 5091 5435 5168 5255 5566 5604 5268 5640 5497 4897 5898 5085 5282 4953 5609 5392 5180 5807 5503 5825 5282
5391 5420 5382 5637 5024 5262 5246 5466 5330 4951 4861 4621 5585 4901 4998 5187 5022 5672 5053 5212 6127 5542 5198 5403 5179 5191 5381 5481 5300 5218 5207 4860 5425 5284 5269 5122 5553 4863 5305 5522 5236 4908 4864 5010 4942 5315 5433 5288 5100 5447 5343 5334 5373 5159 5428 5111 5310 5070 4839 4910 5321 5906 5096 4673 5222 5472 4838 4749 5311 5244 5271 4853 5457 5602 5139 5182 5522 5654 5172 5483 5144 5790 5104 5425 5078 4939 5059 5258 4890 5546 5195 5491 5290 5437 5543 5325 4786 5241 5265 5311 5443 5011 5210 5587 5565 5274 5589 4980 5475 5208 4958 5234 4735 5003 5319 5297 4958 5203 5634 5300 5057 4884 5169 5121 5026 5287 4888 5035 5072 5216 4839 5294 5100 5197 4802 5473 5328 5391 5219 5469 5299 4679 5505 5192 5092 4933 5379 5055 5213 5394 5192 5124 5122 5270 4952 5346 5867 4780 5168 5042 5620 5048 5142 5092 5182 5468 5470 5289 5276 4905 5402 4927 5445 4983 5529 5553 5539 5087 5139 4997 5626 5074 4842 5388 4856 5205 5035 5292 5006 4807 4942 4798 4872 4860 5243 4967 5484 5216 5405 5141 5156 4828 5354 5333 5406 5585 4862 5579 5611 4864 5071 5443 4958 5058 4702 5459 5065 5026 5245 5070 4836 4965 5445 4884 5375 5127 5104 5049 5456 4723 5170 5603 5255 5652 4811 4986 5165 5010 5401 5803 5504 5219 5575 5325 4904 5541 5152 5012 4957 5406 5487 5028 5728 5071 5348 5234
5250 5462 5448 5505 5037 5034 5502 5625 5082 5007 4715 4615 5313 4733 5161 4707 5273 5886 5040 5130 5957 5280 5158 5221 5049 5070 5430 5680 5392 5248 5417 4960 5486 5212 4977 5423 5291 4637 5111 5248 4968 4824 5262 5166 4932 5338 5353 5402 5070 5355 5241 5137 5183 5063 5288 5264 5476 4914 4941 4942 4775 5611 4885 4589 4775 5288 4760 5031 5277 5446 5609 4593 5304 5485 5118 4886 5117 5679 5257 4927 4884 5618 5301 5141 4937 5257 5268 5170 4960 5407 5321 5072 5002 5564 5575 5382 4938 5215 5282 5095 5715 5113 5341 5149 5477 5271 5699 5005 5659 5155 4725 5323 4812 5306 5220 5107 5153 5053 5420 5073 5103 4770 5343 5340 5089 5439 4450 4849 4933 5408 4941 5109 4992 5308 4745 5262 5224 5390 5120 5610 5231 4830 5300 5386 5280 4910 5184 5457 5024 5239 5143 5006 5164 5343 5069 5328 5791 4904 5120 4964 5482 4963 5070 5152 5121 5129 5211 5041 4968 4897 5161 4845 5521 4844 5294 5371 5323 5092 4669 5294 5621 4963 4692 5204 4954 5363 4630 5364 4942 5011 4935 4767 5031 4767 5297 5167 5358 4888 5246 5058 4944 4940 5106 5307 5259 5450 5162 5317 5201 5101 4868 5565 4875 4917 4774 5075 4965 4854 5131 4802 4934 4809 5298 4832 5271 5093 5244 5273 5555 4859 5231 5655 5017 5353 5220 5029 5192 5082 5012 5529 5325 5278 5603 5258 4822 5700 5138 5272 4782 5513 5167 5253 5420 5361 5470 5136
5470 5739 5622 5953 5189 5422 5427 5763 5302 5474 5125 4891 5863 5056 5342 5487 5383 5680 5186 5457 6111 5587 5404 5584 5140 5355 5807 6064 5660 5533 5588 5101 5689 5645 5550 5620 5713 5346 5496 6024 5263 5523 5279 5295 5179 5571 5798 5473 5483 5551 5497 5527 5745 5020 5552 5344 5691 5452 5234 5395 5607 6056 5384 4882 5215 5725 5141 5315 5796 5794 5888 5142 5591 6162 5401 5281 5619 6095 5446 5225 5292 6012 5361 5543 5493 5288 5561 5589 5372 5413 5719 5563 5415 5778 5979 5718 5066 5357 5393 5830 5827 5385 5605 5886 5524 5685 5625 5401 5911 5265 5211 5673 5107 5281 5651 5569 5268 5530 5456 5451 5315 5254 5308 5349 5493 5721 4877 5592 5167 5407 5106 5562 5214 5427 5216 5506 5725 5782 5338 5765 5657 5228 5820 5366 5493 5275 5445 5580 5376 5377 5443 5146 5495 5664 5253 5751 5870 5102 5321 5379 5841 5250 5439 5670 5921 5729 5795 5717 5391 5020 5641 5436 5787 5341 5647 5516 5612 5298 5206 5533 5874 4999 5346 5395 5134 5352 5182 5450 5277 5032 5329 5337 5208 5298 5178 5360 5444 5624 5532 5394 5520 5224 5478 5516 5658 5608 5459 5469 5624 5056 5366 5925 5136 5287 5151 5621 5435 5068 5296 5261 5291 5442 5852 5238 5582 5332 5554 5483 5799 5211 5394 5568 5419 5610 5291 5348 5514 5395 5319 5633 5793 5391 5889 5653 5259 6236 5149 5351 5209 5629 5856 5458 5959 5482 5887 5469
5216 5562 5485 5265 5097 4840 5407 5672 5241 4852 4868 4930 5840 4931 4897 4953 4840 5554 5070 5054 5892 4952 5188 5104 5078 5122 5422 5749 5568 4983 5510 4711 5370 4969 4957 5332 5600 4868 5133 5212 4823 5000 5130 5081 4631 5177 5043 5119 4953 5364 5481 5171 5436 4777 5339 5241 5552 5107 4892 5081 5142 5668 5050 4786 4987 5579 4635 4917 5276 5153 5660 4844 5572 5692 5162 4930 5176 5558 5223 5022 4853 5695 5209 5437 5276 5185 5199 5170 5021 5446 4999 5010 5109 5451 5602 5438 4943 4988 5182 5475 5692 5172 5192 5534 5316 5202 5593 5142 5695 5049 4925 5356 4571 4984 5277 5095 5002 5089 5265 4908 4942 4998 5041 5263 5071 5363 4653 5013 5088 5322 4837 5024 4978 5135 4591 5328 5147 5230 5038 5179 5274 4781 5412 5340 5160 5083 5430 4999 5050 4960 5104 4705 5271 5203 5031 5031 5742 4846 5197 5081 5431 4925 5240 5045 5060 5411 5170 5227 5264 4828 5153 4805 5389 5007 5430 5341 5428 5223 4930 5176 5677 5034 4764 5190 4907 5485 5073 5009 5018 4951 5068 4583 4768 4967 5043 5387 5081 4916 5247 5023 5161 4717 5053 5115 5316 5334 4989 5399 5414 4968 4937 5436 4863 5009 4668 5179 4921 5036 5018 4884 4935 4995 5133 4731 5544 4991 5199 5010 5368 4875 4993 5383 5044 5407 5037 5017 5106 5162 5122 5483 5373 5375 5431 5286 4987 5559 4843 5096 4673 5506 5176 5002 5626 5295 5495 4966
5290 5495 5095 5419 4938 4996 5111 5260 4993 5079 5040 4653 5309 4941 5042 5142 5012 5504 4812 5120 5913 5159 5123 5188 5064 4938 5334 5744 5322 5192 5187 4831 5254 5185 5000 5365 5248 4720 5020 5453 5113 4858 4869 5030 5011 5333 5120 5311 5335 5244 5198 4967 5117 4797 4997 4974 5112 4893 4973 5013 4877 5709 4898 4781 5038 5283 4692 4934 5306 4959 5321 4670 5281 5588 5079 4824 5070 5422 5055 4722 4796 5419 5023 5212 4950 4637 4925 5231 4793 5259 5154 5168 4918 5464 5665 5246 4923 4946 5261 5280 5553 4880 5146 5328 5168 5162 5191 4923 5620 5050 4991 5218 4498 4912 5260 4993 5187 4948 5228 5082 5167 4963 4992 5011 4838 5583 4696 4816 4897 5264 4818 4781 4919 5183 4643 5129 5458 5134 4806 5571 5190 5057 5422 5087 5381 4699 5203 5088 4810 4981 5366 4875 5106 5234 4968 5204 5465 4986 5044 4784 5319 4903 5129 5203 4970 5272 5239 5058 5089 4981 5276 4840 5387 5011 5089 5156 5241 5026 4962 5166 5515 4905 4509 5062 4898 5152 4851 5271 4955 4834 4917 4983 4871 4896 5238 5120 5158 5032 5280 5055 5046 4940 4879 5094 5254 5130 4869 5289 5271 4943 4931 5286 5039 4847 4530 5102 5061 4924 4883 4947 4984 4820 5281 4756 5225 4984 5108 5145 5428 4670 4923 5312 5193 5379 4807 4906 5271 5301 4975 5456 5263 4921 5474 5243 4972 5631 5073 4969 4522 5336 5314 4900 5495 5090 5207 5038
5674 5600 5481 5557 4834 5080 5518 5801 5429 5193 5030 4750 5771 5032 5028 4924 5187 5639 5180 5237 6081 5114 5254 5517 5272 5333 5541 5751 5581 5321 5362 4862 5326 5433 4877 5589 5705 4892 5285 5563 5174 5130 5017 5173 5169 5168 5266 5301 5358 5426 5237 5365 5190 4967 5190 5542 5373 5053 5086 5083 5329 5810 5255 4903 4755 5396 4897 4991 5690 5423 5418 4493 5489 5900 5127 5162 5512 5756 5168 5067 5322 5527 5008 5427 5134 5435 5358 5222 5049 5394 5291 5313 4851 5671 5747 5485 4894 5400 5510 5452 5651 5332 5258 5634 5162 5461 5580 4952 5723 5083 5122 5532 4491 5070 5274 5278 4969 5394 5656 5422 5199 5218 5193 5053 5144 5314 5013 5203 4943 5220 5293 5402 5161 5201 4950 5192 5267 5469 5039 5656 5294 5105 5329 5426 5381 5452 5465 5314 5293 5338 5450 5063 5384 5461 5260 5359 5708 4924 5053 5159 5571 5095 5242 5148 5251 5511 5527 5358 5444 4750 5455 5175 5676 4974 5710 5428 5658 4898 5133 5479 5562 5075 4935 5316 5083 5462 4943 5296 5487 5139 4997 4936 5132 5036 5337 5207 5474 5342 5462 5153 5216 5013 5527 5014 5316 5614 5107 5255 5484 5047 5146 5582 4962 5106 4863 5342 5016 4779 4916 5303 4887 5263 5376 4972 5042 5297 5421 5281 5407 4994 5107 5437 5165 5581 4869 5212 5435 5173 5073 5590 5561 5332 5498 5540 5014 5974 5032 5188 4948 5219 5221 5223 5740 5489 5556 5268
5462 5506 5573 5626 5313 5210 5401 5734 5234 5384 4805 4858 5631 4884 5054 4992 5301 5557 4896 5251 5851 5161 5269 5089 5016 5286 5658 5663 5673 4981 5451 4788 5710 5284 5103 5414 5680 5028 5454 5652 5024 5094 5370 5384 5149 5467 5338 5319 5367 5277 5315 5142 5702 5042 5489 5237 5425 5218 4972 5308 5278 5851 5274 4639 5021 5816 5025 4907 5223 5538 5700 5005 5777 5760 5503 5042 5365 5772 5454 5218 5126 5740 5281 5369 5574 5159 5276 5324 4864 5429 5326 5540 5080 5537 5483 5590 4983 5172 5590 5681 5806 5198 5192 5468 5512 5525 5686 5105 5452 5337 5306 5440 4834 5318 5391 5515 5490 5388 5779 5104 5263 5060 4941 5275 5162 5555 5047 5252 4968 5700 4899 5464 5062 5219 4752 5477 5317 5298 5084 5616 5372 4961 5512 5380 5467 5290 5231 5019 5059 5451 5424 4863 5634 5546 5155 5372 5599 4874 5278 5322 5727 4986 5426 5134 5343 5565 5600 5293 5417 4801 5466 5431 5739 4933 5610 5521 5571 5170 5193 5033 5901 5028 5002 5484 4921 5535 5094 5315 5475 5213 4956 4880 4969 4969 5221 5037 5443 5136 5262 5180 5211 4665 5654 5366 5380 5834 5191 5252 5541 5013 4911 5663 4750 5250 4977 5294 5189 5257 5070 5253 5205 5067 5433 5035 5421 5005 5359 5131 5609 5068 5240 5416 5156 5602 5296 5087 5519 5178 5205 5610 5416 5152 5899 5761 4969 5563 5017 5237 4777 5500 5338 5195 5991 5290 5398 5157
5652 5838 5505 5768 5219 5328 5644 5772 5296 5283 4990 5229 5972 5166 5354 5644 5347 5815 5413 5316 6278 5679 5611 5470 5284 5295 5688 6179 5803 5345 5590 4987 5873 5532 5283 5865 5732 4975 5528 6080 5416 5192 5102 5319 5350 5530 5429 5332 5551 5970 5633 5331 5638 4992 5507 5393 5779 5604 5299 5314 5386 6014 5246 5051 5443 5572 5019 5367 5678 5454 5533 5008 5419 5679 5602 5124 5551 5828 5409 5504 5351 5700 5560 5483 5471 5497 5624 5474 5099 5823 5677 5528 5370 5641 5787 5575 5274 5399 5634 5590 5827 5337 5446 5819 5751 5648 5787 5312 5727 5399 5426 5630 4974 5287 5564 5694 5425 5398 5988 5465 5328 5283 5078 5666 5201 5807 4936 5263 5285 5673 5055 5469 5270 5321 4885 5433 5542 5616 5130 5864 5430 5194 5672 5601 5658 5279 5358 5455 5359 5507 5462 4929 5679 5513 5299 5704 5659 5267 5435 5538 5778 5094 5522 5393 5689 5696 5699 5418 5508 5043 5673 5087 5841 5218 5837 5695 5931 5378 5404 5394 6195 5067 5169 5695 5220 5487 5239 5491 5434 5095 5020 4921 5013 5331 5513 5431 5340 5423 5206 5066 5522 5065 5509 5364 5458 5709 5164 5626 5604 5301 5130 5825 5323 5433 5013 5367 5030 5202 5327 5298 5153 5417 5542 5139 5542 5450 5327 5377 5913 5485 5583 5805 5494 5738 5370 5538 5745 5398 5418 5786 5686 5392 5818 5917 5265 5797 5230 5397 4852 5519 5447 5265 6021 5310 5926 5477
