84 72 18 117 91 56 103 112 43 48 129 0 56 104 113 17 86 26 30 85 40 100 16 7 0 4 61 51 40 34 64 8 6 64 130 8 83 118 28 15 36 81 169 34 8 113 137 8 62 18 88 120 40 67 5 112 18 61 64 89 109 40 33 90 130 23 51 109 93 94 24 8 198 91 35 7 37 88 28 94 36 82 118 0 72 22 86 32 25 65 0 77 55 35 80 61 149 191 0 40 0 115 38 109 12 74 84 105 86 8 76 31 2 51 91 61 58 84 12 29 40 18 28 50 8 0 15 0 21 85 123 29 24 30 60 41 65 74 118 0 16 73 243 41 0 85 102 32 43 34 18 45 5 0 12 8 9 0 70 4 30 0 0 16 35 0 59 80 134 24 22 55 55 102 72 52 46 106 33 0 48 143 93 44 104 23 59 76 80 35 56 143 15 74 47 65 71 18 24 24 0 74 52 52 10 0 51 93 0 33 84 64 56 105 12 125 0 18 36 164 121 148 83 8 10 0 27 16 23 12 91 39 42 0 53 28 9 56 57 0 8 55 0 142 28 40 116 73 39 74 55 21 15 132 38 45
130 151 72 20 46 62 38 0 113 10 79 0 122 28 70 92 24 25 42 84 63 58 88 134 6 129 169 48 63 108 80 0 87 58 21 119 72 115 36 94 21 29 18 30 136 97 6 25 62 159 4 155 148 51 126 17 116 117 65 129 98 54 107 86 54 92 48 64 46 141 8 20 157 28 64 121 107 59 104 37 0 99 80 123 134 93 32 42 175 3 78 98 140 117 133 58 50 35 79 0 52 114 12 243 60 28 198 90 101 14 0 87 38 101 76 144 87 93 45 82 39 90 131 30 104 74 56 50 194 113 0 6 129 83 44 57 6 0 87 30 99 117 32 64 36 53 57 6 76 104 49 161 74 59 118 18 73 65 32 15 27 77 15 40 126 0 91 40 8 27 234 51 38 16 176 8 60 107 40 20 126 59 94 83 44 28 91 39 44 16 116 40 85 36 0 72 21 97 117 180 156 91 144 43 139 140 124 21 35 20 151 139 96 36 87 107 76 134 49 34 0 265 190 10 54 15 198 48 134 36 64 163 140 24 6 87 133 67 177 0 117 73 84 157 28 86 1 112 88 14 59 55 244 104 89 0
136 54 37 31 64 6 28 83 75 180 64 0 49 43 56 24 1 93 93 88 0 52 36 0 21 59 50 162 8 52 90 0 136 126 222 14 6 134 45 56 30 64 98 18 25 48 15 88 130 0 150 96 0 112 8 68 36 95 71 45 13 55 18 158 37 99 168 36 74 0 43 28 155 18 0 10 18 0 8 0 81 92 12 48 97 105 93 118 20 34 45 63 76 0 153 16 16 140 219 53 52 156 68 65 48 44 19 39 20 45 87 71 46 42 15 95 35 98 0 25 87 16 2 182 40 4 2 84 0 91 0 2 54 0 16 28 36 0 29 36 66 70 201 199 0 28 126 8 68 60 85 41 62 15 125 92 62 6 0 8 24 7 32 201 73 0 27 48 54 0 47 68 99 136 60 0 26 57 56 49 45 82 116 32 96 68 99 56 16 7 53 43 88 45 16 25 81 116 81 0 19 0 42 8 0 48 32 48 109 57 96 81 36 0 54 76 157 108 0 65 17 110 6 106 132 41 24 25 48 40 96 122 2 33 0 0 175 18 42 56 10 16 24 44 6 76 63 16 0 24 22 61 122 18 151 32
39 141 106 101 129 128 67 0 52 53 111 33 25 28 86 35 28 48 48 102 21 0 24 114 35 66 28 0 74 21 94 89 2 20 170 31 98 201 98 47 82 20 72 18 7 96 101 13 67 14 168 117 76 48 131 102 4 51 82 40 5 89 72 57 0 158 90 152 49 20 112 174 87 59 0 86 77 0 57 36 0 40 69 86 163 35 0 3 116 42 49 18 52 3 16 38 16 28 25 117 87 211 16 215 135 155 27 122 31 69 100 18 73 90 48 62 72 59 25 119 7 0 105 77 0 106 110 112 32 30 103 112 136 45 88 113 117 93 64 109 78 15 33 99 62 36 89 69 133 7 36 140 92 66 0 52 113 0 118 85 164 35 76 159 43 89 30 31 4 86 63 97 15 104 27 26 100 200 4 88 63 3 150 44 77 8 7 36 57 39 56 41 88 103 129 128 40 7 44 48 62 13 72 81 0 65 35 10 117 56 21 72 120 75 60 48 0 0 147 118 46 113 141 105 151 56 39 101 114 83 41 96 57 154 69 178 47 64 57 39 119 20 62 108 58 0 108 8 54 180 197 90 27 96 43 42
144 24 48 2 69 99 56 154 101 50 0 87 89 48 117 92 75 70 19 35 14 33 55 25 26 57 48 82 27 15 19 63 145 95 69 0 32 18 10 118 16 24 79 20 20 67 6 72 47 4 104 24 45 0 37 131 68 101 53 98 193 57 197 164 36 45 116 82 25 75 48 87 36 56 0 146 17 115 58 124 0 22 61 68 154 15 92 36 71 123 107 50 54 0 42 96 85 137 82 74 45 76 29 35 122 21 179 54 90 95 118 111 29 89 80 81 34 20 140 25 127 71 28 29 26 96 37 45 37 2 48 90 68 34 49 61 184 16 14 48 10 23 143 115 35 69 108 4 60 82 68 42 63 59 66 25 18 2 41 22 60 6 79 15 46 116 8 6 90 22 97 48 101 162 78 76 93 45 43 48 70 6 177 155 0 31 30 143 194 54 50 58 10 43 10 81 62 5 137 84 0 46 41 55 40 142 82 46 183 67 0 64 24 30 23 99 17 49 38 141 89 60 84 36 113 52 48 19 59 26 65 38 0 45 32 56 261 0 46 53 11 147 73 37 103 109 119 20 38 50 27 27 107 50 107 76
77 90 35 97 4 84 132 0 111 15 36 49 114 101 153 24 5 68 0 96 0 20 23 111 59 87 45 0 32 20 120 6 0 69 100 122 42 44 128 80 26 23 76 0 104 98 8 124 202 0 42 36 72 32 50 32 36 14 0 0 0 46 28 84 59 156 9 16 0 32 25 0 88 17 24 120 66 0 36 71 0 0 84 187 131 32 0 21 35 0 74 16 12 39 41 27 28 14 57 21 113 78 15 88 104 59 54 32 52 77 109 14 113 47 42 69 54 47 115 241 40 0 67 139 0 37 15 78 60 20 0 18 77 15 104 79 0 65 6 45 57 20 142 50 6 25 122 0 51 0 24 128 118 16 128 9 0 53 82 0 83 40 0 24 121 0 50 0 85 25 140 27 0 136 80 28 0 20 49 140 8 28 60 95 0 31 119 36 65 100 24 92 68 140 40 118 66 48 138 117 67 130 142 83 87 36 49 25 48 0 84 35 34 12 12 0 57 0 106 81 11 95 1 63 145 20 93 54 72 101 0 153 72 63 0 63 146 0 151 64 54 20 59 56 30 180 3 53 79 14 259 40 72 182 0 2
77 82 56 15 27 22 133 158 118 54 65 0 121 134 107 12 62 41 173 81 0 67 92 12 141 78 93 49 67 148 80 51 28 120 187 91 10 104 21 0 73 2 120 0 70 28 49 215 145 54 218 66 125 146 209 53 82 233 0 99 23 96 99 144 65 168 148 0 48 28 85 53 78 12 119 154 54 104 25 112 69 30 92 29 31 103 118 54 36 75 76 87 107 78 176 108 33 0 122 139 214 162 54 110 66 57 107 30 109 38 68 66 118 87 179 58 37 59 18 204 24 36 56 87 55 2 30 5 41 80 32 112 27 35 63 197 58 106 89 86 42 15 74 174 72 79 22 21 40 72 145 0 80 73 46 136 23 27 153 82 137 33 52 40 23 28 67 7 99 98 80 31 76 93 129 54 86 221 242 74 54 72 18 130 12 31 51 0 36 99 99 0 88 33 5 93 64 99 69 118 56 24 129 98 0 4 4 65 51 56 119 69 42 94 30 77 115 0 99 66 99 65 41 36 130 125 92 56 200 8 0 173 105 108 24 85 106 67 38 55 0 107 183 43 44 0 143 111 48 63 18 176 16 146 54 59
63 36 28 28 0 18 127 46 72 69 24 22 0 84 48 42 56 78 93 24 0 5 32 40 0 30 1 54 15 39 16 18 34 0 45 30 126 64 12 68 23 0 24 18 0 91 6 48 62 12 78 36 103 57 12 30 48 60 0 64 40 72 12 73 24 54 24 0 36 0 0 30 78 86 6 111 36 111 15 0 0 0 57 18 32 87 15 30 65 43 40 78 0 0 0 24 0 57 54 89 56 8 71 120 63 32 56 8 21 18 18 0 90 90 54 0 58 11 54 99 9 0 5 78 21 12 6 24 25 4 69 6 54 12 0 72 0 0 6 49 0 12 20 150 99 30 46 156 19 27 16 1 150 0 96 42 33 32 0 0 67 42 48 12 25 18 44 9 20 35 151 0 69 64 12 12 132 0 0 72 36 57 0 89 42 48 24 24 49 58 12 81 54 102 66 81 194 6 26 150 72 0 24 40 2 24 62 4 10 72 0 62 0 12 8 75 0 12 51 12 0 60 47 36 121 86 45 42 54 0 5 51 27 99 140 0 56 24 25 0 32 90 72 48 32 91 81 0 0 0 93 42 65 54 0 18
152 186 102 31 24 143 145 104 54 21 28 99 154 29 246 41 66 37 44 47 70 132 152 95 133 5 100 218 65 226 0 53 59 66 88 23 158 132 0 23 109 77 56 94 18 70 107 32 143 68 134 28 140 72 35 290 80 96 76 8 80 133 120 137 76 81 100 168 111 22 112 193 167 48 10 66 175 89 81 38 40 30 189 0 19 161 4 120 125 116 164 18 51 75 195 141 156 40 245 205 79 114 72 99 292 4 247 88 166 88 57 56 78 73 85 171 98 191 12 63 94 208 220 80 91 7 133 45 11 99 138 112 76 121 242 216 19 3 43 72 24 147 132 8 25 114 68 133 90 72 73 78 96 172 81 103 9 68 42 40 32 16 65 52 50 88 69 0 30 32 222 128 6 164 82 83 82 134 155 83 89 44 77 91 0 2 58 120 59 66 164 84 85 226 141 83 93 120 25 172 35 53 93 121 55 77 82 126 136 150 63 148 99 0 66 212 55 48 130 32 94 134 94 0 78 138 54 64 102 115 27 112 35 63 121 76 121 76 4 58 114 89 234 42 91 26 90 131 8 0 87 133 134 54 134 111
143 142 63 12 26 25 64 190 92 110 0 0 103 92 153 62 103 40 32 40 136 12 63 14 18 135 26 118 80 154 141 24 128 20 84 78 255 113 80 65 63 104 138 104 12 28 16 78 105 0 164 114 18 198 66 174 16 30 52 150 35 28 85 96 0 45 69 0 46 50 36 45 104 24 40 38 10 84 4 14 20 54 111 166 134 12 76 103 0 36 26 72 0 36 110 37 0 76 268 44 66 30 12 114 44 56 81 0 0 34 133 32 35 26 45 38 45 38 68 8 96 27 48 146 38 40 47 57 34 18 73 0 20 75 66 9 108 0 22 0 12 181 146 79 56 99 68 44 36 52 110 92 109 54 10 126 62 0 187 132 20 28 61 62 143 0 0 88 44 19 4 20 38 186 72 95 41 124 50 87 0 30 40 20 64 56 92 34 0 107 63 143 90 0 71 24 105 104 94 21 0 40 0 12 100 135 22 20 155 76 69 56 58 0 19 174 57 111 34 92 87 126 50 92 111 0 51 0 12 0 15 123 101 0 0 20 66 57 0 115 79 14 60 92 100 103 58 63 156 74 112 15 64 0 76 66
22 38 42 23 79 58 232 15 69 42 40 2 0 11 100 44 14 118 0 4 0 0 37 96 35 52 18 88 4 56 48 35 28 90 5 0 17 117 42 55 40 5 64 0 32 34 21 82 38 94 145 50 40 15 0 76 1 48 40 75 2 67 102 66 3 74 0 30 30 16 0 0 64 29 16 80 8 5 16 14 4 0 0 50 42 116 0 132 44 100 8 0 15 72 26 24 50 11 56 12 110 8 72 26 10 22 113 127 46 15 93 0 16 7 18 76 39 28 40 88 73 12 32 42 43 15 43 26 16 6 31 16 74 0 64 54 21 38 162 103 8 79 65 194 32 105 64 78 18 0 21 8 36 5 54 14 42 0 78 40 9 0 40 44 82 0 114 18 4 19 116 0 47 198 47 57 93 26 26 19 19 63 6 54 110 25 36 0 16 40 58 86 27 112 74 24 0 36 64 96 0 0 80 13 34 5 0 0 22 49 15 102 42 20 0 114 32 30 62 37 0 111 66 27 60 119 58 40 3 0 10 29 103 0 42 99 7 64 78 55 54 78 48 12 56 122 3 36 10 25 23 44 122 0 0 56
123 42 66 18 119 82 98 151 102 18 35 14 111 39 88 83 111 52 91 24 0 137 55 91 50 108 46 90 67 0 28 18 0 16 8 118 30 94 45 81 141 10 37 8 120 0 193 102 26 42 62 0 143 12 21 141 48 84 45 74 129 200 109 82 28 38 37 0 26 58 6 134 43 10 25 59 20 8 3 133 10 28 75 20 64 44 45 112 78 138 43 42 76 27 61 38 88 63 49 84 123 68 63 101 70 9 56 168 62 49 85 52 46 56 49 67 12 60 29 83 0 0 49 0 68 170 16 58 226 34 72 48 69 86 71 119 24 64 73 32 79 84 147 44 0 88 111 74 79 63 99 6 65 12 28 0 5 48 138 36 130 38 9 22 120 32 28 70 58 138 109 16 65 158 0 125 17 159 16 37 89 7 42 170 0 78 119 52 60 6 40 17 6 132 80 37 63 87 49 77 66 114 70 91 16 0 104 31 91 80 26 42 54 8 2 74 35 10 143 38 44 128 114 20 89 21 92 54 121 14 39 48 127 70 49 16 132 0 93 76 120 63 22 56 74 45 143 166 47 34 47 93 60 120 120 61
102 167 42 19 136 30 2 183 80 64 59 28 69 45 24 66 130 102 0 20 26 69 96 128 37 51 9 87 72 61 89 36 60 30 32 217 164 206 18 82 146 52 23 9 64 68 76 72 72 20 42 114 115 58 117 16 150 65 115 47 74 109 200 48 68 32 42 116 133 56 92 32 35 15 0 234 19 55 9 161 103 64 64 99 112 119 56 9 165 72 91 37 186 3 78 69 79 96 227 148 91 141 9 99 30 39 140 137 192 32 16 48 62 131 73 20 31 129 64 0 112 88 101 59 97 3 8 82 153 69 30 47 51 12 93 164 163 0 82 70 113 70 51 78 113 52 100 145 48 45 0 58 155 95 70 122 18 107 102 30 139 52 81 193 164 43 14 56 23 14 16 45 116 139 96 111 22 86 141 84 16 61 77 107 16 28 3 57 103 81 113 18 20 64 32 60 110 90 101 179 18 28 63 24 96 93 169 52 122 95 25 21 15 64 9 206 16 40 93 149 87 92 70 112 128 6 13 24 183 112 4 67 78 84 30 16 108 65 7 43 129 102 8 126 34 57 151 0 50 176 111 84 41 15 38 0
68 33 0 5 56 93 45 153 9 30 74 45 48 69 83 204 123 0 15 0 5 87 77 17 59 35 35 42 0 8 68 75 16 0 43 173 52 65 123 11 69 70 73 0 16 60 56 65 61 84 28 13 0 29 61 32 30 90 121 14 163 62 107 28 72 1 5 20 137 43 7 24 36 11 4 231 23 15 33 126 85 23 65 59 5 130 43 39 0 62 96 0 69 0 84 19 34 3 16 0 86 14 20 2 72 12 100 53 63 82 10 31 76 15 35 10 28 48 0 40 2 6 50 12 35 36 2 5 42 108 5 134 88 7 44 48 92 3 219 35 45 42 15 106 171 40 92 32 40 28 80 5 134 81 67 1 43 69 89 52 138 15 91 73 117 0 74 80 20 0 96 9 59 105 115 20 50 5 99 137 120 131 23 28 22 27 0 11 0 40 54 19 36 87 105 44 5 65 135 31 43 75 28 82 46 7 0 14 114 35 92 63 36 57 28 73 145 40 71 16 88 151 40 72 28 0 41 31 36 82 35 8 142 62 18 66 54 6 66 0 168 81 44 88 48 55 75 20 39 148 116 71 44 62 16 67
180 74 54 82 21 0 27 65 84 128 29 18 40 3 36 107 86 12 8 9 0 45 192 48 57 69 12 0 68 40 151 0 51 6 88 8 6 105 64 73 23 24 87 78 0 48 0 5 76 72 155 75 88 50 0 22 32 94 72 2 135 0 201 81 90 51 72 0 13 32 4 132 37 107 81 54 0 6 0 26 81 28 59 83 51 40 72 0 48 0 24 54 48 32 45 45 49 0 38 135 119 60 3 9 152 36 41 76 78 56 4 29 92 126 50 26 24 137 178 153 81 12 33 102 6 54 72 109 9 30 127 13 0 22 36 81 17 32 12 18 14 0 4 45 111 4 68 0 0 82 117 192 30 28 36 178 55 1 14 99 90 12 6 32 48 26 64 35 90 21 16 8 90 54 70 0 81 147 9 95 32 59 78 183 95 89 69 82 0 34 24 104 36 24 68 138 41 5 30 47 96 9 107 26 16 42 78 39 147 113 17 47 0 18 28 9 93 59 150 0 101 18 18 36 150 17 84 7 18 44 117 30 54 109 30 14 49 7 83 7 24 141 34 24 46 48 161 32 32 6 68 107 10 66 126 97
56 36 0 11 54 77 110 0 0 63 39 14 56 61 24 56 132 22 60 0 0 53 0 71 87 54 0 36 0 73 84 17 22 0 6 0 54 6 16 38 83 6 70 56 7 28 0 8 0 0 7 28 48 64 4 0 54 35 21 89 0 4 51 4 70 52 47 40 17 0 24 73 0 0 70 26 30 8 28 8 153 0 40 93 16 56 16 16 76 41 117 49 74 0 6 70 67 36 141 7 97 39 28 112 35 15 115 6 0 0 116 70 0 20 48 0 44 72 20 0 37 26 18 0 0 3 0 27 12 3 112 18 103 24 91 60 17 18 134 0 0 62 40 72 35 0 72 60 0 35 36 0 36 60 40 131 74 0 99 39 16 4 21 54 72 22 81 41 0 27 51 36 46 5 85 65 91 143 69 104 72 24 28 0 96 90 0 16 21 81 8 73 56 48 27 28 99 63 0 64 48 0 56 32 82 6 5 18 0 121 0 24 158 24 29 110 0 36 27 44 78 81 23 0 54 12 13 51 81 16 9 63 56 47 38 42 84 77 72 8 2 46 10 76 55 76 25 0 120 27 41 114 3 72 65 67
62 155 66 85 74 42 73 72 89 41 86 128 72 24 163 177 60 72 34 41 0 97 83 73 9 109 52 66 79 136 24 13 153 72 18 55 188 118 34 27 113 0 12 0 28 69 121 9 108 38 33 80 91 40 59 120 128 45 20 97 91 178 77 32 71 29 86 16 5 53 112 23 12 18 12 155 20 27 44 26 17 42 20 22 48 163 33 104 15 108 51 153 80 92 14 51 92 65 80 68 39 79 76 91 178 32 49 84 142 68 15 48 26 43 172 62 98 47 84 55 30 139 36 87 100 93 0 83 86 39 104 91 84 49 41 40 78 21 38 0 60 23 58 103 58 160 74 108 70 107 28 34 131 95 149 17 1 118 79 97 54 40 0 63 8 124 34 44 1 23 152 108 48 82 64 109 14 6 85 42 56 62 98 185 6 60 36 116 80 43 97 105 0 115 34 106 18 129 37 52 56 86 191 153 16 27 71 66 44 106 27 65 21 30 15 140 43 55 50 20 16 74 89 77 142 42 49 45 135 54 88 113 0 99 73 47 75 48 49 4 0 98 85 83 0 72 126 85 134 41 30 62 19 86 115 24
39 89 56 27 26 74 84 132 76 51 39 18 58 56 132 149 63 63 0 0 0 48 0 35 59 6 6 0 17 115 76 27 85 39 175 74 56 30 14 9 54 13 61 0 107 42 65 45 117 18 27 93 74 63 49 205 12 40 0 95 46 90 0 196 12 73 25 30 119 63 3 87 50 14 6 134 28 32 10 4 98 107 46 8 68 12 50 66 70 30 141 21 54 30 27 58 28 54 81 59 44 50 45 171 200 127 43 18 70 68 78 0 84 71 93 44 39 72 29 29 0 21 53 50 18 47 85 28 72 48 93 38 139 81 58 9 32 0 114 16 76 63 169 48 17 16 98 36 161 42 27 21 59 115 18 0 96 57 188 94 30 41 108 11 41 24 44 195 47 0 2 60 32 129 223 28 29 92 98 134 80 85 0 111 59 21 119 12 4 42 5 99 96 112 42 12 4 131 16 8 35 38 0 68 27 113 26 0 54 66 17 126 122 20 119 79 21 45 32 37 9 118 64 2 79 68 32 60 112 24 30 32 0 108 44 0 122 78 60 59 56 2 57 54 48 68 60 100 128 120 16 220 34 19 8 107
0 44 0 61 20 37 18 54 117 105 98 104 73 26 89 0 187 52 0 118 0 5 18 56 6 76 84 0 52 30 104 12 0 42 68 58 112 108 36 90 2 31 103 22 87 107 0 160 100 14 7 39 4 15 52 61 62 0 0 0 121 74 146 79 41 53 125 24 12 81 80 18 73 41 30 126 0 133 27 20 44 44 153 149 15 6 58 111 63 99 46 49 16 81 117 27 0 180 73 78 114 101 83 103 63 80 77 17 0 45 53 10 27 60 60 72 0 55 84 40 12 21 60 135 21 96 0 80 105 18 42 31 46 63 103 60 8 15 0 81 12 8 191 84 30 107 92 82 87 18 82 33 115 86 81 68 6 32 76 35 29 132 137 67 96 72 40 101 63 8 63 59 140 125 71 34 32 42 32 40 8 15 89 54 72 40 60 20 81 90 7 209 128 180 57 40 138 5 21 124 0 40 79 108 9 66 131 92 5 12 69 48 26 14 15 89 35 53 9 28 20 87 35 0 98 74 135 4 33 0 28 127 42 122 89 10 0 45 98 0 8 96 35 49 38 45 36 96 53 12 110 35 80 98 0 0
81 0 42 40 63 63 144 0 21 114 56 0 105 63 157 163 61 92 0 56 4 15 23 52 110 102 57 16 0 174 37 80 72 6 42 50 69 182 146 93 28 80 14 12 26 99 80 108 118 18 96 61 102 0 39 45 100 88 28 74 0 43 61 36 23 152 3 20 13 6 59 48 33 0 54 93 79 15 16 80 33 0 69 156 100 108 34 21 67 64 56 66 60 78 32 108 0 63 106 119 48 155 35 170 34 49 25 20 54 32 131 14 100 162 70 40 121 57 38 42 35 21 105 144 49 30 4 62 72 2 21 84 165 38 65 6 0 3 81 6 27 71 58 77 0 34 60 78 135 15 177 25 53 142 70 82 82 56 100 83 5 7 0 0 60 12 24 0 3 74 0 108 51 134 147 65 116 114 53 151 202 75 18 28 8 99 146 126 44 9 78 90 25 183 42 26 227 2 46 105 12 74 41 100 36 162 61 6 45 41 46 190 48 72 42 85 149 192 48 4 0 65 63 150 87 13 22 66 153 51 35 260 31 42 33 45 90 66 40 8 68 6 121 190 27 108 18 34 86 3 104 135 35 139 18 63
11 21 35 15 23 42 111 30 50 45 83 34 0 38 0 62 57 81 28 24 62 0 94 34 29 0 9 40 0 62 28 33 25 69 29 42 12 36 0 52 0 16 78 45 42 0 37 63 48 7 2 56 52 81 6 28 0 104 42 167 88 35 76 24 6 8 42 106 22 2 14 96 10 20 60 62 35 0 0 48 97 12 30 15 73 32 27 0 80 14 53 62 76 49 70 35 108 51 126 73 82 23 35 0 6 16 14 34 12 12 56 60 58 160 125 24 37 0 30 0 18 14 49 21 16 14 27 27 44 25 40 18 63 7 29 63 12 16 123 16 20 71 53 10 40 70 117 48 0 37 125 18 31 8 24 0 0 34 104 46 47 35 69 0 0 0 0 0 0 101 35 53 48 2 64 91 5 60 0 63 49 72 137 30 119 60 28 53 56 7 65 48 12 0 35 127 0 35 143 72 0 3 0 97 0 115 81 20 75 0 56 42 0 32 8 84 33 83 25 75 15 118 45 13 7 0 71 73 46 0 46 0 15 38 37 12 168 91 95 39 32 55 0 55 35 0 0 0 45 124 29 45 59 12 0 8
122 58 3 66 55 2 109 36 54 76 11 0 200 22 31 120 28 0 40 36 0 60 16 50 19 115 54 137 55 97 80 54 12 63 56 59 114 69 158 82 96 0 39 0 71 34 7 37 41 87 36 129 69 49 9 81 135 42 37 16 25 75 28 154 38 79 0 0 60 38 3 81 63 4 48 24 60 0 8 52 29 35 53 108 205 22 141 39 48 16 111 114 5 49 22 19 72 35 87 21 10 48 46 91 97 92 106 0 6 92 0 43 68 51 14 21 38 103 159 78 72 0 109 146 72 149 38 86 203 6 0 0 74 74 87 60 0 42 176 54 72 0 83 105 57 39 72 0 92 44 7 0 36 38 50 27 63 72 113 99 28 35 6 9 36 36 117 48 10 18 222 0 41 187 142 135 7 104 60 84 0 91 54 19 110 24 21 121 66 40 40 68 53 107 6 18 63 50 0 195 119 0 105 74 40 68 56 40 27 84 40 70 144 0 77 90 82 42 102 78 50 10 90 0 31 24 40 18 138 44 16 144 10 8 28 45 138 46 98 24 111 94 78 96 21 36 187 78 26 0 68 45 232 80 8 0
113 117 0 29 54 0 28 35 42 26 37 0 115 38 74 16 41 95 42 18 25 12 84 133 63 35 9 0 27 30 18 0 143 18 42 71 112 72 17 82 64 45 0 34 101 128 0 63 36 8 151 25 86 12 35 2 16 0 24 83 0 60 12 63 42 54 64 28 0 49 0 18 39 0 57 37 30 0 92 14 18 27 92 2 58 29 6 24 0 28 124 18 57 0 38 45 45 72 38 36 45 48 12 82 57 7 40 77 123 5 60 35 28 112 54 55 89 52 7 120 34 28 48 8 34 18 9 28 76 0 78 6 8 24 0 32 56 0 83 30 20 0 61 84 0 17 48 0 36 0 0 163 44 51 109 38 2 13 0 44 36 86 8 26 88 0 25 38 18 0 164 0 72 48 38 50 0 63 83 0 53 73 97 1 7 4 54 37 36 3 7 21 0 82 4 20 36 67 36 72 42 0 45 0 36 77 72 56 30 16 23 21 81 0 0 36 30 36 10 76 0 30 15 13 64 4 77 116 58 44 28 70 78 32 22 0 142 3 125 7 12 48 103 16 0 72 12 6 42 32 54 40 67 0 64 36
106 102 63 0 27 0 80 129 74 10 42 107 146 36 163 139 30 59 18 98 31 108 98 4 79 77 50 16 63 113 161 23 86 132 8 90 167 10 56 81 12 89 69 6 0 4 16 81 8 104 0 114 161 101 113 256 27 40 96 51 89 38 70 67 92 68 36 0 52 0 28 41 120 32 2 81 42 69 51 8 142 44 98 74 136 58 39 16 39 0 38 53 0 66 117 15 55 47 94 4 52 88 20 96 36 51 150 72 0 66 48 57 37 107 103 6 1 37 82 122 140 15 120 119 66 0 22 71 67 129 35 113 0 6 46 87 65 41 26 56 51 21 0 44 118 86 137 43 0 120 120 0 32 80 33 52 80 28 106 97 59 41 51 10 0 2 0 0 5 54 150 79 0 135 88 28 25 25 71 143 94 100 201 103 0 12 9 21 80 69 69 89 16 0 60 0 78 79 81 0 27 101 158 26 20 132 42 2 95 20 121 137 158 21 45 96 29 48 58 0 66 56 40 57 192 44 29 31 47 139 84 129 87 69 5 135 75 49 81 63 74 79 69 128 0 38 10 113 30 77 50 49 105 2 48 18
40 88 54 27 82 136 48 72 40 27 73 18 24 22 90 26 69 16 76 24 4 18 100 21 84 37 35 32 74 48 18 0 26 13 30 28 100 45 20 0 54 6 86 80 23 20 82 0 29 27 84 14 100 101 112 58 40 74 107 135 0 105 66 12 34 32 88 92 79 59 2 61 95 69 46 26 0 15 16 116 18 82 111 74 13 63 8 62 60 76 12 18 47 62 99 12 20 28 52 32 0 0 6 50 28 107 10 156 54 24 81 162 64 130 12 26 36 72 50 0 4 10 20 64 34 5 20 20 24 30 138 8 31 37 7 18 0 1 70 58 18 131 90 28 15 45 43 4 53 0 6 138 8 0 54 30 0 15 78 16 16 88 0 13 136 0 87 71 87 78 52 60 28 48 111 30 0 114 44 0 99 16 155 0 68 22 24 0 80 82 28 6 42 113 54 28 40 38 56 18 56 108 6 18 6 64 51 119 0 0 56 24 63 87 0 80 89 1 107 39 7 229 105 19 42 0 44 40 14 3 128 43 127 16 48 27 114 27 90 6 24 4 9 68 155 0 36 98 24 36 61 15 87 18 157 6
156 119 0 46 49 94 54 153 28 14 0 30 21 16 39 22 18 7 32 90 27 48 37 113 91 126 16 7 63 88 266 81 72 4 114 149 68 104 78 95 10 64 63 28 24 46 78 66 12 2 195 42 117 26 121 25 40 61 121 120 70 77 81 110 12 110 104 86 51 0 3 81 63 106 16 155 66 74 0 24 24 34 14 57 149 28 45 103 45 18 45 67 0 48 66 9 0 103 142 41 135 131 46 84 83 0 20 29 80 5 27 0 183 100 40 49 36 0 42 56 86 0 36 193 63 97 91 80 59 47 69 0 0 56 17 16 0 55 24 32 8 1 0 65 51 18 130 82 120 0 88 0 43 0 96 56 82 74 36 30 169 163 48 79 89 0 70 45 74 42 108 14 102 173 62 56 14 39 16 35 77 102 171 105 66 0 134 24 40 63 0 54 222 48 20 117 55 38 72 64 46 122 0 122 32 78 59 14 104 50 38 52 134 68 43 140 6 95 53 7 38 65 111 72 85 42 6 4 66 85 34 87 79 80 54 4 25 145 60 101 37 117 84 86 143 7 130 80 58 144 86 69 80 8 103 44
82 42 18 18 20 8 29 29 74 25 0 24 48 32 21 4 19 63 71 12 24 26 30 14 0 0 12 42 36 25 61 18 87 0 24 45 11 80 22 89 56 9 40 98 18 23 4 12 31 0 25 34 14 72 24 40 51 75 0 194 0 84 24 81 44 4 0 21 1 10 0 7 49 4 9 0 0 7 0 107 9 41 1 10 38 96 48 22 92 0 0 68 15 8 27 0 72 29 131 10 0 71 10 10 44 28 13 21 23 7 104 6 34 36 44 24 90 4 91 28 38 36 22 20 96 0 5 0 23 8 19 16 0 51 18 2 10 19 11 68 4 0 49 39 4 23 22 40 16 15 0 32 63 86 25 23 0 20 52 1 47 100 28 8 38 0 23 48 51 40 83 0 38 53 2 50 22 14 0 27 48 48 35 57 8 29 54 63 54 0 72 32 12 8 82 84 86 81 20 63 3 108 62 65 8 0 23 44 44 34 0 1 0 65 12 24 20 18 54 8 70 79 12 3 4 0 59 20 54 72 6 4 28 24 104 4 24 28 16 20 76 72 0 108 120 17 32 28 62 24 33 0 8 63 22 48
27 143 137 56 84 93 71 21 119 24 24 59 109 20 75 51 63 0 24 22 3 93 109 66 46 33 51 42 99 12 25 12 117 49 61 54 36 156 40 48 61 44 14 12 28 34 39 102 85 3 88 93 112 34 21 33 54 69 89 66 186 57 105 37 31 54 70 50 167 15 0 64 39 18 128 150 95 0 91 52 158 102 206 36 44 53 9 87 101 93 188 55 100 0 46 33 107 180 43 146 22 32 72 27 143 42 144 107 51 93 23 65 18 111 70 125 30 135 6 12 79 12 48 0 111 6 56 22 86 58 72 27 72 47 88 44 128 61 24 90 51 65 36 125 2 60 30 89 92 27 84 12 0 79 42 45 94 33 18 99 54 71 54 99 0 20 81 36 0 0 109 14 86 24 0 34 42 154 126 17 105 79 25 37 130 56 72 16 127 99 125 14 122 32 93 30 18 93 97 95 15 49 9 133 72 54 16 18 50 39 0 61 109 0 33 205 24 133 79 95 67 131 171 20 119 18 89 87 83 58 32 50 15 20 70 12 241 30 48 55 72 67 91 72 4 18 71 62 86 75 10 0 115 124 135 131
25 42 0 37 56 61 70 37 78 66 92 12 60 116 189 0 60 67 32 0 94 116 83 114 35 0 0 78 60 92 45 12 23 26 30 20 199 70 0 0 98 68 144 0 48 45 94 30 0 9 113 70 10 156 92 72 13 60 184 116 75 28 66 0 88 36 151 36 38 20 32 45 84 60 149 44 38 26 44 33 40 36 174 63 72 61 68 40 124 66 77 38 82 11 32 36 85 0 4 57 2 63 67 82 43 18 140 23 20 2 24 67 141 133 92 9 33 9 76 30 62 30 57 36 64 0 18 0 43 16 32 103 109 24 147 40 96 0 35 65 4 99 52 128 12 34 69 100 64 61 83 0 0 53 0 34 118 51 42 145 12 72 56 10 68 52 30 34 20 8 122 79 52 36 107 8 0 143 45 0 48 0 113 8 28 61 20 64 9 76 10 81 9 92 38 72 54 89 0 72 0 45 12 107 32 58 68 95 0 61 66 133 128 22 42 76 54 136 32 28 27 60 105 78 116 0 78 33 62 64 20 80 55 0 69 0 59 183 47 8 7 0 111 27 62 40 60 43 9 5 173 98 214 32 22 64
36 58 35 21 97 28 57 87 29 41 25 30 85 29 202 135 102 20 32 31 20 89 19 66 47 2 69 80 0 25 64 54 0 0 64 45 198 138 8 25 101 0 122 12 56 61 93 8 57 81 33 154 63 63 2 66 99 0 133 57 0 114 61 68 68 6 59 80 33 24 21 0 78 36 0 58 8 24 72 0 59 59 56 5 48 27 51 110 119 53 36 75 0 0 5 52 32 24 96 45 40 66 45 206 45 95 85 37 27 35 12 79 46 18 45 8 50 121 147 15 12 12 8 12 43 2 34 0 147 54 18 11 80 53 144 0 0 8 45 5 35 44 110 62 7 38 76 90 113 36 20 7 90 0 27 4 178 37 71 15 18 49 15 109 4 0 93 48 27 0 27 9 18 74 42 12 8 54 35 0 79 104 0 138 47 4 94 54 21 0 27 0 132 117 56 9 40 95 27 87 0 88 0 0 113 60 69 84 25 7 23 0 88 0 48 103 47 67 2 9 0 41 132 62 50 39 1 21 69 0 1 14 45 81 54 81 26 38 6 0 50 62 0 0 46 7 112 65 8 19 98 55 79 15 203 45
66 0 14 9 15 32 75 30 30 2 98 51 21 21 99 75 18 57 108 40 91 48 42 123 50 15 99 42 12 72 75 19 0 76 16 35 17 77 24 194 63 69 72 9 0 0 0 87 3 79 32 37 116 81 27 45 41 60 70 49 63 21 36 0 63 32 144 72 119 37 48 48 36 0 25 60 139 61 206 0 27 24 137 12 12 37 0 24 180 0 8 36 84 81 21 68 133 22 151 72 128 71 62 198 72 8 53 45 18 45 3 18 47 57 55 42 63 38 21 65 7 72 150 50 55 0 124 0 142 176 20 78 27 0 27 33 0 69 56 0 3 72 0 0 30 0 30 8 36 0 48 55 117 63 0 32 48 32 48 0 74 32 59 51 24 0 0 18 0 108 24 9 0 16 0 32 36 30 18 109 171 152 148 91 116 0 24 74 6 36 68 30 151 6 87 109 6 97 129 24 57 0 28 171 134 47 81 63 21 80 118 82 48 7 32 24 0 112 120 36 36 105 0 15 48 6 182 29 177 75 0 36 77 69 66 62 41 62 63 25 15 96 0 92 65 8 18 12 54 0 115 20 106 63 27 0
127 61 8 51 19 61 5 29 37 20 18 46 48 65 5 42 0 20 13 12 7 93 48 55 47 101 26 28 48 31 123 57 35 0 96 5 104 112 40 60 30 84 109 0 54 9 24 78 41 0 62 41 60 53 34 0 4 91 83 75 80 8 68 82 69 141 106 0 52 0 7 0 84 39 75 61 78 147 3 67 45 0 17 103 44 53 20 157 0 41 103 22 0 30 0 52 89 75 30 23 81 80 79 43 26 0 55 40 65 0 104 45 1 89 81 63 20 15 76 39 77 57 63 54 53 89 52 0 54 23 100 60 18 80 27 33 12 45 1 103 3 41 110 56 150 15 64 91 0 21 64 72 54 0 125 4 105 9 40 49 69 0 9 56 4 71 9 80 57 35 97 51 114 109 70 102 55 70 0 0 56 9 103 50 94 49 123 107 95 56 45 107 46 40 63 196 79 25 186 45 0 72 115 178 4 66 15 39 91 51 50 34 17 7 48 118 36 74 36 78 48 96 47 37 113 92 0 37 94 79 0 78 9 43 1 10 88 73 56 21 6 30 37 36 39 48 37 21 15 18 33 80 98 134 107 42
89 87 9 36 107 62 162 48 21 181 95 61 28 88 82 27 44 70 56 4 43 108 88 120 46 194 47 50 41 71 32 4 72 22 93 39 96 147 6 52 134 9 168 56 91 49 16 66 59 54 70 17 37 54 30 64 9 49 108 138 87 17 75 41 21 80 69 58 92 77 6 99 35 12 6 90 28 2 88 14 7 120 56 7 61 128 9 59 183 18 58 61 169 39 7 33 138 25 179 157 129 20 7 76 29 157 24 25 30 84 215 21 164 139 45 57 172 22 63 181 31 69 42 85 96 14 65 63 47 6 86 68 35 84 61 92 56 74 210 10 3 121 57 127 161 39 44 23 158 8 33 100 150 27 103 147 60 156 235 24 74 2 202 35 86 32 9 35 7 22 128 36 36 74 74 39 75 147 69 76 60 105 32 55 167 52 47 21 21 62 132 51 108 15 64 52 26 43 55 91 35 121 40 51 64 40 51 33 71 37 76 90 98 45 0 180 128 79 85 160 159 99 83 9 44 57 196 30 98 74 70 116 80 102 191 0 132 0 198 28 37 96 46 218 0 88 77 96 154 139 73 108 48 137 78 21
30 50 84 86 19 28 1 24 0 94 13 31 33 36 6 75 18 116 24 21 0 33 0 54 33 88 24 69 14 52 45 24 96 101 2 132 9 30 7 27 36 24 59 0 56 18 50 0 16 0 46 96 32 62 18 59 36 34 0 0 66 113 24 44 50 51 0 58 0 5 0 48 38 36 39 25 24 76 3 54 51 60 63 46 28 12 8 48 201 0 10 64 73 10 22 6 17 77 70 98 60 61 45 142 18 70 30 28 5 36 97 79 94 33 61 39 30 0 99 107 4 38 27 44 0 60 6 42 95 0 0 24 6 14 70 83 20 0 24 0 9 54 45 54 42 55 47 3 20 69 24 63 76 28 29 24 18 25 175 40 44 136 28 0 40 16 36 54 9 45 95 30 44 54 32 10 67 21 14 0 26 0 0 5 0 34 50 6 41 0 78 94 30 0 15 75 21 63 18 56 7 75 6 46 2 23 8 78 8 12 26 44 60 9 24 24 55 81 54 28 42 6 69 33 122 6 32 28 25 63 0 91 75 57 11 0 27 0 66 10 19 36 9 131 54 40 17 57 48 14 33 68 5 62 20 11
64 39 9 61 17 36 145 49 143 21 56 6 0 49 152 107 105 81 80 39 22 45 56 110 10 123 22 96 48 129 12 0 83 92 38 40 159 66 60 3 105 28 25 16 6 4 57 96 20 24 54 14 17 64 36 15 96 124 71 21 23 42 50 72 53 52 20 6 76 79 78 27 49 34 21 107 95 86 24 26 3 61 145 131 55 142 0 0 141 42 126 90 26 98 68 81 25 63 112 48 128 14 24 45 215 6 166 13 36 25 27 24 97 48 62 24 0 6 80 98 4 54 43 193 14 88 20 67 121 128 168 84 0 0 79 91 8 93 75 27 135 45 45 178 66 54 32 6 23 12 12 34 108 138 122 78 1 142 47 63 32 64 93 98 146 0 68 40 64 33 74 70 48 72 14 147 31 124 59 211 60 184 158 135 67 32 63 72 48 119 63 42 87 117 71 71 25 24 30 92 114 35 22 24 123 99 47 52 120 78 111 54 137 30 18 31 84 64 148 53 88 42 62 0 7 93 34 12 76 12 0 109 66 89 36 134 170 104 32 1 97 124 18 154 84 12 56 37 78 94 85 60 129 95 158 54
135 49 59 31 45 90 71 99 67 30 98 40 25 63 102 29 34 69 105 124 67 28 152 79 8 179 85 41 6 158 57 7 153 74 86 10 184 170 0 97 77 62 65 35 16 84 24 15 10 85 202 15 144 9 81 115 9 83 48 81 161 68 86 176 0 88 136 76 135 57 0 39 86 0 19 142 8 45 72 0 84 15 28 64 29 116 17 133 24 37 139 74 19 109 50 33 56 104 160 21 41 106 38 70 92 28 61 130 147 130 81 78 112 146 15 125 23 98 24 0 46 86 106 56 56 77 134 99 87 139 116 9 107 51 52 18 17 50 30 45 79 91 51 112 84 51 50 24 143 16 92 168 130 84 38 82 106 25 114 82 36 79 12 19 113 0 80 220 0 51 57 0 96 80 122 28 36 117 24 29 76 56 198 24 8 1 98 0 78 98 19 42 91 105 56 94 37 118 21 122 63 8 50 109 14 136 0 20 118 7 85 22 12 24 6 126 54 72 43 62 77 203 105 45 10 20 7 81 118 64 81 105 70 6 94 99 35 56 72 172 15 56 57 175 109 29 125 21 84 119 52 195 99 139 44 7
64 112 17 14 6 64 0 16 63 26 8 0 44 16 70 8 4 7 35 0 14 21 33 45 91 12 0 53 30 5 8 1 45 0 34 99 26 92 8 92 0 21 4 24 30 46 73 74 32 16 3 114 0 38 90 0 52 35 56 147 25 21 68 95 8 16 0 16 77 4 0 64 40 29 0 191 41 10 40 2 40 0 129 4 25 86 16 6 77 0 63 12 10 0 38 0 48 9 76 61 45 75 12 0 48 10 155 7 56 0 20 0 52 52 78 18 64 90 101 27 63 0 0 63 56 0 40 65 24 5 9 24 4 130 34 16 0 8 18 43 0 44 13 50 46 0 0 4 14 6 14 12 129 75 48 0 46 36 26 107 16 113 57 8 12 0 0 62 44 40 64 8 5 0 46 0 0 35 132 2 128 63 8 23 4 20 63 30 12 18 12 30 49 52 38 42 24 7 0 35 12 59 48 32 0 8 28 48 32 12 8 20 22 50 99 0 18 28 77 8 8 104 115 30 9 0 11 0 21 20 6 90 0 76 32 0 72 57 60 7 93 48 16 48 123 0 6 18 18 36 88 10 119 0 9 0
29 18 65 116 48 54 125 18 185 62 103 42 98 8 197 18 27 87 6 54 18 27 48 57 45 27 49 62 63 15 75 0 18 56 38 196 89 71 63 30 115 54 41 67 0 1 0 165 54 9 54 136 41 30 111 56 25 56 32 144 6 181 92 45 27 9 18 32 52 51 35 0 91 19 21 91 0 52 0 54 0 38 135 64 214 75 9 129 63 58 81 45 76 84 32 8 12 89 124 39 0 113 73 85 108 16 45 115 142 48 94 0 100 114 84 42 25 42 162 112 27 42 48 130 18 63 26 95 67 0 51 8 63 98 44 72 50 45 2 51 30 32 45 87 0 143 74 63 72 8 56 69 48 81 35 71 84 16 161 73 84 128 53 16 72 0 65 51 3 80 135 0 18 54 6 45 15 8 54 149 71 12 105 82 51 34 121 60 44 94 64 24 160 96 124 0 132 0 142 104 68 35 6 54 32 47 9 50 60 72 14 176 30 24 48 140 35 9 189 64 57 91 64 15 58 27 40 87 32 49 0 93 21 55 24 16 130 9 16 15 83 32 32 73 129 117 12 48 75 39 87 12 99 117 93 69
66 50 0 95 5 190 5 67 93 48 41 22 86 125 52 44 12 9 24 5 8 95 66 74 138 68 38 91 10 157 28 3 102 122 52 30 50 234 27 51 4 48 118 72 31 92 109 31 105 14 189 44 32 36 80 102 75 12 36 58 87 78 86 77 54 18 55 14 38 48 87 216 139 111 47 26 2 140 0 60 36 78 14 38 112 103 62 60 183 15 73 6 24 10 53 90 84 40 57 42 0 7 90 54 90 19 149 0 38 32 106 72 179 82 23 86 0 43 55 63 65 66 144 114 60 17 16 50 80 69 78 44 4 65 57 134 25 39 101 0 36 87 128 158 106 104 118 51 14 33 152 128 36 44 125 0 106 28 1 7 87 32 10 34 51 49 42 12 4 51 270 60 70 14 79 154 46 52 159 88 27 53 6 104 28 81 77 25 81 56 32 96 45 31 8 41 145 79 45 39 0 100 20 101 90 112 130 81 67 72 27 43 85 48 54 138 60 206 41 27 75 136 195 36 35 172 2 172 144 39 34 92 49 39 24 0 97 64 70 19 50 81 97 84 88 10 54 42 22 51 90 113 71 9 111 58
30 78 21 0 22 14 210 55 0 38 36 0 29 98 147 100 83 8 18 36 0 81 0 14 18 9 16 63 33 162 60 14 16 28 35 45 53 78 114 79 24 16 4 100 16 32 0 107 8 17 70 69 56 88 30 162 18 74 19 48 0 0 70 24 0 48 36 7 70 24 9 90 16 60 0 57 4 28 18 12 16 58 20 76 56 10 37 9 30 27 25 52 0 27 101 164 30 89 2 72 94 86 0 24 108 72 110 82 18 81 122 0 170 66 83 4 24 56 66 48 94 54 35 256 47 36 18 44 0 0 10 6 24 28 35 87 51 9 32 130 0 77 14 151 75 17 127 88 0 99 43 226 96 78 63 26 30 0 18 52 145 99 63 23 57 14 11 19 59 24 44 7 95 40 155 40 79 54 60 84 46 116 162 3 43 114 116 111 6 66 87 203 112 64 99 67 73 53 99 79 77 12 126 0 5 47 0 21 72 81 107 16 0 112 120 0 63 33 8 42 92 108 28 23 83 45 54 2 16 20 22 23 24 77 35 28 18 52 26 0 177 26 56 73 0 114 62 65 28 30 173 15 54 12 54 303
52 125 120 61 88 16 105 0 54 93 76 47 87 147 84 8 60 56 83 29 46 58 103 173 59 17 96 76 106 51 108 24 14 0 100 85 36 102 36 85 80 8 49 10 115 89 127 93 40 15 71 135 0 113 84 139 70 24 82 32 30 44 96 17 88 81 27 79 117 30 55 224 74 139 122 91 30 113 25 98 64 20 85 108 160 110 8 40 65 94 60 40 56 54 32 72 62 35 104 188 54 57 93 65 77 131 44 58 120 0 57 24 63 67 144 19 133 48 97 50 46 0 188 41 18 58 24 154 26 10 39 40 99 39 70 101 0 15 122 80 74 0 20 40 157 143 56 29 173 77 131 44 176 46 48 70 40 100 87 85 152 40 86 124 33 56 28 18 0 63 66 56 3 56 130 33 5 54 56 13 56 18 64 79 39 72 0 150 36 88 85 169 25 81 138 91 81 97 79 4 24 6 30 239 0 34 188 24 48 114 112 165 175 0 56 83 61 49 142 56 64 88 197 68 158 39 127 124 69 58 50 201 1 112 58 7 12 0 85 5 150 0 146 94 28 4 79 25 0 192 190 56 34 140 24 34
12 12 0 6 47 76 0 0 4 16 0 0 118 8 40 36 28 48 0 21 4 144 8 93 39 0 0 48 0 53 40 0 99 7 51 21 37 42 76 128 62 0 32 48 0 5 2 13 14 0 22 58 75 15 0 0 28 203 49 24 32 0 67 79 70 54 16 0 104 67 28 63 21 36 52 9 56 0 24 28 56 13 21 95 8 0 53 0 55 0 125 3 37 0 75 54 40 69 77 76 61 64 24 46 30 8 56 0 104 7 92 152 10 47 110 72 44 71 92 5 122 8 24 61 72 8 64 0 77 0 24 5 69 19 16 86 4 0 49 0 107 7 32 70 7 32 2 28 4 32 28 4 15 25 3 0 148 4 63 123 0 48 56 96 15 14 0 56 0 32 33 57 3 0 6 72 24 126 8 56 2 33 68 2 74 4 0 14 33 48 51 65 64 47 8 32 55 33 145 43 6 63 32 56 59 172 52 15 132 0 111 99 27 4 104 50 0 32 97 36 38 46 36 24 10 16 10 4 0 52 56 68 70 56 8 0 116 83 0 10 79 35 8 0 10 0 81 84 18 100 31 199 139 16 0 111
42 135 0 3 103 45 74 110 15 90 52 30 12 48 63 72 0 7 0 130 15 50 11 45 114 22 99 41 43 36 5 65 40 0 122 13 45 57 71 7 19 19 185 28 36 0 68 0 52 10 47 4 88 111 36 74 8 56 9 91 39 58 43 14 35 66 81 130 80 4 36 24 9 42 27 40 37 62 0 20 41 50 9 33 48 16 0 103 27 5 55 46 23 8 0 43 25 23 72 121 117 26 15 9 24 60 61 0 84 61 89 45 42 1 79 9 72 0 186 5 22 0 47 4 113 13 40 122 37 78 70 14 62 2 48 45 41 42 133 72 21 145 66 35 120 50 96 14 71 18 54 41 30 27 28 15 31 0 143 8 28 10 0 95 6 6 13 24 22 33 138 6 0 76 224 37 0 63 33 22 36 42 99 108 78 61 45 51 63 124 28 44 18 7 19 55 58 74 20 41 1 153 137 102 50 27 9 8 18 36 63 24 61 79 21 56 89 23 60 61 60 128 45 29 9 20 53 33 37 5 63 106 2 62 75 169 34 16 63 18 26 35 25 74 99 0 132 16 30 0 56 90 63 57 72 9
27 83 72 50 41 66 13 78 18 81 12 121 18 18 56 19 96 16 24 2 4 29 88 6 28 24 22 16 67 8 178 144 30 22 40 10 205 4 0 36 82 8 21 100 0 134 24 55 0 0 112 75 24 26 25 138 0 71 79 101 66 50 84 56 120 27 91 62 27 0 12 81 79 68 86 24 26 130 14 64 92 0 105 59 163 0 88 8 73 28 31 85 14 0 6 90 55 1 27 4 15 153 40 115 87 71 123 86 6 18 146 26 2 51 26 7 21 63 43 34 73 173 35 8 74 29 35 10 26 54 162 84 0 68 71 14 0 35 12 112 0 0 7 89 77 16 61 97 47 30 22 4 28 0 54 30 10 36 14 47 154 46 0 36 20 77 59 9 34 0 76 0 106 66 100 66 121 56 6 24 0 40 146 49 23 56 0 60 22 16 32 8 20 88 81 50 0 34 24 142 13 47 0 31 0 24 25 56 99 86 43 0 69 54 63 106 38 14 121 24 39 47 85 20 160 86 54 63 82 78 15 35 11 145 128 14 28 19 54 26 65 106 53 18 97 89 109 55 29 21 113 32 87 2 172 44
185 68 60 40 152 83 50 90 106 273 25 83 63 88 15 41 183 72 46 125 57 61 55 29 16 119 21 69 113 4 93 0 40 133 45 0 81 48 0 67 106 0 140 0 77 24 0 24 14 28 36 16 63 25 154 132 26 67 59 53 18 139 28 49 99 56 105 67 112 45 0 32 280 6 42 39 28 92 72 28 27 18 65 24 8 60 0 96 73 47 89 50 0 0 25 20 54 203 81 140 16 16 72 18 79 104 72 0 54 36 20 41 54 70 67 29 78 28 54 81 99 0 46 18 101 36 46 41 63 0 27 50 18 14 126 111 60 27 57 0 0 22 183 66 9 67 77 16 57 17 28 158 81 32 101 105 17 56 65 12 36 44 150 49 58 64 34 81 10 15 45 5 12 195 119 88 60 62 52 13 11 13 129 0 47 16 117 46 24 83 66 0 75 102 85 64 45 46 192 71 36 55 20 42 37 63 74 18 0 69 68 178 89 14 36 186 86 86 32 128 94 77 29 0 90 135 65 37 112 8 117 42 108 9 45 8 84 0 210 72 9 67 111 72 66 52 123 87 34 89 51 53 76 71 123 39
61 232 71 24 14 28 89 32 87 70 37 0 93 105 75 35 111 53 91 0 36 18 117 73 0 69 5 4 0 39 214 21 56 133 20 117 0 107 0 101 56 49 60 0 90 113 9 122 70 77 150 25 39 56 9 111 17 52 67 44 86 90 108 70 63 110 117 56 46 28 13 0 108 99 7 67 22 135 36 96 9 66 64 63 105 130 0 92 79 53 175 24 108 40 88 21 6 7 60 69 117 92 6 115 125 54 196 29 52 24 25 12 96 32 50 8 65 57 0 199 45 24 166 24 12 127 35 68 28 36 56 89 64 32 106 87 54 115 159 0 24 20 67 229 27 54 58 0 49 52 18 15 123 12 28 4 0 36 111 0 151 20 56 49 83 49 18 91 78 88 105 61 58 118 159 0 87 91 67 66 56 81 60 35 67 53 73 24 61 0 0 84 45 179 101 96 70 0 122 184 14 148 111 303 24 19 63 20 0 42 156 89 71 36 118 84 43 92 44 28 49 89 9 27 133 77 234 36 88 154 6 140 81 34 16 0 0 0 185 14 46 100 92 72 7 117 65 0 18 49 72 118 117 233 24 28
148 48 32 66 54 101 126 60 15 85 36 0 43 16 21 171 115 36 108 70 0 79 36 177 21 93 159 68 0 143 0 6 67 148 74 103 78 61 4 21 94 114 7 0 93 47 93 0 154 45 42 58 164 106 59 158 0 106 107 92 99 168 160 0 5 57 125 20 108 75 9 144 99 72 76 178 102 71 20 106 0 168 79 49 0 33 0 189 130 35 234 38 43 139 0 27 138 45 100 77 90 72 83 138 29 28 110 49 57 87 84 0 74 35 69 90 45 4 129 64 54 80 109 0 38 140 31 90 130 63 92 109 100 111 150 34 16 0 103 38 88 0 81 56 90 123 54 86 60 0 87 49 27 0 112 56 8 88 35 150 56 89 56 42 197 40 0 126 12 47 146 120 58 66 69 211 52 120 93 249 44 31 9 208 24 34 30 85 158 160 114 18 52 21 108 72 4 92 150 70 45 144 58 93 108 100 47 16 103 99 34 49 75 0 140 32 50 205 57 58 90 0 132 45 54 24 51 224 136 78 4 221 63 24 4 70 124 156 71 34 174 118 25 193 39 92 24 54 202 67 41 11 129 94 80 84
71 16 93 54 75 73 188 111 72 68 132 0 55 80 84 24 32 72 173 0 137 20 96 105 0 32 7 28 9 100 32 10 70 108 32 0 56 89 28 44 103 35 36 21 4 11 18 47 72 0 101 41 78 32 25 126 24 32 109 49 0 28 44 37 0 89 92 16 111 10 0 161 119 67 43 33 42 154 30 55 45 32 47 0 69 95 24 45 56 90 161 54 35 8 80 4 36 93 0 49 5 24 83 60 130 0 162 58 70 35 0 63 35 177 50 88 99 90 48 25 50 68 44 0 40 56 32 35 45 69 20 7 78 0 91 0 70 145 16 49 109 8 44 76 100 54 24 40 116 156 139 73 8 91 87 64 0 15 0 0 174 156 24 49 98 15 42 70 9 0 152 5 80 54 99 20 4 116 44 24 2 112 164 0 2 113 14 32 0 40 25 0 16 30 44 0 7 28 131 56 84 0 30 45 36 0 28 83 0 0 39 55 46 72 119 116 90 0 40 103 99 197 151 5 136 56 10 114 43 45 0 35 14 36 9 10 131 123 4 0 93 36 120 145 36 0 54 0 56 92 20 44 145 75 104 188
100 51 24 59 49 54 20 99 0 18 105 28 69 40 109 0 18 7 35 0 15 10 0 5 2 77 0 32 6 94 29 57 63 9 103 72 86 105 8 19 13 27 71 48 0 146 72 72 2 36 143 16 15 27 10 183 4 0 39 56 7 0 54 153 24 198 120 16 24 14 50 82 98 0 0 49 75 2 0 0 24 3 24 110 99 74 118 15 27 4 119 87 91 18 96 17 60 32 83 61 137 125 0 49 138 76 49 8 45 9 13 36 31 111 118 111 64 61 0 117 10 75 137 33 6 2 6 72 0 0 30 24 127 108 39 75 132 40 7 0 21 0 27 88 34 3 137 49 63 6 56 52 54 97 71 19 21 1 36 4 0 0 41 53 4 41 0 15 54 0 174 105 108 89 57 65 30 5 153 112 0 51 36 23 0 33 24 18 31 18 20 90 4 143 0 8 63 35 0 0 40 6 66 39 48 43 63 27 188 0 12 143 0 20 78 50 46 6 18 18 36 76 57 24 148 54 67 49 238 88 24 83 88 72 2 6 32 152 13 3 0 28 170 0 10 55 149 2 22 42 169 44 40 121 96 30
0 31 8 0 12 63 32 0 0 70 27 8 53 6 0 115 109 56 7 12 9 39 9 4 66 9 44 26 0 68 62 0 10 18 6 25 27 23 0 35 32 0 0 4 43 4 11 104 38 90 0 0 70 4 11 24 48 14 48 43 35 39 6 21 20 0 9 0 27 55 76 45 14 21 6 55 10 64 3 7 0 18 0 57 38 23 37 30 18 74 66 0 10 32 55 12 40 45 45 27 46 17 30 22 24 32 10 21 0 0 32 24 46 24 45 66 47 0 45 0 0 57 28 36 20 14 0 2 52 0 0 35 54 33 15 62 40 0 107 45 14 0 124 4 36 49 54 16 68 37 70 0 29 21 0 16 24 52 62 12 91 4 63 36 59 8 63 9 12 24 24 0 14 21 28 163 15 14 4 10 44 39 0 23 18 0 28 0 14 47 42 78 52 0 21 58 32 24 61 47 0 33 0 0 45 113 103 29 24 45 4 57 0 0 35 67 43 12 16 88 51 57 78 0 9 51 39 9 3 57 16 60 81 8 0 72 96 0 12 21 83 51 0 26 9 34 31 33 31 87 20 12 58 0 56 0
24 134 191 72 0 105 190 96 128 194 135 4 166 93 93 37 24 89 66 61 47 70 105 15 72 108 55 62 96 90 16 13 22 63 243 96 143 67 9 22 90 32 78 4 71 142 0 127 252 60 72 122 17 107 67 110 20 103 150 99 37 20 82 53 110 90 89 64 56 55 49 36 73 47 36 117 8 208 61 58 61 42 35 64 84 149 22 79 167 30 9 142 37 37 61 6 68 38 85 131 53 108 51 78 38 119 28 34 141 142 125 58 123 73 41 36 30 51 49 32 80 24 84 22 99 24 1 147 108 56 87 42 36 99 201 146 20 32 58 10 105 91 42 78 220 29 145 124 93 142 42 42 68 15 119 145 66 76 30 76 80 42 72 59 137 4 32 21 24 5 88 12 99 0 152 48 36 167 0 132 40 51 95 86 44 52 82 32 45 20 66 163 54 135 51 96 24 106 129 132 28 101 39 18 68 43 51 77 82 42 50 104 81 0 23 29 24 36 185 87 133 201 151 40 150 84 48 54 96 38 62 150 83 108 10 44 199 42 54 0 138 54 174 162 12 121 88 130 80 80 80 140 25 54 22 50
69 101 14 15 34 65 31 17 36 0 3 0 54 72 71 96 17 30 2 11 45 40 27 77 0 154 8 58 0 32 35 0 2 0 9 53 137 32 56 53 30 30 78 8 15 24 37 28 21 0 110 12 149 53 0 134 79 7 11 63 75 8 29 14 0 60 0 40 24 63 18 0 13 8 26 1 99 35 12 14 7 28 101 26 84 45 12 54 18 18 7 0 9 26 58 34 36 109 145 55 24 28 0 40 64 30 0 2 50 59 89 6 0 0 12 106 63 0 9 0 7 51 9 69 63 0 56 0 113 0 27 16 54 0 18 6 76 0 60 0 72 63 65 92 2 34 71 42 18 0 30 34 2 18 24 42 74 0 56 42 68 0 10 78 26 0 16 12 0 37 7 59 0 145 36 48 119 70 112 48 36 59 66 0 95 3 0 99 47 21 43 67 83 73 27 0 75 12 63 122 32 32 0 3 0 94 0 14 90 7 27 26 30 26 3 53 2 43 19 45 48 84 0 27 48 24 46 4 0 26 26 26 26 0 18 49 104 3 71 49 9 7 42 99 8 57 27 44 29 13 4 20 58 58 18 16
77 67 14 18 10 61 7 95 45 43 13 4 130 24 9 16 28 49 81 72 10 0 23 28 54 118 48 89 10 36 6 34 160 189 42 75 48 78 32 81 36 0 65 54 27 6 24 19 0 0 94 116 64 64 84 87 79 0 3 95 12 24 0 145 32 87 56 0 77 5 48 99 52 33 27 7 0 49 62 8 31 72 0 0 0 68 35 0 21 16 187 21 14 54 169 7 83 2 82 34 118 103 0 81 38 16 0 0 0 73 28 18 36 63 6 0 77 39 51 122 14 25 91 18 78 0 0 0 35 90 0 58 3 0 79 83 49 45 59 0 3 32 18 50 32 0 52 20 32 54 48 26 106 80 61 7 0 2 8 16 0 36 14 14 9 29 0 24 62 21 35 150 42 51 18 57 6 82 49 102 2 10 42 185 0 26 14 0 0 130 78 0 16 2 56 14 54 65 18 0 0 56 150 81 18 38 15 4 129 75 66 157 18 94 118 60 96 67 48 26 49 62 5 45 52 42 47 54 56 102 16 91 45 37 63 72 6 10 84 58 12 27 93 20 81 19 97 31 75 6 15 27 82 0 63 0
31 83 21 65 0 165 54 52 18 97 37 79 87 146 56 96 63 10 0 81 0 56 34 15 79 15 96 144 71 93 64 0 50 114 27 129 0 67 30 66 0 105 144 36 48 29 104 64 26 7 38 0 34 156 86 27 24 94 63 96 163 67 68 25 55 0 67 24 64 128 72 64 98 18 88 75 42 84 21 0 67 45 56 36 195 114 0 51 208 142 97 35 41 27 166 45 0 125 0 49 56 50 65 66 12 49 74 62 0 49 1 28 108 14 127 61 27 37 7 4 16 0 28 102 40 62 51 10 64 40 86 36 8 30 153 83 30 8 49 54 34 134 144 28 0 83 127 0 70 36 2 10 20 80 31 49 6 2 117 58 88 70 63 24 93 133 36 0 20 39 135 39 30 100 244 62 56 100 127 16 2 18 81 42 56 66 0 56 81 94 30 33 79 54 97 8 108 110 75 0 69 18 1 129 85 22 21 64 83 54 17 63 144 54 93 116 77 75 86 15 117 105 0 89 124 137 67 31 134 60 86 69 4 18 0 42 64 35 86 38 8 41 102 14 109 85 115 35 14 13 99 111 45 32 88 56
9 34 0 58 3 138 97 46 46 66 56 21 0 25 21 19 53 54 28 0 4 20 0 67 0 99 10 85 10 28 0 77 10 2 72 42 71 18 42 6 115 85 12 0 88 0 24 40 81 0 32 84 67 0 84 57 29 78 84 75 9 70 8 41 51 90 75 0 81 55 24 68 42 2 0 43 54 12 28 122 45 36 49 25 18 3 25 138 60 66 144 16 79 24 17 35 8 16 39 49 0 87 90 92 8 77 40 26 50 114 43 0 0 67 14 0 61 29 40 0 51 45 22 0 2 0 73 8 53 15 57 42 18 103 63 15 45 35 91 51 36 10 32 98 0 12 100 58 42 0 79 56 47 21 40 50 0 2 14 64 63 63 7 7 75 21 14 0 7 52 128 87 68 70 18 3 24 52 68 63 55 0 60 87 42 45 0 81 25 64 2 0 0 105 124 0 14 0 114 36 12 88 12 112 34 40 24 45 24 42 63 26 19 24 44 96 14 72 3 19 15 72 28 0 6 86 0 111 183 83 9 151 49 25 9 47 113 127 36 35 53 34 45 42 31 0 78 45 84 0 27 16 3 42 109 118
37 24 12 91 72 75 118 38 124 0 14 106 64 27 132 151 124 208 81 8 43 186 30 56 184 104 48 56 34 134 87 51 9 76 40 112 117 16 125 90 12 74 0 12 26 51 112 140 190 40 47 91 40 27 40 56 87 112 72 141 54 40 54 55 54 116 24 0 6 90 32 126 147 2 0 24 111 27 18 28 0 139 105 117 110 28 34 59 42 68 206 44 89 76 68 18 80 79 112 46 0 197 156 198 141 66 31 28 33 0 48 0 87 142 61 16 152 16 137 139 20 37 134 96 62 49 99 6 87 56 12 48 24 30 70 14 32 80 0 49 178 0 77 138 107 0 8 15 132 35 143 10 132 94 12 98 18 11 120 103 21 116 144 0 48 0 116 30 8 70 133 75 32 128 24 123 21 53 49 183 108 49 121 44 56 24 0 219 4 33 48 0 0 72 146 16 12 112 125 125 84 39 28 83 64 86 154 48 0 135 71 71 8 51 49 265 20 99 74 40 0 40 39 68 176 86 42 109 182 103 62 56 9 116 139 12 160 107 100 110 0 36 93 73 83 85 0 3 91 80 148 32 130 48 40 0
86 111 0 30 70 108 82 153 69 49 42 0 92 7 115 95 177 138 78 0 40 78 12 45 112 18 25 0 20 27 32 18 0 38 64 107 66 163 51 0 182 16 42 16 0 14 146 54 234 101 137 84 69 0 52 117 0 100 39 208 24 136 119 0 33 30 28 55 45 55 0 71 42 0 0 113 0 56 30 0 10 62 86 41 51 92 0 120 3 61 58 124 29 0 28 4 0 12 110 28 4 113 65 18 146 32 141 67 96 105 33 0 62 40 48 16 68 88 122 88 0 64 0 45 54 70 24 17 10 0 108 23 63 87 74 27 3 84 63 28 0 0 8 124 99 0 48 104 0 124 0 0 31 63 85 88 48 0 71 24 82 86 73 115 49 0 25 63 12 27 35 9 114 0 60 58 9 89 0 129 22 24 97 128 3 40 87 32 66 95 18 9 56 189 101 45 63 28 149 120 25 116 0 42 27 0 54 33 0 27 0 3 18 54 42 40 36 87 130 62 76 64 114 58 105 30 0 76 74 0 24 137 15 36 0 108 92 15 24 3 73 92 32 8 51 8 70 99 170 0 82 18 0 49 95 60
18 24 123 12 27 150 164 0 91 186 82 12 144 64 15 61 5 80 83 0 72 48 46 25 105 36 49 77 0 27 96 30 31 83 40 25 84 66 54 54 66 0 106 20 26 69 98 121 56 0 1 86 63 0 35 63 65 156 8 25 47 70 34 6 161 0 6 98 45 15 63 30 52 128 14 81 48 138 39 88 58 27 47 43 56 81 0 13 54 107 20 0 70 94 32 21 79 41 72 92 77 67 42 195 21 0 55 10 24 30 12 33 60 102 60 18 72 29 5 0 17 10 34 0 64 63 74 37 50 0 30 46 40 0 196 109 35 49 110 59 120 0 25 54 0 41 0 24 15 84 26 36 60 24 0 71 56 104 162 31 88 70 63 32 27 32 30 110 82 30 59 0 6 111 78 104 92 28 36 81 25 55 81 0 5 0 72 101 98 88 142 39 40 66 87 109 139 20 54 136 0 152 56 112 63 0 123 60 72 118 21 244 5 35 61 217 135 72 99 0 0 106 158 24 116 55 0 53 89 79 25 160 35 105 41 25 87 0 86 45 64 10 64 128 138 27 91 15 10 124 24 180 105 72 5 97
91 93 79 28 89 0 102 70 63 35 72 14 0 34 88 80 32 69 15 102 22 21 21 91 89 5 0 27 44 36 130 25 77 167 63 37 63 130 12 113 40 0 3 0 104 91 53 36 91 27 32 46 71 65 122 0 144 149 24 46 35 10 12 48 12 0 8 22 130 29 12 3 73 71 64 80 56 16 0 36 67 23 6 84 15 31 18 0 113 59 10 42 25 72 120 0 92 68 140 202 184 22 30 66 95 56 129 61 59 0 37 75 105 65 56 0 126 15 0 97 95 0 0 12 145 0 0 65 100 37 36 48 58 0 61 42 40 28 3 77 9 57 72 94 84 39 100 7 104 36 0 0 128 49 33 63 237 31 126 10 75 26 37 82 48 16 9 106 21 8 41 36 61 76 83 28 5 178 31 2 30 139 214 57 32 165 49 96 44 24 8 129 0 8 99 50 165 69 110 24 0 42 99 91 0 150 108 26 24 84 63 64 45 1 138 44 102 17 108 53 158 102 149 137 35 0 17 0 46 21 72 72 49 128 47 45 137 20 16 35 88 42 72 83 0 34 31 36 20 69 96 159 156 26 36 40
99 36 0 6 6 54 114 206 33 86 38 42 48 96 60 22 56 36 42 0 54 60 48 0 84 55 60 95 0 40 0 24 12 86 36 27 89 102 2 0 96 0 108 73 20 98 88 42 154 44 76 54 174 136 18 86 0 58 16 72 92 158 51 28 8 115 20 24 49 82 0 10 140 0 5 21 42 36 52 0 102 18 2 81 42 56 10 132 0 40 84 37 26 54 56 8 81 23 26 28 20 66 46 152 56 109 9 78 8 44 0 54 31 117 47 6 24 14 36 117 0 42 89 0 0 0 12 72 0 30 20 18 142 42 48 102 17 0 64 0 64 0 33 84 56 10 0 52 79 0 0 96 7 0 48 34 0 18 35 2 45 0 56 12 18 0 24 81 34 36 60 8 72 36 65 24 68 86 36 112 12 0 64 68 41 16 5 68 32 73 42 127 10 137 80 20 0 42 0 0 32 32 0 61 0 54 63 16 58 82 53 122 62 0 6 66 0 72 28 0 8 107 0 26 102 40 29 46 17 6 45 72 12 12 6 48 57 46 36 22 77 48 67 99 20 18 36 134 13 49 89 23 0 65 52 80
14 0 110 20 6 27 60 14 64 81 57 32 46 3 23 90 0 107 64 50 21 48 138 12 0 30 56 68 5 33 64 0 78 126 101 86 0 22 10 0 104 0 40 38 20 7 16 0 0 20 12 108 0 4 44 40 36 88 64 67 108 36 74 58 64 25 61 44 64 30 16 0 0 9 15 87 0 27 50 13 40 20 67 15 30 90 10 122 86 32 83 34 90 35 8 2 32 90 77 48 72 102 0 25 51 68 99 76 20 98 8 42 71 20 32 0 4 64 0 23 28 48 0 0 30 8 0 45 53 0 0 36 0 0 79 54 91 0 2 72 0 92 22 98 64 72 59 36 34 64 8 45 80 4 119 10 2 72 61 38 88 42 72 51 18 37 9 0 12 0 0 36 22 22 27 14 34 33 10 2 41 116 50 36 24 28 0 12 32 36 68 64 0 18 42 62 15 54 0 48 0 0 40 52 20 8 4 24 84 8 44 68 20 36 0 24 84 0 76 28 6 0 0 36 14 40 46 105 16 3 38 45 45 72 6 0 0 0 36 0 54 40 8 74 12 0 68 49 42 72 21 70 29 34 17 14
57 121 18 60 28 76 89 61 75 56 51 2 44 29 48 40 0 185 28 12 0 43 48 70 117 44 40 56 27 83 48 33 12 50 94 91 108 92 4 81 14 0 43 18 87 19 58 79 93 0 200 44 21 0 25 39 35 141 21 135 65 68 50 62 17 51 27 64 55 0 92 30 110 93 12 82 30 3 51 7 44 0 32 33 104 160 20 51 48 90 46 56 4 60 0 29 72 5 114 75 70 24 111 75 64 35 124 66 90 43 36 49 32 60 0 22 182 25 3 81 30 58 35 19 55 48 48 60 33 28 59 18 30 3 6 16 0 0 84 48 45 0 38 91 45 43 42 87 61 80 0 42 62 111 122 67 104 35 55 4 74 51 26 0 18 0 41 35 3 18 61 18 78 72 77 32 52 21 36 30 30 33 24 57 21 13 7 54 33 14 110 117 47 0 105 103 107 136 30 59 16 33 0 78 0 17 9 64 61 21 1 97 72 31 88 25 98 104 109 80 42 4 90 0 57 10 49 0 98 0 0 56 53 83 95 49 84 98 18 44 26 25 32 44 63 24 45 39 76 119 79 118 18 31 24 64
53 72 0 0 12 22 94 67 45 60 0 137 87 32 53 65 107 13 0 77 67 20 64 130 16 133 113 163 36 51 92 36 0 96 64 48 134 35 110 135 120 27 132 0 53 20 18 153 12 97 121 66 156 66 17 51 143 24 56 66 207 69 92 24 16 109 12 50 41 102 4 79 20 0 49 20 76 40 103 86 72 0 47 78 218 14 80 41 105 89 55 12 0 12 153 0 40 97 100 133 7 74 0 0 32 73 115 150 106 2 8 48 30 108 0 76 30 96 103 0 57 36 48 103 132 28 82 15 167 5 31 0 40 6 104 61 35 12 82 37 36 91 82 72 82 30 42 0 45 82 6 36 149 6 48 133 167 0 122 0 100 112 34 129 80 56 40 100 16 53 62 56 82 81 136 82 0 30 36 104 88 37 172 12 96 64 32 96 127 128 10 12 192 117 72 28 96 0 158 90 40 0 108 64 45 131 108 72 32 24 50 78 59 71 109 25 36 145 0 112 6 10 0 33 95 66 18 0 138 94 0 130 78 109 72 9 63 105 100 10 42 52 63 54 43 0 48 12 46 0 24 26 159 27 123 42
88 111 48 83 93 91 114 103 34 159 43 83 144 104 141 56 69 34 72 93 30 67 2 36 63 68 77 158 112 61 94 63 80 35 88 74 102 36 0 2 14 98 64 34 54 105 35 78 70 82 80 72 87 52 108 51 27 76 108 99 106 38 112 78 144 112 103 141 151 125 42 57 67 25 89 15 133 58 123 51 57 188 105 92 79 38 35 33 176 166 39 105 36 152 148 48 82 159 126 236 77 10 25 140 136 319 97 104 118 78 36 48 74 15 98 39 80 67 181 21 56 78 141 104 101 68 24 170 48 42 26 0 73 52 126 100 0 0 93 78 30 56 72 164 74 75 55 72 195 85 12 48 191 95 66 103 118 15 90 20 139 127 4 24 117 7 101 54 112 17 54 64 99 18 279 32 10 0 29 21 112 102 207 64 93 89 14 58 80 54 54 215 174 91 63 28 10 13 102 134 38 45 0 113 126 21 117 151 143 48 86 154 102 148 86 50 110 45 120 80 30 36 146 24 173 110 42 120 75 217 72 165 117 198 12 91 111 63 93 33 24 144 80 72 25 31 152 63 0 0 122 121 51 86 251 95
93 51 32 119 20 39 0 69 30 101 31 0 14 46 24 12 91 22 39 71 74 52 27 73 24 36 6 12 36 21 79 1 9 0 90 107 54 122 0 33 21 21 88 9 23 63 39 0 27 45 30 99 141 77 104 8 20 29 20 40 5 86 20 0 101 0 63 72 27 49 0 61 206 6 5 37 18 42 34 3 0 58 50 24 21 12 0 8 88 6 28 30 0 25 0 20 44 54 76 52 0 6 22 54 48 72 0 26 19 0 7 15 3 52 46 102 49 48 27 52 63 0 0 27 51 15 10 61 86 9 46 11 21 38 85 104 4 36 3 15 36 0 7 48 76 44 38 7 48 36 0 53 86 57 4 67 54 36 40 45 66 19 0 22 95 0 48 87 0 0 15 3 38 105 47 62 21 113 21 2 28 28 100 33 12 24 6 8 36 52 8 56 27 0 44 0 24 76 87 6 87 59 4 30 18 45 38 36 0 20 32 80 40 1 0 45 55 1 73 25 21 108 48 45 48 45 14 86 3 56 6 72 58 68 24 91 32 0 66 35 0 46 54 38 52 0 5 38 38 57 21 30 27 4 98 0
92 111 134 101 66 109 120 59 115 138 76 36 128 68 119 94 70 85 28 66 48 36 48 57 119 45 0 156 36 105 42 30 48 40 68 30 82 104 57 102 0 27 93 108 30 75 152 53 105 0 212 89 39 128 14 63 3 130 24 110 37 78 143 78 57 70 6 76 44 76 27 15 88 25 0 127 107 54 6 105 22 34 92 46 135 184 39 0 136 30 138 15 120 128 48 33 66 65 222 232 107 102 11 94 104 26 75 22 52 64 44 26 62 62 108 174 130 99 147 70 63 6 115 126 32 62 50 65 31 62 18 108 25 92 30 52 93 59 42 101 10 95 25 146 38 86 68 0 144 30 129 96 41 109 64 142 71 56 126 34 55 105 50 0 105 22 35 40 60 54 207 0 48 101 110 59 60 66 45 126 18 117 74 28 6 37 35 108 87 0 110 101 0 43 53 100 70 91 120 116 83 5 38 45 69 113 64 21 84 141 18 138 88 24 156 71 162 193 208 112 103 150 130 84 62 55 4 96 190 19 36 123 66 75 100 93 129 141 69 24 82 156 234 94 0 51 31 107 121 44 194 47 221 36 99 94
57 0 61 67 60 30 79 63 190 58 68 0 79 87 74 29 158 3 22 54 39 141 4 55 18 91 25 58 6 142 34 33 99 14 106 63 99 221 22 63 78 68 100 16 21 121 0 35 75 54 140 63 0 42 98 29 62 53 0 0 18 27 163 33 36 0 117 56 158 30 18 76 164 34 85 96 0 12 85 7 123 87 40 135 0 0 48 0 200 23 42 0 36 20 117 62 6 32 81 72 63 65 36 72 261 63 135 66 16 88 65 50 161 75 95 100 16 95 21 57 35 42 10 120 68 27 30 27 17 9 32 38 27 36 180 157 54 39 9 63 99 63 38 161 9 62 99 76 36 24 91 85 173 121 67 72 166 47 57 59 32 4 73 81 173 28 42 0 108 20 42 11 24 9 87 71 0 168 30 142 117 63 38 35 21 70 155 27 65 104 88 28 147 36 0 65 0 37 77 15 42 69 72 49 81 115 51 33 35 21 78 73 151 0 79 36 84 74 22 84 152 90 129 217 18 61 0 82 55 43 0 183 99 233 54 93 16 72 58 0 96 32 80 118 81 24 0 52 118 27 153 183 7 12 138 139
1 0 0 38 44 45 87 12 68 36 42 0 118 36 61 144 91 27 18 21 0 40 0 108 12 99 9 222 0 77 36 0 11 63 20 143 16 20 48 3 56 12 63 104 28 16 98 45 6 15 4 66 56 72 57 108 54 21 37 14 15 80 24 45 78 100 33 0 46 30 6 149 6 123 64 54 8 45 5 0 113 24 118 82 81 65 5 9 68 0 32 0 0 28 35 39 73 0 7 15 0 0 70 65 134 58 43 0 34 79 116 54 0 37 13 68 12 18 0 115 18 20 15 0 84 80 57 73 146 29 34 18 0 109 125 113 45 0 129 0 40 90 18 28 42 64 45 52 16 129 36 72 63 56 25 12 54 64 0 45 6 10 79 20 40 47 10 75 0 0 4 45 29 92 69 120 60 35 76 54 68 15 0 42 0 25 0 63 96 0 45 72 31 59 81 0 0 82 35 48 0 48 0 5 0 26 32 54 2 95 48 8 133 0 4 0 90 27 32 35 23 125 118 0 0 31 5 9 40 35 84 154 2 24 10 12 41 43 116 32 112 55 20 72 16 51 108 22 14 35 60 18 38 45 45 104
111 0 0 0 39 21 78 12 39 33 95 30 12 0 36 130 9 40 161 112 40 36 5 28 74 8 109 67 0 94 48 0 38 40 26 64 5 58 25 45 114 2 64 21 48 0 40 81 2 20 81 70 35 1 6 0 20 14 76 70 64 22 42 66 30 122 91 115 117 0 30 100 10 15 19 69 42 0 137 12 8 15 38 0 64 57 0 55 68 51 26 24 4 28 56 30 56 88 179 58 35 93 10 90 60 0 0 122 45 42 0 0 56 0 34 0 0 145 36 0 46 72 72 100 18 44 76 0 0 104 0 42 30 10 40 0 24 0 46 0 0 189 50 146 39 0 129 8 65 24 52 8 167 0 36 37 5 0 4 0 106 52 8 0 81 0 10 0 14 0 120 28 39 46 18 0 54 42 0 70 84 185 109 0 56 4 76 18 45 48 0 5 131 117 0 43 27 78 36 14 50 0 40 45 61 0 117 0 40 35 56 40 27 35 57 0 56 12 84 60 12 42 0 59 111 98 2 0 56 73 16 36 53 25 4 35 52 104 26 18 36 64 4 34 97 8 16 65 8 0 40 40 28 8 0 42
0 26 0 36 3 45 7 0 0 36 70 72 72 31 66 38 94 30 0 28 9 0 63 152 117 108 0 24 4 71 30 21 89 155 36 56 69 156 16 18 42 22 42 0 43 85 0 34 90 17 5 69 36 0 191 32 46 43 31 101 104 145 20 0 16 51 60 18 84 35 6 0 49 0 3 24 89 60 28 48 63 0 64 15 54 28 6 108 32 16 132 114 64 89 78 0 0 81 94 67 12 159 21 144 57 60 3 182 82 71 145 0 43 4 134 0 54 12 66 117 25 9 0 72 66 53 0 65 147 0 38 126 48 30 62 81 15 21 109 0 35 0 38 118 91 143 90 9 48 80 90 56 9 80 54 105 0 5 39 42 28 24 54 15 30 111 73 93 0 68 74 83 52 156 44 60 24 107 100 25 20 42 84 80 45 48 32 42 56 44 8 48 72 72 17 36 81 118 18 0 0 0 16 62 11 0 65 81 27 27 47 36 98 0 9 106 108 27 20 74 41 67 21 8 9 41 71 57 113 12 68 103 9 12 0 8 66 124 9 8 45 99 97 105 0 3 52 55 129 26 60 78 4 66 87 6
78 47 35 18 32 12 2 29 65 76 51 28 120 44 82 42 113 21 36 92 40 27 46 47 9 69 0 16 82 18 0 0 54 12 78 60 107 79 48 6 74 40 72 0 17 0 0 0 29 68 7 42 74 9 85 161 36 49 23 27 0 46 63 130 61 24 132 0 28 38 52 156 128 6 0 1 18 0 50 64 0 106 65 22 113 42 41 148 97 39 40 48 66 34 7 19 39 63 113 36 44 41 40 143 158 6 72 45 54 25 77 6 88 25 16 104 81 28 12 57 12 27 42 71 34 14 18 133 63 18 70 4 24 57 16 46 59 20 72 0 98 80 75 128 21 82 48 30 16 9 67 28 61 156 87 44 85 24 12 35 145 37 55 86 58 21 26 8 0 6 74 48 20 8 97 27 0 65 80 143 60 45 72 53 77 24 28 0 9 12 53 8 83 56 70 70 63 7 90 48 6 60 42 24 6 182 50 0 48 127 98 190 92 0 52 118 39 21 56 72 77 37 69 0 23 98 41 63 42 113 137 72 13 21 29 91 34 0 104 4 16 71 52 115 2 12 57 84 18 21 85 75 117 79 0 0
4 0 0 41 35 9 72 0 20 88 24 0 88 0 51 0 42 4 24 123 20 0 56 43 0 60 21 82 0 161 54 81 76 75 36 105 88 65 41 1 66 20 36 27 0 24 17 0 50 56 64 0 88 32 124 32 0 25 99 80 45 117 30 14 30 0 24 25 44 0 12 30 53 12 71 24 16 0 0 22 35 24 74 42 229 27 40 102 48 56 48 73 73 28 116 4 76 0 0 24 32 92 0 16 6 6 39 0 69 12 52 0 45 51 35 16 58 77 36 45 0 32 134 81 120 76 24 0 97 16 0 2 91 24 62 40 37 0 67 0 0 118 45 24 0 21 105 31 84 0 6 75 15 35 4 40 16 100 22 0 63 54 0 62 58 46 0 62 26 0 150 24 32 12 108 142 8 25 18 7 70 19 111 31 0 56 45 10 67 95 78 0 167 0 6 35 0 18 36 128 36 3 0 21 80 93 34 20 137 77 101 148 58 45 64 120 49 44 18 58 45 78 64 53 0 24 30 34 147 129 82 193 36 34 0 4 20 54 79 0 22 46 81 81 27 56 148 12 22 6 65 73 138 24 54 54
56 0 0 0 95 102 50 56 15 91 30 42 48 0 42 0 88 30 52 36 0 35 68 16 0 64 0 36 27 9 45 35 153 0 68 0 56 74 16 0 17 0 96 80 0 20 40 20 31 1 80 75 0 42 0 56 0 30 20 6 2 54 35 146 42 182 82 80 54 0 32 65 28 28 48 24 54 46 0 83 45 106 32 17 42 15 45 96 69 104 114 78 14 70 54 55 0 25 51 0 90 40 52 108 24 0 39 8 22 0 164 0 91 4 6 3 52 19 45 0 35 104 16 48 8 0 24 10 0 22 85 110 0 6 10 58 0 3 0 0 0 48 40 78 6 0 14 17 45 0 111 29 56 0 20 43 0 40 0 72 14 0 0 4 94 47 0 6 64 58 74 179 84 60 18 0 58 6 16 31 54 21 135 16 0 14 12 38 67 62 90 18 45 0 6 14 42 0 32 24 48 63 8 126 20 0 28 65 110 112 0 88 9 56 0 227 28 109 18 6 68 15 92 16 58 21 0 88 84 102 110 0 94 30 25 0 75 96 35 7 12 79 34 109 41 8 65 60 8 0 16 30 32 1 81 0
150 104 67 79 8 134 111 93 59 59 47 27 65 79 54 203 100 142 113 45 115 67 33 0 18 194 65 131 21 150 90 96 8 25 84 53 190 120 160 70 163 32 147 63 105 48 93 82 213 40 126 131 79 96 27 150 75 119 0 111 138 38 24 91 42 161 95 96 97 93 14 110 132 159 53 28 50 121 28 113 0 24 66 31 129 52 111 42 47 66 130 144 0 62 99 18 35 16 161 126 153 152 107 148 141 104 85 117 75 70 1 7 35 137 47 42 162 106 71 36 15 45 101 71 60 132 30 0 86 34 45 12 43 36 176 24 0 60 32 49 99 10 81 94 108 65 64 89 90 112 125 110 14 30 59 55 158 72 63 119 106 0 59 59 127 12 132 81 54 8 18 75 153 178 60 113 44 132 92 33 132 39 20 46 76 91 36 120 65 45 35 44 63 264 110 61 182 46 152 174 15 49 94 134 31 91 195 17 159 31 28 0 72 63 66 245 84 117 19 60 51 81 190 144 155 3 22 88 138 44 29 170 27 126 78 10 71 56 16 81 84 66 115 178 205 16 99 18 117 156 48 143 149 81 132 64
21 43 56 7 5 21 24 77 107 41 0 35 129 80 36 86 0 74 0 34 0 72 56 47 93 56 17 72 46 146 100 0 17 84 115 31 72 58 2 187 134 80 21 22 68 10 54 81 69 25 276 72 74 0 58 112 35 126 83 28 5 113 60 142 8 99 50 18 24 0 0 34 70 67 41 126 9 10 0 90 74 26 95 135 47 129 15 49 230 0 151 43 59 46 35 7 119 72 72 43 99 121 66 147 51 41 105 76 65 0 66 18 87 35 66 127 5 111 200 1 87 48 116 176 111 121 12 60 122 24 11 10 45 0 78 72 20 0 93 131 115 18 127 128 19 100 0 12 52 113 81 101 87 65 78 63 36 61 107 38 90 181 0 43 0 28 43 99 30 45 98 0 105 78 110 63 125 12 25 95 0 66 190 15 25 50 64 1 96 56 12 108 59 6 54 21 27 69 89 202 14 12 66 0 0 9 9 71 15 58 44 36 45 72 166 24 48 27 102 74 10 16 105 38 216 135 4 0 38 110 0 56 81 7 5 4 27 112 12 48 98 30 22 65 103 25 99 100 10 91 37 50 171 6 82 131
39 78 91 30 0 98 98 87 66 94 48 0 46 128 92 75 68 154 24 0 122 0 35 76 36 78 0 77 120 16 0 0 58 28 0 0 124 42 8 0 0 0 72 0 54 69 0 89 72 10 104 0 0 64 95 92 39 82 108 110 0 20 32 28 8 118 42 0 36 14 70 0 30 41 28 0 0 103 92 26 0 35 60 8 116 107 30 113 0 20 109 168 28 83 172 35 90 12 92 8 69 50 40 52 100 62 54 16 130 136 176 0 96 91 38 15 25 67 0 54 94 0 30 0 50 10 15 16 67 10 72 19 0 12 63 68 40 7 57 49 66 46 72 112 0 4 28 60 80 128 4 0 28 49 98 16 54 6 24 0 42 60 35 82 84 0 26 0 46 21 76 36 44 28 0 0 123 113 15 0 18 61 69 0 85 0 34 36 0 0 90 12 0 101 39 0 15 101 108 30 63 54 42 32 21 30 0 122 67 0 94 122 33 0 7 92 0 32 42 32 59 186 127 0 110 49 0 80 7 0 12 20 0 49 0 36 22 36 91 53 42 46 83 60 0 36 64 147 61 0 45 20 0 0 0 79
111 36 61 66 22 30 129 24 181 73 30 66 65 39 98 95 34 35 63 9 35 0 230 58 31 121 57 94 33 43 120 0 125 107 97 24 182 53 74 0 0 7 91 9 6 70 28 45 19 86 69 85 108 79 54 88 56 172 35 127 187 0 152 155 7 67 39 28 2 24 4 67 72 0 3 105 22 72 36 5 79 26 57 82 143 136 40 130 0 36 0 77 10 32 91 68 9 9 75 35 36 88 35 35 97 2 47 77 237 20 119 81 42 182 35 44 81 92 75 152 1 54 52 68 33 50 76 55 17 18 81 35 5 82 0 59 44 45 0 15 0 137 141 70 48 3 78 55 25 190 45 194 74 48 148 70 21 7 100 34 3 30 15 2 69 0 30 98 28 48 67 48 82 139 89 0 102 27 61 177 7 117 82 39 24 42 90 8 24 4 144 0 46 51 24 114 12 50 148 35 111 5 30 24 75 106 15 45 133 109 44 180 53 108 11 120 150 136 108 106 2 27 37 7 70 45 60 59 97 62 93 106 49 38 5 4 43 4 71 7 11 181 61 16 20 63 56 22 34 0 131 0 147 54 114 42
32 87 57 17 63 151 89 60 74 61 16 24 89 84 144 113 79 160 104 27 47 29 78 78 93 57 102 82 91 35 20 0 109 16 38 0 39 81 2 74 25 12 30 15 18 83 105 55 116 0 130 0 16 78 60 95 13 122 18 119 82 0 0 61 70 81 123 72 43 45 102 84 35 19 2 164 24 45 0 0 0 96 35 26 140 146 37 25 20 94 90 0 11 69 19 158 54 112 170 116 54 134 0 6 81 41 14 57 144 97 81 12 84 45 122 45 143 95 42 31 42 30 24 33 30 82 43 7 59 16 126 86 45 40 67 0 54 32 35 3 48 75 23 50 137 69 129 66 27 32 81 9 91 23 54 101 30 11 74 36 25 78 81 66 49 63 33 15 20 39 22 133 14 164 80 108 42 81 18 28 20 50 33 63 24 12 24 61 104 0 107 52 41 53 55 150 24 0 155 108 63 12 36 18 48 187 93 24 78 87 52 30 16 93 4 62 88 120 147 74 72 24 54 47 57 72 26 59 177 97 38 155 24 7 22 66 258 24 90 8 40 69 122 0 40 55 61 115 87 111 57 135 105 108 88 0
20 131 14 54 84 81 22 0 137 14 149 71 54 20 104 173 67 88 40 9 42 64 66 6 61 198 6 12 9 102 66 0 58 108 0 150 32 12 0 42 112 0 4 12 32 9 0 109 70 3 25 70 121 42 28 8 0 30 16 21 42 59 52 1 78 69 46 69 45 96 32 35 24 18 0 44 32 106 0 15 0 72 0 13 95 58 21 169 243 21 161 12 74 63 20 7 67 50 185 79 70 101 7 72 175 0 45 172 89 92 0 32 124 64 43 150 21 84 0 43 56 80 42 76 50 93 0 36 54 0 16 4 81 71 86 34 45 3 50 20 129 9 18 92 0 56 14 49 24 8 49 28 16 0 54 14 42 59 144 18 63 34 114 9 84 60 9 83 1 78 40 2 62 64 95 99 44 101 74 6 107 8 9 128 52 0 71 30 85 28 7 0 28 72 5 28 31 58 128 92 49 48 26 150 92 82 146 8 5 80 76 6 133 0 1 94 64 42 0 80 0 64 0 80 56 0 83 157 66 29 9 143 7 85 2 0 78 0 78 69 36 58 17 30 2 28 5 68 46 56 43 81 47 37 88 54
126 95 69 52 21 101 212 74 182 41 43 8 209 40 100 41 99 64 35 78 31 43 44 81 78 178 56 31 35 81 112 32 84 57 85 30 146 90 150 86 154 21 73 48 112 30 13 254 173 48 206 28 20 23 79 36 93 44 42 60 35 33 8 152 124 95 111 124 132 66 13 40 163 70 31 128 48 27 32 63 64 36 70 220 117 50 81 47 134 20 160 16 103 33 175 34 29 169 218 171 128 127 52 77 219 72 139 160 65 117 113 36 58 84 72 100 119 78 99 262 30 17 70 121 18 48 46 27 127 32 92 48 0 9 150 41 40 68 71 78 70 50 194 46 95 130 136 2 26 114 28 160 170 31 172 205 64 8 150 12 90 10 56 37 108 16 105 0 2 37 36 73 51 78 106 63 0 129 44 265 48 2 72 56 92 68 125 123 88 205 5 94 30 89 60 200 224 35 112 77 101 24 85 211 111 42 102 73 66 24 61 60 165 38 66 40 67 0 150 180 137 104 48 87 113 128 51 84 259 54 42 176 212 68 56 0 143 45 135 24 138 12 216 36 117 69 96 120 177 56 212 70 89 145 141 55
38 36 87 19 23 136 46 63 116 24 0 16 39 55 166 186 61 52 7 48 73 60 32 126 56 179 0 76 8 98 32 0 8 92 84 0 194 160 0 18 35 54 196 0 64 15 65 192 87 24 40 102 0 32 0 22 142 95 75 96 56 0 104 18 118 28 14 43 7 32 75 134 69 97 0 0 66 73 35 36 76 76 118 43 132 127 6 0 167 45 46 115 52 76 26 76 8 9 121 116 36 67 37 94 201 121 182 29 139 0 68 60 90 74 141 50 7 29 70 95 52 0 32 30 102 48 14 71 180 60 78 8 54 12 103 189 86 27 60 0 117 134 28 140 42 56 12 28 104 171 45 12 47 55 42 152 129 6 99 32 93 36 80 62 126 42 31 85 87 5 142 77 70 121 68 135 64 108 56 158 36 158 138 152 28 0 206 149 93 75 20 94 15 118 61 171 126 110 78 59 56 76 83 72 99 54 145 140 22 99 8 50 52 63 76 124 0 170 0 75 12 63 107 4 73 92 20 81 67 74 108 43 75 20 42 0 161 55 100 5 38 42 182 102 61 54 56 25 56 50 66 8 32 101 16 69
63 70 82 8 109 112 40 48 16 18 49 53 0 64 127 62 24 66 65 33 0 36 124 58 47 54 44 0 36 75 82 61 78 9 22 0 157 142 6 41 74 36 49 35 0 91 62 46 0 7 106 40 144 0 14 78 18 16 78 57 14 51 20 0 33 0 111 52 35 30 0 48 46 0 17 14 21 28 10 70 70 69 84 19 6 16 5 54 35 30 54 93 71 23 14 88 12 21 117 63 12 69 10 48 75 0 59 110 71 50 139 55 21 126 49 9 24 39 137 3 55 49 0 123 16 12 20 30 74 30 171 65 78 36 65 74 4 0 0 67 0 0 40 30 0 45 79 44 66 25 42 83 3 16 27 3 38 6 2 143 0 66 0 87 81 49 4 9 48 18 35 55 28 6 45 14 56 88 56 58 8 33 189 95 21 41 74 124 0 55 45 0 154 66 108 0 95 35 6 0 63 145 0 27 27 131 69 25 68 42 81 18 0 0 0 22 91 49 58 56 3 105 109 85 52 21 84 27 0 71 38 84 19 6 26 63 63 80 69 48 87 35 47 0 43 0 114 101 21 24 58 40 22 4 160 32
8 68 0 45 5 0 135 0 0 0 5 36 99 38 90 27 94 0 36 42 0 48 18 193 8 5 0 63 77 99 0 5 18 54 54 108 74 0 68 10 30 13 157 36 9 84 0 24 78 54 54 16 34 30 86 97 35 86 78 45 37 151 108 27 36 7 97 30 36 36 24 45 88 63 44 103 42 76 0 63 60 3 58 20 40 79 54 63 81 0 128 0 47 72 72 101 15 78 0 81 50 34 54 9 27 10 7 0 63 54 122 77 166 57 0 0 121 45 0 0 93 10 64 15 0 16 0 72 117 7 203 12 152 21 147 115 70 0 148 0 35 75 126 24 52 88 20 24 0 93 0 74 71 20 55 55 42 10 58 87 0 0 68 35 60 98 81 103 56 18 36 44 72 164 124 54 5 110 117 10 64 4 20 0 40 11 0 0 15 95 0 63 68 66 93 10 21 151 20 104 0 0 30 125 112 36 108 22 25 35 20 24 63 83 0 77 4 0 27 125 72 89 162 0 0 0 12 0 14 79 81 15 42 24 45 0 36 35 25 144 8 79 72 79 130 65 0 29 28 40 32 153 121 0 42 30
103 46 57 34 228 28 64 35 94 0 140 40 27 35 96 161 35 181 54 97 52 88 18 24 124 131 0 42 36 30 0 6 12 111 65 125 81 146 18 54 79 30 217 12 59 5 75 30 61 0 34 56 0 53 117 0 96 83 44 114 0 45 90 107 58 34 67 48 173 7 43 36 88 100 59 51 16 10 48 52 70 150 132 65 93 132 25 45 78 41 144 49 56 25 36 40 81 16 80 24 25 65 8 196 96 133 72 58 19 142 153 49 118 119 0 72 138 133 36 20 12 12 99 0 0 72 63 128 110 83 95 96 45 0 48 95 134 23 144 45 111 121 32 218 70 16 64 36 113 75 157 97 214 161 32 76 189 6 233 0 40 24 81 133 54 0 49 130 42 40 0 83 106 62 117 57 35 83 108 198 112 100 24 40 183 11 0 42 12 8 48 0 36 32 48 0 24 100 69 96 103 0 0 20 30 112 0 22 25 119 0 92 218 80 81 87 18 117 37 60 160 211 107 82 43 12 42 155 18 21 161 4 72 44 119 63 92 18 85 0 69 122 0 115 74 32 94 47 46 76 104 72 164 0 58 77
182 66 56 87 142 136 37 133 0 15 50 53 82 36 84 130 42 52 76 4 4 40 103 8 80 217 53 49 35 89 16 54 0 51 54 13 66 16 44 0 48 4 166 0 147 48 0 69 49 0 141 3 42 24 0 3 4 56 2 20 69 12 159 92 19 109 128 63 90 35 83 168 72 2 32 21 121 88 84 38 113 54 14 18 38 3 55 2 93 28 126 102 0 24 82 63 28 0 71 125 167 221 40 153 115 133 59 106 78 30 0 73 78 123 87 34 63 17 159 108 38 8 56 54 0 47 28 42 108 8 63 81 32 4 22 96 45 56 28 0 24 107 181 35 0 44 0 46 52 20 92 215 5 9 147 67 24 21 68 32 87 20 119 150 23 16 16 0 54 38 59 8 42 120 30 106 97 146 25 94 57 27 24 102 91 0 107 24 0 10 92 0 82 0 0 133 45 50 107 40 14 40 6 27 77 65 140 18 93 56 4 12 60 54 68 47 90 28 56 117 8 30 28 46 86 69 6 36 36 48 28 48 92 115 0 137 50 80 100 48 32 100 135 104 69 16 134 141 43 52 117 117 83 48 221 6
113 86 81 74 150 75 196 133 150 135 94 156 21 78 124 63 0 87 88 51 23 97 177 84 178 31 221 77 93 44 71 52 63 163 8 0 69 85 94 41 156 47 83 32 12 34 163 220 22 0 18 59 137 41 118 33 85 90 77 61 272 121 48 92 4 36 12 88 54 120 63 15 141 6 63 39 17 49 36 29 102 92 36 113 136 100 0 96 116 265 77 45 0 63 154 83 0 28 72 8 4 34 0 54 66 61 137 144 15 3 62 82 128 203 18 6 72 24 144 88 41 0 69 121 67 38 28 59 121 56 69 135 80 51 33 9 82 47 66 71 0 17 146 76 81 9 12 63 80 0 53 34 110 16 32 126 89 12 196 9 24 111 36 82 46 0 52 65 4 147 63 8 19 75 109 94 33 65 6 140 102 24 125 105 100 6 68 37 9 79 110 59 44 99 24 43 104 37 115 55 44 158 0 65 32 125 47 96 15 116 106 250 47 14 19 60 137 177 158 27 52 27 61 8 82 43 94 12 87 40 23 128 49 21 42 54 42 46 259 19 16 70 0 18 90 70 93 67 46 52 72 61 126 111 94 0
29 144 70 108 61 46 133 96 135 2 0 138 83 32 109 146 78 67 68 0 23 48 42 175 18 11 73 143 46 168 70 88 113 0 10 75 80 48 63 119 104 95 43 8 0 98 128 117 57 167 0 79 112 56 32 144 69 189 72 130 238 167 141 15 66 84 149 18 37 162 0 72 69 32 9 33 0 39 83 88 88 130 9 125 45 96 2 229 200 216 135 70 63 113 96 64 56 141 126 35 30 7 54 155 108 74 32 114 144 69 127 52 116 35 92 24 123 94 120 228 168 46 127 137 0 40 58 113 66 46 147 72 150 74 56 112 161 43 112 0 153 115 148 74 129 97 40 109 143 105 8 72 142 81 51 152 66 18 112 32 20 218 63 0 51 28 45 112 40 187 176 48 51 16 46 8 34 35 16 127 224 7 72 114 59 16 75 79 106 141 114 116 56 114 123 114 8 97 133 72 181 50 27 189 35 24 21 144 40 153 89 12 55 7 45 45 0 108 176 45 45 63 38 0 179 22 139 6 187 8 144 33 35 82 63 0 114 117 211 0 76 228 34 203 86 33 48 154 97 92 122 72 16 141 134 222
72 9 21 42 79 71 173 78 89 38 9 56 52 146 66 56 84 30 12 97 18 0 48 64 16 60 102 119 31 114 8 81 18 121 35 14 78 8 145 13 85 56 50 48 89 0 108 126 21 0 0 41 80 109 0 99 0 94 37 22 107 51 147 44 24 56 27 52 0 58 0 40 0 69 53 65 41 36 0 0 72 12 132 97 146 42 9 30 25 4 53 12 0 42 80 136 0 37 128 55 38 69 2 37 128 6 72 169 68 32 69 48 67 104 54 56 0 28 36 95 33 25 45 99 22 59 6 45 82 5 18 54 136 0 97 15 12 28 75 0 0 120 142 0 135 77 27 38 8 0 36 102 24 56 56 54 0 5 140 57 0 75 52 88 75 12 35 6 0 54 95 28 22 86 78 121 31 155 22 194 6 71 166 4 14 18 24 91 25 73 48 78 4 91 134 81 60 69 18 0 21 0 63 45 60 69 102 0 0 105 36 93 12 0 3 8 72 20 109 25 6 54 24 65 26 0 18 28 62 12 52 154 148 16 0 28 27 73 0 26 82 12 0 57 59 37 2 72 70 42 113 63 40 116 0 81
169 77 0 79 71 112 7 36 130 31 14 55 49 0 107 246 83 0 84 80 11 41 120 154 15 9 60 56 51 44 83 63 85 25 41 20 121 124 0 50 66 12 14 52 0 60 0 0 101 15 62 116 89 104 43 173 75 214 119 83 49 47 149 103 89 79 28 73 53 72 28 36 73 105 2 92 21 128 0 21 26 179 98 77 117 188 70 107 126 72 32 28 123 148 52 69 60 35 133 86 85 44 68 119 120 0 82 32 42 92 101 68 100 76 29 15 84 16 98 0 112 139 54 84 47 98 118 174 56 80 38 26 19 126 28 92 86 30 62 54 108 35 28 142 104 109 44 46 45 117 158 167 87 83 138 40 56 28 77 228 73 69 6 13 73 24 0 71 7 45 103 59 108 64 83 93 124 157 23 83 114 22 97 229 96 54 4 54 133 70 24 60 124 7 38 65 117 43 58 177 72 93 195 90 165 113 47 57 165 79 153 98 54 131 42 76 91 144 113 59 219 43 11 51 24 42 66 16 97 101 175 93 116 57 8 123 0 63 55 32 41 119 27 29 52 129 23 107 110 47 33 119 53 13 4 68
66 32 56 88 47 88 7 151 26 0 63 47 37 64 24 1 36 18 49 56 0 42 65 47 21 96 42 32 0 92 14 72 22 0 8 63 48 84 72 0 40 48 0 48 166 108 31 59 100 0 168 24 81 0 5 72 32 72 16 149 79 103 60 3 8 0 56 0 18 36 49 48 18 19 49 32 31 105 12 67 0 18 7 52 0 48 40 129 58 71 129 0 14 42 68 0 0 58 124 31 27 84 96 9 48 20 61 82 26 84 62 0 0 70 7 9 27 2 56 48 0 32 0 40 0 40 5 39 56 16 66 0 64 89 32 8 0 49 88 24 22 72 107 77 64 0 90 25 26 0 79 0 15 0 135 60 24 25 77 35 54 76 12 24 83 0 5 0 0 88 149 0 74 48 78 60 14 126 17 32 0 39 48 21 16 6 36 81 73 124 49 74 28 40 98 0 40 96 81 8 0 3 0 96 36 18 95 53 48 36 4 2 42 32 72 6 64 92 42 0 0 112 47 0 17 70 8 24 16 24 12 37 84 52 6 0 18 104 102 56 24 99 0 12 50 17 38 143 56 42 70 0 17 8 103 102
89 112 36 95 72 4 52 31 10 72 44 35 174 8 138 10 45 66 67 56 27 0 108 118 136 61 6 28 106 58 0 123 8 12 104 76 90 63 68 102 45 45 0 6 54 134 2 1 35 5 83 20 12 32 16 196 4 36 92 100 79 20 50 79 44 18 128 0 0 72 42 64 2 0 18 72 43 60 20 48 18 8 79 36 137 131 79 124 0 41 0 64 63 43 98 0 138 121 65 35 25 98 40 64 70 2 31 8 61 37 69 5 38 66 68 51 119 17 25 51 10 62 33 13 65 40 5 40 16 36 10 0 0 98 41 0 72 15 121 8 0 0 100 150 64 28 74 27 24 0 37 0 56 198 117 61 32 106 49 19 42 65 82 30 75 0 5 8 63 0 78 8 95 16 58 76 41 147 47 49 56 27 72 76 25 23 0 30 5 0 80 81 0 85 84 36 41 43 0 102 0 0 57 54 16 32 0 0 163 63 8 62 126 71 11 108 56 6 112 66 112 4 35 0 0 39 80 0 105 63 95 53 0 0 54 45 49 44 61 14 32 10 139 82 9 137 31 65 94 90 3 55 0 13 40 22
9 88 123 45 14 39 64 130 116 64 56 8 30 177 32 72 88 64 16 42 2 12 85 52 14 45 1 12 22 86 100 4 20 103 72 65 49 101 68 107 0 20 16 0 0 69 23 45 72 12 0 38 27 18 18 120 28 60 69 76 54 24 117 66 30 0 24 108 72 26 32 79 68 18 0 119 36 60 48 10 86 27 103 61 20 97 8 56 131 0 110 42 68 50 0 108 44 96 63 151 27 157 12 88 235 27 183 70 58 75 0 54 54 0 24 48 87 64 146 138 97 0 32 136 0 23 0 4 58 48 0 6 6 54 62 72 120 65 10 7 39 64 84 54 144 39 15 14 57 84 0 72 99 177 72 16 56 81 6 0 36 40 204 43 0 22 39 28 42 4 101 21 16 59 24 12 0 63 96 260 86 56 108 56 27 60 76 108 59 62 44 13 35 177 139 0 110 28 41 52 102 80 54 74 24 123 70 25 158 0 14 75 0 4 36 30 36 31 90 123 68 37 70 84 14 70 83 32 60 78 0 38 0 36 59 9 36 28 82 0 133 72 72 126 72 0 120 15 78 93 50 35 42 118 0 84
136 32 20 9 27 0 123 81 69 130 69 0 154 58 150 110 60 0 0 70 37 127 79 8 7 159 54 72 54 150 76 0 51 33 0 7 218 78 0 101 138 64 56 18 0 4 0 9 23 72 168 0 47 110 68 87 63 64 195 62 47 94 129 143 64 61 54 63 53 0 20 102 127 6 6 57 52 7 45 0 8 60 134 86 53 109 0 109 121 28 129 12 8 107 94 16 89 45 203 51 65 12 42 26 227 26 4 27 131 0 32 92 111 61 47 122 43 104 24 77 0 102 159 69 48 0 58 63 106 30 0 29 36 54 48 32 21 0 4 56 167 126 126 103 75 108 0 47 50 0 54 60 54 141 85 171 36 27 14 75 16 6 67 18 56 6 89 63 43 0 47 21 0 128 36 45 56 7 157 138 79 83 137 24 0 4 96 90 10 57 51 0 85 176 39 94 131 59 75 129 28 72 15 24 64 143 33 37 60 44 89 129 29 0 11 114 155 28 38 63 75 115 62 38 121 90 66 27 68 198 62 2 91 54 8 28 127 68 87 54 4 25 42 114 70 85 50 6 32 76 42 120 175 75 44 49
43 119 27 116 2 85 128 20 0 58 52 31 192 86 39 37 90 0 8 0 0 0 88 144 6 81 0 40 18 36 40 81 18 54 133 94 85 86 15 29 100 0 17 0 7 108 30 33 40 199 23 77 33 26 0 72 0 6 109 10 88 198 166 59 55 81 71 55 14 67 0 116 44 8 10 98 10 14 0 102 20 29 60 73 196 32 96 10 204 35 95 125 14 40 99 42 64 6 148 154 21 0 10 20 34 21 103 72 75 9 49 18 114 24 57 21 12 77 83 48 0 82 27 42 34 0 12 34 86 29 124 63 63 60 93 181 45 37 227 46 0 6 143 73 124 160 54 10 91 0 16 21 63 5 64 87 10 3 106 41 45 74 48 63 20 128 73 87 32 53 124 72 94 79 154 62 22 66 134 61 21 30 40 30 18 36 36 8 118 67 52 42 46 65 102 76 9 82 132 32 0 0 28 159 58 19 99 62 77 27 58 58 67 0 18 4 57 0 123 150 10 64 27 71 66 3 60 12 99 126 24 102 81 83 53 117 97 34 85 55 93 76 39 68 67 74 52 90 43 30 55 181 94 43 63 65
10 51 95 128 47 108 115 64 120 99 143 16 85 75 142 20 56 60 0 80 45 28 71 0 70 58 40 81 133 133 71 31 32 103 40 206 48 121 21 246 35 80 138 0 62 21 107 182 86 63 20 99 16 111 99 54 8 44 43 136 96 32 200 40 29 43 12 0 16 35 83 141 7 24 134 72 6 45 4 12 59 82 157 120 67 105 64 36 96 56 51 108 0 85 101 81 96 39 112 41 135 145 165 85 35 40 76 7 15 78 102 32 96 88 81 116 66 145 173 68 59 27 78 84 24 34 0 57 109 14 60 0 26 56 80 52 40 9 36 81 128 66 117 16 128 184 154 25 26 104 137 20 12 127 80 119 22 1 202 55 199 53 44 80 104 28 52 63 55 0 135 135 23 145 70 64 0 97 30 89 70 105 108 147 62 72 149 0 57 128 88 78 29 0 106 24 117 166 0 6 61 24 77 182 96 62 58 66 115 51 18 31 60 31 80 80 49 150 73 35 85 127 160 70 141 29 60 162 100 50 59 72 16 148 52 133 146 43 83 42 107 40 102 93 0 40 25 89 106 80 139 98 73 113 66 12
131 84 36 53 81 72 30 68 0 41 56 1 6 73 58 74 15 59 110 49 20 24 78 33 42 6 17 0 12 76 20 0 39 109 45 49 114 32 29 7 55 56 0 18 54 32 57 61 49 45 28 58 114 99 32 0 0 51 48 54 45 92 42 3 12 24 48 119 117 0 6 0 98 54 23 9 125 78 30 0 0 48 46 25 0 34 5 21 18 0 42 90 0 3 24 57 57 87 101 111 108 101 30 99 24 0 88 49 182 7 36 43 49 48 27 24 82 74 132 83 41 0 82 45 36 24 0 63 72 66 65 6 0 14 6 31 16 49 54 78 30 37 47 5 75 46 33 36 48 60 0 50 52 40 36 18 0 0 5 0 53 35 0 30 78 24 59 76 0 1 56 54 52 25 76 39 49 69 39 101 48 83 60 0 10 58 99 104 30 37 0 36 28 114 18 20 24 0 21 0 64 21 5 9 82 60 119 0 14 42 30 6 0 0 54 0 24 106 66 133 99 73 75 34 59 0 36 143 0 30 0 31 87 48 14 52 45 5 36 0 62 0 0 63 29 0 72 30 14 28 84 0 54 99 24 45
44 101 53 103 52 137 138 72 20 106 103 39 28 69 58 81 69 45 36 49 10 97 49 119 63 49 28 156 15 56 0 0 25 129 85 126 15 101 17 0 68 48 115 16 8 0 77 118 83 119 54 131 112 40 29 29 132 56 66 0 40 12 61 57 19 39 52 30 8 69 0 52 62 60 0 24 22 34 43 4 234 14 48 17 22 77 4 80 172 41 155 48 52 154 0 20 4 86 96 40 92 71 142 136 110 45 87 80 0 134 131 166 54 65 32 54 8 112 12 70 0 3 16 67 44 58 0 57 78 91 102 91 51 18 159 95 70 18 24 6 24 39 92 83 84 92 72 2 18 117 119 40 57 81 65 0 2 24 119 177 229 107 101 136 56 0 144 132 9 18 9 14 89 95 23 50 52 32 91 336 32 121 122 138 61 10 14 12 5 64 17 39 133 33 125 81 12 65 83 110 16 96 28 105 39 125 65 122 103 36 88 102 111 46 1 128 68 34 149 81 18 49 24 51 33 51 21 54 40 27 27 149 9 5 25 63 177 20 67 124 28 108 104 48 109 8 21 78 123 73 66 50 130 9 137 103
70 12 46 25 42 17 56 53 56 0 16 62 68 89 118 101 79 140 240 0 45 12 87 76 52 0 38 28 0 71 16 26 54 120 134 88 152 96 0 1 62 65 129 45 24 65 14 67 182 1 33 41 40 87 114 99 26 36 109 131 43 150 79 0 34 21 1 149 95 5 76 159 41 48 48 52 72 74 44 71 52 89 135 0 85 81 0 48 16 38 50 59 100 39 0 58 77 127 236 25 88 122 76 120 66 88 18 58 90 94 83 63 120 100 38 16 139 149 96 22 47 35 112 14 29 81 31 36 184 30 77 25 112 10 50 28 8 82 133 30 101 112 47 124 84 147 60 102 30 82 124 40 42 78 40 75 0 30 137 75 46 0 7 20 39 68 0 56 28 0 5 7 64 74 140 48 52 57 0 22 56 61 28 0 142 67 22 89 29 56 35 72 50 24 10 88 215 134 92 175 2 26 18 48 119 30 131 27 60 36 0 98 67 56 25 102 62 51 45 185 85 150 98 59 94 55 84 118 6 74 20 34 15 18 58 4 128 121 52 0 69 143 110 98 88 62 117 34 121 54 71 110 4 54 2 56
30 49 81 18 7 36 95 72 3 57 0 4 35 58 18 63 0 7 0 21 111 8 0 0 0 8 0 25 0 105 0 0 0 35 69 35 12 21 45 0 0 0 48 0 18 9 8 65 9 0 0 4 37 8 12 0 32 63 5 102 45 48 32 40 0 36 0 0 52 55 31 18 18 55 0 81 10 106 24 28 24 48 0 63 20 1 19 25 0 0 42 4 0 9 73 81 60 126 38 82 4 95 0 64 1 0 0 0 0 9 0 63 0 117 6 25 0 9 0 72 50 30 58 116 0 0 36 0 0 54 0 12 56 0 75 48 49 0 53 0 60 52 48 11 6 0 0 7 55 72 0 0 0 99 0 20 18 0 10 0 94 9 0 40 6 5 36 12 0 0 0 60 26 50 54 36 45 146 67 129 18 0 56 0 0 54 72 54 28 15 30 46 45 72 0 0 0 45 49 15 0 0 39 0 0 104 0 61 3 42 30 48 0 0 54 84 12 36 7 25 37 51 17 19 43 0 21 36 44 2 56 10 9 0 6 0 90 48 24 54 54 5 84 40 48 0 57 94 24 11 0 54 119 6 0 87
61 57 35 43 12 0 7 42 0 0 0 0 23 24 0 21 8 69 36 0 25 62 1 28 45 2 0 0 16 99 0 63 9 8 0 90 99 39 0 3 35 27 37 28 0 66 3 0 36 0 23 30 40 35 0 117 8 91 0 10 0 39 12 4 1 33 28 0 0 0 15 16 39 0 49 0 24 37 0 12 10 8 0 28 81 58 119 0 0 25 13 64 6 0 12 12 63 18 0 0 6 20 0 70 6 8 33 6 0 34 56 52 51 56 48 0 106 0 39 77 62 83 28 43 20 30 6 72 0 0 46 27 63 48 0 0 91 16 4 32 27 40 26 75 43 0 9 52 0 66 0 7 0 29 16 40 49 22 118 49 39 0 56 14 12 0 4 0 9 0 36 0 60 2 14 40 35 119 0 0 65 42 0 0 0 19 7 26 0 0 15 45 0 65 45 5 0 38 27 0 9 0 18 0 0 11 4 12 76 8 0 0 0 0 0 10 6 12 21 58 84 0 63 45 131 1 0 21 38 69 56 0 58 69 3 0 2 0 6 0 24 36 0 0 0 76 2 25 14 0 72 5 7 0 18 10
0 12 79 6 21 9 18 64 106 24 54 0 111 33 35 22 9 30 60 6 0 27 6 93 57 17 1 43 15 34 8 11 0 62 78 0 56 20 10 67 15 21 18 35 7 56 5 5 57 0 34 4 10 26 45 5 16 79 25 80 160 33 63 56 59 74 109 0 30 2 54 131 74 8 38 36 65 0 120 23 91 27 64 20 78 46 27 0 120 39 77 53 132 2 44 24 8 50 26 67 16 53 34 116 17 36 107 81 2 132 100 35 0 31 76 55 34 13 0 27 51 16 0 0 30 0 47 0 1 31 0 40 147 24 4 76 67 0 112 40 14 4 64 66 61 37 46 83 94 64 88 0 53 68 45 72 27 25 28 21 78 0 58 56 33 35 60 90 26 35 54 35 13 48 36 35 2 110 25 0 72 55 50 47 79 22 0 18 87 143 5 36 65 55 55 84 3 51 36 14 43 5 0 69 12 22 21 51 34 64 0 76 30 0 69 0 26 0 83 118 39 137 55 3 12 30 4 32 53 36 61 32 29 5 31 58 69 76 54 66 38 20 88 80 56 25 32 36 46 74 64 79 57 36 24 20
66 24 0 5 35 27 56 19 14 24 54 20 8 144 38 140 58 12 11 1 33 4 66 62 24 0 9 14 0 14 39 0 34 11 0 6 0 84 60 49 21 5 29 4 3 6 53 9 18 6 20 43 63 0 12 14 16 4 92 19 28 1 6 0 45 42 16 51 32 24 54 15 27 103 21 35 57 11 8 21 0 48 0 32 16 29 9 77 50 0 71 6 47 30 80 59 19 65 20 68 64 37 0 23 115 4 39 12 42 35 13 48 123 18 59 67 51 9 61 21 71 31 11 1 77 2 67 2 86 26 5 10 24 4 4 16 75 23 19 56 15 0 0 24 20 24 21 45 0 0 23 27 17 0 40 9 56 0 38 40 11 8 18 93 1 25 8 6 48 12 44 39 0 25 24 30 63 94 12 10 4 8 42 65 105 11 0 18 12 8 74 21 56 7 5 26 5 36 146 7 12 46 113 45 16 36 52 0 33 14 71 16 16 0 21 24 14 21 21 32 63 36 40 25 59 34 50 59 93 38 13 8 9 56 1 0 33 0 18 0 3 3 26 13 77 0 118 107 16 51 56 24 25 19 16 72
37 139 168 49 32 0 58 21 128 68 46 48 134 29 35 96 21 47 71 32 94 112 70 20 58 76 65 98 54 111 0 24 72 108 88 0 30 77 32 9 20 49 67 112 28 53 45 25 56 29 92 119 10 42 0 60 38 36 28 66 164 0 104 105 0 63 72 95 22 86 35 94 88 33 82 56 52 28 108 26 24 87 154 22 66 140 53 35 168 48 77 75 111 97 128 12 14 133 57 24 15 71 30 67 56 53 127 177 44 160 7 0 4 70 85 91 47 75 36 0 27 18 66 65 82 34 16 0 67 89 121 6 45 69 122 128 134 33 32 27 12 40 95 99 50 26 104 58 149 48 97 162 89 78 124 17 28 51 61 60 29 8 8 56 10 0 45 82 24 0 134 0 46 64 72 31 41 142 70 61 93 80 38 34 82 8 38 0 136 113 68 108 82 98 64 62 42 59 0 77 25 72 78 7 6 28 0 0 97 7 15 109 54 21 49 185 39 17 95 143 84 92 25 43 78 103 54 7 107 40 13 142 67 0 130 36 6 44 54 106 50 59 101 0 94 7 135 0 92 24 86 39 130 76 141 46
31 30 56 21 133 173 206 0 48 35 94 64 76 50 156 84 25 74 55 20 0 117 67 138 83 24 56 33 18 99 20 7 128 31 150 11 66 108 78 88 56 46 72 0 33 90 16 83 102 0 132 85 88 0 104 83 22 71 147 36 18 27 74 16 135 84 108 38 92 10 13 54 167 25 78 22 173 142 5 73 39 127 79 59 69 103 0 19 15 125 46 0 53 0 28 64 18 121 5 164 48 180 74 54 216 27 101 163 18 158 219 58 57 55 23 55 15 12 1 127 109 39 16 56 65 14 89 0 26 157 33 197 69 0 128 147 56 0 90 0 28 12 58 237 138 61 87 131 28 129 209 48 176 10 65 92 36 21 109 100 96 6 154 139 64 77 56 43 0 65 9 66 63 127 11 0 100 100 36 187 69 152 103 32 68 27 48 106 37 31 80 36 26 0 157 9 27 55 123 21 54 125 45 93 141 118 92 118 58 85 137 154 64 0 56 31 28 42 112 105 26 72 19 46 123 94 9 32 80 183 54 171 26 54 44 23 160 116 46 99 34 145 5 43 35 100 6 78 37 62 92 125 27 54 51 56
69 0 23 56 30 24 86 97 0 12 65 42 0 54 39 67 21 14 0 42 0 77 150 24 30 117 54 12 16 140 0 72 88 72 6 68 225 66 45 6 88 39 71 36 74 92 72 113 59 74 54 30 132 18 15 136 109 140 96 0 172 60 30 20 12 83 70 42 32 48 54 54 53 36 44 20 18 0 0 87 124 12 48 34 72 104 198 84 18 108 139 50 54 24 60 57 0 56 36 46 117 52 0 18 99 38 76 123 112 32 112 128 68 136 68 115 183 69 0 123 52 118 74 72 32 16 27 72 135 48 58 144 24 88 23 58 147 0 60 0 110 94 60 88 30 127 12 50 0 69 33 12 15 65 94 81 14 44 47 48 96 24 72 28 42 0 42 0 26 48 39 0 129 12 22 48 26 76 12 140 99 53 66 37 4 38 52 63 96 0 84 18 8 64 59 49 129 36 71 16 15 51 81 54 57 63 104 86 176 73 23 135 0 54 27 81 50 24 24 62 72 45 27 20 29 10 8 0 133 134 96 24 14 36 38 24 0 108 70 0 60 88 78 56 12 64 113 0 28 50 6 66 59 48 99 96
24 96 32 40 20 20 96 50 7 0 0 18 42 66 87 44 48 0 57 0 1 14 82 19 17 0 14 27 0 64 8 8 49 30 84 63 25 42 12 12 4 0 32 30 55 62 20 75 15 12 40 83 128 0 37 30 10 24 76 30 106 56 32 36 6 45 56 8 128 61 18 44 0 37 40 119 70 78 0 46 57 45 56 0 28 0 56 51 15 78 46 65 39 0 36 36 6 149 72 110 46 16 0 64 130 36 55 63 143 4 24 0 50 62 54 45 33 4 54 43 30 54 34 104 18 28 44 32 42 51 9 62 49 18 36 2 132 16 53 48 9 0 48 66 17 45 12 36 165 12 40 2 15 30 12 12 32 12 42 30 72 19 44 20 16 40 30 0 9 0 60 12 56 42 88 76 84 98 98 18 0 39 4 54 0 12 21 30 25 59 48 104 69 0 12 36 90 57 0 35 0 2 27 78 76 0 23 2 0 0 3 38 4 63 36 86 0 0 26 64 46 23 40 31 28 33 100 27 69 61 0 30 31 18 50 8 54 88 26 54 14 9 44 8 48 8 117 26 32 33 53 69 79 73 45 68
50 141 0 45 9 0 72 0 45 94 16 24 78 27 89 131 47 65 48 0 0 57 37 56 12 98 0 68 45 102 36 6 46 6 20 24 51 43 20 37 46 58 4 0 138 111 29 50 104 21 36 0 10 102 32 52 38 123 16 24 0 87 73 48 38 148 66 48 26 4 87 62 67 63 58 64 62 18 28 66 46 111 41 72 122 135 58 45 141 26 14 35 35 132 64 56 8 117 139 77 55 82 41 0 16 198 13 40 21 71 133 18 30 0 18 38 67 42 92 116 86 6 138 60 40 100 32 80 15 106 16 76 72 14 29 88 12 0 53 0 95 90 49 147 99 61 41 78 117 86 94 48 0 148 21 64 30 27 73 31 24 68 6 96 110 17 34 87 55 70 195 55 80 66 117 6 67 20 51 94 8 46 0 24 92 88 44 108 24 0 68 58 27 101 0 16 24 73 56 59 31 4 39 53 10 78 54 90 85 54 0 99 69 0 60 47 131 61 78 0 6 72 61 35 42 6 91 0 0 28 54 122 0 18 0 108 42 12 89 32 36 61 51 106 49 105 14 30 18 34 82 70 24 49 48 71
2 0 0 12 68 48 72 0 0 18 16 0 21 9 67 2 30 32 0 1 2 24 63 15 27 16 27 14 0 34 0 0 36 0 0 0 35 0 6 2 14 8 4 0 0 25 15 14 4 0 12 42 10 14 0 40 0 72 64 30 72 0 50 0 46 88 35 65 0 34 0 8 48 0 0 0 47 0 0 0 13 82 80 0 8 0 0 22 43 99 143 24 25 60 0 69 20 0 36 78 0 41 66 76 6 32 116 15 56 30 27 42 0 0 68 7 0 5 54 0 10 18 24 37 0 10 10 0 0 0 36 87 0 21 63 78 54 0 51 0 0 0 56 12 25 32 10 0 16 0 74 4 6 21 13 12 0 4 68 64 0 24 4 4 24 0 0 0 0 34 0 104 15 9 0 3 0 27 20 12 36 19 54 0 31 0 0 6 36 16 3 36 18 15 18 28 0 0 18 52 10 10 0 60 20 36 0 77 14 25 4 45 70 42 10 64 0 64 2 0 0 0 10 4 12 16 0 48 41 24 49 20 48 18 8 4 62 48 29 3 0 66 8 0 0 0 32 36 23 0 57 122 45 16 12 12
48 6 57 66 67 84 38 14 95 86 22 4 66 38 24 72 1 72 52 22 40 96 30 88 50 26 8 126 14 99 32 81 75 29 148 102 95 137 24 42 0 92 118 24 66 183 39 68 85 40 134 18 14 92 103 160 10 64 124 52 4 0 115 40 60 135 140 93 138 33 3 289 90 77 42 136 78 55 11 54 33 116 144 176 127 78 56 56 52 36 8 50 86 73 35 38 96 182 31 103 110 157 122 21 30 101 66 92 93 32 28 53 199 107 55 52 41 48 35 77 86 63 120 153 14 58 45 106 67 128 103 60 58 148 23 43 24 36 44 45 203 142 84 168 58 174 23 117 139 32 152 24 23 11 101 2 36 18 155 60 80 149 7 23 56 45 24 33 29 1 105 28 117 81 155 0 65 121 73 80 12 41 72 75 134 88 112 72 99 64 61 158 116 130 77 134 114 13 36 30 27 32 57 108 115 107 177 104 72 68 38 101 82 91 28 4 40 175 77 74 73 152 99 89 135 71 89 113 74 173 98 193 105 58 78 0 67 72 31 22 126 35 193 121 16 130 141 134 26 49 263 33 115 152 63 42
111 49 0 41 37 0 78 88 45 30 15 0 18 63 77 49 32 177 72 12 55 18 0 161 65 30 36 60 68 47 67 15 46 37 0 7 134 93 9 6 82 0 0 16 54 15 73 6 65 64 18 88 35 6 63 158 56 102 0 137 89 80 96 6 65 9 10 25 30 0 47 121 137 49 35 5 37 0 40 11 32 75 27 3 127 48 0 36 45 139 56 26 18 15 47 68 2 26 88 75 63 63 5 7 73 115 142 99 108 2 68 6 0 43 40 54 134 80 71 165 89 93 0 90 87 80 24 120 22 0 9 99 41 12 1 181 23 64 60 75 0 27 99 24 121 134 15 108 10 157 33 0 60 151 30 105 48 72 24 23 35 64 5 47 8 0 60 0 32 0 33 16 2 99 46 48 26 21 53 8 41 15 109 24 12 9 50 80 0 2 48 110 32 26 79 68 36 37 120 2 0 42 48 19 6 16 22 108 8 165 35 113 142 0 3 86 21 60 53 0 15 6 75 0 30 6 31 84 39 42 127 78 45 124 18 18 28 80 15 15 6 125 45 0 19 12 60 48 68 18 40 68 24 4 59 48
15 45 0 0 30 51 127 67 54 1 41 183 63 111 173 68 76 0 72 35 8 31 103 0 165 16 20 88 70 78 82 80 105 276 14 0 140 3 0 0 0 17 121 0 6 56 27 80 128 36 75 95 87 101 196 92 63 70 100 176 123 90 116 2 63 38 58 130 5 0 26 57 135 54 55 15 78 28 80 28 81 62 138 0 77 41 0 30 35 0 97 5 24 44 196 79 66 47 61 8 21 94 3 189 77 25 67 117 6 56 200 102 6 102 28 7 9 11 0 73 49 73 17 0 42 38 62 41 27 36 61 149 0 7 188 111 0 9 120 0 81 101 36 72 93 137 85 16 17 72 153 0 136 48 42 70 38 9 80 63 30 2 35 97 8 98 109 25 52 120 9 29 9 36 86 18 56 14 51 138 85 64 171 32 64 8 9 81 0 32 8 0 62 51 0 53 72 38 18 19 46 64 24 47 0 77 33 130 0 62 98 218 63 97 28 78 52 23 18 47 29 147 98 18 14 61 76 7 24 47 2 33 55 54 34 31 56 0 64 0 14 130 49 62 117 0 0 0 74 52 78 48 75 16 78 8
93 117 59 0 56 82 0 47 0 16 4 0 80 166 35 131 37 31 27 6 27 0 70 0 0 45 96 90 0 106 72 0 102 90 0 53 106 105 12 72 76 18 2 15 13 0 45 76 31 55 66 60 12 8 80 192 0 12 16 38 102 69 99 49 42 151 49 109 26 35 0 166 25 2 7 21 8 16 4 3 20 80 111 14 61 94 0 72 111 110 55 60 45 74 66 83 0 49 94 28 32 99 0 118 12 40 43 50 97 39 84 0 63 22 89 9 75 159 114 54 76 0 57 142 14 109 104 60 30 28 62 36 37 112 108 122 38 24 93 0 0 60 78 64 66 55 9 16 16 33 19 33 36 17 36 70 0 0 104 87 4 80 0 52 77 49 0 5 78 16 16 67 0 34 49 32 66 105 98 43 0 49 72 0 35 0 70 15 83 18 90 72 94 98 5 66 21 54 59 52 5 96 59 63 46 15 76 122 40 108 24 105 36 56 73 104 5 78 94 123 18 7 44 54 142 64 18 16 41 78 121 174 82 0 0 36 0 56 7 17 123 76 8 52 36 44 68 89 103 0 24 158 79 55 6 52
86 142 21 40 13 63 38 36 15 26 0 0 48 118 140 85 16 63 8 7 64 0 7 100 32 63 63 174 0 96 46 0 5 18 6 21 174 156 79 84 56 106 74 8 43 79 170 50 59 25 57 152 35 101 10 134 92 0 81 30 64 10 6 44 6 0 59 21 82 73 96 118 17 51 11 0 18 69 44 10 43 29 62 26 56 84 6 0 185 56 26 45 34 27 83 136 121 4 150 59 200 126 9 146 61 65 106 79 72 47 72 71 32 21 45 42 149 32 108 8 119 18 41 61 63 109 22 0 153 118 38 106 0 36 34 24 36 15 61 7 144 41 28 72 109 70 42 26 130 28 77 62 66 94 12 97 62 20 42 20 55 114 39 124 106 0 1 113 15 0 63 2 113 42 0 47 39 0 62 165 0 0 0 108 35 68 0 109 30 13 18 83 0 118 0 28 62 130 34 8 15 0 83 0 144 82 103 49 67 103 59 48 15 0 65 57 13 56 36 0 65 59 16 0 27 66 17 39 80 5 7 73 0 51 2 23 0 83 30 0 72 20 27 111 72 58 10 30 0 40 61 178 46 31 97 109
80 118 116 78 30 56 213 70 0 99 121 35 44 145 88 83 88 40 56 1 48 62 65 105 61 107 9 89 111 101 87 0 66 18 101 72 135 91 0 123 105 42 105 36 8 65 18 29 48 0 85 100 66 93 12 43 12 114 58 84 73 116 70 56 30 56 36 117 75 12 40 61 136 12 12 90 102 102 61 18 21 60 219 33 109 89 3 9 159 148 72 52 34 26 54 105 64 62 18 154 197 2 34 117 129 20 61 63 14 103 54 47 92 87 36 2 57 60 12 27 38 72 32 120 32 28 54 57 118 114 164 203 17 0 131 185 130 58 26 123 0 45 98 79 203 10 118 10 43 72 58 116 43 112 48 101 94 78 41 79 65 31 34 68 49 7 15 113 108 36 51 13 56 137 8 83 72 186 27 123 150 145 42 42 20 81 28 14 105 27 177 116 39 36 60 56 71 108 162 16 105 43 92 72 127 3 32 122 5 59 56 7 70 75 20 19 32 62 126 81 220 118 10 60 162 4 84 0 79 98 49 30 10 204 25 50 278 56 51 9 36 131 16 43 104 45 58 59 30 0 60 202 147 0 129 108
136 97 0 99 30 115 113 119 109 86 67 36 175 40 107 74 91 45 0 43 0 83 32 48 0 174 36 108 67 32 70 81 33 14 97 28 38 14 81 65 132 36 72 12 24 27 49 54 34 9 77 18 79 46 26 8 42 120 31 150 69 45 140 108 193 128 83 30 1 131 27 32 107 36 14 72 72 78 70 64 102 9 88 58 117 36 58 97 81 14 297 24 43 72 66 71 102 155 108 62 55 100 68 32 47 70 3 30 39 4 81 55 31 52 44 29 18 85 0 102 69 3 28 25 47 9 45 77 9 6 54 20 86 72 45 143 142 14 81 32 0 14 161 93 257 8 13 0 0 183 0 128 33 0 192 105 54 44 72 27 30 89 101 52 18 0 82 0 99 45 90 0 102 136 95 41 27 0 114 128 40 42 117 32 29 4 66 104 93 90 54 150 37 48 189 44 36 185 207 87 101 27 19 111 110 71 117 60 100 63 73 116 204 0 75 163 136 27 74 167 63 15 58 42 170 15 28 137 153 41 98 113 12 130 0 16 147 0 83 125 25 163 45 38 0 48 112 77 60 62 0 64 56 0 158 95
9 64 45 41 62 26 40 116 86 105 90 18 127 112 0 8 82 15 22 54 27 27 3 14 6 24 9 53 40 70 79 9 9 65 40 134 85 118 4 48 96 30 61 86 25 55 10 7 11 2 55 66 85 43 122 8 0 4 20 59 12 136 68 49 116 0 45 0 141 7 21 105 160 7 75 46 21 70 0 91 90 100 55 31 10 1 68 8 50 9 8 54 36 23 5 0 48 43 47 11 0 26 30 103 132 64 84 8 14 6 59 0 19 124 22 95 24 91 125 62 9 0 4 25 48 42 139 0 52 67 54 0 12 112 37 16 0 49 84 0 67 63 48 182 101 12 54 24 32 26 0 54 86 72 21 33 130 48 100 17 51 83 143 28 28 24 12 116 8 30 69 41 50 34 72 86 23 101 45 6 1 66 153 8 34 90 60 80 61 5 0 0 35 56 102 6 25 42 21 43 45 42 0 2 48 67 96 72 7 84 56 66 17 20 6 0 0 0 59 81 65 112 196 4 54 0 0 83 52 64 20 99 9 81 42 71 55 56 82 40 33 7 24 199 40 10 113 26 9 32 18 98 33 77 0 36
146 50 18 8 93 0 22 0 65 34 6 28 15 160 46 129 24 72 106 17 53 32 55 14 51 0 102 148 0 54 52 24 57 84 8 64 66 57 18 7 62 0 18 44 0 35 70 28 106 0 3 116 81 56 19 85 48 30 94 38 16 18 57 0 36 21 23 72 103 5 39 88 70 92 22 51 10 63 44 5 17 59 31 11 139 82 17 70 84 0 5 64 29 19 86 120 42 76 256 36 32 94 14 71 50 96 9 11 9 102 86 18 48 12 26 23 32 100 84 8 113 40 0 17 9 71 39 42 18 16 7 64 102 67 89 14 27 0 99 28 56 54 3 81 109 24 48 109 74 16 16 15 110 6 34 53 8 47 66 51 57 72 0 166 96 29 0 0 12 0 64 18 16 15 57 64 121 98 5 47 54 51 42 35 143 2 2 26 4 6 6 25 27 0 0 46 64 53 9 127 14 62 46 14 58 0 0 43 54 72 33 94 75 42 7 52 74 7 56 41 82 87 33 64 96 75 32 36 81 71 24 64 0 66 2 20 0 0 8 8 76 72 29 146 94 90 115 4 37 20 73 102 4 72 16 0
129 199 109 57 7 202 72 100 23 4 122 130 80 83 56 268 30 12 0 5 45 72 118 10 93 25 12 69 120 144 0 127 28 0 43 60 37 90 63 33 99 175 64 0 32 94 12 36 28 45 153 68 23 72 33 44 12 64 73 15 41 68 36 30 61 29 48 0 47 16 0 0 56 77 2 0 37 152 0 120 16 0 63 66 94 27 13 69 77 0 57 39 81 72 76 63 189 16 48 21 2 54 54 74 163 67 78 117 66 109 130 85 45 106 47 24 138 87 69 31 99 122 48 16 31 7 35 66 78 101 126 128 76 36 109 18 16 0 86 27 87 42 89 85 204 45 74 84 60 22 109 50 77 0 92 24 98 2 168 190 70 33 0 18 1 72 121 71 48 15 177 42 0 124 119 104 123 136 29 81 78 113 99 48 43 38 28 114 25 21 46 54 20 90 142 20 8 102 48 117 45 65 0 42 24 4 11 36 127 55 66 0 98 0 79 141 101 10 145 0 84 187 144 97 99 111 54 58 99 69 75 39 41 74 18 0 17 12 16 87 73 137 119 43 170 35 130 29 0 117 132 77 112 69 139 72
24 100 45 29 27 26 81 72 138 126 44 21 90 8 12 46 7 4 9 42 8 70 118 67 0 77 94 34 75 79 14 21 38 48 40 30 55 28 20 68 132 8 59 0 4 57 0 13 89 57 75 10 24 56 16 40 103 111 12 24 0 18 15 57 0 8 68 10 30 45 1 24 66 9 60 42 26 60 0 19 12 35 12 0 76 45 88 62 36 8 55 33 35 54 0 27 1 49 44 70 8 12 28 48 6 69 87 4 81 54 87 56 115 122 75 46 93 41 107 21 91 69 20 4 64 18 6 157 45 17 59 24 72 6 18 28 94 0 19 4 44 148 28 112 100 0 28 36 12 131 0 64 74 4 16 137 68 0 29 79 0 0 72 9 7 21 0 95 33 7 97 57 0 0 133 21 59 159 49 32 106 67 123 11 31 104 8 42 7 25 52 0 14 64 21 49 9 35 8 9 30 0 62 36 42 48 76 0 52 85 24 21 119 73 19 24 2 14 4 68 87 60 102 18 36 0 55 6 0 67 106 72 64 131 28 12 28 0 68 3 3 106 15 90 58 5 26 24 0 56 30 60 98 10 3 8
0 30 56 12 48 74 124 0 69 5 12 98 127 72 86 85 48 0 60 0 0 41 14 0 36 5 109 35 4 89 32 77 72 152 89 63 62 141 24 56 59 40 58 62 0 60 24 120 242 25 31 21 109 0 80 64 28 62 48 9 119 8 172 87 142 36 67 143 81 64 9 76 114 10 31 169 89 73 56 49 21 36 96 130 69 10 0 70 104 0 84 30 80 112 199 65 81 45 72 4 97 82 82 68 24 28 141 42 36 65 90 24 112 0 30 96 0 148 118 71 72 56 189 24 171 45 16 32 20 72 36 106 173 17 137 21 56 10 0 81 34 6 93 17 23 24 25 0 124 0 36 21 27 12 7 0 21 87 11 25 34 0 0 126 84 74 45 16 6 0 87 68 18 50 161 49 70 71 0 29 114 24 89 35 9 42 18 56 66 203 67 106 10 46 10 16 62 30 48 112 0 56 68 103 70 5 121 56 58 48 39 60 0 0 17 116 45 20 5 104 79 100 150 16 24 14 18 108 21 113 32 32 112 50 71 54 81 0 46 38 32 44 164 12 81 26 48 48 16 38 167 27 127 74 77 30
121 58 6 78 41 12 182 72 81 169 149 8 72 16 162 75 112 31 54 139 15 125 64 169 63 168 96 54 21 151 10 75 15 56 33 95 234 125 75 85 221 0 50 4 118 90 89 18 66 8 11 15 169 64 55 127 155 126 30 49 50 248 0 40 32 113 36 30 26 31 95 50 106 41 23 61 46 4 28 76 8 0 111 143 58 117 140 126 144 123 104 78 65 69 6 36 24 23 173 132 100 46 0 50 120 28 95 46 37 74 127 56 82 81 74 26 154 31 36 59 27 129 62 167 39 16 26 119 178 35 64 72 62 75 69 149 139 21 68 0 81 51 131 157 72 97 84 54 0 63 51 69 87 140 100 160 70 56 115 0 72 32 16 33 80 0 67 111 7 59 135 54 108 149 45 252 60 216 144 138 73 122 87 164 52 63 126 111 61 177 135 98 174 130 34 0 95 105 32 87 88 36 219 110 76 78 80 80 129 84 113 18 153 48 0 16 86 61 36 23 103 35 0 16 9 12 80 35 191 65 90 188 76 165 63 112 194 40 125 7 36 70 16 8 40 104 60 124 164 61 33 150 18 40 48 62
21 107 0 0 73 107 49 54 0 73 18 110 20 83 27 63 104 56 0 0 2 90 18 60 123 0 21 24 72 32 99 156 74 32 64 49 0 42 129 49 54 56 18 55 54 36 40 85 72 6 104 69 62 35 35 102 0 142 0 6 4 123 150 74 10 12 49 12 14 0 4 10 176 8 1 27 54 22 0 23 63 63 0 110 62 0 36 88 0 64 147 45 56 36 0 66 0 96 58 10 48 127 84 161 16 22 66 88 0 0 45 12 111 102 10 79 18 33 31 48 79 70 45 129 136 36 32 10 15 69 36 76 78 2 9 33 33 65 95 96 80 14 45 74 132 42 72 153 63 81 76 144 0 0 40 12 23 38 54 25 56 0 12 36 32 26 5 30 0 34 216 0 56 179 90 53 131 129 56 46 34 65 18 24 83 6 56 91 0 90 18 30 33 50 42 32 20 118 24 18 81 45 3 87 0 100 44 0 37 90 0 81 20 0 18 135 78 63 0 10 19 24 39 73 2 122 21 29 19 42 90 14 63 93 93 52 38 96 42 6 32 110 64 18 85 55 30 46 46 24 5 60 19 6 9 48
56 56 84 15 9 86 58 138 0 61 49 48 149 17 95 164 121 79 50 109 37 40 60 25 18 25 35 99 140 148 46 8 36 88 7 107 150 95 80 188 61 18 57 20 21 33 49 23 23 0 62 46 34 17 40 88 2 45 8 268 128 53 99 58 58 52 1 12 53 58 32 113 16 8 27 4 85 124 0 21 48 40 124 15 62 45 21 48 36 104 170 17 44 61 52 110 64 255 93 156 73 164 27 107 39 71 17 36 23 49 25 6 57 71 35 34 124 51 75 56 40 30 116 144 97 78 59 64 66 26 58 73 0 90 27 87 137 16 33 32 12 98 80 91 66 92 66 10 146 40 44 107 29 216 26 96 102 7 37 106 54 113 11 72 94 2 13 23 95 0 97 19 81 104 71 53 72 100 84 183 16 41 11 196 46 88 82 119 0 47 143 111 105 87 97 11 150 147 42 37 8 4 8 38 2 138 15 19 5 108 0 61 18 8 29 218 30 32 42 150 70 34 64 54 7 60 89 116 70 92 48 21 30 127 152 46 61 53 22 9 106 71 0 73 32 100 26 83 158 22 45 65 8 17 9 72
27 49 34 39 28 80 0 9 12 0 111 30 63 120 132 72 35 35 36 33 50 49 16 12 53 0 123 21 60 100 36 0 36 17 3 0 43 89 0 66 148 27 48 45 0 77 12 26 72 18 72 52 175 124 99 0 4 52 0 69 28 5 0 54 32 100 16 49 52 84 28 25 104 4 63 0 33 0 0 11 0 77 35 33 11 3 77 63 0 68 102 25 18 169 48 0 83 72 106 15 0 58 0 182 71 63 14 135 48 32 63 31 70 61 100 49 48 50 30 30 30 10 88 99 165 49 0 0 67 42 15 0 45 5 64 27 28 0 110 3 58 28 0 86 0 66 21 12 75 24 35 59 7 40 36 8 71 60 15 21 81 45 54 13 28 28 41 0 0 145 74 49 0 0 2 132 36 56 54 32 63 21 152 30 63 4 0 61 118 20 4 0 21 37 6 10 30 37 106 70 45 0 0 101 0 109 50 49 135 28 99 36 72 127 0 69 24 70 5 37 0 50 153 30 66 45 87 99 0 0 80 89 113 0 57 53 78 54 63 1 4 68 0 25 0 0 69 74 10 98 29 31 86 52 24 36
99 102 56 80 118 45 49 132 42 54 5 78 90 96 85 38 150 106 28 89 30 76 10 53 0 105 154 67 84 91 51 94 58 120 18 85 87 172 132 11 146 82 53 18 0 48 136 18 96 72 52 118 66 36 41 28 20 106 60 21 147 83 0 63 109 20 8 92 29 82 63 43 65 54 46 70 80 66 0 36 35 46 60 112 156 10 56 53 78 86 105 79 112 99 80 55 87 205 49 84 100 89 45 124 43 36 180 39 56 47 36 54 137 30 82 54 42 8 0 49 63 0 76 129 137 23 4 105 152 81 96 9 117 35 179 240 116 14 144 55 21 0 25 13 94 129 0 109 35 101 0 5 5 48 60 56 59 16 137 45 0 124 10 121 107 43 0 0 90 7 210 109 97 135 173 86 36 50 72 125 40 15 101 118 91 4 10 44 42 101 49 101 126 52 67 56 27 136 56 110 30 56 42 45 98 72 46 80 63 18 107 101 170 67 0 114 111 72 0 56 3 8 116 33 103 81 29 45 65 77 120 182 154 0 73 45 10 76 72 50 0 145 0 110 35 46 111 143 142 72 10 152 169 65 41 6
106 181 113 0 43 241 87 8 105 74 59 0 168 16 117 38 0 49 56 61 142 135 180 30 130 93 92 91 40 146 81 10 62 71 71 89 139 126 15 163 48 3 121 110 53 9 72 70 108 22 159 106 120 217 72 5 136 111 86 97 88 52 141 55 121 41 160 82 52 193 114 40 114 84 4 124 22 118 78 52 43 12 21 61 119 61 70 54 87 34 71 75 19 70 181 24 124 180 184 31 131 39 5 134 19 22 85 91 163 35 67 140 250 257 151 178 58 146 68 0 58 87 159 35 128 30 97 60 75 73 90 22 57 118 173 49 64 12 157 74 216 179 161 92 45 155 85 58 199 105 9 88 142 39 34 86 107 91 43 8 63 40 0 81 166 52 39 186 58 147 81 15 77 51 151 90 73 66 75 0 281 64 92 117 60 75 65 66 22 57 78 156 62 12 29 111 203 161 156 34 110 147 113 161 83 51 27 71 123 9 124 36 36 75 49 261 72 78 56 154 153 194 59 0 81 149 127 108 86 79 41 70 5 69 105 21 68 50 186 15 87 24 247 87 252 23 109 31 66 114 114 214 116 45 259 106
27 126 98 39 211 35 101 162 0 94 5 88 0 66 91 27 124 25 76 160 0 151 0 67 15 25 47 45 72 221 104 18 14 129 106 190 63 125 36 76 191 0 150 15 4 49 174 24 117 8 0 48 156 67 53 249 30 91 125 52 0 221 48 62 32 54 100 62 166 0 56 27 211 114 75 182 18 90 4 72 158 71 28 42 127 65 81 161 198 55 50 0 0 55 46 28 81 86 97 45 30 68 101 107 0 31 22 45 0 35 21 138 114 123 93 90 102 192 36 0 72 0 131 129 0 93 118 0 38 63 45 0 262 38 50 46 148 42 86 5 47 67 105 111 87 15 88 174 123 193 54 122 111 50 0 5 119 121 118 78 68 5 206 102 72 40 95 148 0 63 123 57 66 40 204 117 30 104 85 44 49 40 80 117 64 23 24 63 29 135 16 91 186 135 50 0 40 139 35 43 135 44 48 111 54 81 75 63 96 56 88 48 89 0 15 144 75 81 43 61 53 138 250 90 137 98 72 55 156 83 93 24 87 62 9 0 62 72 175 127 40 28 90 50 108 36 233 175 68 119 92 151 21 41 63 94
57 44 20 21 27 0 94 141 25 32 8 5 110 0 27 15 42 0 24 24 15 39 102 56 21 72 18 69 0 8 24 54 108 14 108 45 50 132 54 57 17 12 104 108 8 96 0 73 16 0 64 33 38 27 89 0 47 35 63 0 56 34 131 124 69 106 94 0 60 27 0 78 121 4 0 187 2 63 4 111 42 96 21 142 72 118 75 91 62 48 70 102 112 45 65 12 0 115 62 47 122 142 57 47 32 81 5 150 109 52 60 16 27 0 5 75 51 44 41 20 39 0 123 34 30 36 64 105 109 60 40 0 132 14 35 53 74 0 105 138 75 36 52 102 169 19 0 68 42 0 0 0 108 108 72 44 36 81 41 6 56 6 83 30 0 10 24 4 49 33 98 36 88 84 72 66 0 36 64 6 54 53 0 52 56 18 35 45 92 98 66 125 0 94 36 55 120 58 49 51 32 18 54 121 88 29 42 7 240 68 16 73 0 110 26 116 66 17 108 48 118 28 62 22 99 2 44 42 95 50 36 68 25 30 29 64 21 29 39 5 102 27 58 65 18 38 112 40 15 81 97 77 77 89 48 0
102 16 0 45 17 0 70 34 25 44 30 12 28 48 71 187 60 25 56 9 15 112 77 20 0 82 20 55 10 48 108 0 18 9 105 0 221 108 37 0 16 120 21 85 42 21 43 45 101 0 4 45 5 38 8 56 141 80 127 60 0 120 33 44 24 54 0 81 57 22 55 82 21 130 69 81 121 46 25 94 78 30 96 97 9 86 54 79 28 63 126 33 18 25 66 66 72 45 31 54 60 10 65 78 187 16 84 22 36 20 36 24 100 35 35 12 15 75 42 32 90 81 190 111 15 0 27 5 110 21 73 96 0 30 12 0 33 6 37 122 92 65 65 130 14 51 38 18 24 43 45 116 16 98 67 12 0 63 42 40 30 47 28 0 0 0 59 6 38 45 71 20 25 72 99 81 101 81 119 0 78 110 56 65 63 84 15 150 8 55 113 59 15 64 73 0 54 52 87 56 32 0 126 105 0 0 122 56 15 40 76 0 20 0 31 0 0 36 20 44 63 80 72 32 75 28 3 152 62 102 0 0 27 66 31 0 215 60 56 27 80 29 6 76 60 4 54 101 22 25 37 54 10 3 100 123
36 35 16 82 32 138 78 68 62 76 47 34 83 140 74 33 36 62 79 0 0 120 46 114 26 6 52 35 137 24 54 43 74 12 54 40 110 99 53 176 17 6 104 28 159 101 96 81 124 84 32 0 30 122 116 78 102 35 126 201 182 35 20 30 236 57 98 60 11 100 54 49 93 29 81 0 43 97 0 110 144 128 106 15 158 147 95 97 173 76 103 0 116 46 66 71 106 162 20 56 64 90 59 25 34 150 54 27 12 70 165 68 116 25 123 31 135 106 5 66 28 115 77 23 64 32 105 49 74 80 42 81 81 0 93 52 78 81 144 42 32 78 128 99 7 48 143 4 75 74 51 0 49 122 78 37 40 66 128 5 81 107 42 82 155 28 210 99 62 7 116 30 82 83 142 36 76 92 60 71 12 0 93 82 120 38 102 179 101 49 81 97 72 0 126 110 129 215 71 36 3 154 103 179 156 25 84 79 10 68 28 125 131 74 39 176 32 62 27 82 176 209 115 0 141 0 104 30 183 109 87 42 135 49 120 106 117 72 65 30 66 20 20 149 34 59 36 8 64 108 64 7 36 147 98 106
12 0 107 29 48 136 56 24 47 78 0 81 0 24 62 25 7 35 32 26 82 0 0 39 130 6 97 93 0 107 2 9 25 105 0 26 0 48 39 2 0 27 120 0 4 90 16 167 111 4 21 30 0 27 93 64 6 76 52 12 87 9 0 30 0 40 12 102 42 81 72 214 112 80 32 77 0 96 49 56 8 64 95 0 5 37 0 18 132 153 64 6 45 70 129 32 46 35 14 53 40 75 59 104 0 45 98 8 95 0 32 80 24 66 3 72 40 54 0 3 16 18 53 48 0 8 61 0 41 12 64 0 20 63 92 109 0 0 16 0 136 117 95 16 0 73 0 5 45 112 72 50 47 24 32 69 0 8 30 25 108 89 12 8 59 0 0 6 0 1 93 56 0 0 60 54 5 5 77 40 20 0 72 0 0 75 6 0 49 43 0 0 74 75 32 43 72 12 0 40 0 12 9 45 0 0 63 262 40 0 19 0 0 137 1 112 27 45 6 0 24 97 144 0 59 104 26 88 34 56 64 113 85 9 9 0 32 45 56 28 88 0 145 76 38 2 24 40 0 40 25 69 56 6 76 0
75 0 35 43 84 0 267 80 31 114 92 23 52 14 202 96 87 122 74 51 0 46 72 37 59 12 52 100 92 92 16 0 52 0 43 75 99 123 22 25 61 4 20 6 51 94 8 115 99 86 96 1 28 127 88 96 40 74 101 54 63 59 32 166 62 45 37 16 100 24 177 15 44 5 14 87 12 0 3 26 0 48 49 38 133 106 59 120 117 91 12 122 32 204 48 0 37 43 18 45 20 40 111 6 0 45 121 28 69 43 121 50 147 120 0 26 97 74 94 5 42 84 59 45 12 74 71 101 48 64 35 39 43 0 84 56 0 0 77 5 0 0 98 224 23 30 14 14 15 21 89 64 51 72 91 95 144 63 123 99 70 35 9 6 188 0 79 51 64 21 177 30 105 128 77 18 63 0 0 40 46 8 0 99 134 33 0 78 58 0 0 0 185 20 103 16 96 63 6 122 108 131 0 0 12 63 17 105 143 143 22 194 101 0 0 65 233 170 30 10 101 93 212 45 0 35 0 0 44 54 45 118 45 8 0 102 47 54 32 57 52 66 42 111 84 98 38 32 60 0 60 52 92 0 117 0
67 43 60 0 88 0 93 86 106 144 56 35 32 12 131 140 75 27 25 202 5 9 98 60 65 82 44 67 74 36 0 7 73 110 128 23 182 92 14 93 25 0 2 32 1 98 50 26 109 5 36 39 86 78 150 207 36 52 58 81 156 142 50 128 140 160 143 68 28 49 39 72 178 52 20 93 104 0 0 15 85 45 43 20 123 155 0 176 109 117 114 0 69 83 48 11 20 96 53 82 102 62 40 81 42 61 57 143 69 62 186 34 34 0 30 126 106 42 73 86 34 14 15 4 40 80 80 146 9 114 48 72 68 86 73 135 59 37 57 10 73 84 154 94 164 36 142 21 88 173 141 32 56 93 112 103 108 103 6 36 78 0 42 28 137 0 99 135 68 63 54 24 46 64 112 88 0 62 60 73 12 15 80 113 0 19 32 52 44 161 98 38 81 86 74 86 57 25 32 68 30 10 95 91 8 117 22 122 113 54 74 180 144 18 54 145 78 73 85 64 80 103 150 54 0 42 5 6 129 36 207 100 32 0 37 115 93 76 114 50 92 68 147 69 52 40 73 72 83 92 156 105 30 101 40 5
5 113 45 58 40 87 78 0 154 140 108 24 24 17 30 103 33 0 96 107 57 222 8 88 56 40 59 112 78 56 141 33 7 116 64 0 116 104 0 2 22 56 73 8 81 70 5 91 83 0 80 146 21 24 184 12 118 176 159 0 4 9 62 47 133 96 77 83 42 89 54 56 218 80 24 149 80 98 87 27 117 126 6 88 132 125 53 72 81 21 163 5 98 113 45 21 40 123 0 34 7 78 64 199 157 114 0 158 30 68 112 106 73 4 74 135 18 126 6 136 48 16 178 43 90 44 24 41 47 60 15 128 103 12 107 91 59 12 48 49 145 45 101 151 92 53 42 32 86 123 57 4 156 87 25 76 85 8 77 7 39 70 25 89 78 18 152 12 108 54 199 48 50 90 64 31 58 102 75 12 66 36 58 31 56 33 2 92 5 16 131 92 38 0 22 52 12 77 48 64 30 0 78 123 24 85 36 122 56 81 123 211 153 56 71 134 110 64 98 27 48 66 93 62 42 35 0 144 73 67 68 137 0 72 74 111 106 93 50 49 0 42 78 45 96 75 72 73 30 84 28 95 39 29 156 62
0 72 0 6 16 84 0 43 139 0 38 26 10 44 0 146 0 51 0 22 53 81 0 28 40 64 16 49 84 98 0 6 10 2 98 6 70 63 0 0 35 0 99 0 88 39 14 66 73 4 157 30 67 60 54 0 89 53 80 124 12 0 30 29 24 31 74 78 81 2 14 24 74 46 59 6 116 2 0 8 16 47 97 32 122 0 63 54 4 36 8 64 52 68 0 19 15 42 18 80 44 4 24 53 138 112 18 75 30 25 81 78 70 81 18 0 21 20 87 25 93 4 0 46 72 48 0 80 154 0 25 69 136 18 9 54 40 0 0 10 49 51 45 103 47 10 45 86 81 156 29 40 4 12 0 31 178 4 54 97 48 9 56 30 41 4 31 104 81 21 76 56 16 71 75 15 90 108 47 5 142 55 142 6 45 11 135 97 32 44 15 34 22 104 24 76 18 67 30 35 55 55 0 74 45 58 66 90 55 2 9 12 67 91 72 0 10 54 79 76 25 66 177 11 8 25 75 8 2 57 106 6 83 45 10 0 94 96 0 0 0 0 65 24 146 4 61 38 0 16 65 27 74 0 0 24
52 75 0 35 66 32 0 54 73 50 15 0 74 118 120 28 0 62 0 13 57 40 75 155 0 15 62 104 13 76 0 81 98 16 13 65 43 201 95 40 126 63 0 83 0 40 46 38 86 0 148 51 24 90 0 44 104 0 0 0 8 53 92 5 0 12 9 18 111 36 38 48 24 0 101 21 0 81 54 15 47 48 77 36 106 8 56 62 189 20 75 77 40 16 84 99 0 77 87 13 20 0 36 81 47 10 78 0 35 40 182 0 91 73 15 25 25 71 48 40 52 48 0 55 175 53 31 64 138 118 0 68 72 51 20 4 0 9 59 67 49 84 2 28 126 3 23 68 92 0 12 0 35 51 18 58 2 67 66 78 43 48 0 168 127 18 5 10 0 0 63 27 0 54 82 100 0 36 7 32 3 40 75 75 39 58 0 48 48 63 30 0 33 0 14 40 40 145 47 0 14 90 4 72 77 76 105 71 50 42 46 108 4 32 63 55 175 45 104 28 143 168 38 119 14 0 34 27 39 88 12 161 2 12 0 20 0 64 0 0 101 0 0 114 36 0 8 26 14 38 105 137 159 4 32 60
101 139 39 7 27 29 86 84 71 135 45 27 82 99 49 110 177 144 0 53 34 24 20 22 61 131 90 106 70 70 30 16 68 15 112 78 82 42 16 0 114 14 83 57 0 14 39 170 4 32 112 69 69 77 72 12 45 120 78 75 40 118 96 84 41 70 70 61 67 5 97 73 72 99 0 106 33 210 24 88 11 10 60 105 166 125 67 63 144 72 33 45 139 70 33 126 86 93 217 98 91 126 12 0 57 90 56 0 64 53 201 52 115 136 85 101 96 36 139 85 24 72 47 91 8 21 25 60 75 32 18 66 76 90 68 227 45 0 18 78 15 54 115 145 174 31 12 100 19 129 73 103 45 29 45 118 45 6 232 147 72 165 54 20 65 28 12 19 128 79 121 4 168 102 114 196 106 87 103 96 30 23 69 23 33 42 73 53 76 135 50 162 62 21 36 202 179 17 165 182 45 122 36 0 115 161 143 105 40 99 92 147 123 30 10 20 176 121 217 149 70 117 30 46 74 138 102 33 105 38 115 218 66 18 45 20 143 32 58 8 14 183 114 61 111 69 212 145 80 72 125 98 130 32 48 52
71 109 50 55 69 49 80 30 103 90 13 63 5 59 36 69 40 48 75 117 30 106 47 12 51 31 96 131 59 71 151 22 9 244 0 127 120 18 14 46 27 69 54 0 46 19 15 91 0 0 0 157 61 52 109 54 32 116 48 73 63 81 51 0 54 63 12 54 28 124 32 114 128 37 39 0 6 13 92 0 35 113 21 105 102 31 47 20 130 63 0 36 63 52 157 70 50 28 63 21 84 65 60 188 33 94 6 27 58 39 25 23 96 48 0 20 57 16 75 6 93 24 89 103 32 75 24 62 97 14 42 18 33 48 64 22 46 3 59 63 116 14 121 12 72 0 48 39 42 136 6 90 104 56 18 86 21 4 0 80 68 87 34 68 60 28 28 81 34 0 95 48 15 47 45 101 24 119 32 26 46 1 133 25 31 3 64 42 0 99 56 9 118 33 24 12 15 56 46 77 100 25 45 0 56 83 63 56 20 21 155 95 0 78 7 48 35 122 22 91 60 24 42 36 78 9 61 0 105 56 3 52 96 31 36 48 8 53 131 35 42 32 25 40 72 0 6 50 74 34 60 21 54 85 54 27
7 48 60 40 16 173 96 6 81 4 78 36 31 7 101 93 3 16 24 9 36 16 20 33 9 103 6 48 8 38 96 21 18 24 48 48 55 9 27 7 91 19 0 0 24 4 8 20 70 63 83 85 34 39 19 63 7 62 24 44 24 29 42 0 47 7 0 32 35 20 53 0 0 45 27 33 32 36 16 0 36 9 17 15 30 7 53 2 27 0 96 25 76 4 27 4 0 6 51 60 47 159 0 47 131 79 18 30 45 105 89 54 52 48 42 0 82 48 42 16 40 45 15 19 0 37 12 0 71 25 0 12 25 45 71 42 9 3 114 51 62 11 0 33 56 60 126 39 44 36 6 32 0 19 143 50 24 3 43 72 90 0 0 74 64 21 65 6 0 30 27 76 1 67 9 4 9 30 0 58 30 3 96 84 81 28 37 13 6 11 3 3 0 14 14 78 45 47 29 8 20 18 14 51 123 24 13 20 48 0 15 7 85 3 16 24 8 27 0 20 22 99 68 45 28 1 30 89 57 2 0 62 63 99 0 77 48 2 63 119 123 5 32 78 0 8 30 20 93 48 4 85 24 78 39 18
106 58 0 0 70 66 13 73 151 109 81 42 87 60 40 147 91 0 127 63 0 89 90 87 30 3 37 142 16 228 142 0 56 223 44 83 16 22 143 117 40 0 63 12 8 17 6 77 34 78 0 65 85 0 107 71 76 64 79 150 117 196 162 15 63 36 65 45 36 28 42 85 182 138 73 169 42 63 30 112 84 45 0 69 42 41 90 27 127 49 89 48 92 20 86 84 0 150 0 173 48 143 53 81 104 3 34 24 102 0 72 10 78 56 32 102 0 86 195 28 80 0 140 122 117 72 53 0 81 64 91 18 66 42 106 148 92 45 223 105 60 43 189 25 51 99 132 18 117 35 16 136 93 117 126 61 93 0 60 13 15 17 12 143 97 102 49 81 58 14 117 170 46 59 131 77 60 65 182 75 52 0 114 158 182 82 184 130 9 190 35 63 181 56 24 92 74 61 66 14 14 30 58 68 35 138 104 7 32 48 36 69 135 91 15 178 2 45 9 35 27 45 126 26 15 14 42 6 0 132 93 21 99 108 99 68 45 64 81 14 95 54 0 72 80 138 70 66 32 22 81 246 45 64 50 111
36 72 72 101 69 63 36 114 86 41 89 28 53 56 36 10 129 59 27 63 10 142 24 35 68 48 0 112 56 94 131 24 25 305 43 79 93 112 0 24 5 80 215 14 28 34 0 3 12 0 138 66 28 10 9 52 28 113 84 10 136 8 68 74 0 28 62 64 78 4 77 102 18 51 30 37 9 60 78 20 114 87 85 81 62 0 48 4 147 15 44 117 91 10 28 32 0 127 16 24 36 52 63 102 65 26 305 184 0 160 54 24 47 110 24 42 34 16 26 32 29 78 97 86 31 93 72 0 61 64 0 43 0 35 115 155 72 79 12 63 0 63 37 74 52 14 76 3 90 71 12 95 87 77 76 8 20 25 82 7 109 79 140 14 77 64 0 62 82 24 99 18 129 96 89 58 26 72 22 32 81 96 233 26 23 32 16 11 77 97 0 93 72 16 39 74 141 7 81 59 46 45 0 72 21 25 30 12 39 7 61 40 92 79 88 75 117 4 12 207 112 8 37 44 122 96 56 0 24 84 0 0 63 24 8 4 0 43 88 14 50 87 63 127 9 33 137 38 48 80 5 32 11 80 117 74
60 96 54 62 107 176 159 24 12 9 44 88 92 94 103 46 102 45 35 45 30 49 120 58 106 36 28 42 108 130 20 0 56 69 60 57 119 54 0 6 46 66 6 48 42 88 16 73 152 68 214 40 66 72 40 147 0 130 25 0 36 119 36 80 18 22 38 48 0 0 72 0 42 8 27 97 12 0 72 30 18 16 137 19 51 39 40 121 0 67 98 28 51 62 38 5 54 152 39 56 54 130 92 142 101 0 51 96 24 84 6 18 123 110 0 93 66 70 0 121 54 0 15 52 27 0 0 0 106 48 66 12 14 6 126 0 56 70 0 18 114 0 27 42 42 20 87 8 21 0 12 84 59 0 60 94 59 73 32 30 12 72 41 12 20 0 54 92 0 12 27 59 34 141 16 108 32 83 63 135 54 24 122 70 0 20 22 52 93 35 113 5 6 54 60 36 80 80 24 144 0 28 16 72 0 33 24 86 141 60 14 64 42 52 40 252 6 74 111 41 54 36 32 0 91 36 82 127 94 5 124 62 142 60 39 63 217 112 16 50 94 0 249 41 42 10 92 98 74 99 4 72 57 66 54 168
98 116 94 0 62 21 18 28 48 165 63 0 32 106 57 148 56 49 66 110 49 27 0 24 45 5 40 49 16 13 60 56 50 159 35 75 45 201 38 21 111 0 68 0 0 27 0 107 36 42 63 96 108 16 165 18 76 57 9 52 40 117 102 33 77 119 14 154 80 25 4 52 175 96 55 99 0 7 36 38 20 6 5 88 44 56 29 35 93 39 43 0 98 42 0 68 0 74 172 86 88 19 10 106 100 91 28 101 72 8 42 59 145 152 13 72 35 107 99 26 28 15 69 50 144 78 50 40 36 36 0 12 111 13 108 121 129 30 110 77 54 24 64 152 65 83 38 108 39 90 12 124 109 127 69 32 88 0 48 53 57 78 22 0 32 46 32 136 60 30 57 0 59 48 95 89 99 27 109 45 136 13 63 42 41 41 32 64 40 98 1 101 92 160 20 252 151 13 24 140 68 0 10 56 27 101 141 32 64 0 53 138 48 160 52 44 60 35 1 55 28 73 93 52 114 57 63 74 19 4 16 133 151 25 72 117 10 5 74 17 33 36 105 128 141 127 98 22 34 87 157 173 15 154 8 36
32 118 49 119 38 48 88 48 85 107 36 0 56 15 148 64 105 157 64 24 0 60 0 149 3 72 18 72 103 8 58 58 47 35 10 35 14 116 119 28 98 73 37 57 63 35 105 104 28 127 89 78 80 28 31 84 0 179 49 60 4 81 30 79 42 124 0 140 112 112 35 7 100 103 84 127 26 46 44 21 100 111 81 57 268 30 70 120 141 145 89 84 68 99 12 45 56 145 51 70 56 7 50 0 84 164 203 131 45 0 57 45 76 27 61 48 43 69 40 169 71 0 89 120 111 66 41 31 81 4 101 25 71 109 47 112 24 65 78 44 9 96 0 93 83 110 44 177 32 55 27 62 11 115 50 3 46 58 98 91 78 90 0 12 98 14 40 132 32 90 183 90 78 120 116 47 56 4 87 90 75 64 152 76 89 63 0 72 54 119 38 104 38 72 183 105 19 28 92 61 38 24 0 205 0 54 21 95 53 0 82 146 165 111 113 3 82 45 149 57 52 72 42 61 0 95 41 12 58 44 90 225 83 2 65 148 74 86 84 35 0 153 15 75 12 16 69 148 56 89 113 221 148 76 80 90
60 12 42 8 72 99 268 78 54 41 16 28 72 114 44 128 66 55 135 24 15 85 107 32 38 151 26 156 26 24 18 18 144 90 110 40 199 192 24 48 36 64 102 0 42 115 6 61 51 0 125 12 112 60 34 85 97 137 178 19 92 18 86 17 109 36 75 30 65 112 72 57 24 22 42 141 55 32 58 100 211 57 103 99 71 136 32 20 61 69 78 62 0 0 163 81 60 147 66 72 198 200 28 36 198 63 39 88 0 14 48 135 171 63 44 51 113 5 39 30 62 16 0 72 52 50 25 6 202 32 0 6 102 19 56 72 161 51 61 99 194 44 131 163 88 0 6 36 0 64 48 48 136 42 98 84 64 72 18 9 132 0 150 18 27 38 46 37 72 51 72 24 52 146 16 75 106 21 63 95 36 89 58 32 58 54 138 100 90 32 84 48 32 72 41 76 214 57 146 159 129 54 96 87 110 64 23 79 228 100 54 109 9 0 82 91 51 95 84 198 76 79 22 71 111 41 0 1 116 20 0 81 4 99 0 32 212 92 42 59 79 96 30 192 12 64 0 80 36 108 93 177 0 162 78 215
32 53 9 19 80 12 81 109 158 6 96 0 88 103 68 118 0 80 120 7 50 39 12 90 70 87 119 119 39 99 16 10 128 38 123 72 84 131 5 31 109 29 91 82 11 14 35 111 3 33 71 82 16 33 0 72 62 80 130 134 0 28 20 164 45 27 0 54 229 10 46 40 101 30 28 89 30 20 26 7 107 35 36 19 97 72 7 115 24 16 200 64 15 59 124 82 0 57 193 23 88 93 67 10 132 98 75 46 0 67 42 83 91 42 30 35 68 73 75 102 58 0 0 36 20 14 30 0 160 33 10 50 11 96 40 65 80 44 80 61 83 77 17 121 80 63 60 76 34 45 35 16 56 52 24 22 48 9 72 44 26 113 122 75 4 26 54 22 0 0 51 86 40 133 0 50 14 65 24 84 6 129 93 0 109 10 80 68 25 90 39 68 76 46 89 81 93 66 38 116 27 20 31 92 145 36 45 63 125 79 36 121 94 0 35 46 83 12 41 86 48 119 85 37 30 49 37 54 87 77 7 92 63 0 45 96 37 133 36 51 38 119 136 54 49 13 144 49 32 4 79 149 98 20 57 49
134 43 23 27 96 7 110 25 32 13 113 54 196 48 187 211 98 66 69 16 31 52 20 93 105 67 96 132 62 19 0 1 0 20 51 5 48 48 194 9 66 0 58 14 54 2 64 61 59 78 80 36 50 36 23 139 185 20 0 78 99 51 48 102 18 132 29 30 2 70 38 46 131 36 7 82 102 56 0 65 40 104 50 55 137 97 130 68 16 60 115 116 70 22 140 57 80 87 16 10 105 17 42 42 122 28 152 96 0 26 99 0 103 100 103 81 111 7 126 1 25 0 102 29 52 163 15 5 206 5 12 12 21 31 38 112 50 67 109 42 61 2 63 130 76 94 64 22 54 165 70 68 153 127 199 4 26 78 44 6 0 4 0 82 108 48 76 4 72 12 254 0 90 74 137 125 64 69 37 16 38 153 37 55 5 27 73 158 44 9 79 64 37 137 22 48 81 64 87 106 87 24 177 98 57 27 36 0 54 140 146 130 218 4 69 138 44 1 58 25 47 84 62 4 42 100 5 56 181 0 60 175 24 62 45 63 45 54 91 35 8 68 122 90 48 111 180 128 75 22 144 80 122 6 106 66
88 8 55 27 0 69 0 160 142 3 154 39 81 93 70 177 68 81 88 0 0 30 29 84 25 75 110 24 0 123 56 4 18 172 129 144 121 79 5 84 68 28 44 0 0 33 52 70 169 48 90 36 206 102 85 102 81 78 48 3 121 95 62 62 62 169 67 67 103 56 70 186 140 83 38 145 159 120 76 96 47 2 31 108 204 66 76 48 97 48 70 63 145 107 66 56 47 83 7 56 106 54 32 197 45 98 209 157 119 110 166 38 20 15 64 104 0 146 125 190 13 124 122 66 103 113 34 138 78 54 0 94 125 82 55 204 149 63 171 72 25 76 145 53 170 39 70 40 83 196 35 58 55 126 39 74 63 131 90 72 175 73 24 65 134 63 63 76 23 76 91 94 80 40 208 24 66 194 149 29 113 72 214 6 66 72 0 0 78 188 60 77 20 36 89 52 0 21 85 79 63 2 10 37 74 32 67 90 119 32 32 83 166 171 82 126 63 53 45 239 109 102 73 68 150 53 14 98 6 147 92 100 58 73 126 112 66 0 84 0 101 104 0 135 12 9 147 51 31 96 114 45 37 121 101 61
4 42 42 100 24 46 120 9 69 170 76 69 69 8 159 13 99 160 0 81 0 2 50 84 58 34 57 142 72 104 42 30 125 159 29 196 12 50 36 4 62 33 127 40 0 55 2 93 21 10 53 117 98 12 0 147 38 150 6 0 105 66 99 9 74 14 30 36 36 112 81 122 104 24 24 15 0 63 20 49 124 91 19 81 26 1 54 14 177 99 72 4 56 69 72 120 45 159 8 156 48 62 72 90 7 97 121 140 18 61 51 96 29 114 21 56 40 74 0 47 72 12 4 14 74 75 28 75 99 19 58 22 18 87 113 197 51 32 84 42 21 45 45 41 142 112 57 74 42 129 0 89 88 39 42 99 6 61 72 99 19 83 24 56 109 20 48 0 72 18 99 126 81 144 20 93 18 54 49 73 36 34 139 8 69 6 21 8 127 26 72 175 31 36 51 42 113 33 83 78 97 9 0 0 0 170 0 73 111 20 15 102 6 4 1 54 62 27 39 135 6 77 92 0 66 98 12 8 0 47 48 91 43 156 52 126 154 101 69 16 42 168 76 76 16 36 61 68 106 0 14 158 94 12 16 42
42 109 38 16 123 64 84 43 89 21 9 0 112 65 34 150 158 129 115 62 35 30 87 14 64 69 23 0 65 131 24 0 42 28 13 132 12 81 94 0 11 5 103 42 12 32 64 45 165 120 98 0 70 21 30 135 7 99 40 134 127 28 128 70 70 35 1 87 22 14 0 56 77 99 18 4 35 167 0 119 18 132 42 18 149 6 57 40 35 113 44 76 21 80 0 167 51 185 94 217 0 63 15 79 36 58 133 32 113 30 161 20 30 140 81 64 56 176 60 156 45 99 51 204 9 49 21 64 70 17 85 154 1 54 37 332 136 56 45 0 0 80 47 26 191 43 28 28 63 194 108 97 81 116 0 157 62 24 67 19 70 19 2 22 75 0 21 0 96 92 113 47 90 51 120 109 49 107 217 84 18 30 58 0 58 59 112 83 64 59 29 120 55 80 10 113 65 22 69 100 54 35 15 0 0 60 58 112 0 78 28 91 122 78 11 68 12 24 78 54 82 100 112 27 22 79 39 12 8 42 215 86 65 57 41 18 58 32 105 0 3 195 48 165 28 40 86 165 109 26 12 103 117 10 30 162
67 32 76 43 16 60 189 31 83 68 34 8 64 0 42 72 21 89 98 111 8 0 108 45 15 9 116 127 40 24 68 0 74 83 24 143 52 39 32 9 38 89 45 3 8 49 42 110 24 37 35 62 56 87 75 15 101 142 42 30 12 67 141 33 20 13 0 24 14 0 54 0 93 16 0 113 69 78 17 36 76 81 70 26 46 117 0 3 8 61 6 50 56 67 16 84 7 5 61 1 24 74 20 124 32 21 75 30 105 32 78 0 97 76 30 19 120 10 122 111 19 72 78 80 17 48 8 79 15 54 80 39 7 14 18 0 96 0 60 32 11 105 3 154 135 61 28 44 6 65 8 48 66 45 76 211 41 70 45 0 116 42 54 36 55 0 30 12 35 0 131 88 24 24 48 0 131 85 0 48 79 133 50 91 0 145 75 24 12 33 71 17 72 28 92 36 114 161 6 40 48 29 38 18 35 11 40 0 96 120 30 75 12 126 22 54 89 72 30 24 72 10 39 0 20 6 70 135 74 150 86 60 21 89 55 67 0 48 86 0 32 53 6 55 34 5 29 3 0 101 6 75 89 38 98 2
4 130 0 3 16 66 92 39 97 61 73 0 127 16 127 14 58 131 52 0 117 0 0 56 24 32 10 145 49 60 42 80 89 32 8 56 21 55 36 14 65 0 86 78 0 15 70 98 64 51 87 116 55 54 18 37 31 62 24 148 14 42 45 9 0 80 14 0 72 56 6 45 96 12 89 0 52 16 64 0 0 61 97 62 145 0 4 61 37 28 155 108 46 26 69 60 23 18 126 63 21 48 40 92 8 19 64 65 34 0 18 0 8 28 24 54 12 17 40 49 60 72 16 56 35 20 38 0 14 0 48 16 68 0 84 0 74 21 94 63 0 49 73 40 116 54 54 69 16 51 72 48 125 0 0 80 101 8 84 96 72 56 44 0 14 2 7 44 17 0 61 121 32 101 28 43 95 56 64 88 94 25 36 0 145 31 24 32 0 38 0 61 64 0 49 24 16 111 14 6 86 18 16 92 2 133 0 21 53 96 4 72 42 28 28 161 39 135 8 10 49 24 24 38 0 18 24 92 133 36 24 32 38 121 30 18 163 171 24 33 0 78 65 10 68 0 9 0 60 36 0 107 112 0 57 0
56 25 0 0 12 105 56 22 7 0 28 65 6 62 0 128 0 0 0 27 1 49 30 29 55 49 0 35 24 12 24 0 5 56 27 8 47 0 0 42 0 32 71 0 64 5 0 0 34 0 69 28 74 74 7 24 82 81 10 0 80 0 141 5 14 41 30 32 36 26 0 15 0 69 0 38 98 63 0 78 45 9 25 81 20 49 0 16 15 20 29 0 7 30 45 8 98 35 68 0 74 18 0 117 55 56 0 104 38 39 11 99 30 72 0 0 8 15 18 8 24 0 50 50 14 12 0 2 86 28 80 100 76 28 0 14 0 0 38 14 54 48 40 45 122 19 22 40 45 20 32 64 35 0 8 24 30 0 62 24 20 5 0 58 0 0 10 0 15 87 68 16 4 40 39 79 90 140 35 79 78 74 130 0 32 0 35 76 115 0 48 44 16 80 22 40 16 41 159 122 32 10 15 60 0 97 28 0 12 0 53 46 16 0 47 2 4 42 55 0 8 109 36 26 10 78 68 0 72 32 84 25 24 96 0 0 121 64 50 33 6 67 0 38 71 16 15 71 18 0 63 86 103 66 0 0
85 0 35 19 44 16 99 28 7 45 59 9 18 85 102 83 88 66 0 113 3 16 3 30 0 41 36 0 69 70 15 18 81 82 59 85 71 86 50 46 0 6 7 16 8 40 0 90 60 0 33 0 103 0 0 121 6 10 0 15 20 0 54 35 6 58 53 14 99 73 12 93 89 20 9 43 21 56 0 21 21 83 20 7 54 4 5 76 26 18 81 33 0 61 144 111 10 165 12 45 61 43 0 0 40 6 47 98 46 4 9 0 69 18 0 53 30 70 0 2 3 0 6 12 55 169 60 141 90 26 54 8 35 103 40 49 8 29 8 61 0 0 41 5 3 15 40 66 15 9 0 9 32 0 20 1 70 54 9 117 36 0 0 130 129 0 6 12 118 0 0 34 78 6 95 12 0 118 0 27 127 24 106 16 24 0 63 30 12 12 64 72 30 6 53 0 91 41 109 10 12 12 68 4 30 93 20 27 59 0 94 36 28 32 8 18 14 6 99 132 106 36 51 95 26 0 10 11 20 27 54 16 16 76 21 36 63 12 11 0 148 72 36 41 0 32 25 89 52 0 100 0 45 15 49 72
14 72 79 24 80 39 62 4 62 11 4 35 85 36 78 17 67 6 0 65 102 0 2 42 27 0 26 42 61 9 28 18 72 0 45 16 45 149 64 8 31 5 54 0 0 8 137 85 8 5 171 38 21 36 10 76 0 68 24 106 40 26 15 41 0 72 0 4 62 16 0 0 12 153 121 35 0 164 0 17 47 3 126 37 87 104 0 45 6 0 0 0 28 20 36 53 54 35 135 62 8 99 35 40 28 27 0 0 32 27 9 0 131 120 39 79 8 9 20 36 9 0 14 130 80 0 0 0 42 36 0 10 18 36 65 18 45 31 48 45 48 96 40 161 117 64 34 125 0 145 0 24 86 77 44 43 18 25 6 0 60 35 0 0 12 36 22 12 0 0 69 0 54 54 4 72 72 1 56 94 12 96 21 0 9 89 36 20 0 61 7 108 79 0 53 81 97 53 0 61 43 70 81 57 0 37 0 40 5 80 40 108 35 0 79 154 127 36 180 0 0 35 1 69 105 194 53 23 44 57 45 175 9 45 45 32 26 0 21 5 50 12 225 54 0 38 100 46 28 72 107 88 48 93 5 2
123 62 36 42 27 38 70 7 45 0 63 35 90 88 63 78 0 21 0 0 36 16 9 10 0 18 0 56 39 12 18 32 0 12 2 35 63 0 0 36 92 0 15 0 86 75 0 97 47 14 24 0 138 24 0 24 12 52 0 0 66 81 74 78 63 170 8 6 0 0 39 0 75 18 23 28 27 104 0 96 41 0 0 19 93 45 72 37 81 0 48 24 0 40 37 24 56 5 171 3 58 12 12 43 26 141 0 63 0 48 112 14 24 52 6 52 30 24 108 48 31 64 30 65 14 0 36 0 32 0 15 27 124 18 28 2 2 63 14 14 33 0 151 41 0 21 0 71 57 64 0 129 0 12 162 36 38 25 54 23 127 111 58 45 41 0 0 45 12 87 117 36 24 18 46 0 163 72 40 32 45 0 117 27 14 20 91 78 49 50 23 0 21 16 54 55 48 44 123 76 0 9 0 35 36 38 107 65 80 5 20 66 54 42 39 20 54 0 60 98 0 62 42 15 127 9 15 6 86 51 25 14 20 63 0 36 67 24 54 44 24 121 32 147 69 81 0 83 0 94 54 38 63 75 63 0
0 133 36 64 9 138 30 34 0 0 30 36 113 48 30 98 14 38 48 24 2 48 48 49 6 0 18 27 12 48 27 0 18 88 0 81 0 36 0 80 30 0 45 54 144 79 12 6 68 57 100 18 27 72 0 21 0 104 0 6 48 63 108 0 36 0 87 0 48 36 25 10 0 8 0 27 34 0 28 0 21 0 18 34 4 27 36 30 81 0 42 18 0 18 72 27 63 66 64 33 170 48 27 21 68 64 93 35 69 33 0 0 186 69 43 0 48 102 18 140 25 46 0 30 21 18 7 0 118 12 72 0 30 2 90 60 6 0 63 0 108 66 81 48 45 63 102 0 72 82 26 0 7 12 15 54 167 0 48 3 63 46 18 0 0 87 24 101 55 22 63 9 45 10 175 74 24 24 81 0 0 66 63 3 18 109 110 0 30 0 0 87 9 12 28 46 83 71 40 105 18 0 107 81 83 40 55 24 72 54 8 6 10 87 171 40 111 30 0 25 81 47 48 24 44 80 56 2 6 0 48 7 0 56 0 18 16 48 63 64 16 38 0 0 9 56 42 30 0 86 6 219 10 36 42 185
18 73 71 71 60 0 49 42 0 50 29 100 105 63 88 80 99 40 28 50 78 56 101 48 48 5 108 43 46 82 64 4 79 124 149 108 17 100 0 60 41 24 49 10 0 40 38 96 81 42 0 40 82 54 82 121 35 91 40 117 51 191 118 61 75 87 117 38 31 95 28 61 184 28 0 189 27 63 27 4 48 80 61 49 78 76 5 156 72 0 94 60 159 129 92 24 53 156 31 59 46 134 120 226 98 35 10 62 55 44 0 52 121 47 113 29 78 56 30 64 0 68 72 15 20 41 91 100 4 131 100 14 75 81 215 136 36 44 102 0 121 27 82 68 32 180 43 53 131 101 12 3 62 117 138 9 0 97 24 88 58 44 101 52 41 181 35 0 36 46 20 32 0 55 205 14 26 32 151 45 18 14 65 66 64 0 9 97 0 48 42 35 100 82 114 17 22 81 54 8 45 30 83 164 31 56 62 65 107 120 15 32 141 4 56 145 15 4 20 0 18 24 20 71 147 25 147 15 151 86 114 146 36 16 43 18 6 56 8 83 58 119 155 97 64 43 140 59 113 60 40 165 12 103 51 43
45 24 40 12 5 102 34 63 45 86 81 6 120 74 100 43 62 0 53 83 85 56 0 40 34 71 18 126 0 5 34 34 0 40 5 48 44 96 16 0 12 14 144 0 36 8 64 59 4 76 0 48 40 0 94 0 44 0 4 67 56 32 32 30 0 32 58 0 44 42 9 66 116 21 22 3 0 1 130 0 5 19 64 28 24 74 0 18 0 40 0 3 40 72 12 8 97 98 97 4 0 50 28 85 64 39 0 124 56 11 26 0 23 74 1 120 0 64 6 54 35 0 16 28 28 36 16 36 36 0 64 34 10 56 143 72 32 0 36 5 66 0 0 118 58 54 27 48 4 0 40 12 135 64 0 56 140 6 7 0 93 66 0 0 8 2 0 12 10 12 18 0 8 0 0 0 8 74 0 64 161 8 45 57 23 36 42 32 48 24 0 65 85 68 0 73 11 40 49 3 12 42 0 22 5 40 0 0 67 72 60 112 9 47 27 42 51 0 54 0 12 64 100 0 6 31 5 116 145 15 0 73 41 118 21 56 9 4 70 10 16 41 8 40 45 16 16 72 24 34 73 104 8 78 143 0
2 40 14 27 55 84 42 18 50 21 95 70 28 8 95 78 16 46 8 45 0 0 60 15 12 44 36 48 0 24 34 28 24 112 26 85 66 0 40 87 0 8 34 0 32 28 91 67 53 0 8 70 69 24 80 38 0 37 21 12 133 40 83 48 12 44 30 99 16 8 8 0 62 26 39 82 67 25 15 16 69 120 192 12 78 12 3 15 38 111 30 16 0 93 74 82 71 16 73 60 110 36 0 54 0 91 79 259 66 0 129 36 8 163 27 39 32 96 54 32 72 91 16 105 0 32 28 27 65 0 24 97 0 0 24 130 58 0 21 0 0 17 51 59 109 141 36 14 56 142 91 104 107 63 48 49 70 0 32 59 24 33 43 50 118 28 112 50 81 85 3 65 64 0 38 40 50 29 167 90 100 43 167 0 12 54 0 24 42 17 63 50 46 90 34 0 117 20 12 0 56 0 72 0 0 58 34 112 0 24 68 90 79 85 67 126 0 24 8 8 74 0 38 18 0 0 56 54 8 46 72 6 131 52 0 24 115 57 20 0 56 50 20 8 68 18 16 35 36 73 14 48 112 12 84 0
9 70 56 45 18 51 88 36 18 4 0 26 117 4 43 8 30 0 0 48 10 57 19 115 81 2 4 40 0 43 63 74 28 4 14 99 208 88 72 94 28 56 15 0 64 88 0 14 96 72 30 77 92 0 5 0 15 47 65 72 0 57 56 10 19 99 8 21 0 8 0 0 79 36 0 97 63 0 104 17 7 24 57 81 63 3 0 6 40 27 86 14 63 78 4 0 0 10 27 72 44 18 71 184 71 0 31 33 24 4 128 0 10 6 54 42 96 89 35 93 0 21 61 66 0 63 18 18 12 0 0 0 143 55 46 32 0 0 144 43 0 0 89 78 48 51 27 44 24 0 97 7 48 63 18 0 132 118 36 131 35 60 12 20 84 0 74 0 8 0 134 84 31 44 123 16 0 81 35 71 129 32 98 0 15 0 81 48 27 12 29 27 77 99 65 17 64 42 9 154 0 63 70 113 72 116 0 61 13 21 88 0 66 21 0 110 54 81 60 15 0 101 117 120 82 11 73 98 73 85 40 36 83 81 54 24 23 71 78 9 99 15 36 0 36 64 0 71 75 6 30 59 99 0 55 6
125 42 48 36 14 121 83 207 33 181 110 72 62 129 41 57 103 114 69 21 81 45 117 69 0 0 34 170 97 98 217 6 81 86 143 49 27 52 0 32 27 50 72 56 39 132 24 0 101 36 49 72 70 137 200 106 38 49 96 149 101 161 116 143 42 15 12 18 32 22 27 154 85 15 99 52 7 83 36 103 98 41 49 34 212 35 59 97 0 65 85 118 5 43 95 15 153 32 154 7 21 56 48 61 198 44 31 99 92 114 64 6 24 98 35 28 24 96 18 96 151 24 99 18 46 21 29 45 86 0 88 22 36 94 96 80 17 27 7 54 21 9 202 0 39 103 197 65 49 28 42 45 11 54 30 78 48 18 4 61 28 10 14 63 31 72 87 92 84 15 108 24 13 239 16 53 90 105 76 75 36 94 92 52 72 29 19 48 44 45 85 12 0 97 45 9 66 143 167 84 56 110 18 18 54 28 28 84 74 29 111 128 42 18 56 201 30 9 27 52 81 146 96 21 39 82 21 75 147 21 22 121 92 63 14 0 79 71 95 77 28 156 80 97 37 17 30 117 122 102 84 0 40 36 114 65
21 77 106 0 33 16 91 96 86 36 116 73 119 29 52 53 100 60 2 72 30 0 98 93 31 103 14 132 36 121 48 3 94 87 56 98 129 161 48 82 149 34 40 133 93 80 7 84 39 8 7 0 113 32 0 95 12 8 16 79 145 235 74 136 61 146 106 4 150 125 56 93 47 13 24 105 75 68 42 91 78 16 8 27 74 150 0 126 139 130 262 4 37 122 147 12 52 117 190 113 70 80 28 0 72 100 107 112 140 102 129 0 95 24 31 216 123 15 77 30 26 12 65 22 68 0 142 36 90 57 72 78 10 99 40 27 103 26 92 52 30 66 153 14 61 64 66 15 186 0 75 100 2 85 46 75 108 62 140 12 53 91 12 63 103 40 46 20 6 53 126 54 20 67 107 0 21 24 109 60 0 2 14 39 102 70 0 28 78 75 103 130 125 175 68 43 174 53 136 0 31 16 44 136 80 97 9 65 86 41 2 259 10 48 56 149 33 31 59 111 133 47 54 84 60 67 44 53 90 96 78 80 32 39 63 40 31 120 54 91 56 75 111 108 140 121 94 123 136 3 190 163 97 62 62 7
128 39 49 0 60 52 57 31 0 161 40 0 73 108 8 74 110 109 28 0 20 0 7 38 36 72 40 39 0 116 0 0 82 75 0 163 30 24 16 0 54 49 24 0 18 0 15 72 16 0 16 46 15 9 6 0 48 28 8 56 15 9 112 28 12 54 0 119 90 13 82 25 56 30 21 45 15 4 12 30 0 87 28 59 10 7 15 48 81 95 33 0 63 69 103 5 83 91 103 166 83 7 0 9 13 49 68 3 24 7 12 69 28 164 25 0 82 85 67 53 7 37 7 32 17 0 0 42 13 9 15 6 50 5 64 164 54 0 0 34 0 9 63 0 14 49 7 88 14 28 35 49 103 0 63 72 14 28 123 35 24 49 30 136 93 0 0 44 0 15 49 53 0 14 38 125 7 54 94 40 47 27 109 40 42 0 49 35 53 47 15 18 13 7 0 96 63 24 126 76 16 42 0 28 53 50 86 49 42 0 79 96 0 21 5 8 121 4 36 88 64 9 15 64 56 14 68 11 25 6 28 148 56 69 7 0 57 39 54 45 40 65 0 9 83 4 62 39 42 35 105 63 183 2 40 0
13 111 93 15 108 103 162 66 46 6 25 128 0 82 147 49 21 42 77 49 23 20 105 92 77 5 84 91 52 104 26 0 28 72 61 25 48 72 12 36 53 56 63 7 49 78 66 65 12 0 30 24 88 64 27 183 4 109 86 41 179 0 48 8 18 53 8 53 41 72 46 33 47 64 56 76 23 58 68 70 104 56 127 49 37 14 14 7 112 150 27 54 0 68 148 28 48 12 75 63 70 63 32 90 0 54 35 97 60 4 0 53 71 94 74 63 66 16 20 40 2 12 56 140 36 23 10 0 164 32 15 5 19 3 30 110 38 0 41 23 25 10 95 57 10 53 36 0 63 5 21 25 75 12 18 92 30 13 99 0 18 53 26 23 68 34 39 9 31 81 131 127 8 59 88 27 13 7 72 56 0 23 127 0 20 43 22 14 171 48 66 87 93 1 54 6 23 54 80 88 94 17 25 0 48 102 58 141 67 111 41 90 48 55 11 18 65 101 43 75 33 103 53 12 108 20 73 20 115 37 71 57 57 16 10 101 41 87 99 12 8 90 0 12 30 100 40 118 14 82 50 33 66 58 12 18
6 99 56 30 115 27 86 5 0 72 51 7 16 76 75 57 73 130 30 16 13 12 0 162 60 40 24 89 8 32 20 7 40 87 40 40 0 28 0 45 54 0 0 88 60 138 13 58 27 0 54 48 9 68 128 73 16 80 89 44 54 0 26 24 15 8 28 48 28 8 10 134 8 11 9 56 49 67 32 22 0 20 64 0 56 8 30 27 121 27 12 28 98 0 36 75 49 71 59 162 169 14 12 0 102 4 163 117 133 0 94 114 78 43 45 52 115 16 45 91 7 62 21 15 57 0 47 0 10 0 27 50 74 61 71 173 18 67 46 44 7 0 48 113 60 58 6 45 24 125 74 56 52 0 110 75 54 0 142 64 57 132 167 43 16 42 37 32 59 57 91 39 15 0 73 99 77 7 64 8 32 16 54 83 36 20 4 59 30 15 46 56 40 51 131 108 15 23 98 175 0 10 59 0 16 40 90 145 42 131 32 20 99 157 42 5 30 18 0 60 20 75 21 36 35 34 70 65 27 81 0 105 0 69 33 0 72 81 63 28 76 103 5 55 41 112 3 65 16 35 69 108 81 26 171 168
129 92 0 0 56 35 12 64 0 2 66 0 24 86 81 126 28 0 0 35 30 80 13 68 156 18 136 8 44 104 0 8 16 28 4 21 26 45 44 38 71 56 92 80 78 6 77 100 119 28 16 8 68 98 64 0 45 86 18 44 82 63 54 41 0 0 28 70 78 120 20 0 80 54 49 121 120 28 53 42 49 42 49 6 111 4 129 80 24 48 110 53 21 120 0 43 49 54 86 90 88 65 0 111 32 4 130 52 64 30 110 63 38 76 100 62 116 18 63 40 68 18 48 19 18 7 16 79 109 16 14 97 94 101 18 86 37 9 0 64 63 70 28 111 63 15 33 54 61 145 58 38 58 65 30 66 55 70 89 147 20 31 56 67 46 0 82 0 48 56 55 32 65 42 49 7 0 130 169 73 58 87 18 60 14 34 37 95 0 4 85 84 10 100 39 6 57 34 0 2 30 52 53 54 22 38 20 82 52 7 26 41 69 0 0 36 0 9 114 121 27 6 103 54 36 35 0 54 52 3 26 134 49 68 92 75 123 14 24 21 0 121 27 24 25 38 86 104 100 0 201 38 59 0 63 28
15 54 55 40 64 110 89 35 144 33 132 79 78 39 138 89 96 60 21 42 27 24 37 43 0 123 57 32 97 136 48 8 80 0 8 174 173 263 6 89 125 44 62 0 30 105 40 118 88 25 81 106 30 67 81 193 9 108 68 271 99 88 79 27 39 45 85 58 100 93 176 57 40 9 127 92 29 27 45 9 0 80 61 21 27 91 72 108 156 126 86 44 0 137 145 2 40 100 98 163 46 149 21 0 52 143 68 48 24 106 83 8 150 66 64 6 141 77 0 41 42 40 10 36 59 24 40 0 119 38 10 41 12 134 150 0 84 17 89 92 60 0 87 65 107 73 70 81 79 0 0 48 55 59 174 154 121 5 119 44 66 142 138 122 126 93 70 20 0 15 49 210 57 177 44 56 26 36 10 62 1 60 210 15 121 9 72 58 143 0 88 42 74 6 84 45 56 78 2 69 20 8 24 36 8 100 16 133 105 0 34 59 1 45 3 64 1 197 8 0 0 106 256 63 49 8 90 117 72 35 48 15 55 135 32 88 92 116 105 35 117 31 0 155 0 0 91 93 82 40 118 104 59 36 36 6
73 0 115 54 20 139 98 123 0 9 52 14 162 0 81 28 39 14 0 62 75 50 68 34 54 38 48 20 22 68 34 2 1 0 165 72 36 46 12 30 15 40 60 0 0 60 99 63 24 9 38 103 12 77 27 18 29 49 43 200 130 92 132 90 18 86 57 56 32 0 8 54 21 45 20 160 4 63 0 85 28 48 217 29 0 32 59 24 51 0 60 107 126 59 42 50 48 0 125 24 102 183 0 64 32 0 0 8 56 33 69 4 98 57 60 38 36 0 50 26 11 18 59 0 8 30 56 45 196 70 17 23 24 60 128 56 120 28 147 8 91 31 30 101 22 112 28 16 70 68 54 12 7 152 17 118 36 9 20 97 46 129 35 12 0 32 71 0 36 10 71 28 62 38 63 0 36 138 47 86 24 67 56 70 6 8 156 36 62 0 99 18 85 30 40 0 54 154 24 16 40 47 0 19 71 30 36 50 52 123 0 8 66 42 37 122 20 163 19 0 39 98 111 51 58 9 75 92 119 21 55 18 10 63 48 16 25 88 37 85 67 26 70 104 76 18 138 95 176 53 29 101 0 152 45 7
52 75 42 97 43 120 0 75 110 52 96 0 50 213 10 109 27 28 92 0 13 0 0 0 15 115 56 40 44 79 60 0 135 135 0 0 13 181 8 0 119 36 48 76 0 52 20 97 92 64 64 26 28 0 4 20 0 216 81 165 136 0 82 117 112 28 33 77 253 40 18 52 26 8 63 54 37 65 22 2 3 59 35 55 78 168 44 154 131 63 106 87 56 49 87 12 57 43 106 25 45 141 46 18 109 61 74 42 94 43 50 50 106 65 55 33 108 73 18 119 6 46 4 78 56 64 7 60 61 134 62 28 19 85 37 98 42 90 18 101 5 44 8 48 5 6 22 16 18 12 21 0 63 3 99 84 0 0 127 64 22 0 58 8 82 10 0 108 32 41 33 84 56 62 102 120 42 138 18 24 32 84 121 40 116 20 40 29 142 86 36 0 31 80 63 92 69 11 228 89 0 18 18 114 33 69 27 88 25 110 52 101 63 83 58 71 48 77 69 78 187 109 2 55 3 46 0 71 80 62 207 58 155 30 17 18 33 56 32 5 9 168 0 85 2 72 196 78 1 21 66 0 100 45 42 132
84 36 8 48 57 6 17 6 71 66 61 0 44 70 72 64 85 64 9 63 57 83 0 82 30 67 157 3 34 88 106 18 27 7 6 151 72 38 68 23 0 0 10 80 70 50 4 0 31 18 19 0 32 62 20 0 6 56 0 60 92 0 156 24 36 13 90 72 78 187 23 95 32 0 54 105 30 12 138 0 108 24 24 50 82 99 42 16 8 26 7 72 29 149 50 12 72 62 132 75 0 18 45 88 74 9 12 46 125 43 29 0 88 163 93 88 51 108 40 78 39 122 96 120 72 2 93 9 0 72 177 2 21 99 47 181 94 36 18 0 0 98 27 27 35 15 77 117 38 81 58 49 177 17 87 50 6 24 31 0 14 0 69 60 57 0 40 15 24 32 12 0 102 0 39 120 9 63 135 72 134 42 50 49 8 12 39 30 38 21 16 59 118 40 12 63 0 54 101 9 99 62 27 18 0 124 81 0 66 0 68 8 64 27 2 21 49 54 78 129 90 0 45 76 112 0 21 7 90 59 7 109 0 118 44 16 57 0 107 0 30 81 12 0 0 9 36 8 47 61 160 69 68 113 81 2
222 236 28 102 52 90 75 149 176 116 93 12 61 135 96 229 45 154 95 1 90 24 19 52 52 138 41 163 54 98 61 23 16 28 45 43 156 106 8 95 141 153 129 0 86 56 22 116 99 45 105 85 110 127 14 39 76 99 36 227 83 15 120 39 78 49 81 77 132 35 160 60 41 105 15 110 115 32 197 1 42 54 52 15 144 55 21 89 185 89 60 71 64 48 95 83 212 55 317 149 155 150 82 268 164 307 86 7 56 131 158 39 38 143 60 29 214 45 116 73 75 55 57 122 5 78 20 113 26 26 105 96 72 42 82 138 40 14 156 67 70 56 29 75 52 15 114 100 109 78 35 157 74 42 149 130 133 45 153 130 192 12 8 158 67 32 25 63 30 30 29 20 12 104 180 4 129 128 127 60 132 63 30 139 233 74 70 150 5 71 20 101 161 70 59 150 105 90 69 131 2 57 57 50 45 59 27 14 54 63 104 148 247 27 71 62 90 54 165 60 81 138 60 43 91 21 29 67 25 71 76 140 49 230 52 91 137 82 59 27 38 112 0 150 71 155 88 150 12 35 112 134 105 55 123 103
78 73 48 127 173 90 57 40 62 104 136 45 37 37 147 73 142 95 117 49 51 18 108 114 54 105 46 101 72 227 76 0 103 13 84 97 143 48 2 55 140 43 56 23 103 44 77 97 28 23 89 96 151 109 16 40 42 98 131 131 57 130 34 45 133 235 66 20 5 36 49 124 69 78 55 19 78 168 38 44 21 87 41 96 175 69 54 90 88 123 147 48 81 62 67 12 76 91 47 187 79 81 21 114 145 171 96 94 55 49 73 142 42 146 89 131 82 66 98 157 80 50 119 26 0 63 40 98 32 7 28 6 133 15 97 111 109 31 106 39 61 91 77 122 140 38 133 43 102 85 85 95 139 31 62 96 97 36 141 37 140 94 67 67 151 64 35 106 6 41 191 194 95 82 40 65 79 106 98 51 45 24 159 56 37 97 68 85 73 80 104 87 71 14 60 23 52 70 61 56 50 20 88 62 81 121 0 71 131 63 37 69 121 36 53 145 56 32 8 84 63 72 6 26 91 27 31 89 61 120 127 179 65 71 45 80 151 128 99 87 0 52 123 39 51 56 51 18 88 86 6 73 47 82 66 62
24 77 12 69 72 26 18 47 82 32 28 68 67 71 46 63 188 62 30 6 25 0 6 36 18 0 42 156 15 117 50 20 33 43 2 95 49 42 84 87 75 106 20 36 20 45 76 84 27 21 52 63 82 26 62 8 0 120 14 187 203 98 57 49 99 71 24 0 76 168 49 32 70 45 27 23 80 99 58 103 96 81 54 20 76 98 47 92 177 125 195 18 155 0 138 14 0 120 48 34 0 66 63 108 50 35 39 29 75 0 51 0 18 38 50 115 44 35 54 35 38 26 93 39 54 48 48 18 48 32 79 40 68 60 0 6 62 70 68 24 99 30 113 90 10 0 58 67 129 0 142 33 70 50 131 76 78 0 54 3 70 76 36 126 83 14 16 89 20 81 36 24 64 53 40 102 85 25 34 36 35 8 77 98 48 50 10 51 15 97 45 42 122 2 140 12 69 3 174 153 32 56 27 66 0 117 105 94 0 15 64 83 79 12 81 151 20 62 29 102 105 49 30 50 36 0 39 46 83 128 76 0 0 46 10 18 98 90 36 0 61 97 117 57 28 76 53 72 25 66 124 34 82 65 123 114
74 36 42 96 243 73 119 69 0 92 70 0 18 103 96 102 51 66 16 49 20 55 95 7 148 25 66 37 14 109 90 54 0 28 156 15 158 46 0 15 61 0 95 0 81 110 71 87 63 0 9 153 0 119 14 48 0 181 54 48 119 70 136 72 41 0 18 109 5 8 52 57 73 57 44 52 18 63 50 0 64 86 83 48 99 87 102 0 46 130 180 101 30 0 63 122 36 0 0 104 107 158 51 144 86 15 150 85 110 6 8 63 84 54 98 56 17 45 152 54 0 130 62 56 16 57 0 0 102 14 54 134 0 36 91 177 61 99 25 28 84 95 264 104 24 71 54 47 56 43 12 0 21 61 124 16 48 90 99 56 20 18 62 81 0 28 28 54 24 27 36 9 68 87 20 32 39 203 14 75 0 93 36 59 46 0 28 27 32 5 124 18 30 2 54 45 0 12 28 45 21 36 24 9 56 28 113 42 82 70 44 69 126 0 10 40 6 83 45 34 12 45 20 50 20 53 15 0 66 84 20 0 74 64 0 123 4 0 54 0 30 108 30 29 9 109 90 213 34 69 88 81 30 97 192 36
60 49 42 69 25 51 79 48 54 109 51 96 35 22 149 0 54 49 28 63 14 136 32 92 9 28 18 84 23 68 12 72 84 147 89 0 93 49 2 21 72 38 24 36 0 45 66 87 9 0 3 22 51 28 61 165 52 90 122 154 25 80 18 26 78 26 172 66 9 5 18 0 199 3 0 32 9 99 0 45 0 45 68 36 110 42 0 248 108 77 135 0 22 50 141 52 54 40 32 10 24 91 63 6 25 12 101 24 32 44 147 53 73 22 6 39 0 9 24 95 90 84 45 26 224 2 63 69 12 0 78 114 46 69 113 36 58 0 27 81 0 24 101 73 3 27 87 63 105 0 7 38 0 34 124 0 54 40 0 4 14 63 10 99 138 42 15 56 49 45 130 42 21 32 63 6 54 44 0 32 105 3 185 85 1 23 28 63 62 137 56 82 21 101 120 76 36 63 163 18 0 126 36 54 100 7 36 110 0 36 86 57 47 103 45 128 85 18 0 62 151 0 81 0 55 22 18 21 56 42 54 8 10 0 89 42 162 87 24 1 17 69 86 73 111 54 0 94 23 0 114 20 161 0 133 122
45 64 48 44 24 110 27 51 7 55 30 8 68 24 7 51 37 27 42 0 5 39 78 6 15 65 27 45 9 140 30 21 45 63 52 45 39 37 16 10 34 64 69 12 24 38 12 2 36 33 71 16 66 3 68 77 44 17 52 12 0 17 88 48 14 76 117 15 20 0 0 57 44 28 36 78 4 171 6 108 6 18 56 45 9 108 40 1 32 30 60 33 3 94 63 7 81 10 36 26 30 58 4 0 130 6 32 12 0 72 7 0 37 14 9 2 0 16 27 115 30 32 37 36 65 8 0 16 16 44 16 71 0 0 68 30 3 0 26 39 45 0 0 71 87 63 16 84 4 33 50 0 33 0 80 24 8 57 0 38 93 1 70 51 30 24 2 0 36 0 22 1 44 60 3 8 0 115 33 58 0 44 21 63 0 3 8 0 103 4 69 0 0 36 41 0 22 10 66 60 0 47 44 48 4 32 8 7 66 16 22 0 8 8 27 12 43 12 52 0 21 15 6 46 48 50 7 0 74 73 8 62 0 27 0 27 21 25 15 18 63 93 65 65 4 2 75 0 28 72 6 24 9 54 69 20
179 3 0 38 7 69 94 126 48 32 8 4 0 7 82 152 28 0 16 24 0 176 35 33 49 132 18 23 67 0 126 22 40 12 58 0 189 63 14 0 135 48 87 28 63 56 134 35 9 0 102 86 64 24 55 0 111 133 51 72 52 49 142 113 79 152 120 0 18 10 54 21 58 45 5 113 42 28 0 12 64 0 45 74 63 27 80 106 0 55 32 33 0 70 15 21 0 157 81 0 114 131 4 0 72 135 25 0 0 53 30 30 54 45 62 0 25 28 88 47 0 16 121 180 9 113 31 38 45 44 49 22 149 26 12 20 9 7 37 105 84 75 40 159 0 96 25 59 0 15 18 45 53 36 89 9 0 23 0 9 63 49 0 66 98 41 22 76 118 30 80 80 124 141 81 54 0 9 126 35 53 71 48 200 49 48 0 168 10 71 82 36 144 127 4 88 32 0 23 63 84 73 45 56 5 35 7 4 137 8 68 89 37 0 0 58 104 0 0 59 8 65 73 47 88 153 9 95 8 38 40 54 0 81 1 78 81 18 86 0 1 74 64 83 109 92 82 88 26 106 0 8 25 5 162 0
78 102 0 31 88 85 146 6 40 39 8 69 73 89 12 83 91 24 0 16 4 50 26 37 4 1 55 0 29 127 26 5 31 53 41 49 6 69 26 38 40 16 70 0 122 31 32 98 49 20 4 61 34 46 0 63 36 0 34 87 89 38 57 34 24 72 54 72 70 55 10 53 9 50 35 55 22 85 2 56 18 111 0 69 30 93 36 72 93 25 36 20 62 48 181 63 34 58 34 2 103 52 37 72 155 63 18 119 55 54 116 30 152 40 0 75 12 16 40 47 51 90 62 43 45 28 4 16 98 10 96 62 31 2 96 24 3 44 89 160 54 119 149 15 45 49 32 81 129 54 24 9 6 0 75 0 35 30 90 32 63 5 6 49 44 27 16 9 69 44 84 20 20 47 114 25 40 182 36 23 41 0 53 0 110 20 55 49 59 72 100 77 55 55 21 50 36 92 63 42 0 65 102 30 14 45 95 15 16 24 99 59 18 32 49 101 20 51 0 40 58 98 73 27 6 18 47 0 95 41 29 94 67 67 105 5 25 0 42 31 37 6 16 111 7 26 29 148 68 4 92 52 118 150 59 95
83 75 119 37 54 45 140 30 63 150 0 36 8 44 187 81 45 76 36 36 30 0 84 78 34 12 158 80 32 23 28 0 93 86 0 82 126 110 56 49 40 12 40 23 14 12 0 228 6 35 97 76 0 95 24 6 63 32 111 48 118 16 24 76 0 80 90 48 60 36 105 25 0 7 65 62 0 28 105 46 3 32 6 126 85 116 15 108 100 68 20 48 72 59 67 27 46 84 60 83 136 8 26 0 32 46 35 32 90 37 108 120 120 79 43 150 69 21 99 62 22 73 22 25 5 40 32 0 70 49 32 10 60 5 60 112 8 24 39 167 0 59 187 154 29 58 0 14 56 151 39 0 126 57 36 73 0 0 69 40 27 180 57 19 98 0 6 14 44 10 28 65 32 52 34 104 135 61 40 8 48 134 72 0 93 81 64 18 48 56 122 80 18 37 0 133 16 69 46 127 0 38 35 0 102 82 53 173 132 19 72 56 66 87 9 66 49 167 58 25 35 0 77 0 71 63 89 75 24 0 46 74 0 0 8 61 125 110 53 63 6 50 76 44 8 66 38 82 60 35 108 104 111 90 103 16
171 192 178 136 143 21 85 72 176 93 36 0 10 20 94 90 105 89 52 139 39 8 42 59 38 0 82 151 96 51 0 72 29 156 0 35 164 229 49 22 30 63 9 64 40 130 94 38 57 0 91 118 69 139 68 277 16 46 72 12 63 108 104 27 40 131 18 73 71 48 24 211 155 12 92 38 74 10 24 119 19 36 70 75 144 116 73 41 106 0 100 67 113 0 112 4 163 62 0 67 82 91 63 207 136 0 53 102 39 24 44 66 80 47 81 74 133 44 77 63 30 64 31 83 14 98 40 89 40 65 122 72 25 111 122 45 89 61 24 83 72 87 111 75 0 95 4 4 90 28 227 87 57 54 76 15 31 0 74 113 54 35 64 14 30 0 38 69 8 72 95 0 64 0 19 105 89 195 0 90 24 0 21 48 45 82 42 145 49 106 91 109 53 78 123 41 24 30 42 100 61 51 60 45 0 97 44 37 64 70 70 160 0 55 79 59 67 110 139 91 93 266 183 27 94 0 64 81 145 79 66 42 96 9 46 90 0 72 63 21 233 41 64 141 47 106 42 70 76 45 103 50 139 158 69 82
107 130 110 52 96 144 73 95 107 15 38 15 162 64 125 142 128 35 0 8 65 63 77 36 142 89 45 85 18 130 55 1 106 30 90 25 87 208 68 87 62 131 357 21 0 43 44 49 88 90 238 41 74 128 34 81 57 66 123 82 18 45 18 72 129 73 47 45 25 20 76 60 92 32 0 34 10 46 36 110 45 63 90 145 157 23 45 18 122 0 22 165 28 0 10 47 0 65 102 131 172 124 44 64 3 83 45 31 32 76 145 42 120 39 115 95 39 24 161 59 16 2 84 120 15 56 0 64 264 48 50 22 8 20 82 148 109 24 103 24 87 112 102 38 44 35 77 18 36 99 72 76 63 60 82 84 87 28 116 0 121 72 72 117 97 100 81 59 54 35 128 6 76 147 54 83 24 100 46 0 20 120 17 18 33 20 245 6 55 79 27 72 0 0 42 178 93 99 90 65 31 121 83 107 197 131 57 101 95 43 39 9 146 32 15 92 55 201 196 84 106 207 58 71 137 83 86 35 100 71 86 39 70 0 14 165 110 42 73 0 77 91 166 59 66 81 254 170 0 25 141 57 171 126 155 58
86 74 0 64 92 107 41 17 50 24 0 95 89 137 109 121 58 81 33 25 5 9 78 82 77 104 12 12 18 215 104 18 182 175 62 96 40 2 37 93 92 113 16 61 68 52 133 111 66 60 103 66 75 14 70 129 3 109 78 93 109 118 84 35 68 9 105 31 283 81 10 125 3 123 26 91 76 72 16 21 39 120 81 70 101 105 47 39 177 7 113 42 25 36 102 85 108 83 234 193 168 84 57 0 183 172 56 62 85 126 96 2 73 74 18 89 146 34 122 86 81 4 47 72 7 103 52 189 17 45 101 64 82 28 16 50 82 16 133 168 140 54 74 52 152 168 18 150 42 5 83 46 142 46 14 127 33 26 88 117 101 59 129 181 38 94 6 144 0 15 113 52 56 88 52 143 49 78 50 137 106 106 98 118 100 6 27 148 120 64 0 113 44 8 127 0 57 109 25 53 27 9 0 52 129 83 107 15 57 96 40 96 64 36 30 128 34 29 130 33 114 65 40 86 67 74 37 160 79 79 63 61 5 199 42 0 79 84 30 92 123 162 34 180 25 30 57 49 105 74 160 47 103 14 54 134
42 30 0 60 18 9 3 0 50 133 0 0 10 141 73 69 75 32 57 18 6 42 0 63 31 2 49 16 24 31 137 0 6 34 39 0 116 81 0 0 15 0 32 78 0 53 47 7 45 0 41 62 28 18 10 63 0 30 167 24 38 0 86 6 186 39 65 0 69 55 33 222 63 48 145 0 24 21 30 27 148 169 42 27 0 94 9 45 169 0 0 48 123 14 0 21 0 111 0 84 48 68 79 96 90 86 13 46 64 0 12 46 63 2 0 14 64 4 28 4 14 0 18 0 115 121 38 126 54 104 117 9 12 88 61 93 0 0 0 0 148 67 0 59 0 0 0 24 68 54 81 0 56 83 36 59 0 0 0 102 0 81 0 53 57 14 48 72 75 0 72 0 113 8 10 6 40 96 10 88 4 16 24 4 56 60 0 83 0 12 0 97 35 30 19 0 18 30 54 63 0 35 18 64 120 0 46 33 31 42 18 139 0 0 70 21 49 24 14 82 14 0 30 70 90 8 26 0 42 122 62 151 45 110 18 28 0 123 78 0 50 27 23 0 12 47 15 16 26 32 30 146 14 14 0 138
82 18 0 14 54 33 18 12 147 16 42 0 75 16 41 66 56 36 0 12 12 15 108 97 30 0 0 24 6 42 16 4 18 28 0 56 0 51 0 0 0 0 19 12 21 64 48 0 109 9 40 45 0 6 14 30 111 20 93 6 52 55 62 48 10 6 0 0 0 0 56 16 30 81 28 48 0 0 16 42 54 62 14 0 0 41 56 0 0 21 100 0 0 0 0 0 25 0 25 121 0 0 24 54 45 0 46 3 16 25 67 21 27 16 24 20 0 100 0 36 81 0 55 18 0 0 21 0 24 14 18 79 12 68 12 70 18 6 0 0 0 6 0 0 49 30 18 0 54 63 42 33 81 24 49 52 15 0 42 0 0 0 0 74 63 0 27 14 0 56 40 126 0 3 0 0 87 127 31 70 8 1 87 63 105 24 0 0 8 0 0 36 44 12 21 30 0 21 0 35 0 0 105 40 0 14 56 18 0 85 10 55 81 0 71 48 14 42 45 0 45 66 49 0 27 2 0 51 5 0 30 36 5 123 50 14 55 0 33 0 0 3 40 71 0 0 0 56 21 9 0 67 108 14 30 15
62 46 49 20 60 70 0 55 0 43 69 28 46 28 98 210 18 63 63 6 21 64 23 16 120 56 0 84 10 236 78 36 7 54 26 144 11 6 75 69 26 42 99 0 32 4 56 55 64 61 14 26 47 60 12 174 0 36 40 23 88 40 62 10 8 43 149 40 147 32 75 167 28 0 45 63 44 46 15 0 29 113 68 1 109 23 47 28 27 48 11 24 36 28 64 23 51 73 74 56 81 46 0 76 74 77 117 58 20 28 7 28 40 145 58 46 60 46 27 81 113 0 110 59 8 70 65 3 44 63 20 80 58 0 14 56 64 56 86 0 90 72 35 54 79 66 37 98 105 91 32 6 90 33 4 10 79 6 269 80 35 22 104 48 93 0 0 70 21 78 89 0 71 46 56 82 36 77 41 124 130 81 19 8 46 4 32 36 50 8 68 94 0 95 45 0 75 62 113 12 73 10 22 139 45 21 8 0 21 8 75 6 16 42 40 214 16 75 34 36 90 28 60 93 162 65 111 24 56 32 0 60 78 45 0 0 95 9 105 20 106 57 99 103 42 34 21 42 33 51 126 31 37 35 0 14
134 109 96 119 86 36 209 123 88 150 23 12 24 140 156 92 46 109 24 60 151 0 36 56 20 56 84 121 10 57 35 93 178 87 8 121 153 184 63 16 22 78 93 60 5 165 97 193 34 63 86 122 5 34 38 72 53 196 101 87 100 73 92 32 22 0 6 74 63 64 54 30 18 71 103 67 86 39 28 51 140 71 68 98 113 98 102 3 202 56 133 70 60 79 150 205 130 109 96 128 151 123 56 63 141 38 60 21 113 54 105 65 125 157 128 84 99 81 48 144 72 126 12 52 40 58 0 0 115 32 91 79 10 75 68 170 81 7 57 49 27 31 81 140 62 76 0 0 4 87 17 17 76 117 46 72 3 56 115 71 40 114 87 55 91 0 4 40 128 20 28 51 122 41 104 56 73 57 27 89 47 131 104 13 43 92 61 66 27 12 119 48 15 52 56 229 27 42 76 48 0 0 60 11 15 77 0 109 163 98 118 60 62 62 16 33 109 76 98 101 62 95 64 0 47 36 27 9 157 81 85 32 0 91 30 74 166 52 89 26 46 50 84 115 85 130 103 99 59 75 139 108 18 38 56 172
6 56 98 67 4 30 287 40 40 221 171 22 2 50 159 98 34 45 67 251 68 64 0 70 0 7 121 98 70 48 165 0 131 22 114 32 98 242 0 150 112 63 57 56 8 86 34 190 31 67 149 89 118 187 114 170 101 62 55 177 0 22 83 39 45 98 139 14 28 16 105 32 110 23 42 101 14 0 0 9 0 63 0 186 86 40 0 233 130 79 105 0 81 181 131 18 0 66 61 110 162 96 39 73 111 106 34 88 0 44 126 54 172 93 35 126 99 65 56 95 19 54 39 115 130 8 10 55 36 30 0 48 84 0 78 29 59 78 40 128 42 90 134 74 38 92 118 8 29 12 96 86 55 56 75 45 151 48 150 20 195 41 61 119 85 21 75 80 48 30 28 41 16 48 45 62 55 21 25 42 76 0 166 52 16 0 56 106 30 148 60 112 55 41 154 84 143 40 12 24 46 101 142 103 26 140 6 18 68 63 74 111 66 104 4 72 144 63 17 46 72 154 213 156 0 50 56 181 66 89 56 137 106 80 29 103 25 23 50 47 146 29 58 151 144 10 0 123 67 35 122 49 77 82 76 73
40 103 106 24 9 86 58 0 65 88 58 30 137 58 85 32 0 160 36 63 0 96 110 38 38 36 106 28 16 66 21 38 140 143 24 202 5 76 44 123 63 104 39 18 36 42 0 47 10 9 63 92 94 178 6 162 26 84 0 56 20 155 130 135 40 20 84 52 23 102 66 102 51 26 82 63 29 5 24 24 3 3 87 77 24 59 85 39 174 46 45 18 68 75 99 59 64 42 166 99 157 84 9 137 85 0 56 48 56 21 99 83 202 62 50 94 97 46 59 8 56 30 9 109 2 35 24 0 117 50 78 16 45 89 158 124 23 50 87 42 40 34 164 72 43 129 50 20 4 72 98 87 81 126 83 13 54 1 159 143 50 112 58 35 68 105 32 0 8 47 106 165 0 91 72 16 36 128 270 140 20 16 53 79 48 21 88 5 57 69 120 7 33 121 78 59 59 75 12 63 65 27 33 105 84 180 25 44 149 0 68 148 82 48 0 4 31 111 62 20 10 74 80 117 42 108 57 0 24 19 18 120 181 30 80 153 37 0 0 55 18 91 2 53 87 15 0 80 63 12 70 197 15 73 0 36
27 0 56 64 18 151 73 43 141 32 115 108 87 66 12 309 42 12 16 83 0 159 54 111 119 125 48 69 26 182 12 47 6 153 106 89 143 0 10 0 0 38 81 48 0 143 58 58 51 48 125 36 218 48 140 222 156 196 108 12 160 34 128 57 42 118 112 10 173 38 52 54 38 74 47 120 145 37 65 62 99 39 122 109 57 0 114 28 81 0 29 36 63 54 89 83 97 72 55 107 72 16 54 20 141 45 119 186 105 159 136 142 33 183 72 0 45 42 12 133 78 40 18 59 12 0 0 0 103 128 39 141 25 74 4 62 64 18 52 17 210 78 75 153 179 82 108 68 54 69 152 4 33 23 69 50 76 11 61 42 111 24 0 36 50 2 88 104 39 117 44 73 54 152 37 183 52 60 107 201 196 246 223 56 54 12 24 97 208 137 65 82 98 88 93 60 59 17 137 117 78 12 52 65 71 125 8 68 148 26 88 162 99 131 46 64 0 28 54 100 34 195 44 9 9 76 20 0 74 155 40 74 9 111 5 62 155 141 156 57 70 172 8 144 0 78 66 27 69 88 38 142 134 48 70 155
47 40 36 8 65 39 71 105 131 50 14 50 30 41 126 101 54 72 69 69 130 0 96 32 68 99 79 12 0 0 29 99 69 59 15 45 113 43 81 69 79 52 99 54 0 69 18 20 51 0 90 72 162 129 27 99 20 51 66 30 78 117 38 6 134 45 70 71 21 10 24 0 155 105 30 21 63 225 40 20 68 42 91 90 111 7 0 40 70 4 81 59 0 10 94 13 114 42 2 6 42 117 32 144 3 54 28 56 58 0 66 89 75 157 66 45 5 36 144 123 4 0 0 24 19 44 18 114 83 51 25 8 87 46 132 127 27 18 62 0 54 5 0 20 250 3 24 44 16 113 68 0 47 12 4 48 60 28 108 0 93 0 0 63 0 0 20 57 0 36 160 13 30 83 93 80 63 106 0 45 0 28 124 48 30 36 24 1 57 88 29 21 4 32 8 26 0 75 41 70 0 46 48 65 0 92 0 111 45 0 77 80 72 27 0 64 72 72 65 0 0 91 63 18 36 63 9 90 17 83 116 90 36 26 33 126 44 0 16 24 24 0 32 16 56 0 56 52 42 48 103 8 168 9 69 0
9 54 35 0 0 90 56 30 63 40 0 86 17 24 74 71 18 70 24 0 5 0 55 85 115 24 0 69 0 48 35 21 14 121 0 5 42 38 66 49 14 42 48 34 0 0 62 137 124 0 0 46 119 72 51 28 74 32 16 15 100 27 42 9 0 65 0 6 43 16 27 5 28 4 40 81 49 28 49 30 117 54 63 18 8 33 11 7 67 0 39 36 9 0 131 59 54 110 108 47 11 35 0 72 9 50 131 64 62 45 72 60 60 106 63 72 0 2 40 22 76 21 0 18 91 0 56 39 52 36 9 53 30 0 6 29 0 0 4 0 55 62 15 48 1 9 5 48 63 7 0 0 1 79 0 22 68 22 29 77 30 60 0 144 36 23 0 36 0 105 33 12 4 12 0 0 25 8 87 94 89 54 91 56 92 18 16 42 2 27 5 0 56 52 0 7 40 72 99 8 0 63 2 14 34 68 36 19 23 18 5 105 5 0 0 0 0 23 15 0 2 81 56 0 0 27 0 0 0 25 0 42 5 16 1 0 91 12 54 31 3 76 15 49 96 36 0 24 14 0 3 9 42 0 3 18
19 0 45 43 6 18 97 111 10 28 0 0 35 6 53 10 100 46 77 84 0 30 65 6 22 20 90 115 3 47 36 10 15 38 92 77 4 92 18 126 101 52 74 8 32 12 42 43 20 0 9 80 149 116 24 8 3 71 35 53 8 112 128 90 31 106 2 18 47 42 22 36 58 0 37 216 36 24 0 115 37 27 47 33 9 51 0 58 57 47 107 125 54 60 4 27 156 95 7 49 147 43 22 118 19 1 24 20 7 6 12 18 24 5 33 11 0 45 60 9 35 9 13 35 44 45 54 7 46 88 0 16 30 10 158 117 2 15 100 18 23 0 12 47 80 52 56 34 72 12 87 53 157 32 60 29 56 80 23 48 56 73 124 11 21 76 55 51 4 27 99 32 22 48 83 68 32 6 46 10 18 24 9 131 0 96 27 7 99 45 39 64 45 35 52 21 55 77 54 78 116 55 124 44 8 29 31 12 82 118 80 0 48 15 74 24 12 69 28 0 83 27 38 20 38 25 65 48 178 70 7 86 45 0 18 73 16 124 33 99 88 141 28 33 72 20 143 62 36 90 35 162 55 39 0 18
21 139 65 24 14 50 18 60 3 0 43 27 199 205 12 83 6 56 80 5 10 32 21 154 27 39 183 100 6 105 60 37 98 56 123 68 57 64 36 30 128 9 30 100 0 10 138 39 16 9 16 8 79 80 21 104 62 0 51 21 158 83 102 88 36 61 105 19 120 120 15 115 145 77 7 35 39 26 23 0 61 20 0 49 131 124 0 63 214 43 76 45 14 113 201 92 56 76 154 94 48 11 7 236 42 35 28 32 28 26 118 98 105 0 80 15 9 76 29 59 35 0 94 52 62 120 0 6 95 18 114 48 67 0 156 144 40 0 231 9 27 151 143 191 138 94 115 0 30 21 82 67 56 49 0 56 72 48 120 81 14 62 42 149 6 152 24 72 42 36 115 149 56 38 103 69 96 0 123 122 33 84 4 21 52 0 14 20 95 94 130 193 49 32 62 66 60 97 34 42 35 178 0 165 84 128 27 88 124 101 111 40 109 1 6 4 96 87 76 49 24 27 112 67 132 47 32 61 167 124 5 224 95 18 44 28 72 37 92 26 18 133 14 60 46 52 64 128 80 32 100 218 38 99 42 92
24 25 86 12 0 9 76 54 26 32 18 57 9 46 29 53 18 70 67 16 0 120 122 136 9 20 60 90 63 130 47 0 68 31 48 45 62 9 24 21 35 47 21 20 56 83 22 55 27 41 0 91 28 36 70 139 0 85 33 72 99 14 18 48 84 30 173 20 36 89 20 72 72 63 161 3 23 72 39 63 88 0 14 6 41 73 87 3 90 142 27 0 18 80 114 3 54 105 12 50 16 28 24 82 65 37 62 104 60 8 3 85 34 49 34 43 25 40 1 73 229 0 18 0 104 16 31 2 39 40 72 40 63 0 38 18 31 0 81 0 82 4 80 34 89 156 46 147 25 64 101 25 0 14 42 35 73 51 18 118 0 44 98 62 19 7 72 42 0 8 29 13 18 92 33 0 67 108 25 76 19 20 15 21 45 14 0 14 90 3 111 168 24 148 69 62 4 30 41 64 0 13 15 9 0 17 13 70 8 14 98 141 0 0 27 64 7 32 48 28 0 18 107 0 54 55 24 0 44 17 0 70 49 0 52 14 35 87 70 2 90 35 24 84 34 2 72 1 30 62 54 116 75 54 15 40
62 95 98 30 48 82 137 34 162 27 0 66 115 78 46 24 13 0 42 56 97 110 50 166 78 32 80 70 45 28 34 27 40 104 36 56 113 98 48 103 32 0 69 127 110 154 106 123 158 0 57 38 42 36 49 108 161 42 32 56 112 78 126 67 0 98 12 28 81 48 57 24 165 31 48 112 60 33 28 83 92 85 36 36 154 105 54 35 96 18 10 36 63 57 198 72 0 135 72 108 83 97 105 18 24 70 37 102 51 47 126 48 56 54 57 56 90 79 110 85 16 0 51 87 0 40 7 38 47 110 25 84 9 0 0 153 60 0 24 44 72 42 164 173 56 75 51 32 24 111 32 66 151 63 40 4 64 6 63 9 9 128 0 108 159 0 19 4 31 127 223 36 18 46 40 60 63 36 48 42 28 81 84 0 117 52 28 174 9 70 6 86 76 103 74 63 92 10 36 102 32 106 161 54 0 108 84 48 75 164 32 109 90 0 36 57 42 0 108 30 106 72 147 136 34 58 56 0 40 60 62 103 14 111 36 63 60 16 132 36 104 30 0 52 173 158 3 57 59 9 126 75 10 4 24 0
2 54 45 67 93 46 45 70 78 43 35 0 72 144 48 75 86 48 65 16 10 33 54 42 6 63 40 74 88 89 24 34 37 37 18 38 51 107 30 9 45 0 59 48 42 90 129 116 46 112 112 6 26 56 63 82 60 105 86 8 58 51 86 36 0 8 45 48 87 0 7 6 63 41 109 54 20 33 40 109 95 70 58 27 77 96 52 102 0 15 56 18 48 4 4 33 0 72 5 24 42 42 39 94 78 28 115 52 80 40 43 39 11 106 88 12 30 58 27 121 3 106 32 40 24 0 37 0 22 28 49 88 40 7 67 53 32 51 0 81 12 37 37 45 12 27 44 9 126 83 60 38 74 16 7 17 49 10 105 9 77 101 72 9 36 0 0 60 18 73 82 52 33 38 176 83 77 67 23 56 48 62 99 8 111 67 10 24 40 60 89 0 43 0 32 58 52 99 76 71 15 15 25 70 51 51 35 20 31 65 16 64 49 158 66 89 109 75 48 5 2 112 52 0 97 56 95 0 85 9 110 17 52 51 24 2 7 118 71 2 0 46 45 123 44 38 38 12 23 52 0 68 122 60 93 140
75 42 105 4 1 71 41 10 30 18 63 0 0 0 62 0 0 35 54 81 103 113 64 0 17 0 105 63 44 143 2 30 30 44 28 59 1 68 0 9 0 14 0 91 6 2 0 10 42 21 15 50 97 155 99 0 42 0 0 59 31 84 24 0 0 76 27 72 13 3 18 54 136 0 31 66 84 106 81 26 0 16 94 28 48 77 28 0 0 18 89 47 94 54 114 0 89 0 67 18 100 98 0 61 25 0 39 34 9 88 4 0 97 55 128 63 35 57 98 99 0 90 162 76 46 24 92 0 72 114 36 24 81 14 6 117 26 19 0 42 40 97 0 83 65 5 134 12 8 11 100 136 108 47 129 27 0 0 36 0 55 0 0 2 31 32 32 27 12 0 153 39 0 0 54 31 51 48 45 16 70 94 18 61 30 39 107 2 45 36 22 27 161 16 24 39 16 69 18 68 59 8 59 0 120 4 22 0 56 14 77 99 6 50 84 0 59 52 16 35 44 81 14 3 28 0 24 92 152 0 12 52 37 19 15 52 9 66 0 34 30 40 100 14 71 10 30 45 30 6 51 0 67 53 70 0
38 134 42 85 60 48 224 117 94 147 7 82 140 94 144 16 158 84 90 71 30 12 82 75 152 119 18 60 92 34 136 10 115 84 115 139 69 61 137 8 48 21 154 54 8 10 14 230 30 62 36 124 69 61 36 115 0 40 11 117 116 63 48 118 44 83 111 91 64 24 15 39 56 2 0 59 36 175 74 28 108 56 114 94 89 49 62 130 15 45 226 58 144 14 118 72 107 183 116 20 70 123 0 152 251 88 91 51 45 59 190 72 90 207 60 65 30 70 76 246 84 66 38 101 6 78 122 103 17 34 45 34 25 58 67 175 100 78 168 14 39 91 124 191 13 24 98 13 42 12 63 44 197 90 36 6 14 0 270 39 74 48 210 27 127 40 29 163 93 50 126 49 179 145 73 4 62 169 100 161 44 67 103 42 67 13 16 2 69 60 11 122 72 225 104 2 102 61 60 48 123 50 48 110 77 50 46 67 103 64 108 136 94 28 0 80 73 14 86 102 12 92 7 84 147 26 107 40 130 65 55 130 141 53 28 10 67 0 122 89 13 213 117 19 37 148 29 68 120 42 186 85 4 114 0 59
51 35 84 63 54 0 0 0 91 18 0 4 46 37 0 32 13 26 8 0 0 0 18 18 7 0 11 0 45 14 46 15 47 78 108 37 0 6 0 58 69 0 39 59 55 78 5 169 0 0 24 99 16 101 51 9 0 12 21 45 5 8 78 12 22 32 0 154 26 0 0 30 55 41 35 45 17 3 0 24 0 0 9 3 63 81 0 17 66 0 19 72 27 12 48 0 0 83 108 33 33 39 0 0 16 43 5 110 93 0 82 18 39 24 0 0 9 40 0 12 3 0 55 24 86 66 9 69 32 0 0 0 0 0 84 126 0 36 50 87 0 99 48 26 39 24 18 88 23 12 0 0 26 0 54 1 0 27 18 60 37 21 27 0 83 6 38 6 0 63 24 0 19 20 2 62 3 123 4 0 81 74 36 12 31 0 28 45 76 18 0 33 0 145 12 72 51 25 89 24 6 1 0 99 0 3 112 12 84 0 71 93 63 0 12 20 14 49 62 40 27 27 30 73 36 5 78 0 9 0 0 41 51 8 18 0 29 0 49 0 72 36 26 18 6 87 24 54 0 48 44 29 17 6 0 0
156 21 56 38 97 184 198 18 112 98 68 71 46 46 79 47 24 139 68 147 35 28 63 40 26 0 100 63 20 90 42 112 15 103 0 155 12 57 27 70 30 0 18 12 50 0 16 36 9 20 0 20 18 96 88 67 0 51 0 49 73 136 56 107 0 45 47 156 71 16 94 139 107 0 78 42 4 68 63 63 53 112 116 40 91 117 68 26 9 107 68 0 0 147 40 75 142 51 139 0 75 74 65 0 33 0 164 53 10 23 152 0 116 52 2 10 93 120 108 44 108 126 128 117 25 132 93 50 68 135 42 75 51 112 3 15 68 0 91 0 67 138 72 160 82 91 91 110 0 7 72 21 94 144 68 64 20 0 82 29 97 28 21 67 216 98 37 73 72 0 63 180 94 58 29 64 115 88 25 91 84 30 297 35 68 104 77 91 54 97 56 37 160 66 92 7 33 127 19 48 49 0 21 55 56 89 43 93 98 105 70 53 37 70 52 20 144 100 6 31 92 85 254 16 16 20 37 129 66 35 93 57 100 96 73 119 0 40 77 0 62 120 47 71 45 48 9 80 79 40 46 98 54 113 81 0
114 96 120 62 32 53 60 99 149 59 16 0 29 28 151 10 48 82 92 35 65 37 95 27 28 59 54 166 7 44 0 4 60 89 119 17 197 209 105 12 36 54 110 0 125 99 37 86 63 0 208 50 100 88 55 54 168 98 21 97 28 92 42 58 8 108 65 21 110 56 38 151 22 15 161 92 15 78 76 209 121 8 35 66 96 126 118 40 5 110 43 52 55 7 71 27 110 49 52 119 15 88 92 37 46 80 18 25 114 50 83 12 29 55 14 21 105 8 3 20 69 27 100 49 104 3 32 65 121 52 48 27 37 4 27 43 125 0 124 34 97 123 45 116 19 87 37 32 89 85 144 48 95 114 126 75 62 50 41 28 150 33 24 126 171 45 65 35 0 0 0 48 141 85 80 28 54 18 83 10 24 98 95 1 30 176 67 99 29 21 82 38 31 90 28 18 147 65 60 11 3 2 101 123 8 66 68 65 27 32 25 107 72 63 100 78 68 77 42 72 34 120 103 63 109 104 21 115 98 39 54 86 10 21 87 0 66 40 25 51 42 82 125 66 40 93 182 25 21 126 86 169 56 35 54 69
136 80 105 48 155 99 51 78 53 42 0 56 42 64 0 54 20 56 70 81 40 68 192 63 14 120 41 62 62 60 45 28 30 46 99 70 138 79 0 32 0 18 22 45 0 70 127 38 91 0 79 36 62 40 119 90 30 97 146 30 135 12 36 36 98 50 63 63 21 40 35 45 80 80 59 138 62 17 18 22 191 79 161 26 59 87 12 0 58 8 110 38 78 40 87 99 64 85 157 94 126 61 7 21 86 105 24 86 96 156 115 130 82 173 72 72 31 115 72 94 89 30 47 12 16 32 93 120 61 35 87 62 108 28 67 136 93 13 73 86 19 22 139 40 126 101 58 39 80 112 98 135 107 6 126 55 61 94 136 96 85 72 159 49 78 39 71 121 30 59 16 30 33 81 66 0 22 103 73 85 18 27 74 68 52 36 54 12 4 56 114 63 63 28 160 94 33 43 109 90 83 26 94 130 35 20 27 89 186 36 66 102 132 18 11 94 112 36 134 109 69 142 68 22 114 6 44 63 75 54 102 30 58 35 20 58 69 0 133 77 100 64 60 108 51 0 207 25 109 283 15 95 79 36 129 81
0 142 106 36 107 82 18 0 86 156 95 0 80 66 58 31 63 65 0 63 3 15 54 83 21 95 24 24 120 16 24 37 93 92 118 69 39 0 16 54 0 0 21 35 0 73 8 31 0 14 97 48 0 16 117 87 0 39 53 66 12 109 138 0 63 138 44 72 20 18 2 86 207 46 53 15 99 91 0 37 2 28 123 84 176 68 27 48 43 9 107 63 53 7 66 28 0 35 23 180 64 88 21 81 90 191 106 142 36 50 47 42 68 166 66 54 33 108 84 31 27 50 111 53 55 56 18 100 16 61 116 70 108 35 23 217 96 0 93 92 18 0 124 128 67 65 36 70 64 64 49 89 131 30 81 41 24 0 120 5 0 25 112 119 4 73 91 135 72 17 97 75 90 24 58 156 70 63 77 0 48 68 36 0 14 0 36 39 57 120 57 101 80 171 170 69 66 18 63 97 30 28 50 24 46 71 110 11 64 0 104 96 106 7 70 112 30 54 69 77 42 42 57 8 130 30 103 27 109 138 40 139 61 103 89 0 39 126 81 24 78 84 150 1 35 34 126 12 0 39 164 89 58 102 131 0
54 129 171 40 91 0 116 15 90 126 104 88 54 0 24 108 106 16 84 35 29 55 117 27 16 123 45 19 115 73 0 0 49 75 20 12 40 98 15 19 120 108 20 0 0 45 57 5 18 40 83 24 0 13 0 61 35 77 25 30 106 56 63 7 0 18 72 0 12 10 48 86 57 30 100 5 10 0 128 34 32 137 159 0 11 5 3 101 230 24 20 18 116 0 20 75 45 175 43 128 20 141 104 82 8 79 108 140 35 91 48 5 45 67 10 72 63 51 33 19 44 27 25 27 114 0 15 0 21 90 92 0 45 0 16 10 72 21 33 24 20 96 67 46 92 32 0 98 97 24 0 5 0 63 0 60 23 62 48 5 59 27 18 10 2 12 0 88 12 15 66 24 12 23 0 8 23 85 9 88 103 87 24 36 164 82 24 78 72 117 86 23 40 71 97 83 9 39 22 16 0 0 18 86 30 12 0 21 52 135 0 120 25 41 81 157 43 0 109 63 0 0 0 42 56 19 75 0 0 15 99 117 8 81 63 96 72 26 77 60 32 70 63 28 36 25 99 44 10 30 73 131 49 63 76 45
96 90 0 112 96 117 51 99 24 51 46 12 6 17 164 7 35 54 31 35 63 58 84 23 83 0 4 30 12 50 4 16 0 39 80 44 135 82 4 45 70 115 70 18 0 82 0 39 18 0 99 42 14 63 5 36 37 106 110 70 117 20 39 20 43 42 62 63 74 9 93 110 87 90 24 26 18 5 43 76 8 187 40 81 18 87 18 37 76 179 40 37 72 81 91 23 81 84 19 36 52 150 96 144 6 73 137 81 42 9 6 158 52 83 0 36 127 23 7 3 61 0 4 59 12 5 0 42 55 56 69 78 54 3 22 54 50 0 31 25 70 99 0 166 31 14 56 98 0 43 28 0 90 2 22 47 50 24 42 29 63 0 16 34 71 10 76 10 16 0 60 99 45 76 12 30 9 127 0 4 7 8 168 37 118 17 9 109 142 38 32 133 47 138 35 113 98 48 81 56 8 55 0 7 48 88 13 81 83 118 35 86 30 63 33 81 45 21 55 20 16 99 38 16 90 40 30 25 23 89 192 66 130 42 63 64 100 42 51 8 25 0 95 16 54 97 76 81 19 7 158 75 169 76 0 34
62 120 64 38 30 53 36 36 91 24 160 0 117 68 82 115 16 47 0 0 0 73 95 58 0 133 56 55 64 24 72 0 227 80 48 42 128 111 20 86 104 64 24 80 120 74 66 24 57 40 85 74 64 120 72 150 60 102 4 93 20 56 46 128 0 127 12 0 70 37 15 119 60 1 48 54 12 16 24 29 24 12 72 58 32 134 0 81 4 36 44 92 0 0 75 32 0 27 80 27 78 81 6 0 23 142 53 90 70 86 206 36 68 45 82 64 109 5 0 48 25 39 10 64 64 84 105 106 20 80 20 2 0 111 46 38 38 0 32 106 24 110 32 60 4 46 47 66 83 62 64 48 5 0 0 30 59 0 10 81 114 44 14 73 63 8 64 7 24 66 71 62 0 0 118 65 63 181 11 27 86 105 96 42 16 28 64 0 0 24 102 32 30 54 18 26 31 188 108 70 0 71 95 48 37 48 0 32 202 0 16 120 62 84 5 113 42 72 48 63 90 93 0 50 56 29 90 42 80 41 36 19 28 78 6 36 36 54 110 86 113 50 12 20 48 84 62 18 54 73 0 81 0 66 62 14
65 104 66 12 39 89 132 19 11 42 28 34 20 48 70 76 163 14 100 75 9 24 66 108 38 40 24 28 30 12 100 31 0 10 70 146 48 108 0 33 27 0 49 21 41 87 120 125 31 126 86 0 0 115 75 89 36 129 80 11 20 78 61 113 10 27 16 12 119 73 78 26 38 72 41 183 86 63 0 103 0 0 50 63 58 51 0 48 57 30 36 66 50 89 61 50 42 0 64 27 202 39 60 114 20 33 45 45 81 10 45 129 148 125 78 0 73 20 38 42 31 42 21 85 9 60 0 6 138 58 126 74 36 0 34 16 45 32 33 41 49 34 24 127 116 0 82 95 14 15 42 48 5 63 52 34 78 24 99 55 105 15 6 85 89 53 19 190 68 18 40 30 141 146 51 114 70 96 0 26 47 69 245 0 5 87 0 15 28 161 94 173 156 31 163 128 109 124 61 21 24 45 78 66 32 56 42 71 120 33 6 49 21 108 57 36 92 24 100 0 62 78 103 16 67 45 88 0 121 141 56 25 73 93 39 156 179 106 45 6 12 24 84 38 84 63 120 46 68 67 87 160 139 37 166 41
83 149 56 88 117 27 30 0 151 100 40 32 68 48 97 16 113 55 40 73 0 48 43 48 2 22 15 0 38 16 94 27 0 137 82 37 107 20 56 0 25 0 53 15 0 41 54 66 56 0 102 0 182 16 72 64 36 97 144 16 40 101 64 47 64 53 117 153 121 32 0 0 219 57 36 36 99 10 56 49 5 64 120 65 159 81 0 45 35 25 134 0 14 36 0 63 28 48 69 81 0 74 14 45 217 16 65 40 50 9 78 14 90 40 0 66 18 47 94 176 40 24 85 116 0 60 41 59 0 16 30 93 0 0 63 28 99 32 0 0 35 92 165 50 81 8 138 0 56 81 40 191 27 16 96 20 21 8 14 2 140 56 0 36 126 0 40 102 0 40 72 0 18 101 16 84 47 57 67 81 74 161 87 0 58 0 106 30 0 75 12 15 75 72 0 112 3 40 132 0 123 14 0 164 185 114 36 105 67 56 44 109 118 0 57 35 104 66 84 72 63 23 14 32 40 33 12 112 72 78 86 56 72 30 15 0 24 0 152 64 6 164 79 48 0 88 9 11 43 94 202 37 106 100 48 24
39 40 7 16 82 30 7 103 113 145 142 111 74 41 76 182 112 117 0 44 30 36 0 58 101 17 63 42 137 33 148 0 53 5 54 131 43 12 0 35 44 31 90 90 16 191 12 126 36 72 63 33 18 64 147 104 24 67 87 81 101 28 97 93 66 65 52 6 146 108 49 73 0 0 136 104 53 25 27 0 81 0 30 39 108 27 49 65 118 105 38 78 25 54 120 32 96 37 88 63 131 17 72 21 30 84 86 16 99 50 99 10 45 61 70 0 37 76 50 41 54 9 28 0 46 0 0 36 83 49 78 42 53 39 40 39 18 0 48 0 19 77 146 89 132 30 141 36 59 19 83 40 36 0 113 123 174 7 133 56 75 61 0 43 70 4 65 91 10 4 26 86 24 81 140 28 109 0 0 76 127 111 144 5 153 113 0 0 4 12 0 121 102 26 116 90 71 0 36 48 86 54 94 60 29 36 42 139 10 122 24 124 110 45 18 44 0 136 0 40 124 173 147 31 99 10 44 18 28 55 24 8 55 145 35 64 93 104 116 2 49 48 56 137 6 110 27 0 78 10 77 137 107 51 30 0
104 60 54 65 101 114 85 48 0 145 15 20 65 133 177 59 59 25 32 56 61 29 40 27 29 8 1 40 98 128 74 0 27 98 21 0 90 135 54 15 76 28 99 0 90 0 163 76 1 27 27 66 42 72 105 17 9 157 72 167 0 103 40 65 0 73 48 35 54 15 158 5 57 62 44 35 45 20 56 36 36 27 194 15 80 170 49 8 102 56 49 25 51 110 56 169 86 94 75 190 32 165 48 0 66 120 48 42 54 0 18 32 5 98 110 0 3 74 82 72 30 74 102 110 4 157 0 5 46 91 72 112 18 1 97 154 101 0 64 60 51 48 130 140 0 47 37 35 16 0 88 17 48 241 4 61 0 80 40 12 42 91 51 150 132 65 31 144 64 26 64 127 123 109 43 114 60 121 33 170 53 40 53 0 6 60 76 135 7 65 82 7 49 88 38 47 0 73 6 47 4 0 40 60 74 146 61 60 80 63 139 64 46 0 21 61 67 64 56 11 21 52 90 0 99 26 102 71 124 41 6 22 55 89 18 153 51 5 95 6 51 41 6 7 16 29 109 70 0 79 64 72 110 56 208 117
112 78 80 10 63 0 119 88 180 123 98 77 140 67 45 7 107 42 123 190 66 12 150 0 72 73 2 130 6 158 84 45 48 166 102 72 86 120 69 41 21 81 91 0 32 9 71 166 54 132 0 112 71 83 72 147 110 81 52 20 177 141 172 73 42 77 78 12 76 39 81 93 143 125 38 6 18 59 54 45 164 61 0 96 66 62 111 102 95 102 80 166 61 5 165 97 0 35 141 32 68 55 12 202 194 81 72 133 8 107 94 149 0 196 0 56 26 121 99 157 65 0 110 31 24 86 101 99 46 8 30 4 31 70 137 0 81 107 143 63 131 87 116 134 84 48 48 14 110 40 126 104 81 127 171 84 82 8 194 44 39 13 64 161 111 16 0 117 18 105 223 81 79 62 70 28 49 121 14 196 56 72 323 140 134 0 165 27 36 55 63 0 48 54 48 40 6 145 176 21 36 7 24 99 41 187 83 56 89 54 61 179 181 77 0 172 111 130 67 89 2 177 119 0 74 80 122 111 54 75 181 45 184 104 35 170 131 0 228 0 61 85 76 178 113 22 82 112 63 80 10 143 209 73 26 143
58 57 42 14 26 39 0 9 85 68 32 17 41 0 24 35 12 82 90 0 9 15 54 67 5 88 76 5 5 24 48 0 78 30 9 70 72 17 0 63 4 0 3 14 32 30 0 0 0 0 42 205 126 126 0 18 0 36 71 4 18 113 123 8 54 72 44 70 0 107 0 20 94 28 2 7 89 117 0 33 0 102 0 63 56 10 0 123 211 0 39 0 140 93 12 20 8 58 7 48 56 148 31 281 0 44 0 59 37 8 30 58 71 16 68 17 0 51 142 85 67 18 54 53 4 79 0 66 18 0 5 23 36 37 38 78 3 1 14 12 81 36 37 59 90 30 12 28 101 51 21 50 8 0 8 2 0 49 93 30 64 151 0 6 63 0 35 81 7 5 130 18 58 62 40 0 83 36 48 40 0 14 2 0 9 34 12 12 67 8 81 44 11 96 7 48 2 0 8 180 81 27 55 36 28 40 66 32 74 0 41 0 64 0 57 168 14 22 17 15 27 10 9 16 131 14 18 86 68 24 0 142 56 9 64 34 67 109 2 2 53 77 45 43 43 0 0 43 20 0 65 59 108 46 20 28
66 65 96 15 53 1 14 72 42 28 7 0 134 0 129 93 82 54 42 69 18 141 60 0 10 153 56 126 0 76 12 50 27 87 0 126 135 97 10 0 117 27 68 0 125 24 56 21 52 138 43 21 169 58 5 16 123 44 16 20 111 115 208 9 15 34 51 10 82 64 20 71 34 0 76 35 50 72 156 46 50 30 93 0 28 30 20 68 75 77 18 48 54 12 68 48 0 18 18 132 35 59 27 21 90 72 84 85 48 144 0 12 27 72 72 8 54 132 18 71 16 21 12 66 40 54 18 0 57 25 28 3 70 14 98 170 96 15 57 0 81 121 101 159 0 37 58 42 36 9 90 120 116 59 42 127 72 54 11 21 36 5 27 33 58 31 18 4 24 6 55 10 4 136 93 89 4 69 171 18 130 164 3 123 45 42 99 114 48 101 55 30 135 178 15 46 9 27 9 89 48 49 42 42 24 11 60 24 0 74 35 40 0 15 53 0 74 36 4 57 0 52 7 35 0 75 3 21 51 27 54 92 115 132 6 63 81 0 75 12 14 81 0 78 14 2 66 112 8 51 6 72 0 44 153 66
219 190 0 124 35 18 63 106 69 123 115 20 25 21 53 152 35 89 141 104 50 3 49 78 84 56 66 89 4 44 56 0 140 23 207 0 77 194 52 16 101 171 122 0 48 140 113 81 207 0 181 127 27 6 93 147 99 272 21 225 75 18 0 143 78 35 164 81 108 9 118 175 79 186 35 7 201 51 48 132 49 0 119 108 31 115 50 225 78 100 126 21 63 54 48 65 108 69 176 133 147 279 84 180 146 56 73 79 162 24 131 126 15 105 60 78 296 113 0 24 61 79 128 0 16 1 72 92 56 34 112 48 69 166 18 44 0 0 60 113 0 60 73 146 42 53 67 50 16 78 77 63 95 24 196 97 0 0 71 72 73 0 38 54 0 0 42 0 44 97 87 0 82 52 96 51 27 81 165 44 54 57 120 14 42 0 0 129 60 140 42 48 30 110 131 70 159 68 209 52 18 43 61 54 60 143 182 108 115 42 3 182 26 7 67 87 63 54 147 132 45 73 126 59 55 84 0 159 33 95 96 176 18 127 4 70 202 28 13 40 29 49 39 68 65 24 52 63 14 77 142 33 130 59 138 54
11 48 0 0 23 12 40 24 77 6 40 0 62 108 98 66 77 34 37 0 12 148 0 45 0 88 0 102 78 25 99 84 8 0 8 0 179 28 36 0 0 72 32 0 100 72 86 0 70 90 0 21 4 48 63 45 135 105 88 28 0 38 59 104 54 34 88 0 16 40 0 44 0 32 36 74 61 0 95 0 115 3 77 119 18 103 0 0 38 0 44 125 0 0 3 26 56 0 62 36 0 30 85 21 140 36 3 11 69 21 26 4 0 72 97 20 0 6 33 31 46 9 81 54 48 40 12 16 64 24 83 0 32 30 70 82 6 0 42 63 75 33 35 75 58 8 60 92 12 81 63 0 165 50 46 0 60 0 77 24 0 4 10 16 0 0 14 77 0 24 157 27 145 80 82 37 20 101 101 64 66 55 79 0 21 27 0 98 19 40 24 28 48 81 24 0 0 76 0 58 68 0 27 125 15 68 93 12 10 49 69 72 79 0 9 30 32 61 52 28 0 72 45 36 131 63 0 30 101 72 16 20 38 175 36 36 72 51 18 0 2 69 0 14 1 8 74 9 0 16 0 6 0 30 80 32
179 167 9 66 52 28 100 114 18 78 61 26 56 121 98 150 22 72 109 57 95 46 32 71 91 46 80 83 32 58 6 75 109 142 0 4 41 155 72 8 66 72 30 42 0 71 40 60 108 5 105 48 47 65 80 85 41 74 14 71 76 121 3 119 68 20 132 79 50 15 57 132 112 15 49 3 39 0 42 21 27 47 0 24 115 127 45 14 84 38 188 0 63 91 127 124 90 49 122 40 37 114 19 133 114 27 19 95 60 43 91 121 1 96 0 3 197 21 107 16 100 54 23 8 66 127 18 21 20 49 90 79 145 0 15 18 33 40 80 0 54 15 61 118 245 25 25 62 1 97 45 17 42 83 90 49 35 10 48 119 32 66 40 49 71 14 46 121 98 51 94 57 42 52 64 80 43 63 18 96 87 17 60 0 42 33 35 85 42 111 29 63 79 143 8 205 74 63 60 32 5 4 5 105 19 85 14 27 108 98 60 101 43 58 22 58 129 28 54 20 56 40 94 45 38 35 9 33 90 40 10 117 111 33 6 105 46 0 104 35 4 44 6 47 65 43 19 0 68 7 135 129 0 129 56 6
58 141 83 56 96 142 96 70 70 62 88 42 147 0 106 38 112 132 116 63 12 53 120 42 58 86 86 179 55 7 24 93 104 174 14 68 46 112 20 52 40 29 137 22 69 88 44 56 70 59 40 30 79 134 93 6 107 109 16 123 118 53 174 64 20 46 47 76 28 56 49 10 18 4 36 71 53 130 48 148 109 48 37 36 6 76 0 26 90 94 64 116 83 54 217 69 66 111 131 86 177 153 12 45 13 78 140 94 0 35 119 30 125 36 0 80 12 6 90 86 85 42 8 52 100 32 40 4 75 50 113 243 0 83 206 72 64 21 96 84 30 116 144 133 56 66 24 12 65 44 100 88 131 32 9 88 124 18 167 43 0 95 108 93 16 141 4 44 8 22 8 25 19 56 163 61 146 71 52 32 98 29 54 151 80 58 12 67 42 133 111 56 58 8 0 35 125 76 86 120 24 84 56 45 8 5 33 20 34 188 49 40 40 45 43 26 87 54 8 126 33 163 110 0 0 49 80 16 139 48 0 57 46 119 36 63 9 72 130 22 54 134 111 119 80 44 32 49 52 52 16 152 40 66 118 6
56 49 24 40 65 48 9 21 114 105 76 14 130 12 99 121 40 105 68 76 10 48 0 20 70 6 28 113 25 54 78 7 0 84 235 54 49 26 0 0 65 18 72 12 62 113 56 25 98 0 54 90 0 86 15 56 83 93 0 48 127 12 106 48 10 54 117 0 68 33 66 48 40 54 7 84 6 71 78 73 112 36 90 135 42 7 57 78 74 23 44 28 116 0 67 18 0 94 164 7 14 126 129 174 44 98 73 58 24 143 0 75 60 102 0 0 0 62 93 12 40 14 96 0 28 72 0 83 105 38 0 32 140 12 14 32 104 49 27 0 37 45 140 132 0 0 97 21 196 46 16 40 0 48 118 84 72 20 81 18 42 69 12 77 7 32 0 99 21 0 0 2 12 54 191 12 29 118 29 64 43 58 147 91 106 0 49 96 60 94 10 66 56 54 14 120 18 132 83 9 0 0 36 53 0 82 91 17 38 180 7 28 95 24 110 101 74 0 61 136 21 184 46 16 36 28 28 32 68 24 181 44 6 68 9 42 72 35 20 12 8 63 42 93 8 119 28 71 4 64 139 15 99 54 57 6
8 2 49 91 64 97 137 9 54 87 136 69 52 2 254 9 27 146 12 12 0 21 30 20 62 54 9 15 27 56 0 9 116 39 105 83 35 42 40 5 87 14 76 0 5 0 0 134 146 3 45 63 19 5 38 78 16 74 16 0 52 36 42 3 55 10 17 42 75 86 59 20 0 43 28 95 20 84 39 48 43 33 78 83 16 9 63 24 108 15 90 12 70 72 25 73 77 106 86 130 56 83 21 16 27 14 117 10 18 65 88 73 54 46 91 9 7 84 0 6 8 7 15 1 27 18 0 25 17 7 57 50 12 70 95 93 37 30 12 5 0 25 32 81 151 71 82 39 21 28 8 20 92 50 42 52 39 24 116 127 125 70 17 43 70 9 0 2 21 6 92 108 6 117 5 72 27 50 108 158 48 90 95 49 61 14 63 6 104 18 48 53 0 0 0 114 51 20 62 109 19 77 67 173 27 119 0 30 65 78 25 18 32 0 0 100 5 0 32 27 30 101 49 36 0 69 5 42 67 16 59 59 1 95 57 66 250 0 29 3 29 32 64 74 5 57 23 33 139 0 49 145 71 78 7 18
214 137 63 32 30 77 108 30 73 4 12 0 131 151 58 225 73 42 6 0 27 50 65 210 105 72 42 41 51 0 0 0 40 36 88 53 68 80 10 34 0 14 10 42 54 40 95 69 94 92 65 110 54 32 51 114 162 122 103 0 45 0 57 23 18 47 0 32 135 42 0 170 77 78 4 31 103 27 0 0 37 12 45 10 122 75 6 45 96 0 11 126 75 39 32 40 22 17 249 208 153 45 23 42 131 0 81 44 191 63 74 12 37 82 84 28 126 84 153 20 63 36 3 49 0 40 21 111 69 6 43 6 130 69 51 137 6 0 83 72 130 23 82 101 88 89 24 86 66 137 9 55 126 63 76 123 71 10 104 123 24 8 53 96 40 56 14 107 0 0 52 92 24 64 49 97 211 113 85 72 67 181 200 73 63 43 28 221 27 115 32 117 40 56 180 136 77 28 80 170 80 74 87 65 20 0 78 81 57 75 0 47 81 45 41 40 32 30 218 130 146 83 102 46 90 25 110 45 26 47 11 51 0 107 40 92 174 49 24 3 143 8 80 143 35 75 42 56 34 50 161 74 76 111 40 103
187 1 0 45 1 51 62 84 52 40 12 57 42 154 105 74 44 0 0 25 56 34 47 48 35 27 91 15 30 78 20 48 54 20 113 0 32 16 39 40 38 4 46 0 36 24 0 151 18 10 96 0 0 54 28 0 58 64 48 63 15 41 48 24 6 36 8 40 41 28 8 0 69 87 28 157 66 21 65 66 21 40 0 50 0 42 72 115 30 20 95 0 0 61 167 61 84 8 86 0 152 20 33 0 79 27 46 18 0 8 120 50 213 246 48 40 49 10 82 60 93 66 81 36 12 55 55 0 90 46 9 46 26 0 11 54 12 8 14 146 0 129 103 104 26 18 0 95 0 46 12 77 45 0 165 15 14 12 30 83 12 0 16 18 21 63 38 12 48 0 13 8 84 36 65 24 24 58 0 56 58 54 91 42 0 20 75 90 0 110 94 157 25 58 0 230 153 116 144 0 0 87 123 49 68 83 32 0 55 18 183 90 18 0 8 53 98 24 54 114 16 67 53 0 30 6 49 17 90 0 0 55 72 56 69 0 57 56 58 72 11 15 87 30 27 71 108 180 4 6 167 0 60 12 13 72
151 34 27 78 16 150 162 118 69 79 80 0 68 8 0 177 80 121 134 45 50 66 24 12 0 72 113 21 55 121 16 0 51 97 123 67 69 79 0 11 18 44 35 0 113 31 0 126 93 39 62 17 69 48 11 191 96 121 8 110 8 32 93 179 0 250 50 73 106 72 132 139 0 35 0 121 49 87 40 10 52 105 16 49 115 96 70 24 0 139 80 23 0 136 26 5 40 46 18 0 69 61 40 39 116 96 21 4 41 59 6 34 9 109 0 65 126 108 48 64 15 59 175 24 20 112 76 58 0 61 4 0 92 123 71 0 0 87 16 0 18 23 36 48 68 0 8 66 46 76 30 0 46 32 40 41 20 9 80 87 45 40 0 77 100 24 56 46 34 0 72 142 54 110 76 64 36 128 53 53 125 33 81 92 9 21 10 98 24 45 69 14 112 24 68 15 65 69 107 42 7 36 109 0 15 53 59 83 43 52 35 165 51 70 52 82 106 24 17 69 34 18 35 19 37 0 37 124 16 62 59 155 32 14 10 127 76 32 20 36 53 86 67 0 32 53 70 32 142 30 24 86 77 66 103 40
121 101 48 4 87 99 119 56 60 24 99 91 32 4 36 101 72 68 75 0 0 74 80 87 98 81 18 29 118 62 40 10 42 42 17 80 102 55 0 0 50 13 98 9 24 7 28 10 4 35 7 112 64 141 43 78 20 12 44 63 139 170 63 8 14 14 42 42 50 0 75 18 82 86 20 6 68 143 18 0 0 0 42 24 6 118 40 120 12 98 29 20 61 54 18 46 21 126 50 66 124 130 56 91 41 50 79 76 81 49 100 0 151 18 24 28 36 61 138 104 87 72 15 58 22 73 5 36 108 65 91 133 21 51 36 24 0 24 120 42 40 107 68 86 234 54 84 42 8 26 56 66 47 56 37 9 17 96 132 0 91 0 0 35 40 36 53 84 12 0 54 45 54 44 120 32 121 55 16 81 48 68 45 51 135 65 40 24 70 12 68 109 15 56 14 86 18 6 46 24 45 24 25 76 79 0 16 32 0 114 21 108 46 49 0 107 12 108 36 80 20 163 92 0 15 0 38 56 58 0 72 90 53 62 50 38 7 16 51 8 33 66 106 112 36 20 56 80 68 6 100 111 27 165 48 7
103 21 80 72 51 14 7 63 71 16 116 2 73 91 66 121 89 86 62 18 0 109 61 35 0 74 40 42 49 16 9 8 8 109 147 68 39 42 93 80 0 40 57 16 154 63 121 54 132 0 2 88 62 88 157 40 146 53 28 56 187 96 108 15 0 19 48 173 39 78 8 48 66 39 44 114 108 39 94 214 48 76 150 9 66 174 140 10 111 56 56 0 137 60 4 49 126 89 74 0 48 20 0 101 3 0 130 169 163 84 66 2 0 70 117 76 119 97 26 28 44 9 239 30 36 34 7 15 132 22 96 102 45 82 101 112 140 34 70 15 0 18 32 86 92 75 32 36 139 101 102 77 3 203 100 63 12 12 36 110 36 50 3 30 72 8 71 25 0 75 20 80 109 0 144 8 45 115 179 144 230 72 43 116 0 35 39 75 138 112 131 68 29 92 48 72 166 112 56 40 0 49 83 68 0 47 153 54 15 72 9 61 74 80 75 165 81 64 2 106 39 62 45 44 80 0 55 136 157 66 30 49 9 0 166 0 190 3 89 0 0 38 6 90 48 56 130 0 91 2 67 96 85 176 74 16
12 196 6 83 15 63 13 0 42 68 54 6 54 34 12 59 145 105 49 24 27 36 41 97 0 96 55 56 22 9 16 45 33 117 54 86 52 102 0 84 0 3 63 0 36 9 27 125 63 46 40 64 66 92 72 141 120 76 15 21 66 75 48 39 24 36 90 0 36 83 59 0 148 76 15 48 15 123 0 9 0 0 91 12 47 43 26 116 144 4 167 73 46 168 207 60 0 78 145 64 59 81 0 114 79 63 120 26 12 168 32 48 214 90 31 71 0 66 93 124 92 48 20 107 101 46 21 27 131 56 48 80 0 15 122 42 45 32 69 45 26 2 96 148 19 64 36 81 49 1 27 18 21 36 9 14 54 4 60 15 82 60 137 79 24 136 31 0 0 36 32 30 57 53 42 18 77 125 148 8 0 9 48 111 0 1 4 42 0 78 24 134 36 72 81 81 109 77 44 69 28 3 24 102 65 76 80 48 104 0 0 6 40 0 51 19 73 53 6 0 33 120 0 34 30 0 164 63 131 12 15 105 80 0 50 48 70 38 64 68 36 120 153 28 18 18 132 68 56 26 109 59 42 50 0 0
57 6 109 35 51 79 56 0 170 56 105 75 14 57 30 69 1 63 6 0 27 43 55 25 46 0 26 7 51 175 2 48 87 160 121 40 9 45 15 18 10 7 98 27 71 8 1 154 37 8 80 50 28 41 61 9 22 107 32 172 30 85 55 24 0 63 8 164 16 0 43 5 61 40 93 60 2 40 0 16 48 8 0 6 190 68 56 57 54 7 3 88 85 89 55 96 49 118 92 80 50 35 27 0 31 159 47 56 45 92 138 68 36 40 45 0 24 31 144 54 86 37 83 34 82 100 0 103 55 0 47 71 66 8 32 94 2 0 111 0 30 157 41 8 30 91 138 44 39 48 12 60 30 89 39 8 35 14 143 60 47 53 16 9 123 103 0 21 0 1 219 98 6 15 110 32 47 47 9 66 74 45 120 67 127 86 105 144 1 7 70 4 0 121 12 99 3 64 70 82 0 30 12 47 76 47 13 28 152 34 6 145 72 30 72 131 88 6 77 91 9 84 46 64 12 18 69 63 70 0 32 108 46 34 56 42 80 88 37 12 12 176 69 45 81 129 100 9 62 36 48 153 0 1 46 58
155 58 0 30 102 75 51 18 43 49 48 9 24 43 21 57 91 14 84 9 70 0 72 0 3 41 109 83 10 156 106 0 0 0 83 102 150 67 24 6 51 57 72 27 8 50 24 7 73 111 126 96 144 154 8 48 0 6 64 111 30 4 85 135 28 1 92 0 120 95 9 12 44 0 0 64 37 0 3 19 0 0 40 58 125 21 48 60 7 9 0 54 25 135 64 0 63 28 58 41 16 36 46 144 16 5 54 18 47 14 3 51 35 88 76 14 42 107 15 4 12 0 9 36 30 39 0 39 4 45 61 17 75 0 79 78 24 0 84 45 0 56 81 24 9 54 169 32 68 9 6 64 40 27 25 55 24 27 30 30 25 80 0 78 238 0 86 79 24 14 46 63 36 155 97 42 8 39 51 80 41 40 63 36 44 18 54 39 0 54 0 0 76 27 43 32 9 45 18 39 119 0 4 0 112 80 4 8 77 15 1 63 117 0 0 28 33 53 3 16 64 106 54 97 67 28 26 27 16 9 59 90 129 12 3 107 51 107 6 18 112 62 74 6 51 38 3 0 83 16 72 20 98 0 60 0
78 44 0 23 90 14 34 0 54 17 30 0 102 54 112 123 3 73 14 56 25 36 8 51 48 33 4 56 0 94 36 0 22 28 24 118 51 48 54 0 54 65 45 48 3 51 23 108 59 4 61 23 90 86 6 38 15 66 0 92 0 32 230 18 29 100 28 15 69 52 65 27 106 22 13 76 10 56 0 5 3 104 29 95 99 69 8 22 64 34 9 35 48 47 71 157 49 132 126 109 36 112 63 6 21 63 68 83 39 14 14 24 145 26 16 64 48 95 0 107 64 12 116 86 38 25 0 72 43 60 32 0 143 106 28 32 15 6 62 0 36 84 38 84 59 109 18 124 93 3 27 24 80 64 24 141 51 83 40 6 34 8 0 60 86 28 0 12 6 14 99 18 18 89 166 56 74 44 76 104 55 80 49 56 72 87 127 100 17 6 29 107 11 169 32 18 57 81 8 150 42 5 8 57 30 68 129 0 12 127 0 44 60 0 29 0 6 169 24 69 83 84 27 79 110 55 33 82 0 83 50 96 2 32 72 8 29 90 87 22 47 68 116 58 4 102 14 0 54 52 183 79 48 117 0 72
9 118 30 175 0 53 9 0 24 107 135 0 12 42 131 69 28 40 64 36 34 32 0 121 51 0 33 14 69 119 27 49 43 17 54 16 41 100 87 91 68 0 60 0 145 104 0 63 3 16 43 71 67 72 58 49 32 83 63 90 27 54 32 48 65 163 85 96 28 19 71 119 124 31 28 14 52 18 70 21 5 54 7 24 98 12 109 65 90 46 28 19 0 54 0 103 68 77 32 141 162 64 6 111 66 275 29 151 30 19 56 43 4 53 29 57 117 85 45 108 80 30 49 97 48 6 40 72 20 0 52 39 56 10 123 64 40 64 12 56 36 38 28 115 55 78 59 32 54 32 35 83 91 111 21 58 145 12 1 78 84 127 56 29 113 6 103 93 118 56 313 54 42 71 2 50 82 112 48 73 118 10 132 18 59 127 62 115 24 0 38 126 41 136 0 65 45 6 51 64 0 40 125 15 28 156 38 0 87 27 50 82 81 104 27 48 10 27 26 39 81 66 108 38 58 78 108 40 5 63 0 72 87 109 18 175 70 116 99 0 0 21 6 54 132 78 34 4 24 112 48 104 27 63 28 139
54 27 48 75 36 0 0 52 27 19 8 0 21 7 20 0 65 12 42 0 0 65 54 90 0 32 12 9 39 24 28 0 0 27 20 63 84 95 0 54 70 57 16 18 150 89 0 35 81 2 72 60 12 33 45 50 63 90 48 100 40 43 79 16 9 60 4 0 9 0 78 45 212 6 36 50 18 56 0 114 36 48 8 9 54 54 30 90 36 30 63 6 62 48 60 36 8 51 18 0 32 157 80 0 12 70 30 83 63 3 12 84 35 3 0 0 55 66 54 2 42 36 30 69 0 38 0 0 36 49 36 5 9 25 0 91 3 7 111 14 48 81 104 226 18 45 0 0 0 108 42 24 45 36 93 15 78 24 0 26 59 31 10 46 42 0 42 4 0 15 129 52 54 0 32 0 9 104 0 0 20 8 62 0 49 30 9 108 36 24 74 64 67 11 119 0 3 68 33 24 27 63 78 23 32 30 70 76 20 84 97 5 81 54 96 0 0 120 0 7 16 8 17 0 0 30 14 14 69 120 30 31 88 18 1 36 75 76 12 0 75 18 18 15 17 25 36 90 12 36 27 32 120 68 74 38
82 133 130 92 73 42 104 164 119 148 53 16 155 58 82 150 140 41 0 92 77 15 101 9 7 78 171 150 78 202 114 24 59 57 6 95 107 61 37 97 62 0 121 48 73 24 34 81 20 187 68 149 31 52 18 120 99 69 112 284 109 45 100 169 46 5 35 56 31 0 0 77 21 18 87 107 29 54 120 10 76 38 81 20 140 65 44 4 21 79 35 183 9 56 5 25 57 48 184 48 43 88 16 152 90 168 150 61 110 47 36 72 56 63 143 74 17 32 118 10 10 144 105 28 2 18 68 2 116 61 42 39 126 65 108 6 64 0 41 51 0 206 87 116 56 48 149 35 103 204 14 118 172 54 36 48 128 19 95 15 125 62 106 46 73 48 27 36 55 0 132 135 6 123 169 24 99 46 61 53 104 114 81 104 37 116 123 10 11 2 84 90 144 49 4 83 37 238 6 67 0 28 104 13 82 87 23 45 88 48 66 82 136 81 25 62 0 48 48 34 0 67 61 21 112 62 132 64 103 32 70 121 102 153 36 8 188 87 101 65 33 76 42 139 16 99 75 77 11 2 9 48 144 56 138 16
32 122 0 80 108 101 36 0 4 60 50 44 57 74 76 90 40 61 40 21 0 63 12 35 49 98 72 35 49 21 144 0 35 35 87 140 133 34 0 61 155 72 72 9 144 35 49 0 36 4 43 141 57 137 75 0 26 89 32 32 2 36 36 116 26 36 37 108 116 89 12 18 40 30 48 36 52 5 56 96 18 126 99 89 45 78 63 35 60 87 84 49 42 141 41 33 0 23 83 133 25 68 12 127 44 104 11 17 15 44 0 47 60 138 118 2 96 158 137 40 68 37 48 130 0 39 5 8 30 24 50 0 15 0 47 105 54 0 136 56 0 32 117 163 0 48 104 12 0 0 13 114 102 36 69 57 0 8 6 16 140 16 0 106 90 28 30 63 37 8 63 67 30 163 102 45 9 116 159 20 0 135 149 0 54 36 12 0 80 0 27 9 54 18 42 4 6 103 35 56 10 92 49 90 60 76 4 63 46 0 79 0 86 63 32 16 56 12 5 0 4 59 36 58 95 15 40 46 46 80 112 24 90 81 12 121 40 32 45 72 44 22 16 54 12 44 118 65 28 0 34 42 89 76 175 8
24 103 58 127 58 50 42 25 35 95 14 14 184 67 109 47 11 41 2 52 6 28 23 16 54 28 28 28 35 60 146 90 48 45 144 85 237 142 10 97 50 56 0 20 55 203 53 103 100 8 152 153 120 85 40 64 8 78 96 56 70 0 124 90 7 4 28 125 38 0 4 35 149 70 64 39 8 5 31 27 77 53 140 68 222 26 120 42 76 0 101 71 62 71 12 0 95 47 139 36 20 138 28 194 41 0 50 91 43 39 64 105 50 51 19 89 51 118 0 55 40 110 29 138 122 132 21 20 86 3 35 14 70 42 109 75 65 32 56 4 42 86 269 112 21 113 104 62 53 49 110 8 21 118 32 57 137 135 16 80 82 96 36 37 40 44 62 54 4 0 16 0 64 109 59 71 103 143 40 117 27 45 32 60 80 48 53 75 120 58 60 70 74 50 60 63 153 55 4 108 49 30 0 95 30 98 41 134 124 107 0 94 95 11 113 77 56 57 21 79 55 119 136 186 39 72 70 42 154 78 8 177 51 60 69 0 129 35 22 49 65 11 0 5 32 57 79 50 38 54 26 72 84 16 56 33
11 22 35 33 24 86 44 0 69 6 6 0 104 37 27 20 35 0 0 0 7 33 0 34 6 29 0 6 16 86 8 21 0 44 40 43 36 44 60 0 42 35 20 56 0 1 13 88 6 24 0 72 20 24 13 8 36 0 5 15 25 13 58 31 0 126 3 0 32 20 7 0 80 80 2 44 54 80 0 81 18 0 3 36 73 78 12 13 0 9 91 106 21 7 14 11 2 0 4 0 4 3 40 62 101 50 39 7 25 56 75 61 87 68 0 0 0 17 55 83 9 56 20 35 56 0 4 20 22 0 0 0 36 0 62 23 8 21 58 111 0 42 52 141 16 5 10 176 0 12 72 0 64 6 40 0 51 0 3 64 44 0 0 48 69 40 71 16 18 0 36 86 74 24 26 72 0 56 14 27 76 69 14 0 1 21 0 0 4 48 50 112 13 51 41 84 72 35 30 0 9 54 24 68 0 9 6 44 40 28 84 44 50 14 0 80 3 72 27 0 29 3 19 7 0 10 42 61 86 99 0 93 25 0 40 5 82 64 40 0 62 40 78 24 18 82 86 25 2 6 137 36 52 114 19 16
66 90 28 87 46 26 38 10 30 162 78 27 122 20 44 126 92 102 63 0 34 30 67 32 13 82 122 60 45 82 24 54 58 60 121 125 56 24 72 14 72 68 0 0 8 22 24 0 135 18 18 32 98 66 18 65 4 128 48 89 104 161 126 0 48 12 118 133 68 79 16 81 98 31 14 156 150 104 70 78 21 62 82 18 36 163 0 129 233 35 228 76 68 141 87 12 112 87 77 48 32 86 56 152 149 21 85 53 78 78 104 24 140 64 45 108 16 98 79 32 9 36 118 0 75 92 22 0 116 0 74 90 0 42 137 63 58 16 66 0 25 18 127 102 64 101 12 46 39 26 60 0 86 28 88 0 16 116 128 20 48 169 103 109 83 44 29 36 29 88 72 4 28 38 152 72 105 37 149 38 151 14 72 54 16 40 39 32 32 60 118 9 50 63 122 40 21 16 170 98 59 100 0 138 0 66 91 131 111 60 12 44 126 61 35 60 92 130 117 38 137 16 124 77 68 0 36 222 64 120 48 166 8 6 4 18 131 9 37 8 87 113 126 222 68 63 40 126 118 92 96 77 37 73 78 76
62 56 0 24 54 37 0 30 81 30 54 30 35 54 12 69 42 36 14 155 89 16 23 18 0 12 162 80 42 36 88 21 50 28 100 0 0 138 66 70 0 95 16 119 110 51 78 109 132 54 46 7 72 102 23 4 116 64 42 106 12 109 127 56 23 152 4 22 24 70 36 15 40 6 36 108 0 28 6 105 32 42 3 157 139 45 81 24 0 0 0 63 5 15 72 103 10 0 14 0 111 0 18 54 89 119 14 18 12 50 106 16 149 58 14 86 75 1 63 66 20 0 217 87 66 28 50 138 126 80 58 84 63 59 7 36 72 44 74 78 0 40 62 8 42 118 100 0 231 73 134 66 20 18 58 89 50 30 99 4 7 55 0 24 7 14 132 56 81 48 135 0 45 4 129 54 6 77 0 27 144 99 26 128 47 35 175 69 24 129 32 111 25 63 0 111 97 123 0 0 37 8 153 54 110 24 134 0 82 88 122 40 14 100 56 48 2 104 57 57 119 66 60 26 50 7 48 105 185 35 106 232 86 24 113 145 0 46 64 73 54 84 94 50 139 0 112 51 109 62 218 87 46 78 56 7
63 54 56 27 21 0 68 101 31 32 2 6 106 148 67 108 66 40 69 0 0 101 9 0 0 70 1 54 24 79 104 45 36 36 23 88 190 48 28 73 37 120 0 49 6 44 4 0 9 0 8 97 65 18 8 123 0 147 158 203 64 27 59 68 45 42 49 28 63 18 0 0 83 39 38 64 51 16 35 22 70 138 56 92 134 46 40 18 13 56 4 139 7 0 89 70 4 48 2 81 63 74 38 64 164 134 22 0 49 10 84 14 72 14 50 1 6 9 18 59 2 49 109 118 72 0 2 32 7 22 63 0 40 86 16 44 44 13 27 227 0 0 63 48 16 4 71 136 9 105 0 50 0 0 124 24 113 31 53 37 92 56 24 16 52 0 7 48 86 0 61 24 81 92 22 49 10 9 0 7 7 84 72 88 48 24 121 4 8 4 72 72 56 1 0 37 62 98 126 2 0 19 63 77 63 8 0 7 105 0 94 0 36 0 9 12 46 51 47 106 41 67 121 42 190 22 14 28 35 145 40 57 0 99 9 0 70 40 42 40 58 40 0 0 16 112 26 92 1 0 38 38 82 12 16 97
3 8 21 63 32 0 0 0 52 114 0 28 4 3 61 0 36 28 10 36 45 0 0 78 27 5 24 0 44 8 0 50 36 21 2 0 14 60 42 18 20 0 12 101 0 14 0 30 35 4 47 68 39 32 16 96 56 0 8 15 0 58 39 4 63 94 8 0 23 50 16 63 50 0 83 29 54 0 8 2 67 64 16 0 6 18 0 32 57 35 106 36 5 19 30 45 0 30 5 63 28 12 68 56 21 87 10 14 41 0 19 0 24 0 0 56 55 21 58 4 21 27 0 38 66 8 28 75 2 20 30 0 8 45 7 81 21 64 4 49 0 54 35 35 0 52 0 6 25 72 102 24 73 73 8 36 0 54 19 85 5 16 1 2 55 14 54 0 0 0 63 72 16 30 6 16 8 0 5 5 61 4 51 32 32 42 2 9 0 36 21 63 40 69 24 15 9 0 45 0 0 0 88 118 9 32 0 8 30 100 28 155 86 30 66 108 49 83 0 45 17 29 0 49 54 56 7 56 52 87 40 204 49 63 48 71 59 74 35 24 12 46 68 0 20 27 20 21 67 5 35 79 28 4 12 42
58 17 20 28 130 36 102 137 112 160 4 2 66 10 88 123 55 113 89 106 47 81 8 76 13 90 18 61 18 133 114 116 58 85 93 128 104 126 127 54 52 0 142 64 65 12 0 54 66 12 69 117 60 49 46 125 16 102 109 92 55 101 113 98 152 0 122 34 125 32 15 169 123 31 8 79 82 21 16 66 43 72 82 35 220 54 57 38 39 146 69 101 64 60 83 48 6 112 170 84 36 30 56 88 166 154 9 55 9 160 131 2 75 99 195 50 80 58 158 12 55 18 5 163 42 79 74 57 48 6 5 24 82 24 14 164 81 106 126 113 24 54 92 213 146 119 213 60 76 101 74 116 54 128 56 24 72 6 153 178 154 49 31 43 81 0 8 42 44 0 250 12 20 290 183 86 52 45 34 60 50 235 203 66 83 8 77 108 25 101 42 68 201 42 67 94 93 92 99 24 90 104 35 121 96 100 114 0 93 43 114 46 132 0 15 63 173 92 98 90 36 85 71 0 35 145 78 90 19 83 59 40 101 18 8 63 124 78 70 8 68 98 81 113 85 73 67 115 89 6 34 39 31 55 114 143
24 111 56 100 123 1 0 140 2 45 53 41 135 32 139 145 237 128 32 16 15 30 8 59 72 106 10 54 9 143 16 12 99 60 12 127 83 172 50 29 68 18 102 94 6 7 40 39 119 40 42 68 72 14 51 177 131 18 25 29 134 40 60 98 2 74 66 0 127 110 48 165 168 39 1 103 88 127 62 138 61 65 58 0 105 5 93 8 133 57 258 62 68 42 117 64 56 110 172 78 120 26 45 187 151 73 157 109 81 53 2 50 58 133 87 98 58 126 78 48 50 54 116 38 52 116 60 18 118 54 28 16 106 75 69 48 213 8 117 0 26 0 101 179 9 13 9 5 94 25 119 50 103 88 38 32 140 120 200 75 26 44 294 12 126 58 28 30 0 36 55 117 96 61 93 183 39 35 184 55 92 52 43 128 93 3 31 49 1 79 40 153 38 121 35 32 81 106 100 109 46 0 9 150 206 134 194 83 55 114 16 63 116 81 6 187 0 115 36 141 86 62 45 24 92 19 54 147 105 104 25 59 72 93 81 26 153 48 85 74 21 109 81 28 54 68 155 45 56 97 51 53 64 1 33 16
179 144 119 12 35 25 215 84 125 19 22 70 118 225 108 27 63 63 138 31 32 0 47 122 156 10 63 167 65 131 57 0 171 227 45 68 30 121 64 61 40 49 155 8 55 24 43 113 18 92 32 103 51 103 18 153 20 110 14 160 173 92 64 110 42 84 0 145 96 55 18 90 68 55 70 106 24 16 92 25 188 27 58 24 76 102 1 76 42 0 121 57 83 80 61 72 81 52 92 38 46 97 54 194 35 36 38 56 181 14 219 57 30 73 139 17 48 129 120 122 42 54 104 114 12 68 74 72 58 145 106 6 0 36 72 179 41 34 242 113 12 168 107 94 20 37 50 9 40 18 29 50 143 122 65 129 36 29 142 71 23 28 4 22 183 0 47 44 135 54 88 56 50 71 116 64 0 108 32 69 41 44 92 0 135 92 107 34 13 0 8 120 80 141 27 106 87 164 102 24 32 88 82 56 0 139 24 36 61 141 42 205 69 71 40 94 88 30 94 97 17 112 102 48 97 32 64 27 86 57 115 25 0 52 61 54 107 57 107 68 43 126 71 13 139 142 143 67 64 15 72 166 142 41 48 83
114 114 72 18 4 20 21 0 86 24 60 14 0 86 92 167 32 63 34 0 0 46 197 66 16 136 52 0 87 57 88 20 118 0 134 12 154 45 120 56 6 28 0 0 42 10 2 40 85 9 40 45 105 24 29 0 150 62 73 69 32 31 68 8 50 56 0 151 0 33 31 0 29 143 45 13 154 30 30 73 0 17 101 62 154 85 63 133 8 70 25 48 13 59 18 62 21 112 12 54 36 8 37 57 130 48 16 60 118 10 143 27 46 94 5 78 76 97 96 51 111 38 174 48 114 12 103 64 138 64 132 34 0 0 12 83 32 12 9 24 76 48 10 84 104 44 115 40 2 233 0 136 7 20 104 12 112 23 58 1 18 0 9 72 0 14 84 0 0 0 144 0 65 72 66 32 103 148 70 27 30 92 81 67 161 21 21 157 0 3 90 27 67 96 52 20 84 0 104 56 122 45 108 91 67 5 91 8 127 18 18 78 90 0 11 84 41 64 73 54 23 5 102 5 119 24 117 119 134 93 70 86 46 0 44 10 152 0 0 8 47 86 28 37 82 5 156 0 32 26 90 18 8 24 140 0
133 60 0 0 82 51 130 51 18 101 109 57 18 0 110 63 40 79 28 28 0 45 0 57 49 35 0 14 18 98 0 15 111 2 94 0 0 17 18 0 24 4 114 0 0 9 8 21 39 18 93 46 0 42 18 72 8 57 39 56 63 104 0 112 41 98 184 12 0 39 28 0 51 0 0 19 30 44 0 57 9 30 40 0 0 133 35 32 51 93 138 106 10 111 0 71 0 135 141 12 35 61 32 44 80 72 69 88 77 164 71 0 42 0 59 18 42 30 159 0 93 27 28 0 29 94 18 83 6 100 149 58 63 0 22 0 122 15 83 21 3 35 58 189 98 45 124 7 36 18 101 7 20 63 16 42 0 7 81 68 56 58 47 23 75 5 7 0 98 30 109 107 124 59 36 0 0 49 0 77 131 56 108 36 66 53 32 3 56 0 2 54 0 142 41 72 15 40 76 71 39 6 22 40 53 54 9 30 87 15 0 0 155 18 14 76 68 49 30 47 77 58 54 22 96 61 0 54 108 22 105 81 21 21 14 78 186 104 6 0 8 183 38 57 60 7 137 18 43 6 60 82 0 81 134 80
48 12 34 9 42 32 84 9 105 47 94 21 56 40 113 71 0 70 81 0 36 112 9 8 21 90 15 57 35 16 28 43 20 113 92 47 97 24 0 63 28 0 21 36 46 16 35 58 28 42 51 24 27 92 117 42 36 16 3 57 21 63 117 70 96 32 40 39 0 24 18 0 134 28 54 42 0 18 48 126 14 119 80 0 117 100 0 21 92 0 40 31 162 116 105 22 96 110 74 32 90 79 81 35 24 42 0 36 0 6 92 45 52 0 62 83 27 18 106 185 0 17 82 0 88 48 36 56 23 108 6 54 8 32 43 144 21 56 24 18 36 0 70 147 21 65 81 10 0 79 30 40 24 111 25 0 69 2 99 54 4 144 47 37 55 0 15 9 48 35 121 0 36 16 61 0 28 118 30 20 64 69 108 88 92 32 28 96 63 7 68 24 0 6 72 42 52 61 82 68 0 36 0 47 84 20 54 123 106 55 8 57 122 3 41 28 121 24 59 0 40 22 77 0 95 28 96 110 283 60 139 48 101 0 31 81 60 0 20 64 0 89 151 39 58 51 30 21 62 12 71 37 0 76 159 0
69 57 115 98 144 118 195 0 187 8 99 111 77 47 111 347 205 65 64 47 15 54 47 122 119 23 165 160 139 64 77 0 29 101 23 108 0 64 50 35 162 58 148 14 9 0 57 120 17 166 111 60 74 54 8 134 45 95 81 9 148 36 129 120 68 87 24 111 100 130 38 72 80 1 53 64 165 73 56 97 24 129 28 14 89 45 17 169 132 40 68 52 130 137 36 71 53 222 68 4 108 0 185 155 12 43 144 172 122 123 45 0 75 59 60 87 5 42 97 36 81 45 20 37 81 60 40 18 50 102 68 172 16 27 73 123 104 18 185 0 80 33 69 190 102 123 90 58 88 48 160 65 52 52 23 24 70 40 53 58 179 94 24 185 126 0 138 38 102 11 66 46 103 148 4 59 133 50 24 95 175 159 18 32 86 150 0 9 100 71 88 147 120 117 152 99 47 77 128 106 63 88 40 84 136 46 72 7 69 145 88 126 121 45 5 156 44 13 16 158 84 178 160 41 56 2 72 96 70 103 69 110 81 72 10 211 27 164 54 100 129 233 108 37 94 121 123 69 84 58 27 127 64 82 118 44
59 179 107 233 56 134 75 40 80 32 38 37 24 77 66 70 59 93 48 0 25 40 57 6 26 129 7 100 75 181 16 167 18 41 8 13 199 40 72 5 56 84 32 54 0 167 18 90 131 0 147 40 62 87 4 77 81 118 0 89 41 20 56 5 37 59 77 63 13 21 71 90 7 19 8 30 36 88 52 24 0 122 117 107 139 79 117 81 83 98 97 120 41 101 123 41 45 45 154 27 6 113 80 108 116 56 57 65 65 88 109 39 72 202 21 4 113 67 72 58 69 129 86 99 0 12 28 113 45 40 187 28 60 115 38 20 48 56 0 24 72 71 7 130 30 21 18 70 114 9 6 18 55 0 142 104 8 27 66 40 77 6 36 121 155 14 25 29 3 50 5 63 96 48 59 158 57 174 57 60 112 35 113 35 49 16 0 114 105 119 72 14 79 173 132 71 45 81 111 66 40 27 44 90 49 10 54 74 76 79 11 35 48 171 66 34 14 5 118 39 97 123 41 47 86 15 62 25 93 111 122 107 107 50 35 49 61 102 26 8 37 114 104 165 47 147 61 123 72 16 146 12 65 14 196 116
95 148 63 104 167 27 145 131 55 59 116 18 27 181 101 34 84 140 69 69 24 0 24 59 40 97 56 125 27 45 111 18 0 172 23 153 166 176 18 55 83 14 97 36 32 54 0 0 151 14 131 54 10 26 95 89 8 40 23 54 109 74 133 24 66 26 76 40 206 44 6 36 116 80 73 78 4 105 23 0 111 49 146 11 35 132 0 118 35 49 67 140 56 42 119 43 0 92 153 65 59 121 153 180 153 32 209 100 76 122 51 0 111 34 10 0 54 82 24 36 91 24 53 8 130 139 33 24 38 108 98 7 49 28 28 86 8 70 61 56 6 60 35 244 72 50 51 89 56 54 18 71 100 71 78 45 98 45 153 90 22 9 76 104 57 14 52 129 44 15 106 0 105 91 25 0 0 123 8 70 0 86 79 13 67 42 0 48 121 0 56 60 62 191 97 99 104 77 160 216 68 70 52 105 20 85 0 7 14 89 132 114 116 0 76 128 130 66 43 189 186 18 71 192 96 10 16 0 82 0 24 211 130 49 63 16 0 3 18 47 164 100 0 108 61 52 92 85 44 75 171 125 72 108 0 67
20 88 8 10 20 189 21 48 153 24 14 6 174 110 101 166 37 37 84 0 0 65 41 38 0 96 48 6 40 51 62 0 64 0 64 0 118 66 39 0 46 42 3 44 4 4 81 0 56 36 8 52 40 12 0 24 48 82 28 103 42 82 115 48 121 62 83 0 47 64 6 46 0 60 33 84 4 8 12 27 86 105 138 30 77 45 9 0 101 17 54 8 106 56 33 26 36 36 122 58 21 96 7 33 201 90 33 8 27 24 62 111 84 37 0 30 33 48 47 41 8 52 26 9 74 0 48 64 26 142 9 18 51 48 34 128 53 23 79 41 126 39 10 51 24 109 58 84 108 161 61 44 2 64 50 49 130 45 6 127 22 89 17 75 37 0 127 99 42 10 29 10 13 4 116 36 27 17 54 83 27 27 37 28 51 5 71 62 4 12 66 0 89 13 34 33 100 135 57 18 31 76 90 6 20 36 32 22 99 70 18 0 209 0 84 152 4 32 73 52 46 40 66 37 5 60 85 58 84 92 88 100 98 173 40 39 42 76 18 102 90 58 28 10 76 8 66 45 82 113 61 218 32 16 65 207
32 12 0 15 48 0 0 35 25 30 0 36 133 0 92 25 42 12 0 0 0 0 0 0 5 42 28 9 0 4 10 0 95 0 24 56 96 120 20 0 36 12 58 54 15 28 16 46 40 0 0 32 15 0 25 19 25 40 33 6 51 0 148 81 58 36 14 28 192 51 0 110 16 0 20 107 47 15 34 70 15 32 116 9 0 55 27 0 71 36 95 8 35 32 154 0 38 0 116 37 27 19 55 28 4 47 28 0 40 9 0 4 0 9 50 12 27 42 20 0 0 36 20 0 0 0 4 2 79 4 0 26 0 0 18 0 40 18 47 0 20 6 44 20 9 102 7 48 25 6 129 24 40 97 0 46 0 0 35 88 72 30 8 83 54 18 0 0 18 0 30 99 28 73 90 0 35 12 69 0 36 22 0 0 15 51 54 0 39 54 38 0 0 0 0 48 162 2 30 0 16 59 51 177 18 32 0 51 45 32 4 60 12 40 11 75 40 100 39 0 128 109 49 64 28 17 48 69 48 57 9 1 45 0 15 0 30 52 56 9 60 2 0 42 0 15 61 5 18 25 99 8 7 54 18 0
167 177 18 39 30 50 116 89 149 81 34 0 135 0 69 162 155 169 119 63 13 70 54 76 129 62 37 214 21 33 72 38 88 75 50 150 3 42 56 151 105 91 9 0 78 18 101 35 222 59 108 36 90 150 45 114 66 234 18 203 134 60 77 173 102 0 36 16 136 42 68 12 56 126 36 138 51 12 9 99 90 115 51 23 118 135 0 123 125 85 96 36 135 152 90 68 135 12 211 190 121 77 102 66 57 69 72 17 105 130 164 14 63 31 17 88 162 66 104 100 55 63 61 32 74 166 24 151 71 84 36 72 14 54 70 81 46 64 187 132 58 20 30 211 66 44 97 17 107 141 18 82 108 168 81 134 87 97 44 56 145 36 0 100 209 48 45 41 100 31 56 32 76 148 103 63 14 69 53 56 68 49 18 195 37 97 3 118 66 60 99 70 118 41 270 109 79 167 82 129 63 147 20 58 0 21 31 11 89 63 68 84 118 9 31 66 131 82 195 4 146 99 234 1 0 44 109 30 138 147 83 81 73 81 85 125 169 4 10 10 41 64 124 119 0 157 98 99 205 47 102 76 87 134 150 82
64 78 56 80 12 24 65 30 151 102 32 0 130 18 166 21 146 81 134 30 96 20 0 171 133 23 0 141 28 4 18 127 55 32 26 108 150 142 58 25 65 18 42 92 9 158 0 117 122 99 42 106 72 81 10 94 91 52 2 88 52 189 46 91 64 109 53 31 66 0 5 66 226 12 137 81 106 174 92 0 54 72 146 83 144 80 79 21 73 27 147 82 112 33 102 18 0 25 38 117 33 71 49 162 75 54 96 31 34 64 102 14 19 12 190 69 95 42 81 135 0 70 0 23 52 12 39 42 134 24 0 6 38 113 94 28 13 21 105 98 8 36 52 167 81 15 0 0 23 0 49 0 314 143 73 51 114 14 40 2 71 0 42 12 53 12 47 81 38 9 153 23 104 90 16 97 79 89 0 0 56 52 45 6 128 109 15 48 67 29 17 97 65 115 65 69 84 81 36 64 35 10 27 86 40 65 117 68 127 42 25 167 54 79 124 21 82 29 58 34 42 138 54 99 59 14 4 69 125 118 75 126 90 186 49 20 64 52 36 41 40 107 74 31 86 109 39 15 94 32 75 102 129 0 81 18
53 12 49 6 30 59 92 40 87 10 0 111 13 44 52 104 0 5 58 3 0 20 15 50 54 4 125 98 17 66 0 54 27 80 9 9 6 177 54 45 10 31 59 0 4 95 72 193 46 8 75 14 90 72 25 16 16 82 28 69 163 18 7 118 23 59 14 10 12 101 12 18 137 2 32 60 24 28 15 82 64 6 7 14 44 123 18 61 41 133 40 65 16 127 41 83 8 53 166 5 64 99 21 114 9 92 49 181 70 62 104 17 0 10 68 8 29 22 65 13 87 49 12 72 8 118 6 87 120 32 30 56 36 7 8 109 6 5 54 7 43 28 51 105 2 61 47 56 89 60 18 9 81 36 52 51 28 5 42 19 75 37 19 0 210 56 4 7 56 21 80 0 64 72 33 0 116 18 106 41 85 51 69 35 43 64 105 47 14 32 0 8 91 161 12 7 91 5 52 34 102 19 18 13 30 32 0 44 156 109 37 55 131 27 0 32 99 25 151 83 6 51 137 16 125 101 30 22 42 31 13 98 30 0 0 57 36 60 47 0 51 227 45 23 99 108 64 16 7 34 0 6 21 18 65 12
42 43 81 154 23 140 135 24 35 1 81 92 63 14 71 135 58 7 29 87 131 87 45 26 36 53 42 104 57 149 16 125 30 51 22 53 57 108 68 27 60 6 147 16 6 50 45 140 47 70 81 69 144 106 16 43 16 4 123 75 68 27 60 15 24 97 97 44 83 27 38 81 0 72 24 30 55 197 0 67 59 49 99 47 144 78 31 52 21 64 63 80 27 120 68 77 9 48 153 134 79 124 51 86 157 3 53 69 86 198 63 0 34 141 53 9 0 87 21 75 65 75 48 54 17 0 13 18 51 93 30 113 48 24 120 107 70 45 27 12 54 49 21 60 45 43 119 72 12 105 113 49 2 53 68 16 21 0 75 5 180 48 10 30 55 53 12 41 54 15 39 14 73 96 42 112 71 114 58 114 102 124 75 103 23 10 30 30 54 99 30 69 66 48 22 18 68 24 39 0 18 25 152 211 119 42 54 95 34 48 53 15 65 119 0 66 35 42 69 99 28 70 62 67 76 15 27 39 88 84 35 170 52 0 0 106 57 30 12 10 80 121 218 122 47 49 12 79 95 2 22 6 109 64 11 38
45 65 0 0 15 93 142 78 28 80 64 1 92 56 63 44 14 24 32 0 4 0 28 25 35 88 16 24 57 57 44 46 52 14 0 37 23 0 51 57 56 22 41 0 30 37 81 73 62 16 40 63 44 44 40 0 0 30 56 40 63 29 30 17 32 71 0 62 56 22 32 32 29 46 6 99 104 0 0 5 28 62 88 86 91 0 8 67 123 34 105 94 68 18 35 0 18 34 117 109 143 52 46 116 53 30 76 23 100 12 56 24 36 4 0 66 59 64 135 17 62 17 16 41 0 36 0 59 24 4 25 97 97 0 5 32 82 0 30 103 36 3 134 52 124 12 11 32 10 0 53 40 49 2 0 134 44 53 38 46 10 56 34 30 41 0 0 25 0 12 127 49 18 34 114 0 99 5 20 128 38 55 38 8 68 4 7 82 8 73 15 98 10 0 5 2 2 67 0 66 74 71 12 92 30 4 0 46 33 120 8 26 16 0 24 88 52 73 64 10 30 85 73 6 15 10 42 77 139 55 8 48 0 217 0 0 89 108 44 13 0 34 12 27 76 0 58 59 4 8 80 110 57 0 8 16
8 90 72 70 11 133 181 9 146 59 0 21 116 0 125 190 60 64 0 84 6 45 90 124 22 33 96 72 80 72 44 0 136 71 10 32 61 111 116 0 16 0 9 136 9 37 36 24 8 85 21 120 53 106 30 61 126 112 28 80 35 8 87 72 36 37 7 46 63 100 87 40 64 9 24 120 24 80 0 4 123 126 44 36 44 96 8 0 62 68 159 0 71 41 93 120 3 144 84 78 52 100 0 54 33 3 107 108 109 12 30 81 109 82 0 86 50 80 20 124 109 72 47 120 82 0 8 12 8 58 9 48 18 105 27 70 16 55 93 0 54 116 0 68 19 81 44 72 57 115 24 39 45 87 12 84 2 54 68 0 0 36 9 57 51 22 136 11 64 18 28 161 91 144 89 16 137 33 87 185 26 88 72 39 17 138 64 80 12 84 148 115 54 64 103 60 72 167 64 96 17 28 139 73 81 53 0 40 40 89 48 152 81 125 60 116 103 147 110 115 43 33 15 21 3 24 90 65 76 73 32 130 101 26 88 92 54 112 37 8 45 164 27 0 0 84 8 50 104 41 129 72 39 32 85 117
