65 77 66 62 66 70 59 61 69 64 66 65 70 58 70 64 73 70 70 67 71 68 66 65 66 67 68 68 70 69 79 64 66 71 68 65 64 74 70 62 69 71 83 69 68 74 62 72 65 63 71 69 69 78 62 70 60 70 69 63 59 67 63 65 71 70 65 70 64 68 66 68 62 72 73 71 68 74 60 55 74 68 70 67 79 72 72 67 74 61 58 73 68 74 74 68 63 60 76 72 71 64 72 65 70 70 71 67 64 72 65 68 60 70 71 59 59 72 64 59 59 65 65 70 73 69 65 63 65 66 71 59 82 68 74 54 65 72 78 67 60 73 70 67 64 70 66 67 67 74 77 58 71 70 65 64 74 67 69 71 61 76 62 59 65 75 67 68 72 61 67 60 67 72 62 67 63 66 75 72 66 68 63 72 67 71 63 79 67 66 65 55 68 69 65 66 68 66 66 64 77 65 66 64 66 80 60 63 68 61 69 72 74 68 61 63 78 66 65 64 68 73 75 75 69 82 71 66 69 79 74 83 72 68 63 69 62 76 58 70 66 76 66 67 53 66 67 71 70 75 67 71 66 65 65 66
68 71 66 51 56 66 55 62 73 62 62 61 63 58 67 64 63 67 68 66 71 67 62 65 60 71 60 59 67 66 69 58 68 70 64 58 58 70 61 63 61 65 68 55 70 64 60 68 65 56 65 56 66 71 57 61 55 62 56 57 65 56 62 70 76 59 70 59 64 64 60 73 61 65 68 61 65 67 57 49 70 62 60 64 66 63 64 56 67 65 58 60 59 67 64 51 54 62 70 73 67 66 67 58 68 53 58 61 62 69 64 63 57 64 57 63 59 72 64 58 62 55 55 77 65 67 71 62 58 65 74 60 68 67 60 62 64 67 68 68 66 58 67 75 60 67 65 70 69 66 75 54 70 60 62 64 65 67 60 73 62 66 60 60 55 67 62 63 65 62 63 60 65 68 65 62 70 61 68 71 73 71 57 70 54 78 58 81 54 68 60 58 57 69 56 60 54 69 61 57 72 52 69 59 63 68 66 56 59 64 61 69 67 62 57 70 63 69 66 67 63 59 60 66 64 65 60 63 67 72 69 70 61 64 65 57 64 72 50 60 73 67 60 69 57 66 60 73 59 66 63 70 61 66 58 67
64 64 63 48 58 69 58 52 65 61 57 66 69 49 66 65 62 68 72 58 67 73 57 57 54 64 64 58 57 56 63 52 56 69 57 61 54 60 57 62 70 55 58 62 52 55 61 63 65 55 61 56 62 63 64 61 58 60 59 62 55 61 59 58 69 60 57 61 56 61 55 59 57 63 55 54 61 68 56 47 63 51 56 58 59 57 60 54 67 58 52 60 58 59 64 57 53 55 65 58 61 67 64 59 59 57 64 60 68 71 64 62 54 53 61 60 49 68 55 42 69 47 56 65 62 62 60 58 52 65 65 52 69 62 53 57 64 63 66 58 60 62 59 67 50 66 60 62 63 62 66 47 69 54 57 52 64 63 61 64 63 60 60 57 53 69 63 61 59 58 59 53 66 63 53 59 64 62 63 60 71 67 55 57 59 65 61 66 60 60 59 56 57 62 60 64 55 65 60 59 67 61 66 59 54 70 53 58 61 56 58 64 65 63 55 69 61 54 66 64 61 58 59 66 61 67 59 51 71 73 68 69 56 63 54 61 63 58 52 54 62 58 65 63 56 59 64 68 61 59 66 64 61 62 62 57
60 70 64 62 63 68 61 59 72 67 59 68 66 58 63 69 68 60 70 57 67 60 63 55 57 73 69 61 63 59 63 51 63 68 65 58 62 68 56 63 66 64 77 65 67 62 59 65 60 51 62 60 67 67 59 66 59 63 65 66 61 65 66 57 71 56 62 72 66 64 59 66 62 66 61 60 64 66 62 50 66 63 62 60 75 68 66 58 64 60 63 64 69 66 68 61 59 59 60 58 66 62 60 57 66 54 67 60 71 76 69 57 53 51 59 69 53 65 58 51 60 55 58 66 70 62 63 57 53 64 60 59 70 63 58 60 63 71 69 54 60 68 66 62 56 58 62 61 68 70 70 50 69 65 56 55 61 65 64 65 64 65 56 63 69 66 60 64 63 55 68 66 65 61 57 60 64 62 71 62 68 72 54 62 51 70 61 69 62 59 61 49 68 73 56 68 55 63 60 55 70 63 61 53 61 71 60 57 73 57 61 61 71 65 62 75 69 62 59 64 70 67 63 65 63 63 67 62 58 71 73 75 67 55 60 68 62 70 59 61 60 65 63 60 51 65 64 57 61 75 64 67 64 72 56 56
68 71 69 56 60 70 62 59 73 67 69 71 67 57 75 60 69 70 70 65 76 66 55 71 58 63 71 67 70 64 75 66 69 71 68 65 61 70 56 67 70 64 76 64 69 65 65 72 69 61 67 62 64 68 67 73 68 70 67 67 65 58 71 57 78 67 72 72 69 63 70 74 64 69 65 61 65 77 65 53 71 60 74 69 75 69 69 63 68 64 65 65 64 67 58 60 66 60 79 72 71 65 74 62 64 67 62 65 77 78 63 71 62 56 67 68 67 78 65 61 62 60 65 75 70 69 68 60 65 71 68 65 82 72 63 72 50 71 71 67 66 70 68 70 56 69 61 73 69 76 77 56 67 69 64 66 69 67 59 76 67 59 61 64 66 64 61 69 74 64 59 74 77 68 70 70 70 64 65 72 75 64 57 68 61 76 66 70 61 72 59 53 67 66 60 73 61 69 64 61 72 61 62 55 59 70 61 53 65 65 68 71 76 60 64 71 67 64 61 72 73 66 75 69 51 70 72 64 70 82 71 75 63 72 58 56 62 72 66 59 63 71 68 67 61 63 63 69 60 66 72 70 61 72 65 67
65 64 63 53 61 64 61 53 66 65 54 69 71 58 67 69 65 61 68 63 66 71 55 69 67 63 72 63 67 58 63 57 68 62 60 60 56 73 51 65 66 57 70 62 70 64 56 72 67 56 67 59 63 66 60 59 62 58 59 59 61 60 60 57 76 57 64 64 56 60 60 69 57 58 68 62 63 68 58 51 70 58 63 67 66 68 61 68 58 60 54 63 64 58 71 60 59 56 59 60 72 55 66 65 64 61 61 66 64 71 66 60 57 61 64 69 57 63 55 58 59 63 65 58 62 63 58 51 61 76 64 65 84 68 59 59 59 69 63 61 61 67 74 65 50 61 62 64 65 61 70 56 64 63 55 59 68 61 57 75 67 58 53 59 60 72 57 50 56 54 66 63 62 62 62 59 56 65 69 67 76 57 53 69 62 71 65 75 61 65 59 57 63 60 60 66 58 63 66 63 70 58 68 54 58 69 59 58 59 65 67 67 67 65 55 67 65 59 54 54 63 67 72 69 63 74 66 57 55 72 72 72 66 66 57 61 56 60 67 68 62 51 58 61 68 69 64 65 64 70 64 65 60 64 62 59
57 69 59 59 60 60 52 55 57 51 60 64 69 55 63 59 62 58 65 50 65 56 53 67 56 55 68 66 63 57 64 54 60 72 58 62 51 66 60 59 63 59 70 56 65 60 56 61 58 54 60 59 56 69 66 62 53 62 59 64 59 62 64 54 61 62 58 62 66 58 52 69 56 60 57 61 63 68 52 52 56 58 57 58 65 60 57 62 63 58 50 64 56 58 67 56 57 49 66 66 61 55 58 54 55 55 56 59 63 64 62 57 56 65 58 62 54 62 59 52 59 50 54 60 54 54 64 50 50 65 54 56 76 64 60 57 59 68 62 64 51 65 66 63 42 57 51 65 66 66 64 50 64 58 52 58 56 62 59 66 65 55 54 47 61 61 57 57 62 63 58 64 65 61 55 57 60 64 60 63 61 66 62 64 52 68 57 65 52 54 59 54 58 56 55 65 49 57 63 56 64 55 58 52 49 72 51 58 62 52 60 62 71 63 53 58 59 56 64 58 61 57 59 60 53 67 61 54 60 72 61 66 58 64 54 62 61 63 55 54 61 63 61 60 49 55 60 62 59 59 54 64 60 67 57 64
57 65 59 59 57 60 55 54 72 63 58 70 62 54 61 68 61 68 72 67 64 62 60 60 67 61 73 64 64 68 66 57 62 66 61 60 66 69 58 53 59 59 65 59 66 64 65 67 69 54 60 54 58 63 61 71 60 68 67 55 64 61 65 62 75 63 69 65 65 56 63 66 54 65 61 54 61 73 52 59 62 55 62 58 65 67 70 56 71 61 56 48 63 57 61 61 57 50 66 71 72 74 67 57 57 61 54 61 66 67 67 63 52 63 59 63 54 63 59 53 63 49 61 64 68 64 67 53 62 68 67 53 74 67 58 59 54 71 66 60 57 66 70 57 53 72 59 63 66 72 72 58 69 63 55 67 61 60 64 69 64 64 59 58 64 69 66 65 61 60 65 63 67 69 71 62 72 73 67 61 70 61 57 61 52 66 68 75 58 69 60 57 65 70 65 64 59 63 76 51 79 57 60 56 49 68 56 54 65 60 64 69 66 60 55 74 63 68 58 62 61 58 63 64 64 75 67 61 64 73 67 70 67 55 55 61 62 61 60 61 67 66 59 56 57 60 61 66 59 67 62 71 59 56 53 59
66 65 62 53 64 65 50 56 59 56 60 67 67 48 62 66 61 58 71 69 67 56 58 69 56 59 67 55 62 58 64 54 69 62 60 51 57 67 51 57 61 61 64 53 61 61 63 59 58 55 64 53 57 65 54 67 51 59 57 59 55 60 62 62 66 49 63 72 54 56 52 64 49 59 60 56 67 69 55 48 59 59 59 66 64 62 58 58 66 56 55 64 58 53 65 58 56 49 62 67 56 60 57 56 57 53 61 54 66 66 59 66 52 60 58 60 54 68 60 51 57 53 56 72 62 62 61 56 56 60 69 54 77 63 55 58 58 71 63 64 54 62 68 61 51 59 62 62 59 69 62 51 64 57 59 57 64 65 63 72 61 57 56 58 57 59 58 62 62 60 58 53 59 69 50 55 56 63 62 66 70 57 61 58 54 62 56 75 54 63 60 51 56 59 56 59 60 65 57 53 67 59 60 52 44 64 55 54 55 60 62 64 74 60 45 61 63 63 67 61 60 55 61 61 60 70 62 57 60 71 68 68 59 61 64 57 66 69 55 60 63 63 59 66 57 56 62 71 47 61 56 63 57 59 58 54
62 60 64 44 62 57 57 52 61 58 52 59 57 53 56 57 59 57 59 57 68 61 47 57 53 50 58 56 60 62 65 51 58 60 65 52 53 61 53 56 59 59 69 52 63 62 63 61 56 52 67 53 62 60 60 64 55 58 57 51 58 55 58 61 69 51 57 56 61 57 54 63 54 58 57 58 56 63 53 43 58 55 58 58 59 68 54 54 52 57 54 57 61 54 60 59 55 56 65 56 56 58 60 58 51 51 51 57 60 62 59 56 58 57 56 57 55 67 52 53 61 50 57 60 63 65 59 61 59 63 64 56 71 61 50 59 56 67 64 60 56 56 56 62 50 61 63 58 61 65 63 49 49 60 48 51 68 60 51 67 54 60 54 59 61 63 53 56 55 53 54 57 63 54 54 54 61 57 55 67 74 54 52 52 56 59 58 69 53 53 56 49 59 68 57 63 51 60 63 61 63 52 62 55 53 65 53 51 54 58 61 58 65 62 52 60 57 64 58 55 63 59 57 57 50 58 62 59 60 63 62 64 53 57 53 63 55 64 53 55 61 60 58 58 52 47 57 61 58 59 53 64 64 66 56 62
63 66 56 52 57 63 55 54 65 64 57 58 61 55 68 58 60 62 61 58 59 61 51 61 58 59 65 60 57 62 65 56 62 61 57 64 62 69 51 59 70 59 69 61 63 65 54 64 63 58 71 56 55 59 55 67 56 64 52 57 53 64 67 57 68 61 62 60 53 58 57 54 53 61 57 58 59 64 49 48 55 53 61 52 63 59 58 54 60 58 67 60 60 63 61 56 58 53 66 59 61 59 62 48 58 59 59 61 66 69 60 59 46 60 55 65 52 58 57 52 57 57 54 60 58 65 54 60 55 61 62 59 71 60 57 64 55 63 66 61 57 53 60 59 47 55 60 64 62 59 68 57 65 61 58 58 67 57 67 63 59 63 55 55 50 67 57 64 57 58 62 59 64 58 63 53 62 60 64 56 66 63 50 58 60 64 61 71 60 60 50 50 62 66 59 63 58 55 66 56 74 57 66 56 52 72 60 51 70 55 56 62 68 61 59 67 65 55 64 53 66 55 66 60 58 67 59 66 53 65 66 65 59 58 46 68 52 61 54 55 54 59 61 61 50 56 61 55 58 62 63 60 61 68 60 55
76 70 68 62 72 72 64 62 65 69 62 76 78 70 69 67 66 66 72 61 73 59 61 65 61 76 78 62 67 67 68 62 71 72 68 70 69 82 63 64 70 68 75 60 76 66 64 65 64 59 69 65 68 67 61 74 61 70 66 70 60 63 69 68 68 63 66 72 64 63 56 70 55 70 70 66 72 72 58 49 61 64 63 64 71 67 61 66 73 62 56 67 71 67 68 62 59 61 69 69 72 72 68 64 67 58 65 71 70 78 64 64 57 60 63 75 55 66 65 61 63 59 70 69 60 67 66 66 53 65 66 64 82 68 64 66 63 78 66 65 63 71 69 74 54 73 62 67 73 74 68 53 80 64 61 63 75 67 69 68 63 62 61 63 62 69 63 66 67 63 74 67 75 69 60 61 61 68 68 67 75 69 65 68 58 73 69 71 63 63 65 51 69 71 61 66 61 70 73 62 68 61 65 55 52 73 58 62 73 65 69 58 71 61 57 75 68 70 69 62 69 70 69 71 61 73 65 62 59 80 76 72 74 67 67 66 66 72 60 71 61 70 70 64 61 65 64 72 56 74 69 65 68 68 62 67
66 64 59 55 56 67 56 59 62 62 62 71 66 56 68 61 67 63 73 62 65 64 59 71 63 68 70 62 62 65 69 61 68 65 69 67 63 69 62 61 64 58 69 63 74 71 61 69 69 64 65 59 61 69 62 71 48 65 60 58 63 61 64 57 72 67 69 67 68 68 61 64 55 67 68 62 59 71 54 52 66 56 68 56 66 64 71 55 60 63 59 61 64 60 69 51 56 52 66 63 72 60 64 53 55 52 66 68 65 77 68 65 55 64 65 63 62 66 62 47 66 60 60 64 64 61 63 59 63 71 72 56 77 65 54 57 55 75 69 63 56 70 70 62 47 72 60 62 69 70 71 57 65 60 51 65 66 59 55 68 60 65 56 57 60 74 68 65 59 55 60 58 66 62 73 66 62 68 67 72 73 67 56 69 55 68 63 76 61 64 63 55 61 65 56 63 55 60 70 58 78 54 70 57 57 69 61 58 69 56 61 64 74 62 56 70 67 65 68 61 61 58 63 68 67 71 64 66 54 74 69 68 64 54 57 64 66 63 57 71 58 61 60 71 56 60 67 62 60 70 63 65 59 64 59 68
77 75 67 54 66 74 57 68 73 74 69 69 67 58 74 68 74 71 73 68 71 72 66 65 62 69 72 62 74 66 78 63 76 70 74 64 71 70 64 60 71 66 74 66 64 77 71 68 65 64 75 65 72 66 66 71 65 69 67 61 65 65 78 63 82 72 64 74 71 62 60 67 64 71 65 71 63 72 63 58 70 62 71 70 65 69 70 64 68 69 62 61 68 62 70 62 64 56 76 66 66 72 69 66 65 59 61 60 77 78 70 68 60 61 63 69 66 78 67 55 67 60 65 82 61 70 70 59 61 73 70 57 79 73 58 67 63 72 71 69 64 75 67 71 53 68 67 67 74 66 79 54 74 71 62 60 73 68 68 73 56 62 62 63 67 74 60 65 54 60 68 68 67 71 68 68 74 70 73 70 74 70 61 71 75 73 68 77 63 65 63 59 64 72 73 69 57 66 69 61 78 64 62 59 53 76 66 58 71 68 59 61 76 62 59 79 66 65 75 58 63 66 68 71 62 73 67 67 61 81 72 70 62 68 62 71 65 70 64 64 56 69 70 73 58 66 66 71 68 73 74 63 70 67 68 72
68 72 67 54 58 66 63 60 70 65 68 68 65 56 63 66 70 67 71 54 70 60 61 71 64 64 67 63 65 69 66 62 65 68 67 62 64 75 54 59 63 59 79 62 69 64 58 67 60 51 65 53 62 69 63 68 57 63 65 63 61 62 62 62 72 62 66 66 67 57 60 71 55 68 68 52 66 62 54 46 66 66 66 59 69 68 75 61 63 62 56 66 64 62 67 53 55 55 65 60 64 66 68 65 62 66 65 65 66 74 63 65 57 60 63 61 63 75 59 54 63 56 66 70 61 66 62 67 59 59 65 61 80 74 71 61 63 73 71 68 66 68 64 66 58 75 61 67 67 79 72 52 62 61 61 72 73 63 61 71 62 60 59 64 64 74 59 66 57 61 63 75 65 64 57 67 61 61 71 67 79 63 57 63 65 78 68 74 59 59 61 52 65 74 61 71 54 66 59 66 67 64 63 58 58 77 60 57 68 61 65 64 71 61 66 71 63 68 61 60 75 56 71 66 57 67 66 71 65 71 72 66 64 63 58 70 62 60 56 60 67 64 62 58 59 66 67 73 59 69 62 70 68 62 61 65
65 68 71 58 69 69 67 65 77 63 66 74 73 63 73 67 67 78 77 66 74 69 69 69 68 70 74 67 79 64 81 63 72 65 66 69 68 74 65 79 66 62 73 69 79 75 65 69 62 68 71 65 60 69 67 77 63 65 66 72 72 68 66 71 72 70 73 76 82 69 62 69 62 71 64 66 67 78 67 63 78 60 73 71 74 65 68 59 69 71 65 68 65 72 70 68 67 57 76 68 73 73 75 66 66 69 59 73 70 81 72 72 58 66 66 73 60 79 69 68 66 65 67 73 72 68 73 66 66 65 71 67 84 69 61 63 57 76 66 64 63 77 67 68 68 68 68 68 72 76 68 54 71 68 69 65 74 62 64 75 67 67 64 66 69 76 66 70 77 68 68 74 69 71 63 73 69 72 68 73 77 66 60 70 58 76 67 87 58 71 57 53 68 79 64 71 61 58 65 61 75 64 64 64 64 80 64 56 71 63 67 72 74 66 64 69 70 77 66 62 75 64 74 71 65 85 60 68 68 78 72 77 68 69 65 66 72 67 63 64 67 80 58 77 54 66 81 72 63 69 69 79 70 73 60 59
77 76 65 67 74 75 71 66 80 77 70 76 74 68 75 69 71 75 77 64 80 69 66 68 71 75 76 70 73 76 76 68 74 73 74 74 74 81 71 74 74 73 84 70 81 83 72 72 69 67 66 70 74 77 59 77 67 72 79 78 83 59 72 72 88 74 72 70 71 73 69 69 65 78 78 63 76 82 63 64 68 69 77 74 78 80 82 76 78 75 68 74 69 68 69 69 68 65 80 76 71 75 78 63 78 70 70 71 77 87 67 72 64 76 74 77 77 84 65 65 68 72 72 83 75 73 72 70 68 67 73 69 96 72 71 71 68 78 75 70 67 73 73 74 66 78 65 72 72 77 79 62 81 70 74 65 74 68 75 79 72 74 63 70 70 75 66 78 72 65 76 69 69 75 69 70 66 69 78 77 81 73 64 80 67 82 68 82 66 73 65 62 64 76 61 77 56 73 73 63 76 64 72 69 65 83 65 62 76 71 73 74 80 69 65 78 76 71 64 73 82 76 78 67 64 79 79 72 76 86 82 82 73 78 72 67 69 76 63 69 87 82 71 68 65 74 66 82 70 73 85 74 74 77 65 65
62 71 63 54 58 56 58 55 63 56 58 61 64 51 61 60 65 62 61 60 70 59 57 61 66 62 67 55 68 67 62 56 64 66 58 62 64 59 64 55 61 61 67 58 69 70 63 67 56 55 57 57 65 62 59 62 54 59 54 65 62 60 59 62 72 61 59 68 64 70 57 64 57 55 68 62 65 68 57 57 62 60 56 60 60 68 61 60 56 65 52 70 60 58 63 59 54 52 67 63 58 60 67 50 60 62 57 61 60 72 59 57 57 64 56 62 60 67 56 60 70 63 51 70 61 57 65 57 56 64 61 58 75 61 64 63 59 71 71 67 58 56 61 63 52 64 65 65 69 67 73 55 64 64 57 61 58 65 63 69 68 68 50 60 59 71 61 53 66 60 52 63 64 68 64 63 58 59 66 66 72 60 60 60 57 69 69 78 56 62 62 47 58 59 60 60 54 60 65 62 71 46 62 57 63 71 49 56 63 68 61 63 65 67 58 64 66 64 56 58 62 57 62 63 61 66 59 63 56 67 72 71 65 63 61 65 57 64 53 59 72 68 53 66 64 61 62 65 53 57 61 74 66 69 56 64
61 69 64 56 59 64 58 58 59 59 61 56 70 54 70 64 62 67 63 65 70 56 61 66 54 66 70 61 65 59 73 61 65 62 63 67 64 68 59 69 67 63 74 67 74 69 61 70 59 56 63 70 57 64 60 60 58 54 63 56 53 59 64 65 76 68 64 63 65 70 64 63 49 64 68 60 61 67 58 52 68 58 56 62 69 66 65 61 62 58 52 59 59 58 62 59 59 62 69 64 65 62 74 58 70 65 58 66 67 68 61 67 53 67 64 62 56 68 68 52 67 67 55 65 63 61 65 56 47 70 68 59 78 64 63 57 52 68 66 64 57 61 65 67 43 63 62 69 64 71 69 47 67 61 64 64 64 58 64 66 64 65 51 58 58 61 64 65 66 57 54 65 67 68 63 60 57 69 66 69 70 57 63 63 54 77 65 78 67 62 51 50 63 60 59 61 56 65 66 67 69 58 64 58 59 68 62 54 67 61 68 65 67 66 53 65 68 63 68 67 66 54 65 71 63 69 65 61 53 72 73 69 64 64 53 65 68 63 61 58 66 64 59 71 63 60 59 68 56 68 55 63 56 65 64 64
68 70 61 60 65 65 58 60 61 59 63 67 71 57 65 64 76 58 69 66 70 61 67 62 60 62 69 59 64 67 71 62 70 67 61 58 67 62 64 66 66 60 73 60 68 69 67 71 63 61 69 64 58 71 65 78 55 60 62 64 61 56 67 60 82 60 66 66 68 58 68 66 50 71 65 59 64 64 60 44 67 63 64 64 62 58 63 53 63 61 65 72 58 59 75 56 54 48 64 65 61 60 63 60 65 62 68 67 70 73 60 59 59 58 57 65 60 73 62 51 67 54 67 68 69 67 72 61 52 64 69 65 81 65 51 62 65 69 63 65 64 62 70 63 53 59 67 71 72 64 65 58 73 59 62 58 66 65 60 70 69 59 58 58 56 74 55 61 71 58 64 62 66 62 58 63 58 64 70 67 70 60 62 65 59 74 62 78 56 61 71 51 56 68 59 72 54 65 69 63 71 60 67 61 60 76 60 58 67 52 62 64 77 63 53 69 60 66 70 62 66 60 59 69 58 66 64 63 62 66 72 69 58 64 61 61 65 63 54 66 67 67 64 70 59 54 61 70 54 67 61 65 69 73 62 63
63 55 62 54 55 62 44 51 68 55 54 60 62 51 58 60 55 56 68 52 59 66 55 58 50 59 63 60 58 65 57 56 60 61 59 54 55 66 58 56 67 62 69 58 57 60 54 54 59 50 67 53 56 68 55 64 54 63 58 60 61 55 63 59 73 57 63 59 51 49 60 64 52 67 62 53 58 71 46 47 59 56 60 57 67 67 60 57 64 57 59 57 56 57 63 57 53 54 60 65 61 55 52 58 53 57 63 55 66 65 57 54 50 53 52 67 56 64 64 52 52 51 56 64 65 57 56 53 58 63 60 56 75 67 51 58 57 65 63 61 53 61 66 56 43 60 59 65 55 61 64 53 61 65 54 57 68 65 61 68 61 57 55 50 59 65 49 58 59 53 59 49 63 67 55 49 55 65 64 52 67 64 54 69 52 55 56 73 61 54 60 49 59 53 59 60 57 54 66 57 70 53 65 51 49 65 56 58 57 65 55 61 66 61 52 61 59 60 56 57 63 60 56 60 47 62 62 61 55 63 67 75 57 62 53 64 55 66 54 51 65 60 64 66 53 50 56 62 53 57 62 65 62 66 57 52
65 68 67 59 67 63 59 67 66 66 65 68 66 52 68 61 68 64 70 58 75 60 56 61 59 76 64 62 63 70 74 58 67 69 67 66 71 72 55 69 60 69 72 63 73 69 69 65 65 61 69 63 62 72 57 70 61 63 63 67 61 61 68 62 75 64 68 69 65 60 59 74 57 62 64 61 69 67 58 55 58 63 62 73 65 64 72 62 71 63 60 67 57 58 68 54 56 57 71 64 64 60 68 56 64 55 61 56 67 70 64 65 57 57 62 62 59 71 64 62 62 50 65 70 67 63 67 63 57 67 66 61 76 63 56 55 61 69 72 64 60 67 56 72 60 67 60 66 71 74 70 55 69 68 57 64 69 67 61 74 63 70 55 63 57 68 58 64 68 61 65 71 71 74 57 63 64 68 69 67 69 70 64 60 62 74 61 76 62 59 57 54 62 63 59 71 54 64 62 64 70 62 61 59 60 77 63 57 62 64 63 62 70 61 59 72 59 63 69 62 61 71 59 69 59 69 60 65 61 72 73 79 58 76 61 64 61 66 53 62 65 70 63 68 57 56 69 70 67 62 69 62 66 69 60 69
65 62 55 51 66 69 60 56 70 67 58 69 62 55 72 64 70 68 73 61 65 59 59 62 60 61 66 65 56 63 69 55 66 56 65 61 65 74 58 60 58 60 72 63 62 70 59 53 68 62 60 60 59 66 58 68 57 62 70 63 56 62 68 63 76 64 66 60 59 63 57 65 51 70 59 52 67 65 55 46 65 52 60 59 69 68 65 56 61 59 52 64 61 61 67 58 55 57 66 61 65 72 57 67 65 67 67 70 72 68 63 62 62 58 61 56 56 67 60 55 59 58 62 61 66 71 64 58 57 59 67 49 81 64 56 59 63 64 72 60 60 68 73 71 49 64 57 57 68 71 71 55 59 59 61 57 71 64 58 67 59 62 62 55 61 74 63 66 65 60 63 62 65 59 55 66 60 65 62 65 75 59 58 59 62 64 58 72 62 61 57 48 64 61 67 66 56 56 65 65 64 51 64 64 55 73 62 61 67 60 64 58 72 60 58 65 63 64 59 59 58 60 67 72 60 67 72 62 55 73 67 80 66 60 62 67 66 61 58 57 65 58 64 58 57 60 61 69 59 63 65 66 64 58 57 65
59 52 59 48 61 49 53 54 61 60 49 58 62 44 51 57 52 59 64 50 61 60 49 62 56 51 59 52 52 58 58 54 61 62 53 52 49 73 57 50 65 52 61 53 62 52 57 60 66 52 61 49 66 69 52 57 55 56 61 46 58 60 62 61 65 55 61 55 59 49 59 58 50 63 55 58 58 59 45 46 58 52 57 56 61 63 55 53 56 58 54 54 62 59 60 54 59 48 63 57 65 61 54 51 58 57 52 63 64 69 60 53 49 55 53 56 51 51 52 49 56 47 53 65 59 65 57 54 52 52 64 57 64 61 54 47 55 60 60 60 58 56 57 59 46 58 57 62 62 65 62 54 66 56 57 64 60 57 49 58 49 59 50 57 61 64 54 57 46 59 59 53 55 65 63 62 57 63 58 52 72 59 52 54 54 56 59 71 53 59 59 45 58 59 51 63 49 53 58 49 65 55 59 50 51 60 53 51 57 59 55 60 62 56 54 59 57 54 55 54 59 55 57 59 53 68 57 54 48 65 64 64 52 50 54 58 57 53 53 52 57 57 54 52 42 60 59 67 47 58 56 56 61 56 55 49
54 63 55 50 59 64 43 57 56 53 58 64 55 40 61 54 55 59 55 51 62 61 50 55 53 62 60 52 63 59 64 55 55 59 57 56 52 56 49 58 55 49 60 47 55 57 57 56 54 52 64 62 58 56 53 57 48 65 57 52 53 47 64 47 66 56 52 67 56 55 64 58 50 61 56 55 49 62 56 46 63 51 56 55 56 58 50 54 54 50 58 57 51 50 66 52 48 50 61 63 52 55 61 49 59 51 51 47 61 65 58 55 52 50 49 57 47 64 53 59 44 48 51 64 60 56 63 49 50 67 56 54 64 54 53 51 53 57 64 60 58 49 55 61 50 57 58 67 51 57 57 50 71 57 58 49 52 60 54 63 53 56 55 56 51 59 54 54 58 51 54 49 51 54 55 63 61 55 63 58 57 60 44 53 55 55 51 62 55 61 53 57 48 62 56 59 49 59 63 47 58 53 56 49 49 57 57 49 55 60 52 57 59 61 48 61 52 53 58 59 52 51 50 56 44 60 61 59 58 72 63 68 48 58 56 55 50 60 57 52 52 62 54 57 51 55 52 58 56 62 48 52 58 58 55 55
71 65 67 58 70 67 60 63 70 73 66 75 67 57 71 64 68 79 74 71 67 65 62 64 67 64 72 65 70 69 76 63 72 71 72 65 66 72 62 68 66 62 78 56 65 71 67 69 70 66 67 67 64 70 73 76 59 71 70 68 66 63 71 63 78 69 71 65 73 65 61 71 64 70 65 63 66 78 64 49 64 63 65 65 68 69 72 60 67 67 56 59 65 66 67 61 57 63 76 66 65 71 67 66 63 64 63 65 68 78 76 66 63 62 63 70 68 70 69 56 66 59 65 70 67 68 64 60 59 73 72 57 77 71 58 69 58 75 63 75 60 73 73 75 50 79 60 71 76 78 69 60 71 58 69 59 69 65 59 73 65 70 58 63 59 71 64 77 64 65 66 69 74 68 64 68 64 71 67 70 71 73 59 72 60 73 68 72 61 59 70 55 69 73 62 64 61 68 68 61 74 61 62 64 56 69 60 50 78 61 61 65 80 62 55 75 67 72 66 72 69 63 68 67 61 76 65 70 64 85 69 79 71 71 58 67 59 74 58 69 71 67 66 69 53 60 67 76 66 70 73 67 65 72 60 70
60 56 58 51 50 61 47 44 57 47 49 59 56 54 59 51 59 55 67 58 55 49 52 55 49 56 51 51 59 56 56 54 56 54 59 57 54 66 51 56 59 56 60 54 62 64 55 54 53 48 59 57 53 56 54 59 56 56 48 53 58 61 53 50 56 55 57 64 57 53 58 54 44 61 53 57 52 64 49 41 59 47 60 54 57 52 65 48 58 55 52 60 57 54 59 56 55 50 61 61 63 54 61 51 55 49 59 55 57 62 53 52 53 53 49 57 49 57 62 44 49 49 52 66 60 57 57 55 53 62 56 50 63 55 50 52 50 57 61 53 51 62 57 61 48 47 59 51 53 59 64 49 59 56 47 53 55 53 54 59 57 60 51 49 53 65 48 55 52 45 56 51 59 59 53 52 51 59 60 57 61 57 54 60 47 59 58 62 51 59 55 47 55 57 52 62 43 54 58 51 64 51 56 49 48 72 53 49 52 47 50 61 62 49 49 57 58 60 60 48 59 54 61 56 53 63 57 59 51 60 68 66 55 57 48 57 49 55 56 62 53 61 56 66 52 48 52 60 52 61 56 59 53 63 54 56
75 75 78 66 75 81 68 68 78 71 75 74 77 61 74 66 70 69 78 68 76 70 68 76 60 70 73 70 70 79 79 67 68 77 70 72 70 89 66 73 72 68 82 70 77 77 65 70 73 70 75 65 75 70 74 81 69 75 79 73 75 77 66 70 84 66 72 77 74 75 71 74 58 79 77 67 76 81 59 65 78 71 74 66 77 70 76 67 75 78 63 66 71 81 73 65 65 60 75 68 74 78 80 74 73 68 67 71 75 77 73 79 68 64 67 76 65 89 71 68 68 65 66 79 77 76 74 78 67 75 70 67 88 74 66 66 75 80 72 83 71 76 65 70 65 77 75 78 77 84 79 62 73 72 69 72 74 69 68 77 80 72 57 72 69 78 73 75 75 69 69 73 81 78 60 69 65 71 72 76 85 68 72 74 65 81 71 80 71 69 74 59 65 76 74 78 68 73 65 68 80 66 74 66 63 78 74 63 73 70 72 72 79 71 68 79 77 77 72 70 78 72 76 80 68 79 69 71 66 89 80 80 70 79 69 70 71 80 69 71 71 76 73 67 61 66 77 77 62 71 69 74 72 74 72 75
79 64 73 57 68 68 63 57 61 62 64 64 67 57 67 63 66 72 67 58 69 68 62 62 61 58 67 63 70 63 73 61 65 66 67 66 58 71 62 69 60 57 77 61 73 68 71 67 66 58 60 61 64 62 60 73 62 64 61 59 59 67 72 67 66 66 72 70 63 72 61 64 51 64 65 68 61 74 57 60 67 57 69 58 67 67 70 63 70 65 52 63 64 65 66 57 59 54 63 59 69 69 67 60 70 59 57 60 65 71 65 62 61 62 58 71 58 66 67 58 55 59 59 63 68 66 65 59 65 65 66 60 79 64 68 57 56 68 77 61 59 62 66 62 50 67 71 74 63 68 65 48 74 66 59 51 70 61 60 71 60 74 55 57 63 69 65 60 62 64 63 70 73 70 67 63 70 62 69 74 65 68 60 63 57 68 65 75 63 56 59 49 66 66 57 61 53 64 70 60 68 62 68 61 53 78 69 52 58 62 65 65 71 59 53 69 63 59 60 63 64 62 69 63 52 67 71 57 57 69 68 70 64 60 59 65 62 65 54 59 71 71 64 64 55 56 62 68 57 63 70 64 61 77 59 57
63 69 56 58 69 61 60 59 72 69 60 65 67 60 66 71 67 65 72 62 71 66 54 62 63 66 69 67 71 66 61 64 69 60 66 62 65 73 57 60 66 63 75 61 72 65 67 73 76 64 67 60 72 66 63 72 58 64 67 60 53 68 70 71 72 62 70 64 68 68 64 67 55 68 69 65 66 66 53 49 64 68 69 64 76 67 74 57 66 62 54 61 77 64 70 65 60 59 70 72 75 65 65 67 62 53 72 67 66 78 65 64 54 55 60 66 63 67 63 58 58 62 63 65 70 66 64 61 62 68 70 59 75 64 64 69 64 69 71 62 57 70 63 66 55 72 59 65 76 73 74 59 76 68 62 61 68 65 67 70 62 70 61 55 65 71 66 67 64 59 63 67 72 71 64 59 63 69 69 59 71 65 53 64 60 70 66 76 68 59 58 52 62 65 56 64 60 66 69 65 72 53 69 66 60 76 56 67 71 60 64 71 73 62 56 68 71 61 66 68 72 67 73 65 66 74 70 71 65 79 75 72 75 60 63 61 61 73 57 61 64 62 59 59 53 60 66 67 69 73 71 69 58 62 68 71
62 68 65 60 67 74 63 64 70 74 60 66 69 60 59 63 66 68 69 67 69 65 64 62 59 68 78 64 63 66 70 57 65 71 61 59 71 73 64 62 64 67 72 64 63 58 67 67 63 61 67 61 61 77 63 67 70 70 65 70 61 57 71 64 73 71 63 66 65 63 67 66 64 67 66 68 61 71 62 53 63 63 68 61 69 65 70 56 66 63 55 68 58 60 67 55 61 58 74 67 61 78 61 56 65 66 61 64 74 71 61 60 61 55 57 61 62 68 64 54 66 61 59 69 73 70 69 60 60 61 67 53 83 63 58 52 68 72 71 69 67 66 67 67 58 67 57 61 65 65 69 58 75 66 54 63 72 70 60 67 67 66 56 65 65 70 72 67 62 59 55 66 62 69 60 62 65 63 63 67 73 67 58 65 61 69 65 79 65 61 60 50 66 72 59 71 51 59 69 60 71 66 67 61 60 71 57 60 77 68 63 67 75 64 62 69 66 67 69 59 66 60 63 70 59 71 70 63 64 75 71 71 71 63 67 66 64 71 59 54 67 71 65 60 61 63 58 63 61 70 66 71 69 67 61 55
56 55 60 49 52 59 52 45 60 59 56 63 60 55 62 53 57 60 61 54 62 55 59 60 56 59 63 53 59 61 62 58 57 57 55 55 60 55 52 56 54 54 64 55 58 58 58 54 52 47 55 52 57 62 56 64 55 53 49 58 59 56 55 57 66 50 56 57 57 65 57 59 52 56 56 51 61 60 52 45 57 48 57 52 54 59 54 48 56 55 51 60 68 58 67 58 52 50 62 60 55 58 56 57 46 57 63 62 60 70 59 56 51 52 58 56 48 61 57 50 57 53 54 64 62 51 53 49 52 58 59 50 65 57 54 57 57 62 65 54 55 59 50 52 48 51 51 65 59 58 69 53 61 57 53 61 57 59 69 61 50 61 50 52 55 62 53 56 56 53 56 57 63 64 53 58 57 61 57 49 70 55 51 58 52 64 58 69 58 57 50 49 59 61 61 59 54 55 53 54 61 52 61 53 52 62 50 51 55 48 57 50 63 59 55 55 59 60 62 58 59 55 58 66 54 63 65 55 62 64 66 67 58 55 59 59 57 58 55 56 60 63 55 52 55 51 53 60 58 61 58 57 67 58 54 57
55 58 55 52 61 57 51 47 62 59 57 57 68 42 62 63 59 61 62 60 68 57 55 57 56 57 58 57 48 66 57 52 63 55 47 50 66 69 51 54 59 64 69 59 62 52 60 58 55 56 53 54 58 56 53 66 56 56 62 62 51 55 57 60 65 55 58 57 65 59 53 61 49 63 64 57 62 60 49 49 51 53 56 55 63 60 63 51 60 59 47 58 57 59 65 53 54 42 57 59 60 53 49 54 50 48 61 58 59 64 59 55 48 56 53 55 56 66 56 40 62 59 54 67 63 63 60 45 55 54 61 50 69 64 58 54 61 61 61 54 52 59 60 48 45 58 52 63 56 60 59 50 62 51 54 60 66 58 56 66 60 56 55 49 48 62 59 59 55 59 52 58 53 73 55 52 54 59 63 55 66 52 54 53 53 57 57 69 57 54 53 47 52 59 58 61 59 57 60 55 69 57 58 54 48 68 59 49 61 51 54 64 68 47 56 59 57 55 59 55 64 58 57 66 59 67 53 57 55 65 67 65 60 66 50 53 60 54 48 52 61 65 54 55 47 53 55 61 49 55 61 62 56 59 60 49
68 60 61 64 60 62 65 57 65 65 60 69 65 55 66 61 63 72 66 56 69 63 54 59 66 63 56 60 66 64 76 62 58 66 62 58 60 66 65 58 63 61 69 62 65 66 62 66 63 60 61 63 61 69 57 70 59 74 62 67 60 65 61 61 76 68 65 65 69 61 62 64 64 61 62 60 67 75 63 56 65 61 61 58 68 70 73 65 64 65 58 60 60 65 67 55 61 55 69 66 68 63 60 52 57 60 63 56 73 68 64 64 52 62 63 66 56 60 59 65 60 58 59 68 70 63 71 55 63 68 69 60 79 62 59 60 60 68 67 55 58 71 61 67 52 63 56 73 70 69 68 52 73 55 62 59 70 60 64 66 59 64 63 57 62 73 64 56 63 61 58 67 68 69 62 59 66 65 56 73 66 66 59 63 51 69 56 68 57 60 61 53 59 57 59 66 59 64 69 64 75 51 67 61 65 67 64 46 63 63 68 66 73 62 61 75 68 63 61 71 65 72 61 67 60 70 64 60 61 81 75 77 63 69 68 60 63 64 62 58 67 65 63 58 59 57 66 71 60 64 67 67 62 67 60 63
73 76 67 60 67 74 54 66 71 69 72 71 75 60 76 67 68 81 77 71 78 62 66 65 69 72 73 72 74 65 81 70 80 63 71 63 75 75 60 73 65 75 72 66 70 75 68 70 68 59 74 68 72 69 70 74 63 69 70 72 59 64 70 70 84 69 68 65 71 63 64 65 53 68 71 60 73 81 67 56 72 57 76 70 73 72 69 62 70 64 59 70 70 66 69 68 70 59 78 68 67 72 76 75 68 69 66 70 76 74 65 74 66 67 68 78 68 79 61 60 62 59 66 67 66 66 71 68 63 72 75 57 87 71 61 65 65 76 66 73 69 78 69 69 57 75 61 69 78 75 73 58 73 64 62 57 77 65 71 73 66 60 58 68 62 66 74 68 69 60 66 66 73 66 59 73 63 75 75 74 73 68 56 76 68 74 68 83 64 66 63 59 69 79 68 67 66 70 71 60 74 65 66 67 62 81 62 63 73 68 68 69 84 65 66 74 69 69 74 63 67 66 72 80 61 78 75 70 72 86 66 74 66 72 63 67 62 73 65 64 67 69 64 71 63 66 71 74 69 74 74 77 77 72 63 77
68 67 65 58 68 65 55 55 72 61 64 64 66 57 70 67 70 68 71 62 73 64 58 59 59 61 69 63 67 71 74 62 61 65 64 56 70 72 62 61 64 61 71 58 72 66 66 64 69 64 74 59 63 67 65 69 60 59 64 68 64 63 65 62 80 67 68 69 65 62 64 63 57 65 63 62 64 62 59 54 70 51 62 64 73 72 66 53 74 55 57 68 64 61 64 62 61 53 69 65 70 63 74 66 67 58 64 64 64 71 68 67 59 61 61 68 59 72 66 62 66 62 63 73 69 66 68 58 62 67 68 65 73 71 57 63 61 70 62 72 67 66 68 63 62 60 71 70 69 73 78 64 71 68 62 66 71 67 69 74 68 66 58 54 61 76 71 56 68 63 67 64 65 64 58 64 63 66 68 69 84 62 63 70 60 68 67 76 60 63 58 59 59 67 62 69 60 64 57 55 72 65 65 62 58 76 65 58 63 66 67 62 75 62 61 66 66 60 69 52 68 66 66 65 64 76 62 69 69 75 72 74 61 66 62 70 68 76 61 57 68 62 64 69 57 63 63 68 67 68 67 73 65 69 66 74
79 65 67 50 68 77 59 61 69 65 69 74 76 65 71 67 72 70 74 67 70 70 58 73 64 72 75 72 71 73 77 66 72 74 67 63 69 77 60 63 68 67 76 68 68 74 68 72 68 62 71 65 63 76 66 80 67 72 66 65 69 73 73 68 86 59 75 65 68 67 75 76 62 76 62 67 74 78 59 53 72 68 78 64 72 70 72 63 67 65 60 68 71 67 71 58 69 56 73 71 72 66 72 64 63 65 73 70 76 71 71 69 68 65 66 69 67 73 73 62 67 61 62 78 70 71 73 71 62 68 69 62 85 67 63 70 73 79 78 69 69 66 69 75 61 67 68 74 79 74 82 63 70 74 67 67 74 72 69 76 61 70 60 67 64 76 66 58 72 64 75 67 79 80 69 69 74 64 72 73 75 71 64 70 69 73 68 76 58 71 66 60 63 69 70 69 64 66 74 74 70 65 71 66 65 72 59 64 66 70 66 75 71 64 66 72 74 63 66 73 71 68 69 76 63 68 79 66 71 80 79 78 62 69 63 75 71 73 61 61 67 67 74 69 66 59 72 76 76 68 66 71 71 68 71 77
70 74 61 54 63 61 64 67 65 63 65 72 69 59 67 65 67 70 78 62 71 68 57 68 68 74 70 66 71 56 72 61 74 78 59 65 65 72 55 68 66 65 67 61 74 65 62 71 68 61 70 60 62 75 51 72 61 71 71 65 61 57 72 70 72 62 64 72 62 58 66 62 57 65 65 58 66 74 63 51 65 63 64 63 62 66 69 64 66 64 63 64 68 59 69 58 58 58 73 73 72 62 69 50 62 59 65 67 70 76 63 64 53 65 64 69 58 69 60 61 54 56 62 70 61 62 67 66 65 67 70 60 78 64 58 66 53 77 69 64 63 60 61 74 62 68 69 67 72 68 70 57 70 65 62 60 68 67 66 74 61 67 67 59 65 65 69 68 68 65 62 64 71 68 63 65 64 69 72 72 74 70 57 60 60 72 59 76 61 60 63 52 63 64 58 65 58 66 66 63 73 59 72 60 55 77 57 53 64 63 63 63 71 62 59 72 66 70 68 63 74 62 67 67 53 72 62 64 68 77 78 74 68 67 67 69 64 68 65 64 67 73 71 72 58 69 60 71 64 67 72 68 63 72 69 63
56 67 60 56 55 66 51 49 63 55 66 65 65 53 63 61 63 66 66 57 71 61 54 58 59 64 62 56 64 60 58 53 62 63 70 62 58 67 49 55 66 58 70 55 60 68 57 58 56 54 68 57 57 58 60 60 61 66 58 60 57 59 67 61 64 60 57 64 62 54 60 61 54 67 58 57 59 63 54 53 67 64 64 56 64 73 71 58 64 67 55 61 62 51 63 54 58 54 66 57 64 57 60 59 74 55 58 62 59 65 58 56 58 54 60 67 57 69 61 46 57 55 55 70 61 63 62 62 56 71 64 53 77 56 57 56 55 65 64 65 58 64 60 60 56 62 59 63 69 70 69 43 64 66 58 65 57 65 64 66 57 57 45 62 62 70 60 63 57 49 62 60 67 71 56 58 58 68 64 69 64 62 58 71 53 61 64 69 54 64 56 46 56 62 58 66 48 54 67 61 65 56 63 49 56 63 56 52 67 67 54 64 68 57 56 65 67 61 68 68 65 64 70 63 56 67 60 49 61 66 69 71 60 62 59 67 63 67 59 62 60 63 65 56 54 59 62 56 55 63 60 75 61 48 60 61
65 61 66 61 57 62 62 59 74 66 57 69 69 61 67 65 62 66 75 63 72 64 55 58 58 66 62 66 55 67 67 60 68 69 59 58 64 64 63 59 64 70 67 57 67 67 65 68 61 56 63 76 61 71 62 67 58 64 57 60 65 55 71 59 77 75 66 65 64 54 65 68 62 66 67 62 61 66 63 54 68 59 68 67 70 65 67 61 64 65 55 57 66 60 60 63 59 59 72 74 65 65 62 56 65 58 64 66 55 66 67 60 52 62 47 63 63 67 61 62 62 55 62 71 62 64 67 62 58 67 69 54 72 62 59 57 53 66 68 67 64 65 65 67 53 63 58 62 68 68 67 55 73 59 59 61 70 66 68 66 54 66 55 61 65 70 69 63 62 59 63 66 68 73 63 58 69 67 69 63 68 65 50 66 60 73 63 70 53 61 63 57 59 68 66 66 58 65 65 52 74 61 65 62 63 73 50 58 66 59 67 65 73 61 57 62 71 61 60 55 63 60 66 65 52 71 71 71 62 70 74 72 63 62 54 66 53 63 63 63 65 65 65 70 56 60 61 69 65 70 65 65 65 60 60 62
64 61 65 62 67 71 54 57 65 61 64 63 76 51 62 62 62 70 79 67 66 66 56 64 64 58 72 64 69 66 73 62 71 59 69 55 64 64 54 65 63 57 68 66 67 62 67 68 67 61 68 59 62 69 62 67 67 59 65 67 65 61 70 58 76 67 64 67 61 60 59 65 48 66 73 57 66 66 58 50 66 63 61 70 72 67 71 54 60 60 58 64 65 62 64 53 53 53 67 63 67 57 65 67 64 49 64 61 65 69 68 62 64 60 58 67 61 63 57 53 57 53 70 65 63 67 67 51 55 67 71 59 78 64 58 59 64 66 65 64 58 67 64 65 57 65 61 64 68 70 69 53 68 64 59 62 63 66 62 68 66 61 55 54 64 69 69 60 57 54 53 65 66 70 59 56 59 62 69 57 71 63 55 67 65 66 62 71 55 53 60 54 68 69 57 63 52 60 65 54 68 59 65 57 54 73 58 60 69 57 67 63 68 63 63 68 69 52 68 61 72 57 72 66 65 71 69 70 61 70 67 68 66 62 58 73 64 65 64 67 72 66 58 63 61 62 68 70 59 65 69 68 60 60 66 58
62 61 54 45 61 61 54 44 60 58 57 66 60 52 67 67 68 71 68 57 66 64 55 61 60 62 62 53 65 67 63 58 59 55 64 61 70 70 47 63 59 61 67 57 63 61 64 62 60 62 63 56 62 65 56 58 57 62 62 66 62 55 64 67 68 56 65 65 60 56 66 62 48 66 67 61 62 69 57 46 64 54 63 62 65 68 64 56 66 58 57 68 65 53 64 54 49 56 60 60 68 54 59 60 64 51 65 64 63 72 60 59 56 60 59 61 60 66 63 55 53 58 59 67 66 63 68 65 48 61 62 57 70 67 53 64 55 66 66 58 61 64 58 55 57 57 65 68 64 70 62 54 67 60 59 62 61 60 68 68 57 55 53 58 64 69 60 60 63 57 61 58 66 71 60 56 66 66 67 64 70 59 58 61 57 69 60 71 53 61 53 54 61 64 59 56 60 51 62 59 70 55 64 56 55 66 57 56 63 64 54 73 67 56 59 64 62 63 62 53 70 61 61 65 66 73 68 64 64 73 75 62 59 59 60 58 66 63 61 60 65 61 65 59 52 66 64 60 60 65 55 71 55 59 61 59
62 70 56 63 65 72 56 53 69 70 59 64 74 53 64 64 65 69 68 63 72 66 60 60 66 62 53 67 69 61 70 62 58 61 70 63 62 68 63 53 62 66 73 67 72 65 64 73 68 56 67 60 70 67 57 78 62 64 67 64 61 71 61 62 70 59 63 66 63 62 61 62 56 66 72 58 63 66 56 58 66 60 63 63 70 60 67 56 67 71 70 70 64 67 67 63 64 60 69 71 63 64 71 55 60 60 64 59 75 70 61 62 54 54 56 68 56 68 69 62 57 59 64 67 76 68 69 67 63 62 63 59 80 62 57 59 61 63 72 67 51 60 62 62 54 62 64 64 66 67 70 58 70 67 58 65 67 58 66 68 61 71 59 68 64 67 62 60 67 57 58 61 69 65 68 62 71 65 61 71 71 75 58 57 55 61 66 75 58 69 70 50 62 64 56 67 62 62 69 55 68 57 67 61 56 72 61 54 64 65 59 65 75 62 64 68 63 57 71 58 65 61 62 78 56 71 70 59 65 75 69 77 59 61 62 63 59 70 55 59 63 67 66 58 54 57 66 69 62 64 69 69 64 68 57 61
65 67 73 62 58 79 61 60 75 66 69 67 73 60 67 72 66 70 70 63 71 74 63 69 60 65 76 72 65 65 71 60 66 69 67 65 60 73 67 64 69 66 81 65 72 73 67 71 63 55 62 70 62 68 73 77 68 68 68 71 59 66 66 66 77 75 68 80 61 71 69 72 60 70 71 67 69 71 53 58 75 61 70 57 73 70 69 69 70 62 64 67 67 65 66 65 60 60 64 69 70 65 76 64 69 68 70 68 81 78 62 65 62 63 62 71 60 70 71 56 64 62 64 69 72 61 63 57 72 69 74 63 86 79 69 65 63 72 70 69 60 68 73 77 53 72 66 76 61 75 76 64 73 64 61 67 67 68 67 73 71 67 68 60 64 72 59 69 70 60 58 64 66 70 59 71 70 70 75 72 75 66 57 76 59 68 69 79 70 71 62 60 69 71 65 69 61 64 70 62 69 66 66 61 64 70 70 59 75 68 67 72 74 72 62 70 67 62 64 68 67 62 60 78 58 74 74 60 58 78 69 81 69 71 55 72 69 72 61 68 68 75 65 69 70 61 69 73 62 66 63 69 70 68 63 68
73 75 73 66 75 68 68 68 82 77 73 78 76 64 79 69 73 80 87 65 80 74 65 77 66 76 80 75 70 82 75 68 76 71 69 74 69 78 67 79 71 71 84 68 79 82 67 76 78 67 73 74 71 76 69 76 65 71 78 77 70 73 77 70 86 68 74 76 73 77 71 79 63 78 74 71 78 73 68 58 80 69 78 71 84 85 79 58 75 69 62 75 78 67 77 61 69 64 80 74 73 68 76 72 70 65 70 76 80 86 72 72 69 67 76 75 58 78 64 63 70 71 74 76 70 71 74 68 72 75 83 58 80 70 70 68 70 81 73 76 77 70 66 78 66 75 66 75 77 87 87 64 79 73 68 70 73 66 73 77 72 78 65 76 74 79 71 75 70 72 69 71 81 74 70 73 67 69 76 79 89 68 66 74 78 79 71 83 69 78 65 62 74 84 74 82 68 75 76 69 73 64 79 73 68 85 73 67 74 64 75 68 81 75 74 71 81 66 71 69 76 69 76 81 71 71 80 76 70 87 82 89 72 71 67 79 68 73 71 69 78 81 72 71 62 65 70 80 75 77 72 79 75 75 68 74
72 72 68 62 68 69 54 61 76 75 68 74 66 62 78 71 75 77 75 62 72 74 65 68 69 74 76 69 75 67 74 65 76 71 65 69 66 73 62 69 67 70 87 58 68 72 66 70 64 56 68 70 64 79 69 77 65 67 68 72 66 60 72 69 80 61 62 76 71 74 72 65 56 73 73 70 66 75 64 57 75 71 74 69 72 73 76 59 74 70 60 77 63 63 69 60 70 65 63 66 71 71 75 72 73 63 63 69 72 80 67 69 67 66 63 72 56 80 63 59 64 74 76 75 78 66 70 66 68 71 74 62 84 70 67 67 69 87 78 75 73 69 68 65 61 68 69 75 69 72 76 64 77 69 67 58 70 72 73 72 74 66 63 78 64 73 65 70 72 63 70 74 74 73 71 76 70 72 76 68 78 68 63 72 72 73 74 87 72 68 71 53 76 74 68 73 67 66 70 67 73 72 69 57 62 78 68 63 73 72 70 76 73 72 62 71 71 71 64 70 75 68 71 79 62 73 67 64 63 80 81 85 69 71 69 70 60 78 64 65 71 71 68 68 65 68 70 79 68 79 70 68 67 76 65 64
69 65 61 54 69 66 59 57 67 69 57 68 64 57 60 65 64 59 64 60 66 64 56 65 53 61 61 56 68 63 66 52 67 64 63 60 60 72 52 53 65 58 64 61 64 60 60 70 67 56 64 57 55 62 58 73 63 66 63 57 58 69 65 59 72 60 72 67 62 60 63 60 57 68 63 55 63 66 52 57 54 58 63 60 62 58 69 62 59 62 61 59 56 65 58 57 56 58 59 58 61 68 68 58 60 55 62 60 72 63 58 64 54 67 58 63 59 67 61 56 57 61 57 63 65 65 58 62 59 66 63 54 77 65 53 57 60 69 67 57 59 64 61 59 58 60 63 62 69 72 68 52 63 62 56 52 69 59 57 69 55 61 47 58 56 64 59 68 62 55 62 60 73 62 56 54 61 67 66 65 70 57 55 60 56 73 65 73 59 54 62 43 59 68 57 73 53 59 61 61 68 59 65 63 56 69 61 56 60 58 60 69 66 62 59 74 61 64 58 62 63 63 59 60 55 73 67 55 62 71 68 70 63 70 57 59 62 63 57 56 59 61 62 55 56 58 62 75 57 66 60 58 57 65 57 54
72 70 65 67 64 72 63 58 75 72 74 72 85 66 70 70 66 67 77 60 74 65 65 72 69 73 71 71 71 74 73 71 69 77 68 74 74 76 72 66 78 70 79 69 76 78 63 66 76 61 80 67 65 75 68 83 61 72 70 64 71 73 76 65 88 61 79 73 67 66 64 73 64 73 76 61 67 78 57 58 74 66 70 75 79 65 79 59 82 70 64 73 65 78 67 66 66 69 70 77 78 71 74 73 73 65 70 67 70 71 69 77 62 65 66 72 62 80 70 61 66 66 71 77 67 67 71 69 70 74 76 65 79 76 59 69 72 79 75 72 69 75 67 70 60 69 64 70 79 78 83 70 78 76 71 71 77 69 74 70 75 68 64 66 66 84 66 70 75 64 72 70 73 78 69 70 69 72 74 69 82 72 65 75 62 73 69 81 67 78 68 57 76 71 77 71 69 70 73 59 76 61 76 58 60 75 61 59 76 69 72 77 73 72 71 75 70 71 68 77 70 68 71 79 66 77 68 75 64 85 76 78 77 68 64 68 67 75 63 75 65 75 67 69 68 67 73 76 69 70 75 75 75 72 64 78
68 77 73 68 74 73 61 64 69 69 65 76 76 65 70 71 74 68 86 73 80 67 69 79 69 71 80 78 71 69 80 66 71 80 70 72 70 78 65 71 68 74 83 68 68 76 76 71 70 75 79 69 69 79 68 84 66 75 71 74 71 74 74 72 82 74 76 77 76 64 71 72 59 81 77 70 67 77 59 64 70 65 73 69 77 70 63 64 69 76 64 70 72 78 84 67 65 55 78 74 76 69 72 75 70 66 72 69 72 83 75 72 61 62 62 77 58 77 69 68 64 65 69 78 66 65 67 73 65 72 71 62 90 69 68 66 67 84 71 72 70 76 75 70 59 70 64 73 74 75 75 62 80 73 64 63 75 79 74 74 71 69 57 61 67 69 68 65 74 66 71 72 71 74 67 72 68 73 78 67 72 75 69 72 63 77 69 83 72 71 67 58 72 76 63 75 70 72 67 66 85 70 72 59 64 75 69 63 76 64 64 68 89 64 73 78 77 71 74 63 75 68 77 81 68 77 78 70 72 90 76 82 71 69 69 73 70 79 67 67 67 79 71 70 59 70 67 83 59 78 78 77 70 68 71 64
59 57 58 53 56 50 50 46 57 58 62 66 59 51 61 57 60 63 59 52 69 60 54 57 58 56 62 46 60 60 60 48 58 64 57 57 59 59 52 58 51 48 67 53 60 55 57 54 61 47 54 57 63 57 52 57 57 60 53 63 60 52 57 50 57 50 56 58 50 57 60 51 50 57 57 58 53 66 50 48 59 52 55 49 57 55 59 50 53 58 52 52 55 57 62 58 56 55 55 55 56 63 58 49 57 48 57 59 60 66 58 59 44 51 53 65 44 63 51 44 52 56 59 60 60 62 53 58 52 51 58 53 66 54 54 49 57 65 62 56 61 52 51 57 55 54 57 59 55 55 60 44 58 60 48 52 59 55 61 61 50 69 44 54 49 60 52 53 54 52 62 54 61 62 58 53 58 62 65 60 69 51 56 61 57 55 63 66 49 53 53 51 57 58 59 62 54 51 60 55 60 49 58 54 51 61 56 43 50 57 58 65 61 59 56 53 56 57 52 53 56 57 64 58 54 57 62 53 60 66 65 66 60 65 56 54 56 57 54 59 62 58 58 61 49 54 51 65 56 59 59 69 54 65 54 58
62 67 60 48 56 61 55 43 57 61 54 68 68 55 64 57 57 68 65 56 55 63 54 59 50 51 57 61 60 56 57 51 60 58 61 62 52 64 54 63 56 54 62 50 56 61 52 61 69 51 62 51 60 60 51 59 66 59 49 60 55 59 57 54 56 44 51 58 59 56 58 60 51 63 56 48 63 69 56 40 58 54 64 61 63 65 56 54 57 56 52 68 64 53 65 54 57 53 61 58 58 59 63 62 48 53 56 62 57 66 65 54 56 53 57 63 48 64 59 51 50 47 57 55 58 52 50 55 53 61 55 52 67 63 55 55 61 63 66 69 55 66 63 65 55 60 58 63 59 56 71 47 62 55 49 58 61 58 59 62 57 63 53 57 63 70 55 56 50 56 58 60 66 61 60 58 61 55 63 63 64 59 55 58 49 61 63 71 57 54 58 48 61 60 52 55 56 51 61 60 53 49 61 59 49 61 51 55 60 55 59 59 59 64 57 57 53 56 59 56 70 61 67 62 52 69 60 57 58 69 65 63 62 55 66 65 58 56 54 60 60 55 54 60 48 63 62 68 58 67 61 61 54 57 56 61
68 72 59 60 69 75 65 63 71 71 71 61 71 60 69 59 68 71 75 65 71 61 67 65 64 73 77 67 63 68 75 54 69 68 64 68 64 71 62 65 69 74 70 69 73 76 63 68 69 63 68 71 72 67 63 70 59 70 72 68 65 59 72 65 87 70 68 74 63 58 65 70 59 69 74 62 66 73 61 58 69 61 64 65 70 63 77 64 64 69 62 70 62 66 68 62 63 63 80 69 66 72 71 66 64 63 65 73 65 77 73 67 44 58 62 69 65 78 76 62 67 67 71 72 66 72 66 70 61 67 76 62 81 68 63 62 60 77 65 66 65 70 70 70 56 73 64 61 68 70 78 58 71 63 70 60 68 57 65 73 69 62 60 74 69 79 65 66 74 59 64 65 70 65 61 67 60 75 74 72 74 66 63 78 65 76 68 77 63 66 71 55 67 69 63 66 63 67 70 60 79 65 76 62 67 72 62 56 78 62 68 70 74 68 60 78 69 66 68 66 63 63 71 72 68 73 72 70 64 79 73 79 69 68 65 70 63 65 70 65 67 66 58 69 64 71 69 74 69 67 74 69 64 72 60 72
62 59 59 56 53 66 52 53 57 67 56 60 56 55 55 60 65 59 65 60 63 64 52 59 57 59 56 50 63 53 64 60 59 60 64 57 57 63 50 62 63 54 67 57 58 59 58 58 66 53 69 58 60 60 57 61 55 64 58 59 55 62 60 56 67 57 60 65 63 55 58 61 56 58 57 60 53 62 54 47 61 54 59 60 60 74 58 53 62 55 56 68 53 57 63 57 56 48 58 59 54 55 57 51 71 55 54 57 65 70 64 57 48 58 61 62 55 59 56 56 52 52 56 66 66 60 67 55 49 66 61 51 66 56 54 54 55 73 65 60 58 58 61 65 52 60 60 65 55 67 67 49 69 59 57 49 66 64 54 57 56 64 56 52 62 66 58 59 56 60 59 63 53 57 53 66 63 54 58 64 69 63 53 55 58 68 56 64 58 59 51 52 58 57 54 61 55 67 62 55 60 58 59 54 56 67 61 46 63 56 53 57 70 61 55 69 68 59 61 57 63 59 57 65 50 62 55 56 57 70 61 68 48 61 58 61 50 64 52 60 56 66 53 62 49 58 55 71 59 66 62 59 56 61 55 57
59 56 54 51 51 54 51 50 57 51 53 67 62 51 57 53 59 56 67 49 61 55 43 61 54 53 55 56 51 58 63 48 52 60 55 52 47 63 52 51 58 51 66 50 60 60 51 54 56 49 58 51 53 59 53 63 48 53 58 53 56 52 57 53 60 50 51 60 56 56 52 60 45 63 55 46 56 59 46 46 64 55 56 44 64 63 53 52 59 61 53 56 56 56 55 54 55 52 57 57 59 53 56 54 56 50 55 52 59 67 61 57 50 51 51 64 48 68 51 55 48 51 60 56 61 52 59 53 56 52 62 50 73 54 58 49 54 68 60 57 48 61 54 56 54 56 50 58 59 62 62 37 58 56 51 49 57 54 56 60 61 57 51 54 56 58 51 53 56 44 55 48 59 51 49 50 55 47 55 58 63 57 47 58 50 54 50 58 51 60 56 54 55 61 57 57 57 53 58 54 64 49 57 49 49 64 54 48 43 53 56 56 60 58 48 54 64 52 45 52 61 52 65 60 49 59 55 53 54 63 60 66 52 56 59 57 52 64 50 59 56 57 54 48 49 49 57 64 50 60 52 55 56 52 56 53
69 75 76 71 66 70 60 70 74 76 63 69 75 66 74 69 70 70 77 66 82 71 62 74 64 67 73 70 63 76 71 70 73 73 70 75 82 79 68 71 75 71 83 69 80 75 63 68 70 65 76 68 72 69 72 73 73 71 68 72 70 72 78 66 82 67 78 74 74 66 67 71 55 73 74 61 73 72 63 64 74 65 70 67 76 72 79 70 69 73 63 72 68 76 79 77 67 60 71 75 68 74 73 61 72 71 68 66 83 75 79 71 68 70 63 73 65 80 62 57 65 62 71 75 74 78 69 75 70 72 72 64 93 71 65 63 72 76 73 71 75 66 72 65 63 70 64 71 71 70 78 59 77 72 70 72 71 68 78 74 68 84 64 68 68 76 69 74 75 66 66 76 76 76 68 69 71 76 67 67 82 75 61 74 58 79 72 82 75 69 72 55 70 74 63 68 65 63 73 67 80 65 76 66 60 79 65 59 78 67 77 70 76 63 68 78 68 72 67 65 80 63 71 75 62 76 63 69 60 81 72 81 71 70 60 75 61 76 68 70 70 75 68 77 61 66 73 74 61 69 71 79 73 73 58 71
74 72 63 57 62 68 61 61 73 68 64 64 67 56 66 69 69 67 79 60 73 62 58 67 61 69 68 59 66 61 70 56 65 67 59 66 65 68 54 64 71 67 76 63 67 62 60 66 64 59 71 69 56 65 59 71 57 64 61 62 58 64 66 60 70 68 63 65 62 61 61 65 62 61 64 52 70 69 59 55 60 67 59 60 64 66 71 56 62 65 60 70 55 59 72 52 62 54 64 67 71 56 58 61 70 58 65 61 73 69 63 66 52 62 62 70 59 68 58 61 53 52 64 63 62 66 69 62 56 72 66 56 73 64 52 69 61 73 65 64 65 64 61 63 54 62 57 67 65 71 73 50 68 70 56 60 64 69 66 66 67 66 59 66 68 63 59 61 60 67 66 68 67 64 59 62 60 66 70 74 73 68 59 64 57 69 65 67 64 62 65 52 60 62 62 61 56 67 67 58 74 57 72 63 57 66 62 57 69 69 68 64 74 60 60 71 68 57 65 57 58 51 65 67 64 72 67 67 57 72 75 85 61 76 63 65 64 64 60 63 59 67 59 63 63 58 62 68 57 64 76 67 61 69 61 57
73 64 75 60 71 68 72 64 71 68 70 68 71 59 68 67 67 77 74 63 74 68 59 60 59 70 72 63 69 69 70 69 72 74 63 60 70 76 66 64 66 67 71 62 74 63 73 65 74 64 68 65 67 78 61 73 70 67 64 67 69 67 73 72 79 66 66 67 69 57 68 67 63 69 66 70 73 70 62 58 66 64 67 66 68 72 69 61 66 67 56 64 71 65 64 58 65 65 77 71 63 74 69 63 67 54 65 67 64 78 64 60 59 65 60 63 60 75 59 56 64 57 63 79 61 66 74 65 63 67 67 65 76 69 64 58 66 72 68 65 67 67 66 69 54 67 62 70 73 74 82 53 66 60 72 65 79 66 64 73 61 62 58 63 70 77 70 68 68 67 61 65 73 72 67 68 71 72 67 68 70 65 54 66 65 76 66 80 61 60 60 55 66 73 61 68 59 66 68 61 77 61 71 58 59 78 57 59 67 71 66 71 74 62 62 75 67 72 70 63 67 65 64 63 62 67 69 66 66 75 70 78 63 60 61 70 63 71 57 69 70 70 68 63 53 69 65 76 68 73 68 71 67 67 64 67
69 69 67 62 60 68 59 55 69 65 59 67 68 64 75 66 63 68 68 63 70 66 56 59 63 65 67 67 64 64 74 60 65 66 58 70 64 68 64 66 71 62 80 66 74 74 62 64 69 61 70 69 60 68 56 71 62 64 51 73 66 66 74 68 74 62 62 72 71 65 63 64 62 70 72 54 68 67 60 60 59 61 66 57 74 73 74 67 66 65 56 68 62 64 62 64 62 63 70 69 70 63 66 58 68 59 63 71 67 72 64 64 57 60 66 72 64 71 65 61 57 57 59 63 64 63 63 64 61 74 64 63 82 67 58 66 60 66 64 57 62 65 65 70 52 62 66 66 67 69 77 58 69 67 64 62 63 63 75 60 67 68 62 68 62 80 73 62 70 62 57 66 71 66 61 58 63 74 65 68 75 61 49 71 52 67 65 79 61 66 58 58 65 64 68 67 63 60 67 58 76 59 75 64 62 71 60 51 63 67 75 70 72 64 73 66 70 65 65 62 73 65 71 71 64 73 70 68 62 74 72 81 65 64 62 65 63 69 61 60 69 66 62 62 55 64 69 62 66 67 73 72 60 70 58 63
68 74 64 59 66 69 67 59 82 72 72 75 80 62 71 63 69 74 79 60 75 66 59 70 65 74 68 71 75 75 71 68 76 76 74 57 71 72 66 70 70 70 77 60 71 74 65 73 76 65 71 71 73 72 69 77 64 71 68 68 72 68 74 65 81 62 73 72 66 70 69 78 65 74 63 70 70 84 64 58 66 64 72 71 78 74 66 63 62 73 66 71 67 61 70 65 66 64 70 72 73 69 69 62 71 58 68 58 68 77 66 65 59 61 64 75 60 72 65 59 73 64 67 75 69 69 80 69 69 71 69 71 80 64 65 71 65 77 78 73 65 67 68 72 57 74 66 68 77 82 79 64 77 74 65 66 75 67 66 82 73 67 64 68 74 73 67 68 71 69 71 68 73 75 70 69 71 74 72 70 78 74 59 72 71 72 72 77 63 73 61 53 66 76 68 77 65 77 76 71 71 68 65 58 63 74 64 59 73 70 64 70 80 74 73 69 71 72 64 69 73 68 76 72 60 68 69 68 72 80 83 79 73 70 68 75 65 75 63 67 73 70 73 74 59 67 72 76 73 72 68 71 73 75 63 74
76 73 78 65 78 69 60 71 74 67 66 79 75 63 71 75 69 77 79 60 78 72 60 77 69 74 79 72 76 76 69 72 84 74 66 69 70 86 66 69 77 73 76 64 76 72 68 77 73 75 74 62 65 76 60 73 69 72 73 76 71 70 78 65 81 77 79 74 72 62 68 73 67 75 66 64 68 83 66 68 73 64 76 62 72 67 75 65 68 72 58 63 75 71 73 63 67 62 72 80 78 68 74 65 61 64 67 73 74 82 70 74 64 70 66 70 67 74 70 61 64 65 70 65 72 68 69 74 70 69 73 56 88 77 66 66 73 80 69 73 66 74 80 65 60 74 66 78 73 78 83 57 71 63 69 60 75 78 70 78 70 70 63 63 69 79 69 74 68 64 65 70 77 68 68 74 73 77 72 69 76 74 71 77 67 81 68 80 69 59 61 61 70 70 72 79 64 70 85 70 80 68 69 67 59 75 68 61 72 77 73 75 83 57 62 77 69 74 73 67 70 68 67 79 68 76 77 73 63 82 79 88 70 75 65 68 67 72 69 67 71 73 66 71 59 62 76 81 66 69 73 67 68 73 63 72
63 74 67 59 71 66 58 65 69 69 68 76 77 60 69 70 76 71 71 59 72 68 58 63 64 72 65 65 70 70 74 60 68 75 70 66 61 72 60 64 66 62 73 64 72 68 58 63 77 67 61 67 65 76 66 74 63 64 66 73 62 65 68 64 83 78 74 71 68 69 67 71 60 74 71 62 72 74 70 63 65 61 65 63 66 69 68 64 57 66 58 63 64 61 70 57 56 60 71 70 74 66 68 61 70 66 62 68 67 82 64 70 62 64 57 74 61 68 65 62 64 57 70 72 64 59 70 64 59 66 64 62 81 69 64 60 61 73 71 65 59 62 69 72 56 70 71 71 71 72 75 51 75 65 63 66 65 70 67 71 65 66 63 60 63 75 67 68 67 63 64 62 74 69 64 71 66 71 68 72 74 71 58 63 60 78 63 71 63 60 58 59 64 67 69 71 58 65 72 60 73 55 64 60 63 71 64 56 64 66 71 64 73 65 70 76 67 62 64 69 64 72 63 75 56 66 66 63 61 74 76 76 60 69 65 70 69 67 61 68 74 69 60 66 64 59 65 73 62 62 73 70 68 75 57 73
70 72 59 58 63 72 66 62 64 64 63 71 76 64 64 68 69 72 83 58 70 68 65 72 67 73 67 68 69 71 75 70 67 67 67 63 65 74 65 61 73 73 82 66 76 74 69 69 72 58 70 69 65 71 65 78 61 64 69 59 72 74 67 67 81 63 76 73 63 67 65 68 60 70 71 64 69 76 55 51 69 63 74 62 71 71 68 66 75 72 64 73 67 66 68 61 68 59 60 67 73 65 71 63 68 66 71 67 75 79 61 67 57 66 65 72 66 73 71 59 61 63 66 76 65 57 75 71 59 64 75 67 87 66 54 71 60 85 75 69 63 66 67 69 57 71 66 73 72 83 78 64 67 66 71 67 75 65 66 68 71 61 59 63 70 75 67 61 69 65 65 64 75 78 60 69 62 71 72 81 85 74 57 71 61 73 72 78 65 74 62 57 63 73 66 65 60 69 72 71 69 62 70 54 58 78 65 58 71 68 63 71 78 70 68 67 70 59 71 69 76 66 66 70 61 77 71 62 60 83 76 80 64 59 67 68 69 71 57 62 72 66 74 71 67 61 67 73 71 65 61 66 70 66 64 72
67 70 64 53 62 73 63 58 68 61 61 61 71 62 71 65 65 76 73 62 68 69 58 66 62 69 66 60 66 67 71 60 69 70 58 70 64 78 56 60 66 67 66 61 61 62 70 63 65 64 68 68 59 72 57 65 64 62 60 68 64 63 69 55 76 66 71 72 65 64 65 61 58 64 62 63 67 69 55 51 64 57 69 59 69 70 62 64 70 63 59 71 57 64 66 59 61 56 71 65 69 72 64 51 69 64 64 69 70 68 63 66 53 70 63 64 58 67 67 60 64 54 65 66 70 69 68 63 56 67 59 61 75 66 60 62 55 71 74 65 62 64 69 66 55 55 65 65 65 73 71 61 66 62 60 63 71 72 62 71 64 60 58 59 60 74 72 60 62 62 58 65 64 70 69 66 63 70 69 64 75 68 69 68 65 74 65 68 58 63 67 52 67 63 65 66 51 67 67 58 74 63 69 65 53 71 57 61 64 63 67 61 71 66 56 77 61 63 68 64 70 67 69 64 57 67 64 61 59 72 79 79 63 65 66 69 72 70 59 65 58 71 69 64 58 68 67 72 62 69 72 67 75 70 59 63
60 60 57 48 61 72 55 54 66 58 58 64 61 46 70 62 60 68 77 57 68 58 58 64 57 62 64 63 57 70 63 57 54 58 67 54 58 65 52 67 61 61 76 60 62 62 48 55 61 57 62 55 49 65 59 62 55 57 55 57 58 58 56 58 72 53 67 59 58 59 50 67 45 66 56 53 61 60 54 45 53 62 59 55 59 58 58 58 55 49 51 68 58 57 72 54 59 45 65 56 62 55 63 61 64 56 63 68 65 67 59 51 56 54 61 59 52 71 59 51 60 47 58 60 65 58 65 60 51 62 59 55 71 63 55 54 56 65 70 61 50 62 63 63 51 60 63 61 60 62 62 62 56 62 57 60 63 64 57 64 62 57 59 49 56 67 57 57 59 53 67 58 64 60 51 63 57 63 66 65 68 62 55 57 52 57 54 70 62 61 49 51 54 64 53 59 55 55 64 57 61 57 55 53 48 71 59 56 64 56 60 57 67 63 59 61 58 62 62 52 61 60 60 59 56 66 61 60 59 73 59 70 61 63 49 62 63 66 57 59 65 66 55 63 53 51 57 64 55 61 62 61 64 64 63 61
62 65 61 54 60 61 58 52 61 57 62 66 62 48 67 51 63 65 63 49 68 55 50 60 60 57 60 62 57 58 66 58 55 62 60 60 60 74 55 61 60 60 64 51 69 69 60 64 62 58 63 60 65 63 54 64 57 62 56 62 53 62 67 65 67 61 55 63 59 55 58 66 46 68 60 54 67 65 51 45 60 57 66 61 58 68 68 53 64 56 54 58 61 58 62 51 52 50 62 57 61 56 66 61 61 54 57 62 59 66 58 55 57 55 55 70 59 63 59 54 58 50 61 63 58 62 62 57 59 64 62 62 79 68 55 62 55 63 71 62 56 62 54 57 44 64 59 63 63 71 65 51 56 55 48 55 65 59 55 63 58 51 54 62 68 61 54 57 57 55 51 61 67 69 58 58 58 57 71 69 69 60 49 65 60 67 63 69 58 57 59 50 66 67 54 64 54 61 55 52 62 58 60 57 53 77 64 58 50 51 63 52 63 59 60 55 64 55 61 51 64 58 65 64 57 64 63 61 56 67 69 60 55 67 58 68 52 61 58 60 60 58 66 58 48 57 65 66 58 66 61 63 64 67 59 59
67 58 57 49 49 62 58 57 55 61 56 68 61 47 61 55 62 63 64 50 63 61 58 56 58 64 63 57 56 58 61 49 61 61 56 63 60 60 50 52 58 59 65 51 59 57 54 61 61 55 53 49 59 62 52 71 56 64 57 62 57 58 65 53 60 60 66 69 57 53 50 57 51 59 61 51 64 63 55 41 57 48 59 52 59 58 60 59 58 65 54 54 61 60 65 58 47 48 58 60 60 56 57 50 59 49 65 60 65 71 55 57 55 54 54 68 53 66 53 47 53 43 58 58 60 55 56 52 56 54 65 52 75 56 57 54 54 67 58 55 59 58 61 55 56 57 58 59 54 58 65 45 69 58 53 55 59 58 59 59 61 55 56 53 56 62 60 57 55 58 57 57 62 64 53 60 64 52 55 65 72 60 47 54 54 64 58 64 52 55 53 49 57 68 56 63 54 46 58 55 67 60 58 53 46 70 55 52 60 52 59 56 70 56 57 67 57 56 66 49 62 50 64 61 52 63 60 52 61 67 64 61 63 54 56 54 59 59 55 52 53 60 58 68 51 51 56 56 50 60 62 61 59 61 61 53
64 64 62 47 62 63 60 57 57 64 59 51 65 53 62 58 59 66 67 60 59 57 51 61 56 61 69 62 62 59 73 54 62 61 63 49 60 70 60 65 53 55 66 50 65 60 61 59 68 55 62 57 57 66 55 61 60 63 58 64 54 58 68 55 73 60 58 66 60 61 64 63 46 64 63 62 65 61 52 48 58 55 64 63 64 62 67 55 71 57 52 60 63 59 62 46 53 53 66 62 65 59 64 55 56 54 66 61 61 66 62 56 58 64 58 62 57 65 63 54 54 51 59 68 59 59 66 55 50 68 66 58 75 67 63 59 61 58 68 51 59 65 64 69 50 61 62 69 71 64 69 45 65 52 60 54 62 53 53 66 53 60 47 55 54 63 60 57 59 52 57 66 64 60 58 59 62 65 64 66 66 61 58 68 66 65 66 68 53 54 58 57 60 68 63 64 50 61 61 58 66 60 61 56 56 68 62 55 66 61 54 61 67 55 57 62 59 62 64 61 63 60 58 63 60 67 68 62 59 71 63 64 62 59 56 62 67 63 53 58 63 58 59 60 56 60 57 67 59 64 57 61 52 62 59 64
67 72 68 55 71 60 60 63 69 69 55 67 71 61 75 67 72 65 66 59 69 61 53 66 61 65 77 62 65 68 67 56 62 79 62 68 68 75 57 58 65 68 80 65 71 65 75 68 62 63 69 63 61 69 57 71 65 71 60 69 63 66 68 60 76 69 64 71 64 65 66 70 64 67 63 72 66 70 57 58 65 61 73 63 71 67 67 70 69 62 60 58 71 63 68 59 61 56 69 71 71 71 76 57 67 61 63 69 69 72 64 69 61 54 61 65 56 72 62 59 64 54 64 72 65 71 64 62 63 65 62 58 80 70 69 61 70 68 66 67 70 59 64 65 57 68 64 66 66 69 68 51 79 67 62 67 70 67 64 68 66 71 64 57 60 66 65 61 60 65 58 68 64 70 69 62 66 62 67 77 72 68 66 68 64 72 61 69 61 67 69 54 66 64 62 77 56 70 63 62 77 64 68 63 54 71 55 66 68 72 68 77 75 62 58 76 60 59 65 60 60 63 64 67 62 76 69 71 63 79 73 75 67 70 59 63 62 70 53 56 65 69 67 62 62 57 64 71 61 70 65 70 59 67 71 66
64 58 66 62 68 73 58 60 73 69 66 62 67 57 64 64 62 69 73 71 77 62 68 66 58 64 65 61 65 63 69 55 63 62 68 60 65 67 55 59 58 60 73 61 67 66 65 58 62 55 58 57 60 68 62 68 56 57 63 75 66 65 65 64 73 59 67 61 59 64 64 68 51 70 67 56 71 63 65 54 65 72 66 61 70 64 69 51 64 72 55 63 54 57 66 58 61 61 70 66 59 67 65 64 63 54 64 65 67 71 66 61 58 60 60 60 54 72 61 46 59 60 59 65 76 63 61 65 60 60 63 54 75 53 58 55 68 81 64 62 58 62 73 63 60 64 57 66 62 66 75 53 61 59 60 58 63 65 60 72 67 66 60 61 51 65 66 66 63 58 65 64 68 63 56 60 68 65 65 65 72 65 64 64 60 74 68 72 54 54 66 50 70 69 58 70 55 61 66 64 75 56 72 57 55 72 59 55 64 65 67 68 68 61 56 65 62 61 61 65 70 60 68 68 66 57 62 61 63 69 69 71 66 58 67 68 67 66 58 61 72 63 61 61 53 59 60 68 59 62 67 72 63 62 54 62
70 72 57 59 66 61 64 52 64 64 60 64 69 55 59 61 65 70 79 64 69 68 66 64 60 67 70 63 66 68 73 61 68 62 58 60 65 71 68 67 67 70 72 67 67 67 65 64 73 63 60 61 69 65 65 78 67 61 70 65 67 63 68 65 76 66 70 64 75 66 73 60 60 67 70 60 67 70 57 55 65 66 63 70 74 71 75 64 60 65 62 76 62 60 73 63 65 48 70 64 62 61 66 65 62 58 75 69 70 73 65 63 48 57 63 66 65 80 61 57 61 57 62 73 70 59 69 62 61 63 66 58 79 61 59 65 64 80 61 70 65 68 62 64 62 65 65 71 68 76 75 63 76 68 64 66 67 56 62 63 73 68 64 63 64 81 70 67 70 65 58 70 61 71 65 68 68 68 62 75 77 65 59 69 61 68 67 84 57 68 65 53 66 73 59 62 63 70 68 65 76 62 71 58 60 72 59 59 67 65 64 70 68 70 67 76 71 63 66 58 71 66 70 66 62 72 68 67 69 79 76 76 64 64 62 61 68 68 55 59 68 71 63 65 63 59 68 75 61 73 78 69 63 71 64 61
70 68 62 59 61 67 63 60 73 61 55 68 71 62 62 64 62 71 81 61 66 65 60 62 64 70 62 62 66 61 68 62 74 73 61 63 66 70 53 67 68 66 71 59 64 71 61 64 59 62 69 63 64 60 63 68 53 70 63 65 62 58 67 66 75 67 65 71 70 64 60 59 64 66 59 61 60 72 55 52 70 58 62 60 65 65 67 60 63 66 55 61 57 63 69 60 56 52 72 69 67 63 72 52 66 59 58 61 73 70 64 66 56 65 61 70 59 71 60 53 64 57 54 70 55 70 72 70 58 71 69 59 78 55 50 57 59 75 65 63 59 63 60 73 55 67 63 61 75 73 67 54 72 63 58 59 66 56 64 63 59 60 53 65 62 62 60 73 62 61 63 69 66 66 54 64 60 67 60 66 73 70 58 65 61 75 60 69 61 62 57 54 58 72 57 64 50 64 61 63 75 63 63 61 61 75 65 54 69 64 61 54 74 63 63 78 67 62 72 56 73 62 66 73 60 72 62 63 59 78 73 77 61 71 54 64 57 72 60 60 61 64 69 71 61 65 69 73 63 69 66 67 63 60 55 67
66 64 67 64 61 63 50 56 63 61 55 56 62 51 63 64 63 60 63 58 68 63 64 58 65 62 65 59 62 63 68 56 62 65 60 56 56 69 62 52 69 66 71 60 73 62 65 66 61 63 66 60 60 75 62 72 67 61 61 66 56 65 51 57 69 63 61 65 64 61 58 58 47 68 59 57 60 66 55 49 60 54 68 63 74 70 67 65 65 57 56 62 67 66 66 57 58 48 64 71 68 61 64 57 59 60 58 69 65 71 58 67 56 60 55 69 60 69 56 61 58 54 64 58 61 62 64 60 59 55 66 59 72 73 62 60 56 66 74 59 58 70 58 59 56 61 68 70 70 64 66 47 67 59 53 53 68 61 62 61 68 63 61 53 58 66 63 58 62 62 55 60 63 65 56 61 63 62 61 69 66 60 50 56 57 67 58 71 59 62 60 49 59 66 57 65 64 63 61 51 67 56 64 64 56 81 55 58 65 54 70 64 70 57 63 65 62 55 58 54 70 59 63 68 58 68 69 69 62 66 65 65 58 67 53 57 61 67 56 57 69 66 64 68 54 59 60 71 58 65 64 76 60 70 68 56
66 69 57 61 71 75 56 60 68 66 55 63 68 67 69 60 65 65 65 59 74 64 63 54 59 67 66 60 68 71 70 59 64 68 65 64 65 71 58 61 71 63 73 64 69 64 60 71 63 58 66 57 63 67 63 68 64 71 61 66 64 59 69 62 71 57 72 63 59 66 66 64 59 59 65 62 67 71 59 56 68 63 61 67 73 60 68 60 67 64 65 63 60 57 69 51 60 56 66 59 61 65 64 54 66 55 55 66 68 75 63 66 54 62 70 59 63 71 70 59 63 63 56 68 73 64 69 61 55 67 66 56 82 58 58 59 70 66 73 58 54 64 63 58 57 60 64 66 64 58 69 50 69 61 54 62 64 64 56 65 56 70 57 64 58 68 56 66 64 57 62 69 65 68 59 56 71 67 69 64 73 71 63 63 56 72 60 71 58 61 58 55 63 64 59 71 50 64 66 65 73 59 64 60 60 76 65 55 65 59 61 61 66 64 62 71 67 59 67 68 69 69 64 67 62 70 68 62 69 72 73 69 58 64 66 59 70 65 60 56 67 71 70 62 63 63 62 63 55 66 67 65 57 69 62 59
64 60 64 51 60 63 55 56 70 65 62 58 67 54 62 63 59 74 76 54 63 57 53 60 63 59 64 53 63 62 63 61 53 57 70 56 64 64 57 56 57 56 76 61 62 64 63 68 59 57 50 57 60 64 59 63 53 65 59 60 66 60 63 55 76 63 68 67 64 67 60 60 55 63 66 60 52 68 55 51 64 60 64 64 71 67 67 60 56 58 57 65 60 60 60 51 56 52 67 61 53 62 69 59 65 58 59 65 66 70 68 61 52 62 60 68 60 69 62 53 57 61 57 66 62 57 65 51 53 60 63 57 75 64 67 66 56 70 67 58 55 59 64 65 54 65 57 60 61 68 67 54 71 61 61 53 68 59 56 69 60 69 57 56 58 76 63 53 58 56 63 63 64 66 58 63 61 61 57 61 72 64 56 68 62 73 64 66 52 66 56 49 64 63 50 72 53 62 57 56 72 52 60 54 57 66 57 53 64 64 65 62 65 68 62 67 67 56 59 61 61 63 69 60 66 65 68 70 60 69 67 72 65 61 54 64 62 74 56 56 73 60 59 62 61 66 62 67 54 67 60 71 60 60 56 60
67 66 59 55 62 61 60 51 62 61 57 70 75 57 67 64 66 68 68 57 58 59 57 63 68 64 60 62 62 55 62 51 65 68 62 62 66 64 53 56 69 56 62 55 61 63 63 67 59 56 66 60 60 63 63 68 53 60 57 59 62 61 64 62 63 57 56 69 59 57 62 53 57 63 58 59 61 64 56 51 61 58 59 59 69 64 63 54 60 65 65 69 59 58 63 60 58 59 64 65 61 58 62 59 57 50 67 56 60 73 67 63 49 59 57 69 58 67 56 58 56 56 59 71 65 61 60 64 46 59 65 53 76 57 56 63 62 72 60 65 62 61 65 53 52 58 61 63 65 59 63 47 73 61 56 52 64 61 59 70 59 57 50 60 56 70 56 61 52 57 58 62 62 69 57 56 61 59 67 62 69 62 57 59 63 59 64 74 50 59 55 52 61 67 63 59 58 61 64 60 68 62 66 54 57 68 54 55 61 60 63 59 72 59 55 63 63 58 61 52 58 57 69 63 58 63 66 58 59 71 72 62 56 55 66 59 60 61 56 61 63 58 60 63 55 64 62 75 58 67 64 63 65 62 64 65
77 73 74 62 64 70 73 63 72 68 66 69 80 64 67 71 67 72 73 64 71 71 64 76 65 70 73 72 69 65 76 60 70 70 69 70 72 77 66 72 76 70 84 65 68 71 70 77 76 57 76 70 60 81 60 82 68 65 72 70 73 67 76 64 79 80 74 70 70 66 67 72 64 72 73 75 70 75 62 62 72 63 72 66 75 66 71 74 76 72 67 65 63 65 75 64 62 67 73 74 80 63 63 60 72 69 68 72 69 69 63 62 55 71 73 76 62 79 69 64 62 56 66 75 72 67 76 76 60 69 71 71 84 69 72 70 54 73 69 67 67 67 76 65 54 69 68 71 70 69 83 58 71 70 67 71 70 69 68 75 66 73 62 65 69 73 69 73 72 70 71 62 76 73 66 66 67 72 71 80 75 71 61 76 61 80 71 75 69 65 68 61 63 71 71 73 63 63 67 71 76 68 71 61 58 78 68 64 69 71 64 71 77 68 66 76 73 72 69 69 65 67 68 78 64 72 76 68 60 76 78 75 66 76 62 70 63 69 67 75 67 77 71 66 62 66 74 79 69 68 73 68 68 68 67 71
61 69 60 58 63 69 58 60 72 68 58 71 68 50 67 61 73 69 76 62 69 68 51 62 66 58 71 63 64 63 68 58 72 65 68 56 64 69 54 58 67 59 76 60 62 63 60 65 64 61 66 64 65 67 61 67 52 63 62 67 63 60 68 61 69 65 69 65 66 54 58 62 60 74 60 59 61 65 57 54 56 59 58 65 68 64 68 58 65 65 52 64 60 60 66 51 57 52 60 61 66 67 64 60 71 53 65 68 65 72 63 75 58 51 57 67 52 65 60 50 67 51 67 62 56 72 65 56 60 62 65 54 77 66 58 61 64 66 66 60 61 63 64 68 52 71 61 58 64 69 69 51 74 54 59 58 57 59 64 67 63 60 58 57 60 68 65 60 65 55 55 60 67 67 61 59 58 58 67 63 72 58 54 62 68 67 65 72 61 59 61 50 69 66 60 65 49 65 59 54 77 58 63 57 57 71 60 58 68 53 61 65 71 54 55 66 70 62 69 56 58 60 71 70 62 72 60 63 60 71 67 70 60 67 60 60 55 57 59 61 68 62 62 61 51 60 60 63 61 63 69 69 57 65 60 57
59 71 64 57 67 67 62 57 72 71 67 71 74 60 66 69 74 68 73 67 78 64 61 67 70 74 67 65 69 59 74 63 70 74 67 69 72 73 62 68 69 65 76 65 74 72 71 72 72 67 73 59 63 67 60 67 60 69 67 67 70 66 68 74 73 64 63 74 73 69 67 66 59 66 70 66 65 62 63 57 68 67 68 62 75 75 70 68 70 63 63 75 66 62 69 68 66 59 71 75 73 70 68 59 68 67 66 67 71 78 72 61 56 63 61 65 61 78 64 59 63 63 60 81 74 65 74 72 59 71 73 68 78 67 69 63 64 79 68 71 65 73 65 69 58 71 70 69 68 74 78 63 74 66 66 59 75 75 64 76 65 68 65 64 61 73 64 66 66 64 55 71 69 69 68 70 62 69 75 73 82 61 56 71 64 69 68 78 70 60 58 52 60 75 55 66 67 72 63 66 83 65 71 60 65 79 65 55 66 68 71 65 79 66 63 73 72 64 68 62 77 64 63 70 69 71 68 74 68 78 74 71 70 67 74 64 69 73 63 67 69 67 68 62 63 74 71 69 63 68 66 68 69 73 68 68
55 54 54 50 57 57 47 49 64 55 50 57 56 50 57 57 49 55 61 53 60 57 49 55 47 57 56 51 56 59 57 56 49 58 54 58 49 65 48 49 55 55 51 58 64 59 57 53 55 58 54 46 53 61 43 51 52 53 52 56 52 50 54 51 73 59 55 51 48 53 56 58 41 57 59 54 49 59 51 49 60 40 61 53 52 52 58 45 54 52 55 54 54 55 53 48 49 42 54 48 50 48 54 43 51 52 52 61 63 63 50 49 47 50 53 55 56 55 46 46 47 51 55 51 58 60 58 59 55 60 62 53 66 57 47 44 52 58 57 56 43 55 56 48 44 60 57 54 52 58 57 42 51 56 48 45 52 53 47 55 47 55 45 56 59 60 60 51 57 51 49 48 54 57 53 48 57 55 55 55 65 57 49 60 52 55 50 62 43 52 49 44 51 58 45 59 49 49 57 51 54 49 56 54 40 52 46 51 51 51 53 54 55 51 45 61 57 49 49 49 55 51 50 64 50 57 60 54 45 59 53 59 51 52 48 54 49 53 48 58 58 53 53 46 53 47 57 56 44 48 58 51 51 50 51 52
68 75 78 63 68 77 56 59 69 66 63 68 71 58 62 63 67 67 74 62 77 67 63 71 61 66 70 64 71 68 71 58 70 71 66 62 63 73 64 67 73 69 70 66 75 72 70 70 71 59 67 71 69 69 65 68 68 65 61 64 71 65 62 65 71 71 68 72 71 64 58 64 56 63 68 58 73 69 59 59 69 59 73 69 70 67 75 68 67 66 61 65 63 66 70 67 57 48 70 76 68 69 72 58 64 60 69 64 68 75 69 71 59 70 65 70 67 79 52 62 60 65 68 74 70 65 76 62 65 72 71 65 80 74 66 57 64 66 77 67 67 75 64 62 52 66 72 70 65 75 67 53 74 69 58 64 70 69 61 71 64 70 52 63 67 77 65 68 63 60 65 66 76 72 64 68 61 78 72 71 77 63 58 67 67 64 72 84 62 63 62 57 60 71 62 69 67 69 65 59 68 65 68 57 58 76 69 65 61 62 71 64 77 69 63 67 70 67 65 58 73 59 67 67 55 75 68 68 61 73 70 82 60 67 64 67 65 68 62 66 75 67 66 65 66 63 73 79 62 68 70 69 66 68 57 70
77 78 74 66 72 70 60 61 69 76 69 72 83 65 69 70 71 81 76 70 80 66 61 78 72 70 79 72 71 69 76 67 72 70 72 65 69 77 57 66 72 70 85 73 74 68 76 76 72 64 79 64 69 79 64 74 69 67 71 62 61 71 70 75 84 73 78 65 74 67 68 72 56 69 66 67 76 78 69 58 70 61 72 69 80 76 72 64 75 70 56 64 74 69 78 71 59 58 76 74 72 59 74 65 65 67 71 75 75 81 70 68 62 67 69 69 67 75 72 66 69 69 68 71 70 67 71 65 65 75 73 58 86 77 65 68 65 79 81 69 64 68 75 62 60 70 65 67 71 78 81 60 80 71 69 69 73 66 67 71 63 69 56 69 70 75 71 68 67 70 66 70 81 81 67 67 72 72 76 78 81 69 65 68 63 73 71 89 68 71 65 58 72 62 73 69 68 70 72 64 74 66 72 72 68 79 59 68 59 71 71 73 76 71 69 72 75 68 76 65 65 60 78 73 67 84 84 69 72 81 75 79 66 74 65 73 73 69 66 70 82 70 69 63 68 66 69 78 69 71 74 80 71 67 66 67
63 62 65 53 62 72 58 56 67 68 57 66 68 55 68 58 64 67 68 69 62 72 61 64 62 65 66 62 64 68 69 50 67 66 64 63 64 66 53 67 63 63 75 73 68 63 66 70 68 54 67 58 62 68 53 68 63 63 61 63 64 56 62 52 80 57 61 63 56 67 60 63 57 57 68 66 57 74 59 52 60 63 70 73 69 62 67 62 68 58 62 60 66 66 63 58 65 55 66 62 65 65 73 59 68 65 60 68 69 72 57 63 64 58 63 63 59 78 60 60 68 52 63 72 64 66 64 68 62 65 66 61 78 69 62 63 60 64 76 61 59 61 69 73 52 72 66 63 57 69 73 55 64 62 61 60 75 67 63 68 59 69 64 67 61 75 61 56 69 54 64 67 71 69 56 53 60 59 63 66 76 64 58 63 58 69 59 70 68 68 59 54 65 62 62 65 58 66 59 66 70 64 63 58 56 72 61 57 64 66 69 65 72 68 55 74 68 56 67 65 61 72 66 74 58 70 74 74 61 72 70 64 61 68 58 69 58 67 65 57 69 66 65 67 58 63 60 74 63 59 63 66 58 64 60 62
75 71 69 54 62 68 64 55 70 66 59 75 74 59 76 72 62 72 77 67 70 65 64 69 70 63 69 68 69 66 80 54 65 67 67 66 61 75 75 70 69 61 76 64 66 67 68 68 62 60 72 65 59 79 69 72 62 66 63 73 67 67 72 70 82 65 63 68 71 62 64 71 59 74 68 61 68 72 61 59 69 65 63 66 72 67 72 69 67 64 59 60 66 61 70 63 58 59 74 64 67 68 71 63 64 68 66 70 73 78 64 65 62 66 64 73 63 73 64 62 66 57 72 68 72 61 68 56 61 69 73 61 76 76 58 60 54 74 72 71 59 74 75 64 49 72 64 72 69 72 72 59 73 65 58 66 71 64 67 72 69 67 67 61 66 79 69 61 66 68 67 58 81 67 69 66 62 71 70 73 77 69 66 61 65 73 69 75 60 64 68 52 67 68 69 75 63 60 69 63 78 60 67 59 60 75 62 58 66 62 66 69 75 67 64 75 69 70 66 67 75 59 71 78 61 72 61 68 61 72 72 78 68 70 64 70 67 66 55 64 71 71 62 71 55 61 70 74 64 65 67 71 65 66 66 64
63 63 57 55 64 64 54 58 63 61 59 58 68 58 56 64 60 64 68 58 68 61 55 57 56 63 72 68 64 65 62 59 59 60 59 65 64 68 55 54 59 62 66 51 61 60 68 72 66 56 64 65 57 63 56 64 61 59 57 64 64 60 67 58 67 58 63 73 62 61 61 67 54 62 60 65 61 70 54 51 56 57 57 62 63 52 67 60 68 67 55 62 60 64 63 64 65 54 65 69 60 66 58 57 63 58 54 56 67 66 62 65 54 51 59 59 51 66 57 58 59 52 61 72 63 64 63 64 64 61 72 53 67 65 60 58 56 69 64 65 57 60 59 59 55 63 58 68 62 62 69 56 64 59 51 57 61 69 60 58 59 69 61 55 61 70 63 52 65 57 69 62 66 66 64 61 61 63 63 66 67 66 51 54 58 67 64 69 55 67 59 43 63 58 59 63 57 60 70 53 70 59 62 57 50 68 56 58 69 56 53 63 69 55 51 67 59 55 66 59 60 62 61 63 59 69 65 59 56 70 67 72 62 61 54 56 56 57 55 60 69 61 62 64 50 64 64 60 57 58 63 65 59 58 57 55
72 66 68 58 65 70 61 59 78 58 67 80 69 64 75 65 68 73 75 64 77 65 66 67 58 71 69 68 67 71 73 70 72 73 72 73 65 75 65 69 69 66 81 68 80 76 71 79 75 57 64 73 60 73 70 74 60 67 67 63 71 67 72 72 80 71 69 63 69 63 58 74 65 75 67 59 67 69 55 59 68 64 64 64 84 70 71 61 69 64 65 72 70 67 72 69 60 56 71 74 68 73 66 63 65 60 70 70 72 74 71 69 58 66 67 70 63 72 66 62 61 62 69 79 67 63 74 70 68 73 69 60 77 73 58 64 60 70 71 69 64 70 73 70 53 72 62 68 67 84 83 63 67 62 62 65 76 70 64 72 73 68 65 56 71 81 71 66 74 65 75 66 76 71 66 66 65 76 75 73 73 69 54 69 59 80 63 72 62 68 63 53 70 71 66 75 62 76 76 68 76 67 74 58 61 74 65 63 66 61 76 63 78 66 66 72 71 69 67 61 70 66 71 71 58 70 74 72 68 75 80 83 66 65 61 73 59 66 56 68 62 73 70 60 58 61 71 76 67 69 70 65 69 65 62 74
71 74 66 57 72 71 63 61 70 61 59 68 70 55 66 62 70 72 66 67 69 68 55 64 66 65 70 66 69 65 77 60 68 61 75 65 70 77 61 65 65 60 81 73 74 70 72 69 62 69 62 61 66 73 63 72 70 70 72 67 66 63 67 71 83 64 62 67 74 66 59 67 54 72 72 63 64 76 59 57 75 59 68 61 63 67 74 62 64 73 61 68 63 60 69 61 57 55 67 60 63 65 67 63 69 63 59 59 81 78 66 70 62 68 68 69 63 71 70 58 61 64 66 64 69 66 64 51 65 66 78 65 84 66 59 63 64 76 66 70 57 69 68 60 60 65 70 68 69 64 66 54 70 67 64 64 72 61 64 69 64 68 68 63 59 76 66 65 58 63 59 59 71 77 61 64 67 65 68 72 85 67 53 62 59 76 64 82 65 65 65 53 66 68 61 71 61 65 69 64 76 60 62 61 56 84 60 51 63 63 58 68 78 66 61 68 67 62 66 65 70 60 70 77 62 75 66 70 60 79 79 72 57 67 56 65 65 71 65 59 77 66 63 67 59 64 70 66 67 60 64 72 64 69 66 60
64 66 61 55 64 66 60 55 72 55 63 74 68 58 63 60 69 59 71 67 76 72 50 66 62 68 62 63 69 63 65 60 65 68 62 59 62 67 63 67 69 58 67 52 70 69 59 70 69 64 70 63 64 69 71 70 54 65 60 62 63 63 68 57 76 66 71 69 68 62 60 67 54 62 63 60 66 75 63 51 61 62 62 65 71 66 67 50 66 65 59 64 58 67 65 63 49 60 67 62 61 63 64 59 63 58 66 54 67 65 66 64 57 57 64 71 50 68 64 61 61 58 62 76 65 62 72 59 67 70 70 60 76 70 60 54 64 68 65 60 65 62 59 67 54 65 68 72 71 75 78 54 74 65 58 56 65 56 64 62 62 75 58 57 67 72 60 68 73 66 59 65 75 67 65 65 68 58 62 69 72 60 54 69 56 71 62 71 63 60 66 52 57 66 57 63 58 73 66 56 66 58 66 61 61 73 67 44 63 62 62 69 75 60 60 68 59 65 57 63 71 62 69 67 61 73 61 66 62 76 68 79 62 67 64 67 62 73 61 63 71 63 64 64 54 59 67 73 59 66 68 64 55 62 54 63
70 66 65 53 62 62 61 68 71 60 64 63 67 56 61 65 68 65 79 61 71 63 56 63 60 60 67 61 65 63 65 63 71 63 69 64 72 68 57 59 67 61 62 60 65 74 62 70 67 58 65 65 60 70 60 66 62 59 59 67 69 60 74 62 83 66 70 62 62 64 60 67 56 62 69 57 63 69 62 51 68 59 68 61 71 71 66 60 65 64 66 53 59 59 61 59 56 58 68 66 58 56 70 57 67 58 66 66 72 71 64 66 55 67 70 67 60 76 55 53 60 56 64 64 61 63 65 62 61 72 72 61 81 64 60 64 56 75 64 62 62 60 68 60 51 73 62 64 68 78 78 55 61 60 60 62 69 60 63 69 53 60 56 61 61 72 68 65 67 62 53 56 69 67 56 70 63 72 62 72 76 59 47 66 64 77 67 68 57 65 57 54 61 64 60 69 51 66 62 63 70 56 70 62 53 77 57 56 65 67 71 63 74 60 59 66 62 65 67 64 67 58 66 69 60 72 62 65 60 66 63 70 63 63 58 67 58 64 62 64 68 62 67 61 56 65 69 72 63 69 56 71 64 60 52 68
64 66 64 50 59 64 56 65 63 64 60 70 76 52 62 66 56 67 66 65 63 65 58 58 56 67 62 63 66 70 66 66 66 58 58 57 66 71 53 62 68 67 68 57 64 72 55 61 63 52 63 62 59 60 55 69 52 65 62 58 57 63 62 61 75 58 66 64 54 64 64 62 52 67 62 57 64 67 58 49 51 59 59 67 64 63 61 50 62 68 58 63 57 60 59 57 60 54 63 64 67 58 61 55 67 54 65 54 61 65 51 61 59 62 53 73 57 63 63 51 64 54 59 65 58 58 68 62 54 67 57 63 65 60 51 54 61 69 69 65 62 60 65 64 52 55 50 65 69 67 73 52 57 63 61 61 64 58 62 64 61 57 50 64 59 66 57 61 61 59 54 56 62 69 53 48 60 63 74 60 76 67 53 64 58 69 65 67 60 58 60 49 64 71 66 62 49 60 64 60 72 52 66 54 50 68 56 53 62 66 55 64 70 59 59 60 57 63 64 57 67 69 65 65 51 68 62 59 60 66 70 64 59 62 49 61 58 68 48 61 62 59 65 63 53 59 53 52 59 56 65 65 65 67 52 60
74 71 61 63 75 69 55 60 76 68 69 74 69 63 74 68 73 74 76 61 70 68 57 65 72 73 70 54 70 71 74 58 74 73 66 63 71 71 54 68 68 65 73 62 73 68 61 65 65 68 67 64 62 68 69 78 58 65 63 71 68 62 67 61 78 61 66 74 76 60 64 68 61 66 69 49 66 71 61 59 72 55 63 64 68 70 75 58 71 66 65 68 68 63 78 63 60 58 67 64 75 68 72 61 71 61 59 67 76 78 65 71 59 65 60 71 57 72 64 66 61 59 65 72 77 69 73 68 60 70 72 61 79 68 63 63 67 80 71 72 62 65 59 59 62 64 68 72 76 73 66 54 75 70 63 64 63 68 77 70 73 71 61 73 62 71 56 65 72 61 67 73 75 68 62 64 67 69 69 68 76 62 61 71 65 72 63 78 64 70 67 54 62 70 60 67 61 62 64 55 79 63 71 65 63 79 60 59 66 62 69 63 70 61 60 75 68 67 66 59 66 58 73 70 67 72 70 69 62 74 67 80 62 65 62 59 66 72 57 62 74 68 68 68 59 65 68 69 60 79 72 71 62 69 59 62
68 68 58 51 66 69 62 56 67 65 62 70 68 63 71 64 59 69 73 64 63 62 59 68 67 68 67 50 66 72 72 53 64 68 57 55 64 75 62 65 68 64 69 61 65 65 60 60 70 62 60 67 63 72 53 66 55 63 64 65 66 64 66 60 75 62 73 65 65 66 59 62 56 66 63 63 65 71 58 47 63 56 66 64 66 69 63 60 63 59 52 66 63 66 68 61 55 57 64 65 68 63 60 48 64 54 66 61 73 80 63 59 51 63 65 63 61 64 66 51 65 64 53 69 62 63 64 57 61 67 64 53 78 58 60 56 64 73 70 59 59 62 64 64 44 70 56 67 75 70 69 58 70 64 66 61 70 62 70 70 63 66 57 62 62 70 62 66 64 58 65 66 66 66 61 62 59 72 60 65 71 66 59 75 65 65 70 70 56 62 60 53 58 63 62 63 57 63 63 62 71 58 66 56 57 72 63 57 63 62 55 68 70 64 61 67 70 63 65 55 66 65 65 71 64 72 68 57 69 73 69 75 71 65 59 60 58 71 53 59 63 61 66 63 57 71 62 66 66 68 63 66 59 65 60 61
71 75 68 57 60 67 63 61 71 70 66 75 74 64 77 64 66 71 73 58 76 63 60 66 60 65 69 67 64 65 72 63 75 69 65 66 64 74 61 68 66 66 77 64 68 68 63 75 66 61 65 59 64 68 67 70 64 72 66 61 64 69 67 71 76 64 68 71 70 63 65 75 62 78 72 69 69 80 59 56 70 59 67 64 75 70 62 60 64 63 63 62 74 67 72 55 61 60 70 57 68 67 66 68 67 60 64 66 66 71 67 65 58 63 62 70 59 70 67 52 61 63 66 67 70 72 60 61 60 68 72 53 83 69 62 55 64 70 77 74 64 64 63 66 57 66 63 69 70 71 79 56 67 67 63 66 77 63 70 76 61 59 57 65 66 72 61 67 62 67 62 64 68 69 68 64 69 69 73 63 71 70 56 75 69 75 65 76 59 59 56 56 66 72 71 76 58 64 68 64 74 59 69 58 59 72 67 51 71 67 67 73 77 58 65 72 63 72 73 66 75 69 63 68 60 73 65 67 67 88 76 72 64 67 64 66 62 65 59 66 65 67 66 69 63 59 74 68 65 66 67 68 68 69 67 72
70 64 70 50 69 64 65 58 62 74 65 58 70 58 66 69 58 72 70 62 66 65 58 67 64 70 64 66 63 64 66 61 70 68 67 71 72 65 63 70 64 62 78 65 71 63 62 67 68 69 63 65 62 71 58 68 64 71 61 70 63 60 63 60 85 64 61 68 66 64 67 61 62 68 65 65 66 75 60 57 67 63 64 62 67 66 71 64 62 60 59 67 66 62 65 57 58 54 78 74 71 61 66 57 60 67 61 71 73 79 64 67 63 58 66 63 64 76 62 66 57 55 63 68 74 64 65 61 51 62 69 57 82 70 56 66 67 72 75 62 62 63 66 69 52 64 62 66 68 70 65 54 71 61 62 65 68 64 61 68 56 68 56 60 57 71 66 62 65 64 57 68 71 66 66 63 58 69 65 60 69 58 57 65 68 72 61 77 57 64 59 53 64 62 65 66 50 55 72 60 80 57 67 63 67 67 64 61 67 67 58 62 74 62 61 76 66 64 62 65 66 62 66 74 65 62 69 65 63 71 75 76 63 63 62 62 55 66 55 62 72 72 61 65 60 63 61 72 63 68 71 68 71 68 59 67
63 67 65 58 54 68 57 63 70 56 61 69 71 62 66 64 65 69 77 59 72 67 65 58 63 65 69 62 63 65 74 59 68 70 69 67 69 72 66 62 74 58 77 59 66 67 64 65 69 63 72 65 63 62 57 62 60 69 63 63 61 65 66 62 76 68 74 67 58 60 59 67 65 67 61 59 62 68 51 54 71 62 64 62 69 63 66 62 67 69 65 61 54 56 67 55 59 57 67 70 69 68 67 53 65 66 67 63 68 72 65 64 55 63 64 67 54 68 64 57 65 55 60 67 60 73 66 65 57 60 65 55 77 58 58 49 62 67 68 64 61 68 71 70 58 72 63 61 66 72 77 54 67 64 57 65 71 59 64 69 62 70 56 55 72 71 56 68 66 60 66 61 71 63 57 63 63 68 77 65 70 60 58 72 59 73 62 73 57 63 65 52 67 70 60 72 51 59 70 68 70 58 71 66 64 70 65 55 68 61 66 65 77 69 61 68 71 64 63 68 66 65 69 71 60 70 75 64 64 74 67 77 68 73 65 65 61 67 55 62 69 70 69 66 62 61 66 65 59 70 61 65 63 63 60 63
55 51 58 47 54 54 52 51 66 50 52 57 66 52 56 57 59 58 70 48 63 56 44 57 53 63 60 52 49 58 53 47 60 52 55 56 57 66 46 56 59 52 59 57 62 54 53 57 53 52 56 55 58 62 59 55 52 52 54 65 53 50 63 53 60 56 54 58 59 55 57 50 51 58 59 51 60 53 41 42 53 57 53 60 64 63 56 57 51 58 52 55 54 47 63 48 48 37 61 56 50 50 54 52 54 49 59 62 54 63 61 55 45 50 59 59 46 62 54 46 56 45 63 56 56 49 55 50 45 56 53 49 64 54 53 57 53 65 57 51 50 55 53 60 50 53 57 58 57 57 65 44 60 55 48 56 61 53 57 63 53 57 50 42 57 64 55 57 54 56 57 58 63 60 53 60 58 59 65 54 67 59 54 47 48 63 58 65 51 50 57 45 58 55 51 59 51 60 58 56 63 52 59 53 52 66 54 52 61 54 56 55 63 56 53 62 53 58 53 52 62 47 63 63 51 64 56 62 58 63 69 65 55 55 54 64 58 53 51 58 57 57 57 56 48 56 62 61 54 59 50 64 53 57 54 48
66 69 59 65 55 72 64 58 77 65 63 70 70 65 76 70 68 76 79 65 68 67 57 69 69 69 68 69 66 73 72 59 70 72 67 68 65 73 66 58 78 58 74 65 76 72 62 69 73 63 65 65 70 65 64 69 68 74 69 65 67 64 65 62 77 66 64 72 63 63 63 68 63 66 69 59 59 72 54 57 73 64 65 63 82 72 74 55 69 72 63 65 66 63 67 62 58 62 66 76 67 68 70 64 63 56 64 62 69 73 71 71 54 56 61 67 60 75 70 63 71 63 70 74 73 66 64 66 60 71 68 52 84 70 59 65 66 78 72 68 57 67 68 67 61 73 69 66 74 74 85 57 78 66 68 62 75 61 65 77 73 72 64 67 63 79 64 66 68 60 63 63 77 72 64 58 72 65 73 62 79 69 62 70 57 75 68 77 71 61 66 61 70 63 59 62 59 65 71 62 75 65 65 61 58 72 60 59 68 69 68 65 74 72 60 75 70 59 59 69 70 66 70 67 65 75 66 66 58 81 79 80 71 69 65 71 59 69 64 61 69 60 62 68 61 64 66 70 66 66 73 66 64 61 66 66
60 63 62 48 58 65 60 62 66 58 59 79 69 64 71 62 66 65 72 65 61 67 61 63 63 69 71 66 67 70 67 56 69 70 61 58 66 77 56 67 66 65 73 62 68 68 66 59 71 61 65 64 65 66 67 62 55 64 62 65 72 60 68 64 73 62 68 67 65 64 62 69 63 71 69 63 62 67 53 55 65 57 71 63 73 70 69 65 71 62 55 64 65 62 69 59 64 60 58 66 65 66 56 64 67 62 68 72 63 76 66 71 60 57 62 73 56 69 64 56 60 55 64 74 62 67 66 66 63 67 68 58 77 61 56 55 56 70 68 67 63 65 71 75 52 73 58 65 66 71 77 55 69 59 56 61 70 66 60 70 61 63 58 56 65 75 63 61 66 63 64 67 61 62 65 62 66 65 71 70 71 65 52 73 63 73 65 72 54 65 56 57 68 72 68 69 56 69 74 62 68 57 68 58 57 70 65 62 70 55 64 65 75 59 59 68 64 65 61 57 59 67 71 72 62 72 69 62 62 72 71 71 60 56 61 69 66 65 66 60 67 57 66 62 59 63 62 58 66 67 67 65 69 64 58 65
55 63 65 64 69 66 54 58 72 61 57 67 62 54 67 66 65 64 69 59 68 72 59 63 67 60 65 67 66 65 74 60 61 69 69 60 63 71 67 61 63 62 72 61 76 69 68 71 64 64 64 57 64 64 58 77 67 71 66 67 68 62 73 67 69 65 68 67 65 61 56 70 58 70 66 62 63 64 56 48 71 67 64 65 62 62 72 67 55 71 65 62 58 61 61 61 60 58 65 74 61 65 63 59 61 54 63 60 67 75 64 67 50 58 54 69 63 76 63 52 63 60 62 70 68 63 66 59 62 59 64 66 76 65 63 60 66 70 63 68 59 60 70 71 58 64 64 68 63 71 72 58 66 59 62 59 73 72 56 69 64 68 65 60 56 74 61 64 62 58 57 66 71 72 59 61 68 65 69 65 78 66 55 70 57 74 64 84 61 61 65 50 69 71 59 68 63 60 69 56 70 63 69 49 57 78 64 53 65 55 69 59 72 68 62 64 71 52 72 61 70 60 68 64 58 72 62 65 63 70 72 77 62 70 57 62 61 72 57 62 69 67 67 62 55 60 65 65 59 69 66 66 59 72 63 58
72 69 67 54 65 77 62 68 75 67 63 68 77 61 66 65 67 74 72 67 74 71 61 66 65 71 77 71 73 71 70 61 69 75 69 62 74 68 64 66 69 67 83 68 72 68 76 62 71 58 67 63 66 71 71 73 59 68 63 71 70 65 66 59 85 74 72 79 64 74 67 73 64 73 68 64 72 67 60 52 68 63 74 65 76 69 74 65 75 69 56 65 62 61 72 60 67 59 73 70 68 71 73 61 69 67 66 68 73 77 60 74 66 63 62 73 69 76 69 57 63 57 64 78 69 71 74 63 63 66 75 62 86 66 63 62 64 72 76 65 67 70 73 77 58 71 64 70 74 71 70 61 77 63 62 69 69 71 73 74 64 63 58 61 65 74 63 65 74 67 59 69 66 69 67 71 74 69 64 70 79 64 58 71 63 74 68 86 63 69 63 60 72 69 64 75 53 62 65 66 70 68 66 65 62 79 74 59 68 74 70 77 77 68 64 71 65 68 71 62 68 62 67 74 66 69 73 64 63 73 75 74 62 73 57 65 72 73 67 60 71 71 67 71 68 67 63 70 67 59 76 71 68 70 63 71
54 62 61 39 58 54 50 52 58 57 47 61 54 54 63 61 66 61 63 51 57 56 49 60 51 58 59 48 50 55 60 49 54 58 55 64 60 63 51 61 59 55 66 46 58 63 55 65 55 46 57 55 51 60 55 61 54 50 53 55 55 54 62 57 64 55 60 60 51 58 58 58 48 61 61 50 54 57 50 46 61 54 58 58 62 63 53 53 54 51 55 57 50 53 58 49 47 53 62 53 55 56 60 52 59 50 56 52 55 62 54 54 50 57 52 66 53 62 60 50 59 46 59 68 54 51 54 60 43 54 54 51 71 51 65 56 53 60 66 51 48 55 54 65 47 58 62 54 65 62 63 42 56 57 52 50 61 62 60 67 52 56 48 60 52 59 55 59 52 53 51 65 57 61 52 58 54 57 65 58 71 51 50 53 59 65 62 69 51 51 49 47 63 54 61 61 47 59 56 57 57 55 54 47 55 68 58 49 56 52 66 56 60 64 56 51 62 48 55 52 54 53 58 62 50 64 58 53 60 57 67 64 56 60 51 55 52 59 48 48 66 58 61 55 51 57 57 67 51 61 55 58 51 57 56 56
66 72 60 60 58 52 56 57 63 65 62 67 64 57 64 67 58 68 68 55 67 64 63 64 58 63 65 57 61 68 67 57 63 62 60 62 58 67 62 61 69 61 75 58 64 64 59 65 61 61 67 61 57 68 53 63 63 60 64 70 50 62 67 59 71 54 64 63 54 61 60 62 54 63 58 62 62 69 55 45 67 59 55 57 70 64 65 59 67 60 54 63 61 60 64 58 61 57 60 62 58 58 58 60 58 55 60 56 64 68 59 62 52 60 57 56 56 63 56 63 55 53 62 60 65 58 66 51 53 63 66 52 65 59 51 57 57 72 64 58 62 62 65 59 60 61 59 70 64 62 67 50 63 64 55 57 66 60 61 64 60 62 56 60 57 73 58 54 53 64 58 56 67 67 58 54 63 56 64 58 66 68 57 66 63 67 61 67 59 60 56 56 68 60 63 61 60 58 63 55 72 53 68 57 50 69 56 55 60 61 64 68 64 62 58 67 65 53 52 63 61 66 65 53 64 65 59 58 62 72 74 69 62 68 57 58 54 68 57 63 65 66 60 61 48 57 61 68 63 59 64 67 62 72 64 56
69 64 75 55 71 59 62 59 72 64 62 69 76 60 75 65 72 74 74 64 72 62 61 67 66 67 76 73 73 59 77 57 71 67 67 65 73 67 57 65 67 62 74 62 71 68 71 78 66 51 65 62 61 70 64 68 67 72 69 69 71 64 75 75 78 67 74 66 68 68 64 71 57 68 67 62 66 73 56 58 71 64 67 69 70 66 68 61 69 65 58 59 66 65 71 66 61 58 70 74 66 75 72 68 61 64 67 65 72 76 75 71 58 63 66 67 62 69 71 58 71 55 67 72 75 71 67 62 65 73 79 58 85 70 64 64 64 76 76 70 70 64 67 64 55 74 64 68 75 70 77 56 77 62 65 68 72 68 68 78 68 69 59 55 68 70 69 63 67 61 68 70 73 74 68 73 68 72 76 70 80 64 64 62 63 78 77 86 60 61 71 63 68 72 60 71 58 69 72 60 84 67 67 61 63 78 68 61 66 69 70 72 76 60 59 67 69 70 70 64 68 62 71 73 65 70 71 66 66 77 74 70 67 65 67 64 59 67 60 65 68 67 63 62 60 60 71 69 64 75 64 70 66 66 62 63
68 66 61 66 63 58 53 53 66 65 62 65 70 57 66 66 62 71 69 51 65 63 47 62 61 65 60 65 66 62 59 58 65 67 56 57 57 68 55 58 59 58 69 54 73 62 63 62 60 54 64 60 62 67 62 69 54 66 59 65 55 51 68 52 69 62 63 73 67 55 54 59 52 69 62 62 61 67 58 55 62 65 63 58 61 66 67 63 72 69 61 65 59 60 66 53 61 50 67 65 63 63 62 59 64 60 66 68 61 64 61 58 61 57 52 70 54 71 69 59 58 63 66 66 70 59 57 60 56 68 58 57 74 68 60 61 57 73 65 64 56 65 62 63 54 63 62 71 68 68 68 51 80 65 63 57 64 64 68 65 61 71 59 62 51 69 58 54 61 59 63 65 68 59 64 65 62 60 65 64 70 61 58 57 52 72 60 73 63 59 58 43 65 63 59 63 62 64 67 60 69 56 59 59 52 69 54 50 61 67 60 62 68 64 54 75 58 60 59 58 67 73 66 60 55 66 58 69 55 68 71 76 57 59 64 60 57 67 57 56 63 63 71 59 54 66 60 61 61 64 78 65 62 63 59 60
67 65 58 63 62 66 55 55 69 63 59 65 72 63 69 61 65 69 74 62 62 64 59 58 66 64 70 65 66 70 68 61 60 61 63 67 61 64 60 61 70 59 77 66 72 69 57 65 67 58 70 61 62 68 61 74 59 63 59 64 68 62 69 65 69 65 65 67 66 59 58 60 59 65 69 52 69 67 65 48 58 57 67 63 72 74 70 58 67 67 57 62 65 64 64 61 61 52 66 68 67 62 70 58 67 58 62 70 73 77 61 55 58 62 59 72 60 65 62 53 62 65 62 60 69 61 62 60 53 73 60 58 78 63 56 63 58 71 68 62 57 60 65 58 54 59 62 69 66 69 69 63 70 65 56 61 66 65 70 63 68 57 57 68 68 70 59 59 64 58 66 62 68 65 66 61 61 66 60 69 79 69 58 61 52 67 60 75 69 71 57 53 68 66 53 56 57 53 66 57 70 60 76 53 55 64 66 60 65 63 64 55 71 66 63 63 76 55 61 61 59 56 74 63 62 71 70 60 59 70 67 73 64 60 60 68 67 70 54 62 67 66 65 70 55 57 53 64 63 67 68 70 60 68 61 63
59 59 54 48 59 55 57 59 60 55 54 55 57 60 61 60 61 61 64 54 61 61 49 49 53 61 60 54 57 53 56 49 55 55 59 57 60 62 55 54 61 57 57 53 56 61 55 61 57 53 59 47 50 57 55 58 56 54 55 53 57 53 62 62 64 59 51 59 49 59 71 51 47 56 57 57 58 61 49 44 53 54 52 51 56 58 63 48 50 50 59 53 50 52 58 47 51 49 66 52 60 55 61 48 53 61 53 59 55 67 59 55 45 61 53 53 51 59 52 54 56 49 56 59 60 54 60 57 49 55 67 57 70 59 59 53 60 65 61 53 57 61 59 56 50 57 54 61 63 58 67 50 58 54 50 52 61 54 55 57 48 57 53 51 55 62 53 48 54 52 51 52 59 54 50 58 60 58 63 57 68 62 56 57 55 67 54 64 49 56 48 52 58 61 56 64 42 56 60 52 69 55 59 56 56 70 54 46 59 57 53 57 61 52 53 61 54 56 53 56 60 61 49 58 51 60 64 60 52 62 65 58 55 52 52 53 55 61 52 59 61 52 52 54 54 59 53 64 57 59 56 60 65 63 47 62
56 63 47 54 61 65 55 56 63 57 62 58 62 57 62 57 57 58 67 54 61 52 49 57 53 57 59 57 58 50 61 46 59 62 67 56 62 58 53 53 55 57 60 56 59 61 50 62 57 49 65 59 53 57 55 53 52 59 54 59 51 53 65 61 67 61 58 62 57 45 55 61 54 64 62 52 56 61 47 46 66 54 57 61 57 54 63 57 62 60 59 52 47 52 60 52 48 47 69 57 57 59 61 58 54 53 50 52 65 59 61 53 39 54 47 58 51 60 59 54 53 55 54 60 58 52 64 54 49 64 62 52 71 58 51 65 51 64 52 60 49 60 56 62 50 56 62 54 68 63 64 53 63 54 55 54 55 55 54 70 61 56 49 56 55 56 49 54 56 47 58 55 65 57 55 54 62 57 68 60 63 60 57 54 59 67 59 69 55 60 55 44 57 54 52 60 56 52 58 48 62 53 63 57 52 67 56 48 63 51 55 51 64 64 52 62 58 53 55 58 56 51 62 53 55 59 55 55 52 62 66 66 52 57 55 64 52 57 51 54 49 56 55 55 45 59 60 66 55 62 64 61 61 59 53 65
64 69 63 58 60 64 64 63 61 62 62 69 62 50 62 61 58 66 74 58 68 57 55 60 61 61 61 62 59 70 68 61 64 70 57 58 60 64 57 54 75 59 64 64 68 63 58 63 65 67 59 62 61 65 56 66 51 61 66 52 61 53 62 56 75 68 64 58 66 58 62 59 54 64 57 60 62 68 62 54 59 63 61 59 67 64 65 58 62 61 54 59 49 66 58 53 58 51 69 64 58 59 57 57 63 59 60 58 68 69 57 59 50 54 65 64 58 68 60 52 62 56 57 67 62 66 66 65 59 64 61 57 75 63 49 52 59 65 62 67 58 59 62 62 48 64 61 64 68 65 68 59 67 58 58 57 65 68 62 63 69 63 58 63 59 65 59 68 62 63 59 58 60 62 57 56 53 66 63 61 71 61 53 70 53 64 62 76 59 56 58 48 56 63 57 61 60 62 66 63 66 61 64 59 53 56 57 51 69 56 59 59 70 63 61 70 69 68 60 54 58 66 58 68 64 64 59 60 59 72 67 72 61 70 59 58 56 67 59 65 63 66 60 61 55 52 61 67 60 62 67 57 58 64 63 59
57 62 67 57 63 60 55 48 59 61 60 65 67 54 63 62 57 65 69 53 72 59 58 58 55 64 58 54 56 58 61 54 59 65 54 55 60 65 52 58 63 64 64 62 69 59 54 58 53 61 59 61 58 64 59 64 57 59 56 68 65 59 55 60 66 62 61 62 55 57 55 61 54 63 60 56 56 63 55 55 67 56 57 54 67 57 59 55 53 56 48 57 58 59 64 56 47 50 61 61 64 54 67 53 51 44 59 61 58 70 61 56 44 55 50 57 56 62 60 52 58 56 63 60 57 58 59 60 56 58 53 55 70 65 58 52 57 69 60 58 56 56 56 58 48 55 62 60 56 55 62 53 59 58 55 53 57 60 59 69 62 60 50 57 51 59 59 60 56 62 52 55 66 61 54 58 51 63 62 58 64 57 48 66 60 64 64 67 52 58 56 50 56 59 53 65 58 54 52 54 72 58 64 56 54 67 53 51 60 56 60 63 60 57 65 62 62 59 55 46 66 56 60 60 66 57 57 61 61 72 59 66 69 64 49 55 44 62 56 61 64 63 59 59 49 59 62 73 65 61 57 72 58 63 50 59
73 73 67 64 69 77 65 57 73 67 64 71 69 65 70 67 69 70 78 66 78 66 59 75 66 67 70 70 74 69 76 66 73 74 68 76 70 73 58 68 64 61 84 65 72 72 67 68 67 62 73 66 69 75 65 72 66 70 63 74 60 64 69 72 84 64 67 72 71 70 69 73 59 72 76 66 68 75 56 58 73 68 73 65 75 77 76 68 72 64 62 70 69 59 79 68 64 62 71 71 78 65 75 70 75 66 73 72 72 75 70 61 65 69 68 70 66 79 67 59 63 61 63 76 68 70 63 70 60 70 71 64 89 68 71 73 67 81 70 72 58 68 72 71 56 66 69 76 73 80 71 59 70 69 72 63 66 64 77 79 64 69 65 67 64 75 65 71 68 63 62 76 70 64 56 66 67 77 74 75 75 64 57 73 69 76 63 85 63 71 64 52 72 78 70 71 52 69 70 72 76 62 70 63 59 77 65 68 68 66 77 69 72 70 70 74 74 67 69 68 75 69 70 73 69 82 79 72 68 85 70 74 69 72 63 61 68 66 63 67 76 73 73 68 69 64 61 67 63 71 71 66 68 68 72 71
78 75 68 63 74 74 62 66 71 67 71 75 74 70 71 67 70 71 86 68 77 75 64 64 69 73 68 62 74 74 85 65 70 71 63 68 73 73 71 78 72 79 80 69 72 77 69 69 70 68 72 70 66 70 61 77 70 78 70 75 72 69 77 71 81 72 73 68 78 68 69 68 61 74 68 62 74 79 57 64 71 70 74 68 78 71 74 67 73 63 69 72 62 69 79 62 68 49 76 66 72 68 63 65 69 64 61 67 76 78 73 59 59 59 65 74 67 80 70 61 60 66 67 73 74 65 79 70 67 72 73 62 90 71 62 69 71 78 76 73 66 75 65 71 60 71 63 75 72 73 76 58 82 77 62 66 75 71 72 68 65 72 70 70 72 70 63 68 71 69 62 79 74 75 66 64 73 75 78 69 77 79 65 76 67 72 64 80 69 64 66 61 69 75 54 75 66 73 65 64 77 69 67 66 54 77 67 60 69 69 72 68 81 69 71 74 76 67 68 69 79 74 72 73 63 71 74 74 73 80 77 78 58 71 69 76 73 77 57 61 72 80 76 73 60 62 78 74 62 84 80 66 72 81 64 65
65 67 67 62 58 68 65 49 62 66 54 70 68 59 72 68 63 60 72 56 71 66 54 66 73 66 66 58 64 64 76 64 67 68 64 67 61 73 54 58 74 70 74 64 67 70 61 60 61 62 66 68 71 66 64 75 56 66 56 63 63 67 71 68 77 64 72 68 70 57 57 66 67 60 67 52 69 66 63 61 72 54 66 70 69 67 63 74 60 69 60 61 65 70 72 71 53 54 64 67 68 61 65 57 69 62 73 62 70 74 63 60 60 61 62 68 60 68 67 55 71 54 64 70 65 65 68 69 60 65 63 65 80 63 57 62 59 72 66 64 60 61 65 62 57 60 65 69 71 70 71 54 75 60 62 61 66 72 73 72 68 66 57 66 62 69 65 60 68 71 63 66 65 68 63 59 65 64 67 71 75 70 57 65 55 70 65 76 62 72 64 52 63 60 64 64 60 62 63 59 72 59 73 56 57 69 58 60 66 58 69 60 74 69 61 73 74 64 67 58 59 60 71 66 58 71 62 62 64 74 69 74 62 64 58 65 63 62 55 60 69 72 68 68 60 54 66 61 66 68 65 71 70 69 65 60
76 74 78 69 68 71 63 64 74 78 73 82 81 64 70 70 68 71 78 62 77 71 67 68 70 70 72 67 71 71 71 72 75 76 69 69 76 76 71 66 75 69 82 68 75 81 73 75 71 64 74 79 68 66 67 80 73 71 69 71 70 75 83 64 80 67 69 83 65 64 71 71 69 69 69 67 72 79 62 58 75 74 82 77 84 71 78 70 76 80 65 66 74 72 68 64 70 64 68 72 69 69 76 66 67 71 71 78 75 84 70 73 63 70 68 78 66 74 71 68 70 61 70 78 68 70 69 67 60 70 73 66 84 74 61 71 66 82 75 70 67 68 68 74 54 74 63 74 69 83 84 63 79 72 64 67 79 74 78 68 57 69 60 70 74 81 64 71 68 78 59 77 79 80 65 75 69 78 71 75 77 63 63 79 62 78 69 76 67 78 64 55 77 71 64 73 64 71 72 66 78 74 75 68 66 79 59 67 78 71 70 73 77 77 69 75 72 66 79 71 65 73 76 76 71 81 80 67 69 75 78 80 70 70 68 76 61 77 61 62 74 75 74 69 58 66 74 76 78 72 67 70 73 70 64 72
69 54 61 53 59 59 59 55 61 62 61 63 64 63 61 66 64 67 72 48 63 57 52 63 61 62 70 58 61 56 61 60 62 60 63 57 72 71 60 59 57 61 71 56 65 61 62 71 62 53 56 56 59 65 65 69 60 60 61 58 66 62 69 64 71 62 61 67 67 59 59 65 51 59 65 60 68 65 59 48 71 60 71 56 68 74 75 57 60 58 58 57 68 56 63 57 61 52 73 59 55 61 63 58 64 55 60 66 71 67 64 57 56 61 57 62 61 68 55 45 57 61 57 63 67 59 62 58 58 62 66 54 77 59 59 64 59 66 60 63 61 63 60 59 56 66 57 62 65 73 65 52 69 57 60 59 64 63 65 61 53 69 58 63 63 62 65 62 61 61 59 63 66 72 62 65 65 56 56 74 71 66 51 67 55 70 64 69 53 58 52 53 59 69 54 68 50 63 64 58 66 61 70 62 52 76 65 48 69 63 63 60 68 54 59 70 61 50 61 56 68 55 55 62 53 61 63 60 57 76 65 71 58 53 60 68 65 66 51 58 64 63 67 56 59 53 64 69 60 67 57 70 55 64 63 65
59 64 66 58 62 69 63 57 72 57 62 66 64 54 65 68 64 63 65 57 66 63 62 62 51 64 65 61 59 73 62 59 55 63 61 59 55 66 66 57 66 60 68 57 65 62 60 61 55 55 57 56 66 69 60 63 56 59 65 60 60 59 56 61 74 64 58 61 57 68 56 64 50 62 64 62 63 64 52 43 68 56 62 64 67 65 64 63 57 66 54 62 54 62 69 55 58 48 62 62 65 60 60 58 60 53 67 57 64 73 60 64 55 55 59 61 55 70 57 54 64 51 58 67 63 58 62 55 56 60 61 57 74 61 60 58 61 67 68 58 51 61 64 59 51 65 64 70 61 66 73 48 66 64 50 58 61 56 56 72 65 63 55 51 57 69 62 59 61 57 61 62 53 67 49 55 58 59 68 65 71 61 51 53 54 65 63 72 60 52 57 49 64 65 62 61 56 63 67 61 63 52 60 55 53 69 57 54 61 54 64 57 65 66 58 65 63 60 55 62 59 60 53 66 50 68 71 57 62 71 74 69 59 64 58 62 61 66 51 57 62 68 67 64 64 53 61 69 58 64 60 60 70 63 57 65
60 58 62 51 62 56 63 52 51 60 53 72 67 58 64 54 61 70 63 56 71 64 46 55 54 57 61 59 53 60 55 59 59 66 62 59 55 68 47 62 58 56 69 55 71 58 60 60 56 61 59 55 58 61 57 62 56 62 58 66 56 56 73 56 66 50 62 65 61 52 58 63 53 64 56 56 61 64 60 51 67 55 61 56 63 66 62 59 60 56 55 57 59 58 61 49 47 50 58 60 66 53 64 61 58 56 62 68 64 70 58 60 55 62 61 62 55 69 60 50 55 53 63 61 56 61 57 57 47 63 57 62 76 65 64 60 54 65 64 53 67 62 62 66 49 60 57 73 60 61 63 49 67 54 58 59 65 64 57 69 56 62 53 58 61 72 52 55 60 56 56 57 65 63 56 66 56 57 63 59 73 52 58 61 57 70 54 62 61 64 46 55 62 62 60 64 59 54 60 62 65 58 58 56 54 65 53 45 57 59 69 62 65 61 57 68 58 62 60 58 67 60 67 62 55 67 66 60 64 64 69 64 63 66 56 56 52 59 55 61 66 65 63 54 54 61 63 67 55 61 55 59 57 63 50 62
64 67 63 65 57 74 55 55 67 65 66 64 72 57 69 56 67 60 66 60 79 68 63 65 65 69 71 62 68 62 66 60 74 68 64 58 65 69 61 57 70 62 72 62 73 70 65 69 68 55 70 64 68 68 72 67 60 57 58 66 63 62 68 58 76 60 65 64 59 62 68 65 57 71 66 55 67 70 61 54 67 60 69 69 78 67 72 54 68 64 59 62 67 63 69 59 60 66 67 71 64 71 71 60 63 64 67 69 64 72 67 67 57 53 60 69 63 76 68 60 68 58 62 74 67 58 66 58 64 62 69 61 72 78 54 61 61 63 73 66 70 66 66 64 55 64 68 65 68 66 84 55 74 63 57 63 62 65 61 71 63 71 54 57 61 78 64 65 69 65 64 65 73 69 71 65 67 69 68 57 75 66 60 66 54 65 70 79 60 67 65 51 68 61 61 69 57 68 64 59 72 56 69 56 60 70 64 52 62 65 58 68 72 67 60 72 63 69 66 63 60 66 67 69 67 67 65 63 59 73 73 70 61 63 67 68 59 66 63 64 68 70 70 71 56 66 63 67 67 71 68 70 69 68 62 68
70 74 66 63 79 78 55 56 81 68 68 77 76 66 80 70 72 85 86 66 81 81 66 76 72 78 71 73 71 75 74 66 67 70 68 72 72 81 65 72 71 74 82 66 75 75 68 71 71 74 74 71 70 71 65 71 67 80 71 81 72 74 78 64 88 61 68 79 73 75 66 77 71 67 74 65 77 76 73 60 74 66 71 71 76 76 76 68 69 65 72 78 72 71 79 64 67 60 71 72 74 65 75 68 65 61 77 77 78 82 74 72 59 67 69 81 62 81 69 70 65 68 70 76 70 69 81 74 74 83 69 65 87 76 64 72 72 84 77 78 66 76 70 73 63 73 68 74 71 84 83 68 75 76 57 69 76 80 68 68 71 74 70 66 70 81 67 76 74 64 72 73 76 72 63 70 67 77 84 75 82 74 71 71 72 80 67 78 70 77 71 64 74 70 67 78 75 75 75 63 75 61 73 73 69 84 70 69 76 71 67 77 75 73 75 84 75 66 76 68 76 74 71 78 72 76 78 78 70 84 80 91 68 85 68 71 74 78 64 68 72 78 73 76 63 79 84 76 72 85 73 76 70 76 67 73
63 72 70 61 64 66 62 58 63 61 65 66 74 57 67 58 66 67 71 61 64 62 55 68 63 61 64 61 62 67 76 55 61 73 70 64 66 70 54 66 55 65 74 60 66 71 65 62 64 64 69 69 63 66 61 65 57 67 63 60 59 60 70 69 79 64 71 65 66 59 54 67 58 67 71 57 58 68 60 57 60 53 64 63 65 61 58 63 62 65 60 64 63 61 65 65 53 63 71 66 66 60 73 61 64 59 62 59 67 75 69 62 54 58 60 60 54 66 64 55 65 58 65 68 57 64 66 62 56 70 66 65 79 60 59 59 59 68 61 69 64 56 69 63 54 67 55 63 72 70 75 48 71 67 65 59 70 63 58 71 65 63 51 61 64 71 63 58 64 58 62 60 75 69 57 62 62 60 64 72 69 67 60 69 55 71 65 70 61 64 63 52 65 64 62 64 60 64 61 62 72 64 60 61 51 70 55 63 64 63 68 62 67 69 62 66 63 61 65 53 58 69 70 68 62 67 69 60 61 80 67 75 57 70 53 68 59 67 59 55 65 58 59 61 55 61 65 68 55 62 60 64 67 63 63 68
72 58 66 59 64 66 62 52 67 62 55 76 72 63 73 69 63 64 71 56 74 66 52 62 61 62 76 73 64 57 68 66 66 67 68 73 63 70 57 67 70 68 74 68 66 73 69 73 66 59 62 62 65 66 62 78 55 66 60 63 62 66 71 71 78 61 68 75 62 63 60 65 59 68 66 59 69 72 58 54 70 63 69 66 70 76 70 68 64 54 63 62 68 60 63 69 53 57 66 70 68 67 67 62 65 60 72 66 66 77 64 60 59 63 68 71 58 67 61 55 67 61 60 66 67 56 64 66 59 73 68 63 83 66 61 61 66 74 68 66 59 65 69 66 51 64 59 70 68 67 72 59 71 61 63 59 67 66 67 68 56 62 59 63 67 71 65 61 69 60 62 67 72 69 67 62 66 67 71 61 77 69 55 69 58 69 65 75 57 67 53 55 62 65 66 70 61 62 65 70 68 61 62 52 61 72 60 62 65 58 70 63 65 69 60 76 73 63 66 63 74 62 68 66 56 68 69 60 67 72 72 71 65 68 54 74 61 64 56 69 70 68 70 66 62 61 67 73 62 72 67 71 69 68 66 73
62 61 61 55 62 61 63 50 65 62 52 68 68 57 62 69 63 60 68 67 62 66 56 59 64 64 65 57 67 67 68 57 59 66 55 58 68 63 50 60 64 63 70 64 63 70 63 65 67 55 59 59 56 62 60 74 63 59 64 69 60 60 68 59 72 61 69 68 53 66 61 59 53 67 64 50 67 58 62 50 64 61 62 60 67 65 72 58 71 58 67 66 55 65 68 65 53 54 60 60 64 62 59 57 69 59 65 61 66 71 69 64 59 58 55 72 52 68 60 57 57 62 61 64 68 55 65 61 58 67 61 58 82 60 62 65 59 74 68 59 53 68 65 59 58 60 60 66 67 71 72 50 74 61 62 57 63 61 61 67 64 65 55 60 54 70 66 55 65 56 60 70 68 62 63 56 65 61 67 69 77 60 56 63 48 66 65 77 64 59 62 51 67 67 55 65 56 63 61 58 76 63 67 56 53 76 54 56 61 60 70 60 68 73 63 75 67 53 58 55 63 62 68 66 59 71 69 59 69 64 70 72 68 68 56 67 62 69 59 62 63 70 64 60 65 64 63 64 58 62 62 69 53 56 68 53
66 68 69 59 63 72 57 64 66 68 65 73 72 54 77 72 69 74 75 62 78 59 64 68 58 65 69 60 64 65 71 52 65 63 62 67 67 75 54 71 69 65 76 63 65 62 61 65 68 60 66 61 72 66 62 63 58 59 58 68 52 63 66 60 72 63 72 68 63 72 66 69 49 59 67 69 70 65 60 56 68 68 67 67 74 63 68 57 68 65 54 68 59 66 75 58 64 61 68 66 70 67 67 60 61 59 69 68 72 76 69 66 56 64 67 69 56 73 62 57 65 59 63 73 74 68 61 73 65 61 71 55 80 65 63 57 63 75 71 63 62 62 72 64 58 66 61 68 65 67 73 57 70 64 60 60 70 66 67 80 63 72 59 65 64 70 71 67 63 68 73 63 70 66 60 67 62 68 71 72 74 69 71 68 57 67 67 75 63 64 66 57 66 70 62 65 61 58 69 63 77 64 64 69 59 74 70 61 67 59 73 66 79 69 60 64 75 68 63 66 64 64 71 67 73 67 60 62 61 78 75 70 72 67 61 68 67 66 62 65 66 71 63 62 56 63 65 79 56 66 70 74 65 75 65 64
57 60 62 55 61 67 50 50 55 60 60 68 61 51 58 54 68 60 62 60 58 56 52 62 60 64 69 55 56 59 72 52 58 58 60 54 64 63 53 62 61 56 67 59 65 62 58 65 55 64 61 59 60 65 53 65 58 64 64 64 57 62 57 52 74 65 65 62 67 55 51 69 51 59 56 52 58 62 56 51 68 47 63 55 60 64 57 57 62 61 54 60 53 62 61 56 49 46 65 60 56 57 66 54 62 58 58 59 71 75 58 53 55 51 59 61 54 62 62 49 58 41 60 58 63 57 55 52 50 63 64 58 76 56 48 59 51 70 64 54 58 58 58 65 51 64 56 62 66 73 70 52 65 66 53 60 59 56 58 64 58 52 55 63 63 61 56 58 55 57 54 64 62 65 55 56 62 59 64 64 68 57 52 63 59 61 59 72 57 62 51 55 57 64 54 57 57 60 61 61 58 54 57 60 54 74 51 53 65 55 56 65 72 58 50 69 61 56 62 55 59 56 60 58 55 66 66 53 58 70 56 65 50 62 52 59 53 58 53 56 55 59 59 63 55 54 59 65 60 65 57 59 58 64 58 60
67 67 70 52 64 60 69 64 74 62 61 67 76 59 74 62 65 70 73 57 75 67 51 67 67 69 70 66 67 62 73 58 71 69 68 67 68 76 65 64 66 71 78 68 79 67 66 72 70 65 66 67 66 73 63 67 64 68 60 66 64 68 72 61 77 65 62 70 70 64 65 64 64 64 70 72 66 73 50 60 67 64 70 65 72 65 75 66 66 64 60 65 71 64 68 63 62 57 71 70 74 60 74 59 70 68 61 72 69 77 62 64 59 72 63 72 65 73 61 63 67 65 68 65 70 69 67 62 58 68 71 65 78 72 58 62 57 81 67 71 61 68 60 65 56 70 59 69 75 74 70 60 71 59 58 67 74 63 65 72 63 72 61 62 70 70 66 71 69 68 59 70 75 63 73 73 67 78 69 74 71 69 65 71 62 78 63 77 58 69 67 56 65 67 58 72 55 64 71 60 81 60 69 62 60 82 68 62 74 65 61 71 76 67 64 73 65 64 71 58 69 64 68 72 63 67 65 68 67 79 76 75 60 67 56 67 58 69 62 54 68 65 64 74 52 66 72 66 64 70 69 67 64 73 62 65
67 64 66 58 64 66 57 62 66 64 59 72 73 55 59 63 68 59 69 54 66 68 55 64 58 62 68 64 62 62 68 55 56 69 66 60 57 68 55 62 62 60 74 67 77 74 62 63 65 54 63 55 63 67 61 65 55 66 66 66 64 62 68 60 69 64 66 70 61 63 61 71 59 71 64 66 59 73 58 51 64 56 65 57 66 68 67 61 67 67 57 57 68 55 70 58 62 60 68 66 62 59 65 66 59 56 61 67 61 73 65 58 55 55 60 64 55 68 65 53 55 54 62 63 68 66 62 66 67 68 66 64 77 67 59 56 59 64 65 71 57 59 67 74 55 69 70 67 65 69 73 53 68 72 60 68 68 59 64 63 58 63 52 54 66 71 64 70 63 60 63 64 72 75 61 66 70 64 64 73 73 59 61 67 58 65 68 77 57 59 59 58 63 71 60 70 60 61 61 64 62 51 73 59 59 71 63 58 64 67 67 70 69 58 60 69 55 65 64 62 64 69 63 63 64 67 71 55 60 77 69 75 62 61 59 66 67 65 65 63 67 62 63 60 55 61 69 64 66 61 62 74 59 64 63 65
69 63 56 50 61 63 53 53 65 54 52 65 65 59 66 59 71 61 70 57 74 62 52 55 58 63 60 56 56 56 57 56 59 66 62 56 61 64 54 56 60 61 74 55 57 65 59 65 58 58 57 62 62 63 60 53 60 62 60 58 53 60 71 52 67 56 60 74 61 63 61 57 54 60 58 62 58 64 60 49 63 64 64 53 66 64 69 58 59 59 56 62 59 51 74 54 61 45 65 62 59 57 60 57 64 59 57 63 60 65 60 58 45 62 62 62 53 66 56 53 58 57 55 67 62 65 67 66 51 61 58 52 78 58 56 60 54 69 68 65 54 57 61 57 56 57 63 59 56 55 72 56 66 62 53 51 67 64 66 62 52 64 58 59 60 70 60 57 55 57 57 62 64 61 62 69 64 61 63 65 59 61 63 57 58 67 49 60 60 61 50 52 55 52 52 60 53 63 56 60 67 54 53 55 52 65 62 48 60 61 58 60 71 68 55 65 64 51 55 57 65 55 62 64 51 62 66 62 58 70 76 72 59 60 52 63 57 68 55 59 61 63 71 62 47 65 60 60 59 60 63 61 59 66 64 65
66 64 64 61 60 66 55 67 66 60 64 63 61 54 52 63 64 64 71 59 73 63 57 63 56 65 71 63 70 65 65 64 68 68 62 59 61 74 52 60 67 64 70 60 65 70 57 67 67 59 66 54 58 71 59 72 63 61 66 66 62 73 63 60 73 62 66 64 65 61 70 69 57 71 59 57 63 71 51 54 62 60 67 59 69 65 66 59 66 61 57 61 69 64 63 63 64 51 67 62 64 62 62 65 68 54 63 59 63 76 62 62 58 63 64 66 56 69 58 55 56 52 59 67 68 60 61 62 69 65 72 53 76 67 59 61 67 74 64 69 60 66 59 62 62 62 61 74 65 71 70 53 64 67 55 64 69 65 65 67 61 68 57 61 63 68 57 60 64 54 64 60 70 63 59 62 64 68 63 61 61 64 53 68 56 62 60 73 58 67 58 49 60 67 60 63 53 63 62 64 69 55 62 56 59 75 66 58 70 61 60 71 68 51 59 61 65 70 62 68 63 61 62 67 60 67 64 65 59 75 66 77 54 61 56 54 63 63 54 58 65 66 65 58 54 58 65 62 64 63 63 64 62 68 59 59
72 62 67 55 66 73 61 55 58 61 61 65 68 62 58 63 60 60 69 65 69 71 61 57 58 68 63 61 73 62 74 61 69 65 65 65 62 63 60 69 65 66 74 69 68 69 66 62 64 56 63 60 56 62 56 70 61 67 65 64 70 62 65 66 66 66 66 73 60 60 60 69 60 68 63 56 64 68 59 58 72 62 69 60 70 71 65 65 72 64 62 64 60 61 75 66 54 51 63 65 66 62 60 61 70 51 66 58 66 68 62 61 52 60 60 62 60 75 66 47 57 60 53 68 69 57 69 67 59 69 66 54 80 60 59 56 67 73 65 67 52 72 65 67 50 64 61 70 63 65 72 53 65 66 68 60 69 69 67 71 60 63 57 61 56 73 53 60 63 59 60 66 71 60 62 62 63 62 71 70 70 60 64 78 58 70 62 77 58 60 51 50 64 65 60 61 58 58 69 63 69 61 66 46 57 69 63 55 60 61 63 60 69 66 55 65 75 64 69 63 68 58 68 63 66 68 68 60 61 71 70 72 67 62 63 66 66 65 54 69 61 70 69 66 59 62 65 62 60 65 66 61 55 67 60 62
70 61 64 62 59 72 57 57 67 59 66 65 69 55 72 60 68 71 60 58 72 65 65 67 62 64 64 60 63 59 72 60 65 64 62 70 61 73 61 76 70 59 70 62 73 70 59 68 66 57 63 65 67 67 68 74 58 57 57 68 59 64 70 68 78 62 61 69 64 67 64 69 54 62 61 62 75 63 58 51 74 58 64 63 70 76 62 59 63 63 56 73 66 54 69 58 55 62 72 70 68 57 68 62 62 67 66 63 69 78 66 57 62 62 56 63 47 68 64 64 60 65 59 67 70 62 68 57 57 64 65 58 80 66 62 60 58 68 70 62 62 59 68 64 55 59 69 74 62 69 73 62 68 62 66 59 66 62 57 71 67 66 57 61 67 75 62 63 60 67 62 66 66 73 58 65 69 65 71 64 72 67 50 69 60 73 68 80 67 66 53 55 68 72 67 66 55 67 64 57 75 59 75 59 64 81 68 57 60 61 65 61 70 65 53 70 57 58 61 59 66 59 61 69 55 69 69 54 65 71 76 72 56 57 59 65 57 70 55 59 72 68 60 66 59 62 61 65 67 63 63 70 70 70 59 63
66 68 71 64 70 66 54 54 68 65 68 72 75 56 73 63 65 71 66 61 71 63 59 72 61 58 66 66 71 59 71 60 65 71 65 63 62 68 64 61 64 60 75 54 75 66 70 75 64 56 69 63 65 73 62 67 59 64 57 65 68 67 68 63 77 68 56 65 63 62 58 60 55 62 62 63 62 70 64 54 67 65 68 68 60 65 64 66 72 61 54 59 70 58 64 59 56 53 62 65 66 60 65 58 61 60 60 68 65 75 62 59 63 59 59 78 60 72 62 62 59 61 57 69 61 59 64 63 62 68 53 66 77 73 55 63 64 66 67 75 60 61 68 61 41 62 65 71 59 71 72 62 67 62 57 61 66 66 61 69 63 65 53 61 64 78 62 60 57 57 64 64 70 67 67 69 61 65 68 70 77 62 58 62 61 68 64 83 58 59 60 56 68 67 60 69 62 64 63 57 68 59 66 56 61 73 59 62 61 63 69 65 70 69 54 67 72 64 73 58 69 63 66 64 62 66 74 65 59 71 71 69 60 67 63 66 53 71 56 62 70 70 66 65 62 61 66 69 55 69 65 63 67 61 62 65
76 73 74 70 66 73 75 65 79 71 70 75 86 70 72 66 77 76 87 71 77 70 60 72 73 75 72 73 73 73 72 68 74 73 70 64 72 81 65 70 75 69 80 69 74 70 69 72 72 65 79 68 70 77 71 78 76 68 72 75 69 68 76 74 80 63 72 79 76 66 68 71 62 66 69 75 74 76 64 62 76 68 75 72 85 78 81 66 77 75 63 71 71 66 79 64 66 62 74 80 76 65 74 65 71 62 69 77 80 77 74 73 66 71 73 71 66 80 64 56 69 73 74 78 79 72 72 66 72 76 79 72 94 72 62 71 71 75 72 72 63 74 73 68 62 71 68 72 72 80 82 57 80 70 64 71 83 71 68 78 68 71 65 63 73 79 70 67 65 59 67 74 80 77 69 67 70 72 73 77 91 72 68 76 63 73 71 79 60 70 54 61 69 75 71 78 61 70 77 66 74 70 72 64 61 81 63 62 76 71 68 66 79 68 74 79 76 69 74 63 83 69 75 76 66 76 70 75 75 78 85 84 70 74 67 74 68 81 67 70 78 77 73 72 68 62 75 72 74 74 71 76 74 70 67 71
71 65 58 54 65 61 57 56 64 60 59 70 75 59 71 61 66 67 75 63 69 63 56 59 71 63 67 61 62 64 73 60 75 69 68 59 70 73 54 60 63 66 76 56 65 70 69 68 63 56 73 70 63 63 57 65 55 63 70 54 69 58 67 62 75 62 68 65 64 60 65 65 53 64 64 65 64 77 57 59 52 60 61 66 70 67 56 63 76 57 60 60 53 52 67 58 61 54 69 66 72 57 75 58 71 59 57 65 67 78 59 59 55 62 68 66 56 73 64 63 63 56 63 66 67 65 66 66 65 63 63 61 82 66 61 65 60 75 72 72 56 61 72 63 53 67 60 61 63 71 69 62 74 61 59 62 71 62 66 71 66 55 56 59 61 68 62 60 65 54 65 66 69 68 65 65 61 68 68 68 71 60 69 62 64 65 63 75 54 67 56 51 64 57 64 65 59 58 61 63 65 61 63 53 57 73 62 60 63 59 61 65 69 64 52 65 66 67 62 58 61 64 68 65 55 71 69 58 55 74 68 64 62 70 67 68 62 59 57 67 68 71 60 67 53 67 61 70 57 63 66 59 64 64 61 57
67 68 68 56 66 63 60 59 71 60 59 65 65 56 60 64 67 75 69 58 56 70 56 62 67 72 70 62 63 59 66 55 60 65 64 61 68 75 59 64 64 56 67 58 66 59 67 70 62 56 54 61 69 71 52 69 69 75 63 69 63 63 69 62 79 60 67 57 70 62 57 64 54 63 63 61 72 66 62 46 64 59 65 64 57 67 68 62 59 64 60 61 61 59 64 55 63 53 74 59 66 66 70 59 62 60 63 63 66 68 55 56 62 58 59 72 57 73 60 48 64 46 67 67 70 59 68 60 58 62 65 62 79 61 60 66 56 72 68 59 68 60 62 63 56 69 64 64 59 67 71 52 66 68 54 64 63 71 62 60 66 57 56 63 61 70 57 58 58 54 65 65 70 71 58 61 63 69 75 69 72 63 56 73 62 75 71 75 57 60 67 54 66 65 57 66 58 66 68 56 66 67 68 60 61 74 57 51 64 69 74 68 65 65 61 74 66 54 59 56 69 67 64 59 58 65 71 68 58 70 71 66 64 65 57 57 62 65 53 58 68 62 69 63 59 63 63 63 57 71 65 67 61 71 59 54
67 67 62 55 62 67 62 46 60 59 58 62 69 59 64 69 64 63 67 65 67 66 60 60 62 55 58 63 60 59 63 55 63 64 66 66 65 63 59 59 63 61 75 65 67 71 62 64 60 52 60 59 63 63 63 72 62 63 62 64 59 66 62 62 69 54 59 64 61 62 61 60 60 64 66 59 68 68 54 53 61 55 66 56 66 64 60 59 60 54 53 64 62 57 65 59 58 50 61 58 64 63 63 57 57 58 55 56 70 71 63 67 55 54 62 66 56 63 58 56 55 51 54 63 64 64 66 63 67 60 58 59 78 64 53 60 59 64 73 63 56 62 55 65 51 71 65 57 62 66 60 50 71 67 50 58 62 60 58 64 62 63 49 52 55 63 56 55 59 55 60 63 68 70 61 55 62 66 62 67 63 66 54 60 58 64 67 69 58 66 59 49 60 57 60 65 55 56 61 58 59 59 57 54 56 58 57 55 64 58 55 62 68 63 52 58 68 55 55 55 72 60 57 67 57 62 68 58 59 60 69 72 54 66 59 66 58 62 53 63 60 62 61 59 53 57 67 64 53 62 57 60 59 65 53 57
67 70 68 66 64 70 66 63 74 69 62 73 79 61 74 67 65 71 78 59 64 73 59 58 68 70 67 71 62 61 69 59 66 76 68 71 71 76 68 69 68 67 72 65 65 73 65 71 72 69 81 67 67 69 69 79 63 69 65 68 63 68 74 62 76 68 69 79 61 64 72 64 59 79 66 63 69 75 65 51 69 68 74 64 79 70 73 70 73 63 61 58 68 72 71 63 60 63 74 67 70 69 73 66 69 72 70 67 68 74 74 65 62 61 57 79 52 72 73 61 59 55 67 65 73 64 67 66 60 71 63 64 78 71 64 63 61 73 76 67 67 65 66 69 59 63 67 69 77 70 72 62 78 67 60 64 74 71 68 68 62 73 63 64 73 73 59 69 65 62 64 66 72 72 70 71 70 71 72 62 71 74 61 66 58 75 72 74 72 67 67 56 72 62 70 65 65 67 69 65 75 69 66 63 61 72 65 58 74 70 71 67 71 72 64 71 62 67 70 57 70 72 73 70 65 79 74 64 63 71 75 82 69 68 64 76 64 79 57 71 63 66 70 70 54 64 70 67 70 74 66 69 66 70 61 67
57 63 62 57 61 67 61 56 63 61 58 64 65 60 60 59 66 64 69 59 65 59 57 60 57 65 64 60 64 59 62 54 60 67 61 67 62 68 54 67 60 65 69 59 64 69 58 65 61 54 59 65 64 62 58 59 53 67 60 60 66 57 62 58 67 59 60 64 62 58 56 67 54 62 64 55 62 69 56 55 65 61 64 63 71 71 66 56 61 60 58 65 56 61 61 57 53 60 67 66 62 56 63 55 67 58 61 60 60 72 59 54 46 57 57 65 49 65 65 48 59 56 62 66 65 62 61 63 52 61 59 60 69 61 62 51 58 66 69 63 63 65 62 61 53 67 51 58 70 66 64 51 65 62 60 55 61 59 64 62 61 69 49 67 66 66 53 58 56 60 60 61 66 67 60 53 52 71 69 60 71 59 57 71 56 67 64 72 56 62 56 49 67 67 57 65 58 63 61 56 71 67 63 51 53 71 58 50 64 61 61 62 63 61 54 66 68 62 64 53 64 55 64 65 58 71 60 64 58 66 63 71 61 58 59 59 54 62 58 62 68 60 56 59 54 68 58 65 54 66 60 67 61 64 50 58
67 66 67 63 76 70 67 67 72 75 57 70 72 62 73 69 65 69 67 67 65 73 61 66 65 65 67 67 71 71 74 62 67 73 66 63 57 66 64 68 67 69 79 65 72 73 63 65 72 70 77 62 68 71 61 71 56 70 69 75 65 67 68 65 77 74 74 74 60 68 64 71 63 72 69 63 73 73 57 52 76 66 71 68 72 73 68 62 70 65 63 62 70 63 72 51 59 59 74 74 76 66 69 59 68 62 67 70 71 83 71 71 58 56 63 71 59 70 67 59 58 63 70 68 63 75 69 62 71 68 73 59 88 71 71 63 69 70 73 63 58 69 67 71 59 75 69 73 66 74 70 52 74 66 68 65 74 67 62 75 57 69 63 65 73 67 67 71 69 62 63 60 68 73 62 67 63 73 68 70 80 71 64 76 63 68 64 72 65 67 71 57 68 70 69 67 63 73 64 59 72 61 67 58 57 66 69 57 64 72 69 61 72 67 63 66 76 62 69 69 72 67 66 77 62 75 74 70 62 81 72 82 73 73 62 68 58 76 60 80 71 79 66 64 67 56 67 80 63 69 70 66 68 64 60 63
67 63 71 60 68 75 63 62 73 65 63 74 73 53 67 65 76 69 71 64 76 68 54 78 63 69 76 69 73 76 70 64 68 75 66 64 74 81 59 69 69 69 69 66 66 66 64 71 61 60 68 65 73 79 70 71 65 66 65 76 70 63 73 68 85 67 75 76 73 69 78 73 62 68 72 79 70 79 65 63 70 61 72 65 70 72 72 64 64 65 64 71 67 61 74 62 62 56 70 62 72 64 69 67 64 61 70 73 66 75 65 66 55 76 70 80 59 70 64 64 67 67 66 75 75 69 71 71 67 70 71 67 84 69 62 64 66 78 75 71 70 65 70 61 64 72 72 69 71 79 72 60 73 65 65 64 72 66 62 76 65 62 56 68 72 73 65 62 60 72 67 67 76 76 72 73 74 75 73 76 76 66 70 68 68 68 76 84 62 66 61 63 67 80 68 72 60 64 74 68 75 68 70 64 66 77 64 59 72 67 65 82 77 71 70 70 65 72 69 58 70 62 67 74 62 81 64 67 67 83 74 72 62 63 67 69 70 65 70 69 70 69 69 60 61 69 71 81 66 70 64 80 70 79 73 68
62 58 57 59 66 66 48 57 66 59 54 65 65 56 64 61 53 64 65 66 64 67 56 56 65 53 77 63 68 60 66 61 67 62 65 53 57 71 56 56 65 62 75 57 62 59 60 65 65 54 66 59 61 62 53 65 63 64 60 66 64 68 61 62 69 60 63 65 62 59 58 69 54 71 61 62 63 72 53 56 64 59 68 58 62 61 62 60 55 61 53 52 57 66 64 60 61 56 62 65 70 64 59 54 57 59 59 66 70 69 60 59 56 61 55 62 52 66 61 50 66 57 53 69 68 60 67 60 66 67 67 62 74 68 54 63 61 71 59 61 57 61 69 62 52 59 54 70 67 67 72 62 62 59 56 66 64 62 58 66 62 61 58 60 57 62 62 56 58 56 60 59 71 66 59 48 58 64 68 65 71 66 59 69 55 69 63 64 52 58 58 51 61 65 57 68 59 60 62 56 63 62 64 55 52 68 65 51 73 60 57 66 69 61 60 62 65 54 67 64 73 62 64 66 56 66 59 55 52 73 73 66 64 67 52 60 56 59 59 57 63 58 70 58 52 63 60 57 61 54 60 60 63 71 61 59
74 66 57 58 66 63 59 56 66 68 59 69 62 55 71 65 62 72 67 59 72 64 56 65 62 65 64 63 69 66 63 64 72 61 68 68 62 65 53 62 60 63 84 69 67 74 59 66 67 61 62 67 62 65 58 70 56 62 63 60 58 54 68 58 74 66 67 68 61 65 62 67 55 70 72 58 67 68 59 49 65 64 67 61 70 67 73 57 69 65 54 63 64 66 69 64 57 60 62 66 68 56 65 57 65 54 69 64 66 75 62 67 58 65 64 63 63 75 57 58 58 58 62 72 54 67 62 61 55 60 71 61 78 63 61 61 62 72 66 63 62 57 59 66 52 63 56 59 64 70 68 60 67 61 65 57 56 61 68 61 58 66 52 59 58 62 56 68 60 56 60 70 64 68 58 63 59 64 69 65 68 65 55 64 65 76 60 71 59 66 55 49 66 61 62 67 51 58 69 63 69 57 61 61 51 69 62 59 67 62 60 64 60 60 68 64 64 58 64 59 67 59 68 65 58 72 63 63 60 75 65 78 70 63 57 64 55 66 54 64 61 65 61 71 57 56 55 66 61 62 67 55 60 60 60 72
71 69 61 60 73 64 59 56 70 64 56 66 72 60 72 67 66 72 69 59 69 59 60 57 61 65 62 60 69 71 69 65 66 73 62 60 67 70 62 63 65 62 72 68 69 73 61 62 56 64 63 66 63 69 60 70 54 70 65 62 67 61 71 56 78 60 62 71 67 62 68 66 63 65 66 62 55 71 58 56 68 62 67 65 72 66 67 62 61 64 57 66 61 64 68 56 54 55 72 67 62 67 67 59 64 49 60 65 64 71 67 64 50 69 60 62 59 66 68 58 62 65 59 68 67 68 65 68 56 70 66 61 77 63 57 61 65 73 67 67 58 63 62 60 57 53 66 64 70 70 63 59 69 63 66 56 71 67 67 69 69 66 59 65 58 69 64 63 66 61 59 62 71 63 54 58 62 69 68 67 74 63 64 66 58 74 62 72 62 61 64 56 59 67 69 66 65 69 68 68 71 57 64 68 63 78 55 49 66 62 69 64 64 64 61 72 68 65 62 64 65 72 66 64 60 66 67 69 65 81 80 74 65 69 60 65 63 76 58 60 66 70 71 65 59 53 61 74 67 61 68 66 63 66 63 70
67 65 60 59 62 65 51 54 70 54 67 64 66 61 67 61 60 66 66 66 72 65 59 69 55 69 63 64 67 70 76 54 67 67 67 61 57 69 57 61 63 66 70 60 73 75 62 66 69 57 62 62 52 72 60 64 52 64 62 65 68 67 61 61 83 58 66 67 61 59 65 77 54 68 64 60 68 72 60 54 68 58 59 59 68 67 65 54 66 61 61 68 62 63 62 56 63 62 70 64 69 61 64 58 59 55 65 63 74 74 60 59 51 56 63 60 61 64 73 57 54 66 63 67 71 66 68 64 55 68 70 62 77 69 57 59 60 73 69 71 56 58 68 61 55 58 63 74 67 67 75 58 68 62 58 61 64 65 67 67 66 64 62 56 64 73 63 68 68 62 60 65 69 64 57 60 68 73 62 67 76 68 64 69 57 72 62 74 50 63 59 55 58 62 64 72 59 61 65 63 67 53 69 55 59 69 60 53 61 68 52 65 72 60 57 69 62 73 62 60 65 62 62 73 66 64 67 62 57 71 69 81 58 62 59 70 65 61 60 63 67 70 69 64 58 58 68 64 66 65 66 61 68 65 54 69
75 72 68 63 68 65 59 58 68 63 55 71 80 62 75 67 67 68 67 58 69 67 57 54 67 60 73 60 66 66 63 59 73 71 67 58 64 75 60 61 70 66 80 62 71 64 63 70 68 56 64 65 68 69 63 76 60 67 60 61 69 60 68 62 76 66 69 65 68 57 62 61 57 68 71 58 66 79 59 55 61 55 70 62 74 66 61 58 64 64 61 57 65 68 65 61 58 57 74 64 70 70 73 59 64 65 71 73 71 72 63 63 60 61 62 74 60 78 67 53 68 61 60 68 70 71 62 67 59 62 68 60 76 71 58 66 65 82 68 65 64 56 68 57 56 68 68 61 77 65 77 59 76 67 63 68 72 61 66 70 70 60 59 64 64 71 60 66 58 61 61 62 77 72 66 59 67 67 65 68 78 65 58 67 56 74 65 73 66 59 64 55 69 66 62 68 62 65 64 61 72 60 64 64 57 69 62 54 66 68 66 70 74 72 64 66 70 64 69 61 69 67 70 63 64 73 72 67 57 75 69 67 61 66 59 68 59 71 56 65 68 61 65 66 53 60 61 70 64 69 70 65 62 76 67 62
66 71 63 56 61 66 57 62 65 61 67 63 70 53 64 63 66 68 73 63 63 62 59 61 67 71 68 60 70 62 72 56 69 69 66 69 63 71 57 74 67 64 70 63 67 70 62 68 66 61 67 62 65 68 63 70 60 66 65 64 69 59 59 58 79 65 59 68 68 68 67 57 55 63 65 61 65 77 68 51 70 50 65 69 71 69 63 61 67 65 63 63 58 65 63 59 55 57 70 60 61 62 69 57 66 61 60 56 75 79 60 72 60 62 60 64 60 78 57 53 65 59 61 71 67 68 64 63 60 71 77 60 84 62 67 63 62 72 68 67 63 74 61 66 51 59 67 70 67 69 67 59 72 64 69 54 65 63 73 67 69 55 55 65 58 67 57 67 69 58 59 67 62 66 59 64 64 69 67 67 75 60 58 66 67 68 72 80 56 63 53 52 56 66 63 60 62 63 61 57 73 60 64 57 61 76 58 58 65 62 61 65 77 55 63 72 69 62 61 68 71 59 69 68 62 68 68 59 58 77 75 65 68 63 60 62 73 63 62 61 75 71 63 66 60 65 66 69 61 64 69 68 61 70 64 70
65 65 69 59 66 66 58 53 64 68 63 71 70 55 65 69 58 76 74 60 69 60 62 60 76 70 65 62 66 71 72 61 63 67 68 62 63 73 54 59 63 59 77 64 72 68 67 66 67 63 67 63 57 69 66 76 63 68 73 70 69 63 63 57 74 66 64 73 58 65 59 66 64 67 65 59 63 72 62 53 68 65 61 58 69 72 76 61 73 63 59 63 65 64 65 59 62 57 67 66 67 65 67 55 66 65 61 66 73 75 62 62 60 62 57 66 69 73 61 65 65 58 66 70 66 67 69 65 60 68 62 65 75 70 62 59 56 81 67 64 60 72 63 65 58 69 63 66 70 79 69 57 71 62 59 61 65 69 56 74 69 66 57 72 66 71 56 67 62 59 63 60 69 69 59 62 61 67 73 64 76 69 54 67 63 69 65 77 56 63 68 60 72 67 62 66 56 60 65 57 73 58 62 52 58 74 63 52 65 68 67 62 72 66 60 69 70 70 62 56 66 64 72 65 60 73 68 66 61 69 68 76 65 71 59 64 57 64 57 71 67 71 67 64 56 68 68 67 59 62 67 70 62 68 56 61
55 62 55 58 59 63 56 59 61 60 61 60 61 53 63 65 69 65 63 64 65 58 54 61 58 55 60 54 59 59 59 58 57 67 56 61 62 59 59 56 61 58 71 55 64 63 59 67 65 60 64 62 52 58 60 64 43 63 59 56 60 66 59 60 63 62 65 64 59 52 60 59 47 67 59 50 58 62 56 46 56 61 57 65 64 61 63 50 63 63 60 64 60 58 60 54 53 54 72 63 63 58 59 63 65 57 54 58 62 70 59 56 50 55 53 52 58 61 62 51 54 54 58 62 59 62 61 67 52 58 60 53 73 60 55 60 56 70 63 54 61 56 55 57 46 60 59 65 63 68 69 57 59 63 61 58 63 64 63 65 66 61 56 59 62 62 61 61 64 53 56 57 60 67 54 60 56 62 53 61 66 60 53 63 54 66 63 67 59 58 60 45 50 59 53 56 61 54 56 58 72 60 64 57 53 71 56 43 67 54 65 60 66 51 50 65 61 63 67 53 59 62 59 62 61 62 59 59 63 72 69 70 62 53 62 60 53 64 57 54 57 60 60 63 47 52 58 70 56 57 68 64 61 59 54 56
58 59 54 50 64 59 54 55 66 62 59 61 62 59 63 57 61 63 65 61 66 53 53 57 53 60 67 62 57 53 68 51 61 60 56 54 58 66 51 56 46 61 68 62 65 59 65 58 62 58 59 59 53 63 53 62 55 60 61 60 54 57 66 55 70 59 56 69 65 56 56 62 55 63 62 57 59 61 53 47 59 58 62 53 66 64 61 54 65 61 53 55 60 54 59 53 57 54 63 59 61 60 61 54 60 53 54 64 65 68 57 60 50 47 55 56 53 55 61 58 51 46 65 61 64 60 61 50 50 63 68 56 75 60 54 58 51 68 54 61 53 64 67 66 53 59 53 60 63 69 62 49 60 54 53 57 59 65 62 57 58 52 55 59 57 62 62 53 57 61 51 65 60 61 58 64 63 53 63 62 70 57 54 59 52 68 51 64 58 50 57 51 62 51 57 63 47 59 58 51 66 57 62 56 48 68 51 56 63 62 61 51 72 54 47 62 60 55 57 53 58 53 67 68 57 62 69 57 52 67 63 70 56 58 55 63 62 64 61 52 53 52 60 54 51 57 54 60 53 58 64 60 58 58 56 55
51 60 60 46 53 57 56 54 58 48 48 67 57 46 63 61 64 59 63 60 68 63 53 52 53 55 66 56 56 60 57 50 61 57 55 61 59 63 57 56 56 61 63 55 57 56 56 64 52 55 59 53 54 59 57 60 54 53 53 52 55 58 63 55 56 49 54 58 57 54 55 58 57 54 55 58 64 63 55 57 56 54 59 56 56 54 57 53 53 51 57 58 50 48 65 43 47 49 59 48 62 53 53 47 52 64 49 63 55 67 60 56 46 56 55 63 45 63 54 53 55 47 50 55 60 54 60 60 51 55 60 51 71 58 52 51 54 66 60 57 50 63 57 53 52 56 52 57 53 58 61 52 48 50 48 51 59 60 49 63 50 57 53 58 59 62 53 55 55 48 53 49 57 59 52 56 59 58 73 66 66 60 52 54 53 68 56 69 56 52 43 48 56 65 49 62 55 55 55 54 69 52 53 55 59 63 50 48 64 48 59 55 69 64 48 61 57 54 55 53 59 52 53 58 53 64 63 55 57 60 70 65 54 67 48 54 58 60 53 54 59 63 49 58 50 55 54 53 52 53 53 62 62 64 55 57
53 60 65 61 63 66 60 62 68 63 69 67 70 52 67 65 61 72 71 62 65 60 52 59 59 68 71 69 67 68 70 51 61 64 59 57 72 73 63 58 66 68 63 63 74 69 63 65 70 62 61 64 63 69 56 73 60 63 67 64 62 65 62 70 73 67 62 65 69 69 59 65 49 69 60 55 65 63 55 57 60 58 58 61 65 67 72 57 59 66 52 56 58 67 71 58 59 58 69 67 70 65 60 57 61 53 58 59 67 70 57 67 56 58 60 65 57 66 64 50 71 55 55 62 65 69 60 55 67 73 62 60 79 65 59 59 60 70 68 63 56 61 64 67 52 70 60 72 67 63 74 56 67 61 63 60 63 65 71 71 65 72 60 55 61 70 64 56 67 62 57 59 72 72 56 58 60 70 60 62 76 55 60 70 54 65 68 77 66 61 56 58 58 63 61 67 58 61 73 61 81 54 70 67 61 68 63 53 67 62 69 60 71 61 58 67 70 64 65 59 64 59 61 67 64 69 66 63 54 75 67 78 72 67 51 66 64 66 62 58 65 64 65 64 59 53 64 67 62 60 64 73 65 67 62 63
53 62 50 51 68 63 53 58 68 56 54 64 67 58 67 57 58 68 66 62 60 65 50 57 51 68 65 59 67 56 65 53 63 67 55 60 67 62 57 63 54 61 66 52 57 50 59 63 64 59 62 64 58 59 54 67 52 62 56 66 59 55 66 59 69 57 58 57 61 56 61 59 51 65 63 54 63 61 53 48 60 54 56 62 55 59 57 47 64 53 57 60 58 55 64 53 51 55 59 66 55 64 62 52 60 53 54 63 63 67 55 57 51 56 54 62 42 62 54 52 57 47 55 61 59 55 65 62 48 59 55 56 74 64 52 57 57 67 55 60 51 53 57 65 51 59 55 68 67 59 72 51 63 59 58 61 62 60 64 61 61 58 61 57 58 64 56 53 63 58 57 57 67 55 49 57 65 59 58 59 59 60 59 54 53 68 57 60 55 53 54 53 57 59 60 62 59 59 62 54 63 59 56 53 48 54 49 52 67 61 59 59 65 59 54 65 62 58 61 50 62 56 60 73 55 66 60 57 49 69 62 67 60 58 54 65 58 64 46 56 57 58 55 59 46 58 53 63 57 67 57 58 59 61 55 60
67 69 68 56 63 66 63 61 66 67 61 69 73 59 73 74 68 65 79 63 68 67 55 69 63 64 67 66 67 68 73 59 67 73 68 65 64 73 59 56 65 65 70 56 63 63 69 68 71 68 74 62 68 72 63 75 69 62 67 58 69 63 65 60 82 63 74 73 63 58 60 70 62 71 69 75 71 73 62 58 63 66 65 63 65 67 70 62 70 68 65 64 61 67 65 61 62 59 66 67 70 63 68 59 65 63 62 61 75 75 64 70 56 65 55 73 62 76 65 64 66 65 70 79 69 71 77 69 64 64 63 65 78 67 58 56 62 76 77 63 61 60 70 64 54 64 61 64 68 73 75 58 72 64 59 56 74 70 60 74 62 71 60 67 69 71 66 65 68 60 68 58 72 67 70 62 61 65 77 72 73 71 62 66 61 73 62 72 58 68 70 51 65 69 65 73 57 59 68 54 71 65 71 55 55 76 67 61 64 61 62 61 74 71 66 70 69 66 64 60 73 69 70 73 55 78 59 68 62 67 77 83 64 71 59 63 64 69 67 65 65 67 64 60 57 75 64 72 57 70 68 69 63 68 61 61
66 67 63 57 63 76 62 64 74 67 66 70 67 55 69 64 66 74 74 67 73 76 62 74 60 65 75 59 67 74 76 63 63 66 72 64 65 74 57 59 71 68 74 61 68 70 65 68 69 55 68 68 64 70 65 66 69 75 67 67 65 70 70 68 78 67 78 58 54 72 65 70 58 71 66 70 66 69 58 51 67 61 66 68 72 62 68 64 63 61 59 61 65 68 71 64 64 61 71 65 63 72 71 62 71 64 60 62 73 77 69 63 60 55 55 67 69 71 67 59 63 61 67 73 68 67 73 63 63 63 69 58 83 65 58 65 59 79 71 68 66 58 71 69 62 71 64 73 67 74 76 60 76 66 61 66 72 64 65 71 62 67 60 62 67 67 71 68 63 61 65 68 66 69 64 63 72 71 66 75 77 73 59 69 65 71 70 75 60 66 66 56 69 70 56 69 54 60 74 62 71 65 70 61 55 70 72 58 74 67 65 74 78 71 62 68 69 66 66 64 73 65 69 62 64 73 69 68 66 75 77 78 69 58 58 64 64 65 63 57 63 64 66 60 59 62 63 68 63 67 63 69 68 68 60 57
58 59 61 53 55 63 55 56 63 61 55 67 63 62 69 61 68 61 65 48 66 61 50 57 62 63 55 60 68 63 62 56 57 66 58 58 58 66 60 55 58 57 62 58 63 61 60 68 67 64 60 57 62 59 58 70 59 58 59 50 57 55 67 55 73 58 70 69 66 65 61 61 60 69 55 61 59 60 55 47 59 61 61 56 68 62 69 55 58 68 59 50 60 53 60 55 58 55 59 64 66 58 57 55 61 51 59 62 56 74 52 58 44 62 63 59 51 67 59 54 56 57 65 64 58 56 64 64 59 65 65 69 68 67 58 58 55 61 63 55 61 55 53 58 54 56 58 75 71 70 70 54 62 63 60 56 64 59 63 63 59 63 47 56 62 64 58 58 55 55 59 54 64 64 62 62 66 62 69 63 67 62 51 71 56 73 63 67 56 61 57 52 50 67 64 63 55 58 66 65 65 48 68 50 55 67 54 56 60 59 61 60 64 59 60 64 60 57 58 55 61 64 61 56 52 59 69 62 59 65 71 70 59 61 56 55 61 69 51 61 61 64 58 62 51 56 56 57 66 56 62 64 59 60 58 60
66 64 64 56 59 66 52 52 64 62 58 53 64 51 56 62 67 65 73 60 67 60 52 55 57 67 62 62 63 64 66 53 61 65 65 62 61 65 52 55 62 52 70 58 67 62 60 55 58 51 64 53 67 69 58 62 57 65 47 66 58 61 63 57 69 55 58 65 63 55 61 61 61 57 64 57 69 59 56 47 58 52 55 52 63 57 59 59 59 59 57 60 62 63 66 56 51 54 64 67 59 60 64 55 50 54 65 56 59 63 65 54 55 61 55 64 50 64 64 46 53 59 58 64 63 56 61 58 49 71 60 54 70 56 53 60 58 73 66 58 61 59 64 62 50 61 59 63 64 61 67 56 71 60 54 62 60 64 56 68 58 61 54 50 56 64 54 63 62 56 48 55 64 60 64 58 66 67 67 63 68 63 56 57 52 67 62 73 65 62 64 54 63 66 59 64 56 58 63 57 66 50 58 53 56 62 49 57 64 58 61 57 62 59 57 67 59 58 57 62 67 52 56 67 58 67 55 67 66 68 72 75 56 58 53 66 63 58 58 58 66 61 63 60 53 54 64 57 55 67 61 67 58 67 56 59
59 54 64 48 62 56 55 56 62 59 66 59 62 53 63 63 61 65 67 60 62 61 52 61 59 70 68 57 58 60 60 55 60 67 57 62 62 66 47 64 53 53 70 54 67 61 55 60 63 57 61 61 54 61 58 65 60 54 59 69 58 60 61 58 73 58 57 60 53 57 64 68 55 65 64 59 62 66 47 45 61 63 63 54 57 65 70 62 67 54 47 60 58 59 60 57 56 52 65 61 56 60 53 52 56 63 56 61 67 64 53 54 59 56 55 62 51 68 57 57 54 57 59 67 63 63 57 60 58 66 57 51 76 58 56 57 53 72 66 60 61 61 55 60 51 63 57 57 62 66 60 66 61 57 55 58 65 61 58 72 56 62 54 59 53 62 58 57 57 57 50 64 66 63 56 54 61 65 65 60 63 53 49 66 62 69 60 68 62 55 55 50 63 61 61 68 51 62 64 59 65 58 66 58 58 71 57 56 62 59 64 65 62 60 56 62 63 56 56 54 60 63 60 61 54 63 64 57 63 67 69 70 57 65 58 62 52 59 55 59 67 70 58 51 50 57 58 64 62 57 61 62 64 62 60 58
67 69 64 58 65 63 58 61 63 68 57 62 76 55 64 64 70 63 75 65 64 62 49 66 63 70 59 59 60 59 68 60 70 63 68 56 60 73 53 60 73 70 75 69 63 62 57 65 60 58 73 60 66 72 61 66 66 60 61 58 61 60 57 66 68 60 68 61 67 65 57 59 58 66 64 60 60 74 59 56 61 51 61 61 65 67 64 63 60 60 57 64 57 63 70 56 57 54 67 64 68 58 60 58 66 59 63 69 68 67 59 63 60 57 56 66 59 70 62 51 62 51 62 65 68 59 58 63 58 63 64 58 82 62 58 61 66 71 66 56 64 61 66 63 60 60 59 57 64 70 65 48 68 71 55 59 70 61 57 72 56 56 52 63 55 67 58 65 61 60 56 61 71 65 59 57 59 67 67 70 76 62 51 63 57 62 61 73 62 57 56 52 65 61 58 60 59 63 64 60 69 56 58 55 52 79 57 50 66 64 65 59 75 55 63 67 66 66 66 62 60 57 62 65 54 73 56 61 62 68 73 67 60 62 62 64 63 60 56 58 67 68 66 69 55 57 65 63 50 66 73 65 66 71 62 59
67 67 62 57 68 68 56 62 73 69 63 73 71 54 71 63 74 71 77 56 70 69 54 70 60 67 73 65 70 67 70 65 74 68 70 68 64 70 61 61 70 60 72 64 67 65 67 67 68 53 71 64 72 77 65 69 54 60 60 64 64 63 73 68 75 63 59 73 67 62 61 66 55 63 68 66 68 71 54 50 66 63 68 76 73 76 68 64 70 70 59 66 68 63 69 62 63 56 68 69 65 65 70 58 60 63 64 70 71 74 64 67 56 64 60 68 60 66 61 57 66 58 63 74 68 67 66 78 57 68 62 64 84 68 67 58 59 84 70 71 60 65 66 67 56 69 67 69 69 72 67 59 72 65 62 59 69 67 68 75 60 65 59 68 72 67 67 66 62 64 69 64 71 71 68 68 70 73 69 71 76 66 63 65 73 76 66 86 64 63 66 55 72 68 61 64 67 69 72 61 74 66 68 61 60 71 58 66 68 68 73 65 73 73 60 67 76 63 66 59 72 53 75 71 64 77 69 69 60 80 76 71 70 65 62 60 56 66 63 67 60 69 69 62 57 66 66 77 59 73 64 69 58 60 59 65
71 82 71 63 73 68 62 71 68 65 66 77 81 68 65 74 76 72 78 69 79 70 63 73 64 76 72 77 66 71 79 58 75 71 65 70 68 74 62 71 69 77 79 65 73 75 67 73 71 70 78 68 67 76 71 78 69 67 71 78 66 69 72 62 82 75 78 82 74 65 69 76 65 76 67 69 77 68 62 55 75 67 71 62 75 68 75 68 83 69 67 76 66 70 73 68 70 56 76 79 81 64 69 67 74 71 75 77 73 74 75 67 62 66 64 76 60 84 72 71 62 70 72 75 72 69 68 72 62 70 74 65 86 69 75 68 59 86 71 75 71 76 75 74 62 69 63 79 70 74 78 61 77 63 67 71 73 72 80 78 70 68 66 75 68 72 67 68 74 64 58 71 72 70 69 71 68 72 77 76 81 73 65 75 68 78 66 83 75 75 71 58 76 68 77 75 69 65 65 69 77 68 65 65 65 77 70 62 74 71 68 78 79 73 68 73 72 76 74 66 69 67 70 77 65 75 80 75 74 85 71 93 66 84 63 71 69 74 65 65 76 72 69 76 68 69 68 81 67 72 74 78 74 67 70 59
68 66 65 57 58 65 63 65 71 64 59 64 67 59 68 68 71 67 71 60 71 66 58 60 60 68 75 65 72 65 71 67 75 67 69 57 67 68 56 59 67 69 88 68 66 69 69 68 62 60 63 66 60 71 61 68 61 61 63 63 67 64 63 73 78 60 65 72 69 70 63 69 69 68 60 59 70 72 57 49 69 65 73 66 72 74 72 65 67 62 58 61 65 65 64 56 66 57 70 63 70 70 67 64 66 63 64 66 78 73 64 70 55 64 70 60 60 72 63 56 66 63 56 73 69 59 64 62 62 60 72 62 73 73 55 67 63 74 71 65 59 73 61 66 52 65 59 73 73 72 71 57 68 57 65 66 73 66 71 67 62 65 59 61 70 68 62 58 67 63 64 65 65 68 69 62 66 72 69 72 76 63 60 66 56 72 64 80 62 73 59 50 63 62 62 67 59 65 63 68 72 59 71 57 64 73 70 50 65 68 64 68 72 65 62 75 65 63 64 65 64 61 66 73 67 72 67 64 57 76 78 77 64 66 63 62 73 62 58 64 67 75 63 63 61 67 71 70 72 68 60 68 62 66 67 68
61 70 63 64 67 67 60 58 73 72 57 70 74 54 61 61 75 63 79 57 77 66 62 69 67 70 66 64 63 68 66 56 65 72 62 63 60 69 60 61 70 69 71 63 69 62 65 75 67 67 73 62 68 73 68 70 70 65 67 71 59 60 62 62 75 68 68 68 66 64 61 60 57 60 70 64 67 66 58 53 65 60 68 68 76 66 70 63 64 75 63 64 62 62 75 59 57 60 64 72 67 62 68 56 69 61 69 69 70 74 65 63 51 66 60 73 58 74 55 51 67 64 68 66 72 67 65 61 59 74 66 64 76 62 61 60 56 74 70 63 61 63 59 63 55 62 70 67 70 74 69 56 77 67 61 59 65 66 71 72 65 68 55 61 69 72 61 67 61 63 60 58 66 79 63 63 63 69 64 67 80 66 63 66 60 68 67 77 68 67 68 54 57 67 60 60 63 66 64 61 76 68 69 56 57 79 61 60 62 60 62 64 76 72 66 77 70 55 68 58 76 57 64 70 58 66 63 68 63 78 76 84 65 75 63 61 69 67 61 68 70 72 68 65 63 56 65 77 70 72 66 75 68 69 70 60
72 71 67 61 72 64 55 65 74 67 60 69 75 59 75 72 69 73 75 63 77 81 55 64 64 63 78 73 69 74 73 61 69 66 67 63 65 76 72 64 71 63 70 70 75 69 66 76 68 66 77 62 68 73 66 70 68 65 71 64 61 72 72 63 85 68 67 72 71 58 59 76 58 77 64 61 70 73 59 53 76 66 68 77 75 70 73 69 69 74 63 61 65 71 64 53 65 55 70 70 73 69 68 63 64 65 66 74 75 79 70 66 53 57 71 71 64 75 69 62 71 66 70 66 68 74 74 65 59 70 74 66 84 77 62 59 63 76 77 72 66 75 67 62 63 74 69 72 74 71 75 54 68 68 59 73 75 67 66 71 66 71 60 68 70 78 73 64 70 66 67 62 75 72 69 62 71 75 74 73 80 73 66 69 69 78 78 91 61 66 65 53 71 66 73 73 75 60 75 63 72 57 69 63 64 77 63 67 73 71 64 71 77 71 65 68 76 68 63 68 73 64 76 67 67 77 71 66 67 78 73 75 70 72 62 62 61 69 57 62 70 74 68 70 64 68 69 76 70 68 70 80 69 65 65 70
62 65 59 55 67 73 63 62 65 62 60 62 61 53 64 61 69 70 78 64 73 72 57 61 66 62 68 66 66 65 73 65 64 64 60 62 55 68 58 59 56 60 73 60 67 68 62 68 63 59 75 65 60 68 65 67 62 71 68 62 60 68 67 56 75 70 69 67 63 62 59 75 52 64 70 60 67 64 64 63 65 66 67 62 63 62 67 61 73 59 60 60 60 73 66 55 57 56 66 62 73 60 61 63 76 71 57 66 72 70 64 57 56 61 62 73 60 74 61 63 61 59 66 64 65 60 70 62 64 70 68 53 82 62 67 64 58 73 71 58 69 71 61 65 55 66 65 66 64 71 76 58 66 63 63 60 75 76 64 77 64 67 66 68 68 67 62 56 68 51 60 63 68 61 64 65 57 75 72 66 74 69 59 63 66 63 62 74 68 59 65 51 61 69 68 64 59 64 63 61 73 64 59 59 55 74 68 61 63 59 64 63 68 69 58 77 79 61 64 62 67 65 65 68 58 70 66 67 64 76 69 86 62 64 67 69 64 64 64 57 64 72 66 61 62 62 62 69 60 65 67 66 65 68 67 60
63 73 60 55 61 68 62 58 72 62 66 64 69 60 65 66 67 78 75 62 73 72 67 63 68 68 72 67 76 67 69 62 71 68 67 68 68 71 63 63 67 63 75 63 69 63 62 65 70 62 72 65 64 71 62 72 65 74 64 71 60 71 65 63 78 70 61 70 62 60 66 63 59 67 61 62 65 68 58 52 64 57 66 77 75 71 65 60 68 65 63 67 68 69 70 60 60 61 70 65 63 63 65 59 70 63 61 68 75 73 66 61 55 62 63 63 60 69 64 54 60 64 61 76 67 67 70 58 68 70 72 57 74 69 59 65 60 78 72 63 62 78 67 68 51 70 64 76 71 71 81 59 73 64 66 71 81 61 72 65 62 67 73 61 68 72 58 59 70 69 66 60 66 66 63 65 73 68 67 69 79 77 65 64 66 75 68 76 64 64 57 57 65 63 65 71 70 66 68 62 78 62 71 53 62 71 64 56 70 71 54 64 77 71 65 75 68 65 71 59 67 62 72 73 61 65 67 69 58 73 73 69 65 68 61 69 61 69 68 67 64 74 63 76 60 69 62 69 72 70 72 65 65 68 63 65
68 63 65 54 66 68 59 71 76 65 61 67 73 63 68 62 72 68 73 67 67 72 55 63 71 67 68 64 72 68 74 63 80 69 74 57 70 68 62 66 72 65 71 62 71 67 61 63 64 56 79 65 64 75 70 66 64 64 67 67 61 63 69 63 72 64 65 68 71 67 60 72 63 65 64 57 67 64 65 52 62 64 73 68 69 79 67 61 69 62 56 64 65 54 67 58 70 63 76 75 69 69 70 63 63 64 63 66 73 77 66 64 65 72 59 66 65 70 52 52 61 57 69 74 72 70 73 63 64 70 66 58 81 68 68 60 69 78 76 72 66 69 70 66 61 72 68 76 65 70 74 55 67 65 62 61 66 72 65 73 59 64 62 64 71 73 64 60 64 64 61 71 72 66 61 66 61 69 63 73 73 61 59 73 70 73 66 73 56 63 64 52 68 75 64 66 61 68 73 64 69 61 70 64 62 77 66 61 67 61 73 57 74 64 57 67 66 60 61 55 68 60 61 67 59 72 64 69 55 71 69 68 62 70 62 69 64 61 61 63 63 66 68 66 54 62 67 68 70 65 68 66 71 67 58 63
65 68 63 60 68 73 65 51 65 65 63 70 74 54 71 68 68 75 70 63 70 67 61 67 66 63 72 66 70 71 69 63 69 60 64 55 65 71 62 66 71 70 75 67 72 73 60 71 74 53 70 65 69 72 55 72 60 70 67 71 60 66 74 61 80 60 66 65 68 69 63 69 54 63 66 61 70 78 68 49 59 59 73 73 70 73 67 62 66 61 62 70 71 67 70 59 61 60 72 73 67 55 65 57 61 64 72 69 69 79 67 63 60 64 69 65 55 68 66 55 70 54 64 76 63 68 68 60 61 64 69 68 81 77 62 67 66 67 74 62 60 62 70 65 59 58 56 71 68 79 86 66 67 64 67 70 69 60 64 66 68 65 63 66 75 79 74 65 66 60 65 71 62 73 58 67 66 62 70 72 74 68 60 63 64 74 69 83 61 66 60 56 68 70 63 69 58 70 67 66 72 51 72 64 58 75 54 60 72 65 67 67 75 70 63 75 64 58 75 69 74 72 68 64 65 76 70 66 66 79 80 73 66 70 59 70 68 72 63 63 65 73 72 67 60 62 69 65 71 68 65 69 68 67 63 71
64 69 66 49 58 69 55 64 70 63 64 66 67 57 72 61 64 76 75 62 70 70 58 71 65 72 65 61 66 62 66 64 72 66 70 67 72 62 53 69 61 57 76 59 66 65 61 71 67 59 67 56 64 69 56 66 65 67 63 70 66 61 66 52 71 65 65 70 60 63 58 64 60 60 70 60 65 74 59 56 65 59 69 61 70 64 65 60 68 62 56 63 65 62 66 59 51 58 69 61 61 61 62 50 70 67 59 64 67 73 60 67 57 68 66 71 60 74 62 65 62 57 57 69 65 65 68 64 55 71 62 52 77 58 61 61 54 78 80 62 61 64 61 74 54 66 67 61 67 73 76 58 62 65 58 66 62 67 65 69 58 64 59 60 67 74 57 60 65 62 56 63 67 67 57 67 61 65 65 68 72 64 59 63 68 76 58 71 58 68 54 56 66 70 62 65 55 66 67 60 67 54 62 57 63 69 68 52 66 63 62 61 75 69 65 64 69 63 59 65 75 67 75 70 58 66 67 68 64 74 74 73 61 65 61 66 58 67 63 60 70 61 66 67 64 68 64 64 61 66 71 69 63 66 57 68
65 61 59 64 65 65 56 49 68 61 58 57 74 61 69 61 60 68 73 66 60 64 55 67 64 69 70 60 66 62 62 57 66 63 51 58 65 68 57 60 55 63 68 59 64 60 58 64 62 57 66 59 62 60 58 64 51 65 61 67 60 57 63 61 75 61 59 66 59 64 65 63 59 63 61 56 64 64 58 50 64 60 60 65 71 64 71 56 66 59 58 65 63 60 68 55 54 54 66 66 67 58 64 56 57 52 53 60 72 77 66 62 53 58 60 58 57 62 64 65 57 60 61 73 65 61 62 58 61 65 62 60 73 71 59 66 67 75 64 65 49 64 61 59 57 64 56 68 62 70 64 55 67 57 58 57 64 62 66 71 60 63 60 57 56 64 59 63 63 58 62 67 63 63 57 56 69 64 63 61 73 65 57 63 57 69 60 75 57 60 59 54 66 56 52 62 59 58 62 66 73 56 70 60 61 67 60 53 70 69 58 66 58 67 50 70 71 64 59 60 60 59 61 67 65 63 70 64 63 76 68 74 67 63 60 67 69 64 55 57 68 65 59 68 56 66 61 69 59 63 57 58 58 62 62 56
67 72 72 61 76 71 62 70 75 71 66 70 75 55 67 71 75 79 82 65 74 75 66 71 67 70 76 73 68 74 73 67 78 69 74 67 67 81 64 76 63 74 78 63 72 69 69 70 72 71 78 69 71 77 68 72 66 73 69 71 66 66 68 69 87 69 63 69 70 68 70 73 59 75 76 61 76 75 67 55 73 61 72 72 73 75 67 62 74 66 67 71 61 70 72 62 69 65 77 68 72 70 69 64 71 69 72 64 83 79 72 66 64 59 64 70 63 80 69 56 72 52 70 78 71 73 65 71 67 71 75 60 85 68 63 64 70 83 75 76 68 76 71 80 62 73 59 75 76 78 81 60 64 69 66 69 72 76 69 79 73 71 65 74 71 69 64 73 74 66 64 66 68 68 69 72 66 69 67 70 82 74 62 75 69 75 75 85 63 64 69 58 72 76 69 71 59 68 82 76 82 54 69 72 65 84 66 55 72 76 75 69 82 67 61 71 75 70 83 63 76 75 70 70 66 77 71 69 65 84 77 79 69 82 71 77 65 71 62 68 73 75 78 75 65 61 67 76 64 66 68 68 67 70 66 70
67 73 75 61 72 73 65 60 69 70 53 67 78 62 65 61 73 74 78 67 68 66 56 68 65 73 69 74 70 58 64 64 65 68 72 65 67 73 60 66 63 65 79 67 77 61 68 69 62 59 62 64 74 65 68 69 60 71 59 66 63 63 64 62 79 68 68 67 68 64 57 62 55 69 70 64 64 72 62 58 67 68 73 59 70 65 69 60 74 70 56 67 67 66 65 60 62 62 74 66 69 64 71 60 71 60 60 69 68 77 62 61 62 73 63 74 62 73 68 59 59 59 69 64 64 60 62 66 58 64 67 64 81 74 66 66 59 77 69 57 66 64 70 68 59 72 69 69 68 71 69 47 72 68 59 57 69 66 65 69 62 67 52 62 62 78 72 67 62 62 61 64 73 67 61 70 66 72 71 68 77 66 57 68 61 75 67 80 66 69 66 57 73 74 63 66 65 63 67 63 71 61 76 63 60 75 61 58 70 70 74 71 72 67 68 76 75 71 66 56 70 68 69 70 69 75 66 67 67 78 68 77 62 60 65 69 71 74 65 59 74 61 69 68 58 66 63 71 57 66 69 73 66 69 65 61
63 64 66 55 67 59 58 58 66 67 61 67 65 59 66 69 65 70 67 60 69 71 54 62 65 62 66 61 63 64 69 68 63 65 69 64 69 61 60 62 64 55 74 61 73 70 62 67 71 59 66 61 58 59 61 72 59 71 60 61 59 60 64 63 71 66 71 69 63 65 62 72 58 64 61 67 63 65 58 56 66 55 65 62 67 65 64 56 64 65 63 61 64 59 61 62 61 60 65 71 67 63 68 65 58 56 66 58 69 71 63 60 57 59 61 64 59 68 65 50 63 57 58 66 57 65 77 70 64 68 69 65 80 66 58 63 63 73 66 66 60 64 59 72 51 64 66 62 69 69 78 58 65 68 65 64 70 68 57 74 64 68 62 57 64 68 64 68 60 59 57 65 69 70 58 57 64 67 66 70 74 63 49 71 58 73 63 79 61 70 58 52 63 71 61 65 60 60 63 66 70 60 63 61 60 64 57 56 66 60 68 71 74 68 53 60 69 61 70 65 66 69 62 62 68 69 63 73 61 76 72 72 65 74 51 60 58 71 52 74 63 62 68 63 62 55 66 66 64 62 61 62 57 65 60 62
55 61 59 50 56 62 59 58 58 52 50 61 62 52 60 60 54 63 65 55 61 60 57 53 55 63 56 52 56 57 58 63 60 60 60 59 55 64 53 61 66 62 67 54 63 58 59 59 57 58 61 56 56 51 61 57 51 58 57 51 63 65 61 66 61 55 65 59 56 61 55 66 51 60 60 56 66 66 59 49 60 70 54 55 63 62 70 52 47 53 46 59 50 55 58 51 57 52 66 63 61 54 59 57 60 49 54 56 59 67 59 51 50 58 54 61 57 65 63 50 54 60 57 61 61 54 60 57 51 67 58 51 66 55 56 57 57 67 66 59 60 56 63 54 51 58 57 67 58 62 60 49 65 52 57 46 57 66 54 56 62 62 57 59 60 61 59 54 57 60 54 61 64 65 56 57 50 67 59 62 66 59 51 64 50 67 61 62 59 55 54 39 54 59 53 61 53 60 62 57 67 64 66 53 56 63 65 44 56 58 63 54 64 55 55 58 62 50 62 55 63 58 58 65 51 64 56 58 52 61 67 75 57 57 68 61 55 64 56 57 57 57 52 58 54 55 61 63 52 57 58 52 56 63 56 57
63 66 55 61 61 67 60 58 62 65 60 68 76 54 61 50 64 77 67 56 67 63 53 56 55 64 61 67 61 58 61 54 66 58 58 63 60 65 59 68 59 63 72 58 63 58 56 68 65 61 61 59 57 68 57 67 58 62 60 69 57 55 59 59 69 70 55 61 60 57 62 51 52 66 60 61 59 65 58 49 60 56 64 60 71 65 61 54 67 60 60 59 54 60 64 47 56 52 59 64 65 50 64 55 60 60 60 68 60 66 64 57 53 60 60 72 47 69 59 63 59 56 63 72 69 57 65 65 54 61 62 50 75 70 52 56 60 66 70 59 58 57 63 59 53 60 59 63 56 61 64 54 69 56 49 60 66 56 56 56 54 63 55 64 60 64 63 57 56 57 58 65 63 59 63 58 64 70 66 67 73 58 54 65 56 60 61 70 53 54 55 51 66 68 57 60 53 55 60 54 62 65 64 60 54 66 64 53 65 67 52 60 66 64 63 70 59 57 68 54 67 64 57 69 58 67 63 62 62 70 72 62 55 62 57 56 57 65 55 57 59 66 67 62 51 67 63 66 54 63 67 58 58 66 53 62
66 73 60 57 61 65 69 55 69 62 54 59 68 53 68 61 62 68 72 63 71 67 54 64 61 63 60 59 62 68 66 59 66 73 59 59 61 70 58 54 65 69 68 59 59 65 64 60 62 62 65 62 69 68 54 65 63 70 65 61 61 59 63 63 74 61 67 65 61 60 64 63 60 73 72 60 67 68 64 51 65 60 57 57 64 75 63 63 59 70 60 64 52 67 70 64 55 63 77 68 60 61 62 53 66 52 64 60 63 70 66 57 55 66 63 64 57 74 63 51 68 63 62 73 63 71 68 63 53 65 70 64 76 59 60 60 61 71 68 66 62 51 69 63 55 54 60 63 66 64 67 55 71 61 65 59 64 67 65 68 63 65 57 68 57 66 65 70 59 62 62 65 62 64 60 58 60 60 65 69 78 61 58 56 57 72 59 71 54 59 60 53 60 65 67 69 55 66 65 69 73 59 72 59 59 71 61 46 64 65 55 58 67 76 61 76 64 60 65 61 65 64 66 71 58 67 64 53 62 76 74 83 63 77 64 61 60 64 61 63 64 65 66 68 60 67 63 74 61 62 65 58 61 60 66 65
70 66 59 51 60 63 68 57 68 63 60 73 68 56 69 69 64 67 71 61 68 66 55 62 71 54 66 57 65 64 67 56 63 70 72 62 66 66 60 64 70 63 72 60 65 74 65 61 64 55 70 64 69 68 62 72 57 65 64 54 60 64 69 68 78 64 63 70 64 59 55 63 56 67 70 57 69 70 57 56 64 60 64 66 66 75 69 57 62 59 64 62 66 61 72 63 54 58 68 62 66 68 67 68 69 55 68 63 68 76 66 63 54 66 63 69 60 66 57 55 66 56 66 71 62 65 64 59 65 65 72 58 82 67 61 60 59 71 67 68 61 63 66 62 52 68 60 64 68 67 69 49 71 61 64 59 74 65 67 67 59 70 62 65 70 70 53 65 59 59 59 56 69 71 60 66 60 64 63 78 75 62 55 63 60 67 66 74 58 61 59 45 61 66 64 71 51 66 62 62 71 53 71 66 62 79 62 59 65 58 71 64 74 68 62 70 67 61 64 58 63 61 63 66 59 74 65 62 60 69 70 70 67 71 64 67 64 64 58 61 67 67 57 60 59 60 56 78 64 61 65 72 64 61 61 67
68 66 69 55 64 62 59 56 62 57 58 73 68 57 66 62 55 69 77 62 74 64 58 65 61 61 70 54 66 66 69 55 73 65 58 57 61 75 53 71 68 67 76 64 70 62 61 65 62 59 64 64 57 65 62 61 62 66 66 62 65 56 71 62 75 66 61 66 66 55 65 61 61 59 65 52 59 66 55 56 68 55 63 71 73 71 59 58 56 62 58 59 65 60 65 56 52 50 66 63 67 61 63 59 70 61 67 66 66 74 63 61 58 62 63 64 61 70 55 54 64 55 63 63 63 66 68 57 65 73 69 52 73 61 57 60 53 77 70 60 62 66 60 66 59 59 56 65 67 76 67 55 66 60 63 65 72 71 59 71 59 59 53 53 62 69 58 66 60 64 57 64 63 65 53 60 59 67 67 66 76 62 56 67 54 74 63 72 60 58 56 57 62 64 60 63 56 74 62 62 79 59 65 59 62 76 62 55 61 62 68 68 71 65 55 65 67 67 59 62 66 65 73 56 57 72 63 63 62 67 70 71 57 61 60 60 63 65 53 57 63 74 59 61 55 55 59 70 69 65 62 67 65 64 64 63
65 64 58 54 68 59 56 58 63 64 54 70 66 66 69 66 69 67 68 68 69 64 61 66 68 69 59 65 71 67 72 59 67 68 64 58 63 68 68 68 61 67 76 59 70 66 58 71 70 60 72 64 69 64 59 68 58 66 66 63 70 64 64 60 73 56 65 69 77 68 65 65 57 63 63 64 62 73 60 56 68 61 62 60 70 65 70 60 70 64 63 68 60 63 65 59 58 57 69 68 68 62 69 62 61 64 61 58 68 71 62 60 56 55 67 66 52 71 61 62 56 67 61 74 68 72 66 69 65 69 70 60 77 62 56 58 64 75 67 70 62 72 66 60 60 69 72 66 60 68 66 62 68 61 63 60 64 60 62 69 73 70 62 70 57 72 68 58 66 59 65 61 67 70 64 56 61 66 73 72 77 72 61 72 58 68 66 77 65 64 64 54 63 67 65 67 70 69 63 62 77 58 69 54 58 74 65 50 62 63 59 64 81 62 61 68 67 62 65 59 69 71 62 71 54 69 69 69 62 80 80 73 55 68 61 66 61 68 57 67 76 64 62 69 55 60 70 69 64 68 74 68 67 65 60 62
62 68 65 53 61 72 53 55 68 57 65 59 57 49 59 61 65 64 65 60 69 73 54 69 69 67 68 59 66 60 69 55 61 64 63 62 63 67 53 64 66 57 71 63 67 60 62 63 55 56 65 60 63 66 67 65 57 56 57 71 60 62 65 58 68 60 63 70 65 58 53 70 54 58 62 59 67 65 57 54 65 56 67 57 56 65 64 63 64 53 62 63 63 59 65 61 52 53 62 58 66 56 64 47 63 59 68 62 61 71 65 58 51 52 61 61 57 68 55 58 62 50 62 68 65 61 66 60 65 65 66 62 76 71 55 61 57 71 67 65 54 62 62 60 47 66 64 67 58 71 63 58 66 69 55 62 58 66 60 75 58 62 64 59 59 68 63 55 70 61 55 63 62 63 52 63 59 64 66 63 67 62 52 65 63 64 64 72 54 61 64 49 62 70 57 64 58 61 58 60 70 61 63 53 56 70 65 52 62 60 53 63 72 64 59 63 64 63 55 58 69 59 66 69 62 67 60 61 61 68 63 64 58 67 58 63 61 62 50 61 65 71 67 62 56 59 69 61 59 62 62 72 67 69 63 62
70 72 64 61 58 73 65 57 71 66 64 71 78 63 73 71 63 76 74 57 66 65 62 72 60 64 66 70 64 68 71 66 67 78 65 65 64 78 63 58 73 70 81 73 68 68 67 64 63 63 70 67 68 74 63 69 67 75 64 67 73 70 68 64 75 65 72 74 69 62 64 75 60 72 69 65 66 68 60 54 71 59 68 59 70 66 71 61 73 66 65 70 73 74 74 63 61 63 73 75 77 64 72 58 67 61 74 72 74 75 61 58 63 64 61 71 64 71 73 56 64 62 61 75 74 72 72 69 64 70 71 58 75 69 63 63 63 73 75 69 65 67 70 66 58 65 66 68 70 72 76 62 75 65 72 72 71 70 67 72 65 67 58 64 66 73 59 67 65 62 72 60 79 76 64 61 64 73 74 71 77 74 68 76 53 79 73 71 66 68 65 57 64 72 60 78 64 63 68 64 80 65 68 63 64 76 70 55 74 66 65 68 77 65 66 76 68 61 73 68 73 66 70 64 61 74 73 61 60 83 72 76 67 61 65 63 70 72 60 68 66 67 76 67 57 67 67 69 61 68 67 67 58 67 68 73
66 67 58 54 59 67 57 59 69 61 56 74 68 60 66 63 68 60 73 55 69 65 61 64 58 59 68 59 68 66 70 59 66 71 68 60 65 71 65 58 60 61 73 58 67 65 62 63 67 54 68 66 61 73 68 70 58 62 62 65 64 66 69 56 68 68 63 69 64 65 67 68 55 66 68 58 60 69 49 40 68 69 65 67 77 71 68 63 68 66 59 68 62 63 75 57 57 62 67 71 61 63 67 57 68 63 65 60 73 69 58 66 58 59 59 65 61 71 59 48 60 60 57 70 67 63 62 58 55 62 61 55 75 70 61 59 59 74 64 68 61 64 75 62 60 68 62 74 68 66 78 48 72 64 60 63 69 58 66 67 56 72 61 57 58 79 60 66 71 66 61 60 74 67 65 69 64 61 61 62 75 65 59 65 49 70 61 66 63 60 65 48 67 63 62 67 57 68 65 57 76 53 70 55 57 72 62 58 64 65 62 68 66 65 58 69 67 61 62 60 67 60 63 66 56 80 68 62 58 78 68 72 61 60 57 64 51 76 51 66 67 65 63 63 55 62 56 72 62 71 61 70 56 66 56 64
54 53 61 57 57 62 54 52 70 61 55 63 64 53 63 48 56 62 61 61 63 57 58 55 57 67 63 56 60 62 59 53 65 58 53 59 55 64 53 59 49 63 67 61 70 56 64 57 64 58 63 53 56 59 57 64 48 61 59 67 63 54 59 51 69 68 57 58 61 57 60 67 46 64 63 58 60 70 56 52 63 50 61 65 69 59 55 59 60 58 54 59 56 57 64 58 50 59 61 56 54 56 53 51 61 59 53 59 57 68 58 58 60 54 53 62 54 65 61 57 55 47 55 68 61 54 66 55 59 60 65 54 67 63 54 50 56 60 59 63 56 62 60 64 46 57 56 57 63 62 66 55 62 56 47 60 55 60 54 58 63 58 50 54 62 63 62 58 58 55 60 64 59 67 59 57 59 61 61 59 63 71 49 68 54 60 61 71 45 58 55 49 54 61 53 62 54 51 57 45 61 57 57 55 57 68 53 54 67 60 57 65 66 55 55 65 59 63 64 44 62 60 61 58 56 66 62 65 58 74 61 68 54 58 55 61 56 67 56 57 66 61 57 63 54 54 59 60 58 58 57 63 62 64 50 57
60 58 61 55 58 57 60 54 60 58 68 70 65 55 60 63 55 65 65 59 60 60 58 57 65 71 65 64 66 62 70 58 67 57 60 70 55 66 66 65 61 60 65 53 67 68 60 64 66 56 74 64 63 68 58 67 58 62 68 58 62 56 68 64 69 63 60 66 54 61 63 67 56 65 63 60 63 69 59 45 67 57 61 57 65 66 57 55 66 66 54 59 65 56 61 59 58 59 69 66 62 61 65 68 61 63 64 60 63 70 64 57 55 51 55 62 52 59 71 55 61 51 63 67 63 69 65 61 58 63 66 63 74 60 53 52 55 65 64 63 56 66 54 65 52 62 60 66 67 66 72 53 65 62 60 63 65 59 63 63 60 56 55 56 71 69 58 61 69 53 60 57 66 68 60 60 60 66 68 62 62 62 48 66 56 64 69 69 57 63 58 51 65 72 61 52 58 56 70 47 65 63 64 56 56 62 59 57 58 60 55 64 62 58 63 58 64 57 61 61 69 61 61 73 58 63 73 54 62 62 72 68 64 59 59 68 62 68 53 69 62 68 58 62 52 57 64 56 65 69 53 71 66 63 60 58
67 60 63 53 63 57 56 50 62 56 64 65 62 55 62 57 64 66 71 48 68 49 48 64 65 62 57 63 65 64 63 61 59 61 62 58 60 61 52 59 63 62 65 51 67 62 57 64 59 61 61 55 64 60 51 70 51 62 66 59 60 60 63 58 72 64 66 64 67 56 57 68 52 61 50 60 67 65 54 47 61 52 61 54 63 62 62 48 56 61 55 61 61 61 60 54 59 49 70 63 68 55 65 65 54 53 64 64 61 64 56 68 50 54 63 61 52 59 59 59 52 56 59 62 57 61 66 59 57 59 69 61 68 60 54 53 56 73 62 55 60 59 53 61 52 62 60 63 69 76 61 52 68 64 60 64 64 59 59 64 52 63 50 55 61 63 53 53 56 64 61 60 70 69 54 63 57 64 65 63 71 62 60 62 58 58 65 74 55 59 53 52 57 65 52 65 59 63 56 61 66 53 60 59 54 71 56 51 58 58 56 64 67 53 60 63 52 62 63 52 68 59 62 63 58 60 52 64 57 65 60 72 55 64 55 55 59 60 54 58 63 63 56 60 53 53 65 68 60 60 65 67 65 59 57 65
63 66 67 60 65 70 53 61 76 79 65 66 79 62 72 62 61 62 72 60 69 64 62 61 61 66 66 61 74 67 78 57 66 69 68 57 56 66 64 65 69 71 73 68 64 71 66 69 64 61 67 64 63 68 64 68 59 62 60 68 72 68 58 61 80 70 69 71 65 60 69 74 61 71 67 63 63 74 58 51 71 68 72 69 75 63 70 66 61 68 58 58 68 67 69 61 65 53 65 67 66 61 63 65 60 52 66 58 72 74 61 67 53 59 63 67 60 74 66 61 59 54 68 71 64 59 67 61 59 75 71 63 69 69 61 57 65 70 66 74 62 63 64 66 54 62 63 70 73 72 71 57 64 65 55 65 68 71 65 74 59 62 56 67 68 70 60 62 68 65 65 67 67 72 66 61 66 66 71 67 74 65 56 77 57 64 63 74 53 64 65 54 67 69 61 64 60 63 65 57 72 55 66 54 56 73 63 62 65 71 69 69 70 63 67 67 63 63 66 62 63 71 69 72 62 68 71 68 61 76 68 78 52 68 62 60 63 66 54 63 71 67 67 64 61 57 72 64 64 63 67 71 67 62 57 68
47 56 62 53 48 57 53 49 55 55 52 63 58 49 61 60 59 53 61 53 61 50 50 57 47 59 54 51 53 53 59 49 54 66 59 53 60 56 52 51 54 48 58 53 56 60 54 55 54 50 57 52 53 56 56 66 46 53 53 61 54 51 62 48 56 56 51 59 55 49 62 56 54 59 52 53 55 60 46 47 60 47 58 48 59 52 58 56 52 60 52 52 49 53 62 53 44 53 65 62 54 56 48 49 53 54 55 52 52 60 55 60 42 55 49 52 43 57 58 52 54 41 44 65 63 51 58 55 46 59 54 53 62 56 54 54 46 59 55 53 41 57 49 59 47 57 55 54 59 58 60 51 59 55 48 56 50 60 56 58 53 58 54 46 48 59 60 59 53 58 47 55 58 59 54 54 58 56 53 61 60 52 55 59 47 61 52 64 50 60 48 48 53 54 59 57 55 54 57 51 63 53 59 52 53 60 50 46 63 42 58 53 64 57 50 60 51 54 52 55 48 53 47 53 55 61 57 56 53 67 67 69 51 54 52 47 59 61 55 46 54 54 57 54 47 49 49 59 57 50 55 63 55 52 59 57
66 67 66 61 70 70 59 57 70 64 67 68 71 53 74 66 70 68 70 65 74 68 58 67 64 62 70 57 71 66 63 64 69 68 71 65 63 73 57 66 71 62 66 66 70 70 64 70 69 56 67 68 72 68 71 79 58 63 65 64 59 68 67 60 67 66 62 69 64 70 68 72 56 73 65 67 66 71 60 55 69 63 74 70 70 76 67 61 70 61 60 69 72 65 71 66 59 61 68 73 68 60 67 62 64 55 62 67 69 79 59 67 53 61 62 68 63 70 65 55 68 61 62 75 74 69 61 66 63 65 67 64 78 72 65 68 68 75 76 74 61 67 68 64 54 70 64 68 70 78 74 64 69 58 60 53 69 71 63 73 66 68 68 64 63 69 65 67 65 73 59 59 66 71 67 70 65 59 67 72 67 64 59 60 60 70 65 75 56 65 61 58 70 69 68 69 61 74 72 67 75 56 70 63 65 85 63 59 70 54 64 68 69 71 58 67 77 59 64 59 66 66 65 73 63 74 71 65 69 74 72 75 61 74 62 70 59 69 56 62 66 73 66 65 58 55 71 72 69 64 68 67 63 67 69 65
65 74 64 57 64 64 63 61 67 63 71 62 75 55 74 66 75 73 69 60 72 61 50 73 63 68 69 67 67 71 69 69 69 66 68 64 68 72 53 62 70 63 72 65 75 70 59 65 64 60 70 64 71 69 64 65 70 64 60 63 56 61 70 63 78 61 62 71 62 63 61 70 58 68 71 58 63 67 49 55 70 61 69 58 61 67 68 64 67 68 55 65 66 67 64 60 63 53 69 67 69 61 75 60 68 65 65 66 71 75 61 71 64 56 67 69 64 71 68 57 68 59 72 69 69 67 65 66 62 68 64 62 83 69 60 59 59 75 72 62 62 67 63 60 58 73 66 67 74 70 66 56 66 64 66 67 62 63 70 73 68 67 60 65 62 64 64 59 64 55 61 66 66 67 56 68 66 72 67 73 74 68 58 65 62 77 61 77 70 67 64 61 67 67 62 63 63 63 73 60 69 60 69 60 59 78 60 53 61 67 61 68 75 66 59 61 71 61 64 67 67 63 74 68 58 71 66 65 56 84 74 68 65 70 60 59 62 66 67 66 59 67 63 67 64 62 58 74 63 64 67 70 64 59 69 69
66 61 67 52 68 72 56 69 72 66 60 73 81 63 70 65 74 72 75 65 70 70 60 61 70 71 80 60 64 70 75 57 73 77 68 59 71 81 64 75 67 61 73 61 74 63 68 81 69 56 73 63 59 76 76 62 66 67 66 67 71 65 75 60 78 62 62 72 66 64 69 72 65 67 66 70 68 76 57 51 67 67 71 73 76 64 71 56 72 62 63 63 60 63 71 53 64 58 67 68 65 72 71 61 67 64 65 70 70 73 68 71 60 61 63 75 61 72 64 55 76 55 66 75 71 80 70 62 59 72 75 56 83 75 58 56 64 78 67 71 69 71 75 72 59 72 66 72 74 70 73 54 74 63 58 65 74 73 57 73 70 61 63 62 65 76 67 65 66 65 64 68 74 76 58 70 75 72 64 69 76 64 60 74 66 75 69 78 55 60 65 60 70 71 71 75 58 67 73 52 73 70 63 62 59 76 64 61 72 67 66 70 79 67 57 71 66 61 72 63 69 70 64 71 63 71 69 68 60 83 71 72 64 71 63 69 62 71 60 63 76 65 72 65 56 62 62 68 70 69 70 75 70 73 72 64
59 55 54 45 56 59 50 55 61 63 58 62 65 57 65 63 63 63 64 53 63 52 50 52 64 57 61 57 65 53 55 55 61 58 60 61 58 63 50 57 61 49 61 54 59 63 47 67 61 54 59 55 54 59 58 63 50 59 63 54 62 56 65 55 65 61 61 60 62 57 50 60 52 64 54 57 54 59 54 48 50 57 59 61 63 63 63 53 61 58 57 54 57 52 59 48 52 50 54 65 65 54 53 53 65 49 48 72 65 66 56 65 50 58 60 62 49 63 51 50 56 57 55 57 58 60 57 61 55 63 61 46 72 60 53 59 51 61 58 59 50 63 55 58 41 62 53 60 67 67 68 58 59 56 64 51 64 56 62 63 62 59 50 57 51 63 63 62 62 50 60 49 68 57 58 58 60 61 64 61 64 59 44 61 53 69 56 64 62 58 48 46 54 52 54 61 50 52 63 54 64 58 59 53 52 66 52 56 65 58 56 64 64 58 50 65 68 57 58 57 52 57 55 65 57 59 57 61 51 61 66 68 61 65 46 54 56 63 54 62 62 59 53 54 45 65 53 58 60 51 58 61 54 54 56 46
64 73 62 62 68 66 62 51 73 71 63 69 67 61 70 64 65 67 72 62 75 69 61 72 69 70 70 65 69 69 68 66 70 73 59 65 71 72 62 68 67 67 74 54 72 68 71 67 71 57 75 64 70 69 64 75 63 67 68 69 60 65 72 69 81 60 64 72 65 69 71 71 54 71 62 60 71 80 68 58 79 62 72 64 70 69 72 53 62 59 66 68 67 57 74 57 59 62 73 60 71 67 67 62 65 63 59 68 76 77 67 61 70 58 65 67 64 72 66 67 68 56 63 79 75 57 73 60 61 71 66 67 81 63 58 66 66 75 75 68 67 67 69 60 60 68 66 69 65 79 71 56 69 64 63 64 66 67 64 72 64 66 58 78 66 68 62 66 66 69 66 69 75 73 61 66 67 64 71 75 80 67 59 72 60 77 72 77 63 71 60 53 70 70 59 71 56 66 68 66 74 67 65 54 70 76 63 55 66 72 60 60 76 68 68 74 69 68 65 59 63 64 67 70 60 67 71 61 62 76 73 74 66 68 63 70 63 67 68 66 69 75 68 71 64 67 71 78 60 71 67 72 70 71 59 65
71 72 63 57 76 64 58 60 78 70 64 64 76 62 75 59 70 75 74 62 71 61 60 68 65 67 71 69 66 68 69 63 66 73 65 67 77 64 66 65 69 58 73 61 63 70 65 68 64 63 69 66 77 63 63 76 59 72 65 69 60 72 69 62 79 68 63 69 78 68 63 71 58 72 66 58 70 64 50 51 65 61 67 64 71 70 65 61 69 67 54 66 74 74 76 68 62 51 75 73 64 63 61 60 63 60 64 63 68 77 72 68 62 71 62 71 56 71 58 58 65 59 61 79 65 68 62 58 63 66 63 58 83 72 68 65 63 73 73 69 63 68 63 63 55 63 61 63 71 64 68 62 72 66 65 69 80 67 72 80 57 69 63 62 64 71 62 63 63 68 69 64 65 72 55 65 70 63 73 63 70 67 57 67 63 73 60 83 60 64 60 57 68 75 69 69 65 75 66 67 78 58 65 62 63 77 61 61 67 64 66 67 77 65 64 71 70 65 64 59 67 69 70 62 59 76 68 67 66 85 74 68 62 73 60 64 64 74 53 62 69 73 64 70 56 63 61 67 65 67 74 71 76 65 61 65
66 64 67 57 61 59 57 57 70 57 65 70 56 50 61 56 58 68 61 55 66 67 66 59 71 61 61 63 66 64 66 64 67 66 63 60 59 71 58 60 62 54 70 59 69 65 63 60 61 61 67 59 59 70 61 69 59 64 63 63 61 61 61 58 70 65 57 63 59 64 66 63 55 68 65 63 58 63 56 43 69 57 66 61 71 65 64 61 66 67 61 63 60 67 66 57 56 50 63 64 59 57 61 62 67 58 65 58 56 68 62 62 59 60 58 68 55 68 58 56 58 60 58 64 61 64 58 59 64 70 71 57 75 60 56 57 57 65 56 63 64 66 63 65 53 60 69 68 68 58 70 53 66 61 54 57 62 66 60 68 62 67 58 61 54 71 55 60 53 57 63 59 59 66 66 59 61 60 66 64 70 63 44 72 54 66 62 73 58 60 62 45 60 59 58 65 54 57 64 66 66 56 66 61 59 70 59 54 58 59 60 64 66 61 54 66 65 60 66 54 60 64 65 66 63 66 67 62 65 68 71 66 61 70 61 62 54 67 59 63 64 61 67 62 54 60 65 66 64 62 64 65 61 65 62 58
59 72 68 52 65 68 57 58 61 71 56 69 65 56 74 69 70 72 69 57 78 67 57 61 61 68 72 64 73 68 66 60 64 71 61 66 63 77 62 58 69 64 75 61 67 68 60 69 68 65 61 65 70 72 59 63 64 64 60 68 62 57 72 65 74 60 66 80 66 68 65 65 51 66 69 67 61 72 62 57 68 65 63 66 72 65 72 60 65 68 61 71 56 73 69 62 58 57 69 67 70 68 70 60 73 65 67 69 67 77 63 61 57 62 69 77 61 82 65 64 64 61 61 77 61 61 64 66 54 68 62 59 78 71 68 64 66 79 73 65 64 72 68 61 55 71 68 73 68 64 72 52 70 65 59 63 66 66 61 72 65 58 64 60 61 76 64 62 67 62 53 66 66 68 68 67 64 71 69 60 74 65 63 69 63 69 60 71 64 74 63 54 74 66 71 65 59 67 76 55 76 57 62 52 62 76 59 56 68 61 72 69 73 69 74 68 72 65 66 62 63 69 72 66 62 75 64 69 65 76 73 67 62 70 62 66 59 73 60 65 74 72 67 65 58 74 62 67 55 69 69 77 64 79 66 60
73 70 60 50 68 68 56 60 68 69 59 60 70 58 63 57 70 64 64 67 63 63 64 63 55 69 63 63 63 58 70 63 68 73 68 68 70 63 60 65 69 63 67 60 69 67 58 72 72 60 65 59 65 64 56 75 55 68 63 66 61 61 68 62 75 67 65 66 70 67 67 62 54 71 63 61 63 68 57 47 65 55 57 57 68 63 64 58 65 58 63 66 59 61 75 56 59 50 75 70 64 59 69 56 67 59 60 57 75 74 63 69 55 61 59 64 56 74 62 56 57 52 58 69 73 62 71 59 51 68 67 61 82 62 56 64 57 67 66 69 60 66 64 65 59 67 70 65 68 71 73 53 78 61 63 60 66 62 58 68 67 68 52 59 55 68 64 66 69 65 61 61 72 66 60 74 64 66 58 69 65 68 58 59 64 72 67 73 57 66 65 55 59 68 62 67 52 66 55 62 75 58 65 58 58 77 66 60 58 66 62 58 72 58 56 72 66 65 71 57 67 63 60 67 55 76 67 57 69 79 68 76 60 66 66 64 70 73 51 59 67 59 69 66 64 63 60 72 53 65 67 65 65 69 61 68
66 67 63 53 61 63 54 59 65 60 64 64 68 62 65 68 60 66 67 64 73 66 66 64 56 62 72 62 62 65 64 58 74 64 55 59 62 70 61 62 65 62 75 63 66 59 62 60 57 58 63 58 60 68 63 61 63 58 56 66 58 61 59 56 70 62 59 70 68 58 55 63 54 65 67 68 62 69 54 51 67 53 68 62 68 60 59 58 70 64 59 67 59 60 71 59 50 43 62 66 59 64 64 57 60 62 70 70 76 74 65 57 59 56 59 62 54 74 63 51 66 63 61 64 78 62 67 58 60 64 66 51 73 61 60 57 59 73 64 60 60 68 77 62 56 61 63 63 58 64 70 60 67 56 59 52 72 58 57 69 59 59 56 59 52 78 59 64 62 60 65 63 65 59 59 62 61 65 72 71 70 70 59 64 56 68 66 75 61 56 56 50 65 63 56 70 62 62 61 52 72 59 63 55 58 76 65 58 62 59 60 57 77 61 52 77 64 66 62 56 64 60 62 63 58 69 65 57 65 71 70 72 61 62 55 61 59 67 59 56 67 66 62 68 55 67 62 75 54 70 68 69 67 70 50 59
56 64 58 50 57 67 50 53 63 64 54 63 72 54 57 61 65 59 65 58 62 68 52 57 58 65 61 56 60 57 65 56 56 62 57 55 59 68 55 57 63 54 62 61 59 63 56 65 59 55 63 56 60 55 65 63 56 59 52 58 63 65 57 56 65 55 66 66 58 55 59 59 60 67 55 58 50 64 59 50 59 56 56 59 60 56 62 50 65 61 51 55 63 55 60 58 58 57 55 61 63 59 59 55 59 56 56 53 62 61 66 61 48 54 51 65 56 59 64 52 57 50 55 72 64 57 59 58 57 60 57 52 70 63 53 57 60 66 64 64 55 56 64 65 48 55 60 65 59 61 72 60 59 57 55 53 63 64 59 60 56 61 53 50 59 67 56 59 60 58 60 57 61 71 59 58 70 56 64 63 71 60 50 60 54 64 62 73 57 62 58 52 59 58 62 59 54 57 66 54 68 58 59 54 59 65 63 50 61 62 54 59 70 63 58 56 60 66 54 59 52 60 62 62 64 60 64 54 55 67 65 76 60 60 52 54 62 62 50 57 67 61 62 56 47 56 64 59 57 59 54 62 57 59 58 54
57 69 63 55 61 56 50 60 65 56 56 66 66 52 66 64 66 61 73 62 66 63 53 61 54 65 67 59 57 64 69 54 63 64 58 60 59 64 52 65 60 62 76 51 61 59 57 61 68 58 62 62 58 61 62 60 58 56 61 66 59 58 60 61 71 57 58 61 60 63 54 61 60 62 62 61 60 59 57 53 61 64 52 58 67 63 65 60 59 54 49 60 59 59 65 55 62 54 62 59 60 51 54 57 63 57 57 59 69 65 59 59 58 57 59 60 44 68 46 50 53 52 67 67 59 59 62 58 57 66 57 51 69 60 52 52 57 69 66 65 57 54 64 65 54 66 55 70 62 63 73 56 61 58 56 59 64 60 67 65 55 67 60 54 57 68 66 57 61 66 56 58 71 60 58 63 64 64 63 64 67 62 52 56 58 69 61 62 60 57 55 53 62 61 64 64 58 68 61 64 65 53 62 54 57 67 65 54 62 60 63 64 75 61 64 61 69 59 61 55 57 63 59 71 57 69 58 62 61 72 67 74 59 69 53 58 59 65 56 61 65 60 64 56 46 59 61 54 61 60 63 66 56 62 62 59
71 72 66 62 72 71 62 66 78 72 67 81 67 59 78 71 75 73 72 69 86 77 65 74 71 68 78 73 73 68 71 66 74 71 75 63 68 77 68 69 68 67 82 67 76 72 66 69 74 67 67 65 69 70 70 73 59 69 71 71 67 63 74 67 80 72 72 78 68 71 72 65 51 75 76 66 74 69 66 61 65 70 65 72 75 76 76 60 69 70 70 71 59 62 77 63 59 57 74 70 71 65 76 68 75 67 76 71 76 81 70 62 64 71 65 72 64 76 60 59 72 65 65 70 69 67 74 69 61 68 75 55 87 70 70 69 69 84 78 67 69 72 66 71 59 76 70 84 74 76 86 61 79 75 64 64 69 65 70 75 71 76 59 64 65 75 78 71 72 63 68 68 72 75 74 77 70 69 75 71 81 69 67 67 67 74 71 79 67 71 68 56 68 75 69 68 62 63 67 65 80 68 75 69 62 85 65 62 66 68 68 72 74 67 66 73 73 63 66 64 76 65 69 74 63 78 74 67 72 78 77 79 71 78 71 79 70 81 62 71 72 67 75 74 62 66 64 75 69 69 71 77 72 75 66 69
64 68 64 55 63 69 58 48 65 55 59 63 69 52 64 66 64 68 75 61 66 64 56 62 62 67 60 63 57 59 60 51 60 64 64 68 65 63 58 57 69 63 70 62 66 63 62 65 67 63 65 59 61 66 54 67 63 55 62 62 59 58 58 59 73 60 59 62 58 65 62 64 55 67 67 59 59 63 57 55 58 54 66 57 64 56 65 56 60 65 60 58 58 60 62 58 60 57 66 59 67 54 62 60 62 53 59 65 59 73 57 59 51 58 55 59 58 66 54 53 63 53 61 60 62 57 63 59 64 60 66 57 64 66 57 58 65 64 68 62 56 66 61 65 52 60 68 58 62 62 73 52 65 55 60 57 70 61 60 69 62 62 56 56 63 72 57 54 57 62 56 53 69 62 63 61 58 60 66 59 71 58 57 58 55 65 68 73 54 59 64 47 65 59 64 64 56 60 67 57 73 57 68 57 55 70 59 52 66 53 64 65 69 63 64 64 65 57 59 51 65 62 64 69 62 66 73 65 64 66 72 67 63 66 58 64 65 58 55 64 74 61 62 60 54 54 66 68 63 64 69 66 56 64 65 61
64 59 64 59 61 70 63 53 67 64 59 68 69 57 69 67 58 65 67 59 63 67 51 59 62 60 63 65 64 65 58 62 66 61 66 63 66 70 61 69 64 56 68 57 67 62 58 66 64 61 64 59 55 61 64 65 61 67 60 63 66 56 62 69 73 60 68 66 58 64 61 61 55 66 62 64 62 78 57 58 71 59 64 70 64 68 65 62 61 56 58 69 64 59 59 58 61 55 59 59 71 61 65 64 66 65 60 65 68 71 72 65 64 64 60 62 54 67 60 59 56 59 71 65 70 64 63 58 61 58 68 61 77 72 57 55 61 70 78 64 55 64 62 63 56 67 67 66 67 71 68 55 60 67 55 58 70 68 56 74 62 65 55 51 65 74 66 59 67 61 65 62 61 62 67 66 68 63 66 67 68 57 55 64 63 67 63 79 56 63 55 43 66 68 58 68 55 50 74 61 67 55 60 57 57 75 60 59 68 61 63 65 73 63 60 65 63 69 58 59 67 66 63 72 60 69 61 66 60 65 72 67 69 60 59 66 58 62 60 65 68 70 63 64 56 63 72 60 57 63 60 68 67 63 56 59
64 69 64 53 59 59 61 48 57 57 65 68 62 55 59 62 65 63 68 57 61 59 54 59 60 67 65 57 60 66 61 50 59 61 66 61 66 68 58 58 58 60 69 50 69 61 64 55 56 57 70 61 56 76 58 67 58 66 62 61 62 62 63 61 68 58 59 68 63 58 56 60 50 62 60 60 57 64 58 44 64 56 60 63 64 68 61 60 62 60 58 65 67 54 59 50 50 49 62 58 63 59 69 50 56 51 64 56 62 68 56 64 55 49 57 64 59 66 61 57 56 51 67 67 61 62 62 60 61 61 59 55 76 64 59 58 54 74 70 58 56 57 62 59 63 66 74 60 61 67 66 46 63 69 52 58 66 59 57 68 55 61 58 58 52 70 61 58 64 55 60 59 68 70 52 62 59 59 59 70 75 59 51 50 57 58 63 65 60 57 57 48 64 54 55 66 54 58 63 54 67 61 63 55 51 72 51 51 62 65 60 59 70 59 57 54 61 65 58 60 65 55 55 68 50 64 65 63 62 65 65 65 62 64 60 63 59 68 51 59 59 66 61 62 51 54 66 68 56 65 49 64 61 63 53 62
68 65 60 51 69 72 56 59 61 63 59 66 68 59 61 60 78 67 67 63 71 61 59 63 62 59 63 61 70 69 65 57 68 70 65 63 63 70 54 61 62 70 73 58 66 65 57 70 61 54 66 60 61 71 63 69 50 70 63 65 63 62 66 62 81 62 61 71 65 64 65 76 62 68 67 58 66 77 65 52 59 56 68 61 64 72 57 63 63 61 60 63 62 63 65 58 54 57 67 63 63 59 69 57 62 64 63 58 72 81 65 63 55 65 55 67 57 69 66 58 61 58 57 68 66 60 67 62 60 64 70 56 78 68 63 62 60 81 71 67 55 62 66 63 50 68 62 74 63 77 71 59 67 63 50 57 65 68 57 69 66 56 58 61 65 61 58 62 59 57 64 64 67 64 61 69 58 64 73 73 70 70 57 59 68 67 56 75 60 58 59 53 68 71 58 61 56 63 66 51 67 55 65 56 59 71 63 55 67 60 58 64 71 66 56 72 69 65 65 69 65 58 61 71 61 73 66 62 62 75 72 75 61 62 64 63 64 70 61 53 68 64 59 64 60 63 58 73 56 68 58 67 64 70 58 66
54 66 57 62 61 65 53 52 64 65 66 63 66 55 63 65 68 67 74 61 71 62 60 72 62 68 73 64 66 61 70 57 65 62 63 65 72 68 59 60 64 62 77 58 64 58 63 70 63 55 67 64 60 75 62 72 65 55 61 66 63 65 64 56 71 63 65 63 64 53 59 68 54 64 64 60 63 67 53 45 69 65 66 64 63 61 72 61 69 67 52 62 66 64 68 60 56 55 63 66 62 64 59 57 59 63 64 69 68 64 65 60 53 65 63 63 58 72 61 53 59 59 65 66 73 58 63 65 51 68 63 57 80 61 54 57 60 77 65 65 58 67 65 60 61 65 62 63 66 74 71 56 66 71 57 71 68 72 64 68 60 70 59 62 62 62 62 67 63 56 63 66 68 67 65 61 70 60 71 66 68 61 66 64 58 75 66 75 65 57 64 57 71 65 64 62 62 61 70 59 69 64 58 59 55 77 56 64 73 61 56 65 68 63 55 74 68 56 70 57 70 59 63 64 62 65 60 73 59 72 74 80 59 59 54 64 60 61 58 63 66 70 62 63 51 63 65 66 61 72 65 70 59 59 61 61
67 62 63 60 74 70 69 58 77 68 68 68 66 62 64 67 63 66 69 69 78 76 64 67 61 65 73 60 67 68 69 62 65 72 62 65 72 68 70 59 66 64 79 58 72 69 63 74 69 60 69 65 60 70 63 66 69 67 65 74 67 64 70 67 70 69 73 68 62 60 65 66 59 67 70 76 64 63 52 54 68 61 66 68 69 73 70 65 70 70 67 72 63 66 80 67 60 52 75 73 60 68 71 49 69 65 61 64 73 82 71 65 58 63 66 74 59 72 57 63 62 62 57 73 71 72 73 65 69 64 71 64 87 64 60 62 62 71 65 68 60 65 65 68 58 74 70 69 68 73 73 57 67 67 66 68 68 62 66 80 61 71 57 59 66 76 64 59 71 62 65 66 59 72 61 62 66 69 64 75 78 63 56 63 63 74 67 75 59 62 68 52 66 71 57 71 61 62 68 57 77 57 70 62 61 79 70 65 71 61 61 67 79 66 56 72 68 63 66 65 73 63 61 70 67 74 69 61 68 78 75 74 61 67 59 68 63 64 60 61 67 65 71 60 54 68 64 75 68 68 71 80 64 67 64 58
62 67 70 56 64 62 58 55 71 66 67 70 66 60 65 68 58 65 74 57 72 66 56 72 61 63 67 64 64 62 74 54 69 68 58 61 67 62 64 62 62 62 69 64 63 68 62 70 65 64 70 58 60 66 64 71 63 65 66 73 62 64 72 70 73 68 72 67 65 60 62 61 69 69 68 59 68 67 58 58 70 66 64 61 60 65 70 61 70 64 59 57 60 60 68 56 66 56 63 64 69 65 73 60 59 61 62 64 73 73 65 69 56 58 56 72 62 67 62 57 69 58 62 72 69 62 68 60 58 63 67 56 76 58 62 59 64 75 68 68 59 70 65 70 45 66 61 65 70 68 77 56 66 69 58 57 70 66 67 74 64 62 62 62 60 74 68 64 63 59 61 70 71 64 65 66 57 63 66 72 72 66 63 67 65 67 62 74 54 64 60 51 65 69 65 68 56 60 65 59 73 63 67 52 62 68 61 58 65 60 65 60 75 67 64 66 81 59 61 65 66 58 63 72 66 65 64 66 64 81 70 76 65 70 58 66 65 75 58 56 67 67 66 69 59 64 71 74 61 62 67 73 63 65 63 70
67 71 65 63 63 63 51 59 62 61 63 71 67 60 66 58 66 66 68 54 75 58 60 58 66 72 69 65 65 59 61 62 66 75 62 65 64 72 52 61 69 60 75 63 69 67 61 60 62 56 70 61 67 69 58 72 52 67 60 68 62 61 60 58 75 57 61 62 62 63 66 65 56 70 57 50 65 74 59 51 67 63 65 57 69 68 62 58 66 58 56 63 63 64 74 61 64 59 68 63 64 61 64 63 60 60 62 73 67 75 68 62 60 59 56 70 56 72 66 50 60 59 54 64 70 64 53 65 63 68 65 57 75 60 55 68 71 85 67 67 65 62 66 68 46 61 56 69 69 64 73 65 67 65 57 63 68 68 66 64 65 65 66 67 61 68 55 63 60 54 62 65 68 62 58 65 57 59 69 65 74 62 62 68 56 72 62 76 64 66 59 55 63 67 64 62 59 68 70 63 68 63 64 62 63 66 59 57 70 55 67 64 64 63 60 69 67 64 66 68 67 62 71 64 62 63 68 63 61 74 74 75 66 61 62 64 57 68 61 60 66 63 57 64 60 57 60 66 63 66 66 66 67 74 55 64
70 73 70 49 64 66 58 62 65 64 61 70 69 61 68 69 64 66 70 52 68 65 54 63 54 70 68 62 61 76 64 62 69 62 66 67 60 69 59 64 61 63 71 55 66 70 56 59 57 60 64 61 58 74 60 59 68 59 57 68 59 56 69 65 70 57 70 63 60 64 60 57 59 67 70 68 68 71 57 53 64 56 59 57 71 62 69 59 62 59 53 65 60 62 64 53 56 49 59 72 62 61 63 60 55 58 63 62 66 68 67 64 61 66 60 66 59 71 68 58 62 63 63 71 63 62 70 55 51 65 64 53 77 64 63 58 64 74 68 63 68 60 67 67 58 63 61 72 66 57 73 45 72 63 63 62 68 60 66 76 58 67 55 57 54 70 61 63 66 62 63 65 66 69 62 60 68 64 65 59 68 66 57 64 60 72 62 65 57 61 52 61 63 61 63 66 53 65 71 55 74 58 65 59 53 64 60 54 54 69 68 68 71 54 65 68 62 59 64 61 67 61 62 69 56 62 66 63 66 65 74 67 59 67 64 60 55 72 57 59 66 64 59 65 60 61 62 70 58 65 61 68 65 70 54 61
73 66 65 56 67 70 65 64 69 70 62 72 70 58 71 69 67 63 76 62 63 62 56 64 61 69 70 65 58 66 67 56 72 69 71 63 63 62 60 63 60 63 73 58 57 69 61 69 67 59 67 67 66 71 65 75 55 62 71 64 65 58 74 69 77 66 71 68 66 57 65 62 55 69 72 60 69 72 57 47 68 60 68 71 70 69 75 60 70 63 68 65 63 65 69 58 60 61 68 74 68 70 63 62 74 64 67 70 69 77 69 70 54 66 64 66 57 70 62 65 63 57 64 78 69 63 61 67 53 57 77 55 81 67 62 64 59 77 64 66 64 66 63 68 62 66 63 62 72 71 77 61 73 63 70 60 75 70 72 72 60 64 66 71 63 78 62 61 67 61 70 60 64 69 59 69 65 68 61 72 71 66 61 70 64 75 61 76 58 69 60 51 66 72 70 63 62 70 62 66 81 65 69 60 59 72 65 56 67 65 66 60 75 66 68 72 70 62 61 64 64 63 62 72 62 70 72 69 68 80 72 73 68 67 65 63 71 72 53 61 72 69 68 64 61 66 56 79 69 68 64 71 68 61 66 70
60 62 60 52 57 59 54 55 63 57 62 68 72 60 65 63 65 63 66 56 59 68 55 61 57 63 67 67 57 59 61 50 62 67 58 57 58 67 62 64 69 62 67 58 67 59 53 67 71 53 66 53 62 73 61 69 65 62 61 61 63 59 56 50 71 57 61 64 61 54 51 62 55 61 58 58 55 71 51 50 61 56 63 59 63 65 67 56 60 61 57 64 63 63 60 54 62 53 65 70 64 64 60 52 59 59 66 64 63 65 57 58 60 55 61 62 56 69 53 51 61 48 58 65 62 65 58 65 58 65 65 57 78 62 54 53 57 67 74 60 65 60 69 64 50 59 57 65 66 64 71 54 67 66 57 62 64 52 55 65 63 57 53 54 62 71 63 57 61 56 56 61 60 66 61 56 60 66 60 66 67 63 51 62 59 72 62 73 55 55 58 54 62 68 60 69 53 62 69 60 70 53 63 52 59 73 60 57 62 65 57 67 71 58 60 70 57 56 60 61 65 65 65 60 49 72 64 58 58 65 70 67 61 57 52 60 51 60 55 63 64 59 65 58 59 60 62 71 59 62 68 74 62 64 56 62
62 69 65 64 66 69 66 56 70 76 62 68 70 70 71 68 76 67 74 76 70 68 61 65 65 75 65 62 66 66 75 68 70 69 59 68 63 70 64 65 70 69 71 65 76 82 60 70 69 55 80 62 62 68 72 80 53 64 64 71 60 66 64 61 73 64 60 70 62 65 67 67 60 68 65 62 66 68 61 54 73 63 69 59 75 76 64 62 70 69 59 75 68 70 73 64 70 52 74 68 68 63 75 59 64 66 64 62 77 74 70 65 60 63 59 68 60 72 65 62 64 56 71 73 73 61 67 70 59 69 63 67 86 67 65 58 67 71 70 66 62 72 67 74 62 71 71 62 68 76 80 56 68 63 62 61 69 71 65 80 69 66 62 70 51 74 65 66 75 62 61 69 67 65 59 68 66 64 68 71 74 59 52 71 65 69 67 78 62 58 65 55 75 69 71 69 61 69 68 66 73 66 70 58 65 79 61 56 68 62 74 62 75 71 61 70 77 69 68 56 66 69 72 75 64 80 66 67 74 73 74 85 65 72 68 70 61 72 62 67 63 70 69 66 64 57 77 76 62 69 66 73 68 66 56 65
58 66 60 63 61 63 61 54 63 63 61 59 67 56 67 71 70 71 67 57 67 62 54 62 64 59 60 64 72 55 72 60 57 69 67 71 69 61 64 61 62 54 75 58 74 65 69 72 67 58 64 63 65 72 54 77 66 69 59 67 65 67 69 59 67 66 63 71 64 57 58 62 58 61 67 69 65 68 54 51 68 63 72 64 61 65 71 65 66 62 69 67 65 64 61 59 59 57 64 66 65 59 72 59 64 63 64 65 66 75 62 65 53 59 58 61 55 67 65 57 55 59 63 69 75 66 56 65 54 62 62 65 84 72 66 61 61 71 71 62 59 61 63 57 49 65 60 73 67 67 69 59 70 68 65 68 70 59 62 63 60 73 58 65 60 72 59 60 62 56 55 66 73 66 65 66 64 71 64 68 68 62 59 67 53 71 66 82 68 62 60 53 64 68 54 64 56 58 61 59 68 69 68 51 59 72 63 56 73 63 63 70 75 62 59 71 68 56 62 62 65 62 69 66 63 72 66 64 51 74 65 68 61 66 58 55 51 66 55 61 66 61 59 63 57 68 61 72 57 64 71 65 56 63 58 59
58 61 58 57 54 64 52 50 68 61 58 62 59 47 66 60 51 66 70 55 61 62 60 61 55 60 61 57 63 61 65 61 60 62 55 52 57 63 56 55 58 54 62 56 54 64 58 50 64 54 63 63 55 60 59 62 60 54 53 61 62 58 60 57 68 63 63 64 65 55 62 60 55 62 62 53 64 67 57 51 67 52 66 64 55 57 62 60 57 64 55 58 51 56 65 60 53 48 61 57 59 59 65 52 61 59 59 61 67 65 55 59 57 56 55 62 52 60 59 47 67 50 51 65 59 55 64 53 57 70 60 51 65 57 53 56 52 69 58 60 59 59 61 60 50 64 63 53 62 71 66 61 63 52 62 53 58 57 61 61 61 55 59 57 57 68 55 62 58 57 54 52 59 65 54 60 63 63 61 62 71 56 51 64 50 69 62 68 60 63 58 47 57 65 54 67 50 60 61 58 73 54 61 51 56 72 53 49 59 59 63 56 63 58 52 70 60 52 67 54 56 58 62 57 53 66 55 60 53 72 63 71 56 62 55 58 56 57 58 59 59 60 62 67 51 51 66 65 59 65 59 61 60 61 52 65
66 62 70 59 68 66 60 60 71 68 70 73 72 56 69 71 70 67 71 57 70 59 62 73 61 64 64 56 64 70 65 62 64 69 63 64 66 76 61 70 66 62 70 70 65 67 59 71 71 60 60 59 61 71 71 75 52 60 71 64 66 73 63 66 69 64 68 70 66 64 69 73 54 72 71 56 67 74 59 53 65 62 68 68 76 70 70 65 72 63 60 64 72 68 75 63 61 55 75 70 65 68 65 66 63 57 65 65 68 79 71 70 52 59 59 62 54 71 70 54 61 57 61 77 72 70 71 66 63 67 68 63 76 68 71 64 65 72 73 69 54 74 54 64 53 67 62 64 72 80 73 57 72 65 61 65 70 65 62 74 68 73 64 59 67 69 63 72 69 67 66 66 74 74 62 64 60 65 67 72 78 65 59 64 55 75 68 77 64 60 60 47 60 69 62 68 69 76 67 63 71 56 63 65 56 81 66 58 64 57 69 66 64 66 61 66 67 68 68 63 68 65 62 73 67 73 68 66 66 75 74 78 64 65 67 63 62 70 54 65 69 68 65 66 59 56 73 74 62 64 63 70 60 65 57 68
69 71 68 57 55 67 54 64 67 58 70 66 72 61 65 62 69 64 73 68 77 58 62 61 65 73 70 66 76 59 75 62 75 74 63 60 70 63 58 61 63 61 73 57 66 65 68 60 65 58 70 71 61 73 68 73 64 67 60 67 61 68 68 59 77 63 65 72 63 50 63 74 63 65 56 62 64 70 60 53 73 65 70 61 67 63 64 57 69 59 63 60 60 55 71 65 67 60 69 79 69 72 65 64 64 61 72 64 69 66 67 72 56 60 65 67 62 75 65 57 61 59 63 79 61 68 76 69 61 73 75 56 75 63 62 69 59 78 70 69 67 70 67 71 53 65 60 69 77 72 75 58 74 66 67 65 73 68 65 70 63 69 68 56 64 66 67 66 69 60 61 69 76 68 60 65 69 82 72 76 74 68 60 68 64 75 64 75 64 69 62 58 55 70 65 69 62 71 71 63 74 62 63 61 56 69 56 61 67 69 69 66 77 67 61 75 68 66 67 68 65 60 63 65 62 67 70 71 64 81 70 75 62 61 58 60 66 66 59 61 62 66 74 70 63 66 68 70 65 74 70 66 66 62 63 75
67 65 60 57 63 67 63 59 74 64 60 70 67 62 69 63 69 65 69 61 68 65 58 65 55 63 73 65 63 68 71 55 69 71 68 56 64 70 57 63 70 72 77 64 64 63 64 64 61 57 65 66 69 76 67 69 55 64 58 61 66 61 62 65 74 67 75 67 67 59 72 66 59 69 68 67 69 68 55 51 66 67 62 68 72 71 67 64 63 64 55 58 68 66 63 56 62 62 66 71 70 63 68 62 66 54 73 66 63 75 55 67 55 60 62 75 56 72 66 52 57 59 63 71 67 65 65 64 62 66 72 52 73 62 59 60 65 74 71 65 65 72 68 64 61 65 64 70 71 72 74 53 68 54 56 65 67 66 69 70 66 62 55 64 66 65 64 59 74 61 68 59 66 72 66 66 60 72 68 71 75 67 60 68 56 70 62 82 63 62 61 55 65 66 70 61 59 67 64 66 75 57 70 56 63 73 65 55 59 64 66 70 73 67 58 63 75 67 66 69 66 63 64 69 62 76 69 62 62 77 70 70 62 60 64 66 69 66 61 68 65 65 69 56 59 63 59 70 61 71 69 68 63 66 61 64
66 74 64 64 69 71 59 57 74 69 63 71 74 64 61 64 71 66 74 69 76 74 65 65 62 68 67 72 74 60 67 61 65 77 70 67 69 69 60 64 72 72 79 65 74 68 64 70 70 62 68 66 59 72 67 75 64 69 72 71 64 71 68 71 74 67 70 65 70 55 61 68 57 71 67 63 67 71 62 62 66 61 73 69 69 60 70 62 66 58 64 63 69 67 69 68 56 64 70 71 73 66 68 66 61 63 61 62 71 74 66 57 57 58 53 67 60 77 62 55 59 61 58 70 63 64 74 75 62 71 67 59 82 67 60 66 64 73 69 74 66 72 70 66 51 73 61 71 69 66 73 52 79 66 60 66 67 69 57 72 65 70 57 67 64 67 63 66 69 55 59 64 74 65 60 57 62 69 73 67 71 73 63 67 61 74 67 77 67 62 65 57 61 74 62 70 67 67 66 66 69 61 62 58 59 71 63 58 69 61 63 69 74 68 64 71 72 67 65 64 75 65 67 75 61 76 69 66 64 74 72 76 61 74 59 68 65 67 56 66 64 66 69 60 58 58 63 70 59 65 72 64 65 72 60 69
59 68 51 57 55 54 57 52 61 51 54 60 58 55 62 51 59 62 68 59 64 51 54 51 53 63 63 61 54 54 60 50 58 64 52 58 60 66 55 57 49 65 60 43 61 64 58 63 61 56 64 52 56 56 49 69 56 67 63 59 58 53 54 59 65 60 47 60 55 55 62 61 46 60 57 54 61 64 47 48 59 56 55 52 66 53 58 59 60 63 64 56 48 57 60 46 52 49 63 57 55 58 64 47 55 51 52 52 65 62 48 55 48 58 58 58 49 62 54 53 50 44 49 64 57 54 57 65 54 63 59 56 77 55 62 58 51 64 57 62 54 55 55 62 51 59 61 65 63 59 66 50 62 52 55 52 57 55 56 55 55 54 48 61 46 59 55 58 59 56 52 59 58 61 55 52 56 62 57 68 66 60 52 62 52 55 59 64 50 56 51 47 54 56 49 59 49 56 55 54 63 62 62 48 54 65 49 50 58 57 58 60 62 56 52 63 59 53 61 53 62 54 54 61 50 69 61 49 53 70 59 67 59 58 61 54 57 62 52 55 55 56 64 57 54 54 54 62 56 60 57 56 61 55 55 53
64 68 61 50 64 61 57 54 62 59 57 61 59 54 68 69 66 63 71 60 65 59 55 57 60 60 62 61 61 64 64 63 64 63 59 62 62 66 49 51 60 61 70 58 63 65 56 61 59 58 66 58 59 64 62 68 54 63 57 55 57 62 67 60 62 60 64 73 55 55 61 61 56 62 63 67 61 72 48 57 62 66 65 52 58 62 71 58 62 60 58 57 54 60 55 50 55 49 69 68 65 60 61 57 60 60 58 59 59 67 66 57 52 59 52 61 55 62 66 54 55 63 57 59 59 60 59 63 56 66 59 57 76 62 62 65 56 72 63 61 53 63 62 51 50 55 59 70 68 74 67 59 62 62 64 63 65 64 67 70 59 61 58 60 59 56 61 63 64 52 53 62 66 64 59 57 56 69 70 62 65 70 52 63 48 74 57 73 66 61 61 50 65 62 55 54 55 59 64 49 74 61 63 52 50 70 52 49 67 59 62 63 68 56 58 66 66 60 64 57 60 63 58 68 55 70 61 62 62 73 69 68 55 63 57 59 56 67 55 58 59 52 63 63 52 55 63 59 61 63 61 66 61 59 61 53
63 73 58 52 66 64 59 63 67 65 59 68 71 60 69 67 67 69 69 64 67 61 55 59 61 73 74 69 70 65 69 64 66 77 70 58 72 68 56 62 67 65 74 62 73 71 67 66 64 63 66 66 63 71 59 75 62 68 72 61 63 63 67 68 83 69 69 71 70 56 61 68 57 71 60 65 68 69 56 52 70 57 65 68 66 61 71 58 70 62 60 60 69 61 67 60 60 53 71 71 72 64 61 64 64 63 54 68 69 74 62 64 62 62 58 68 59 75 62 64 63 58 65 73 70 70 75 62 60 69 69 61 80 69 52 67 56 74 71 64 60 68 70 72 56 68 61 68 72 66 71 60 75 64 64 72 69 64 60 75 67 60 63 61 67 66 65 64 69 61 60 65 68 68 59 65 74 70 66 72 63 64 56 61 61 76 62 79 58 61 55 61 61 67 68 70 59 65 72 65 74 58 62 59 61 70 61 59 71 63 60 69 82 70 64 71 67 71 64 65 62 63 63 76 55 73 72 64 63 78 77 66 69 66 56 60 59 68 58 62 65 76 65 62 54 62 64 65 63 66 65 64 62 64 61 68
72 73 66 54 65 73 61 61 75 60 64 76 74 64 74 72 71 68 75 67 70 69 58 68 66 70 68 68 67 71 72 55 69 72 65 70 66 75 60 72 73 66 74 58 59 74 62 74 74 60 71 63 65 71 71 72 68 67 63 64 66 72 68 65 83 69 68 65 64 71 67 70 66 67 62 64 73 77 63 55 69 63 68 64 66 64 65 65 66 57 56 61 66 66 70 56 56 58 70 64 67 63 63 58 68 69 62 69 73 70 64 66 65 59 69 68 55 71 61 65 69 59 59 74 75 70 67 63 65 71 64 57 81 67 59 58 64 71 71 73 69 67 75 70 62 65 75 71 70 69 73 66 75 69 68 67 70 73 68 71 62 69 61 63 66 78 63 66 68 70 74 61 73 75 62 66 77 70 69 70 78 70 56 66 59 72 68 80 57 64 53 63 70 65 73 76 66 68 69 66 69 63 61 60 64 67 69 58 64 71 63 69 81 69 61 74 70 73 63 66 65 73 62 73 65 74 75 59 61 76 81 80 63 72 58 66 71 67 62 66 74 71 60 68 62 60 70 75 61 69 77 72 70 69 67 61
59 62 61 62 62 64 56 58 73 60 62 71 66 52 69 61 58 72 63 47 69 67 56 70 60 60 66 66 58 74 69 60 56 69 56 60 61 68 62 64 60 51 64 61 60 69 61 60 69 62 64 64 59 63 60 64 64 60 59 68 66 59 65 49 76 60 60 64 56 65 60 63 54 67 62 63 65 65 60 50 72 53 72 61 62 64 66 57 62 66 51 65 60 61 66 55 61 63 55 63 58 59 69 55 56 61 63 65 64 73 64 63 51 56 61 64 57 73 57 61 67 56 56 68 60 60 67 61 57 56 65 61 70 67 58 55 59 69 59 63 62 60 60 61 55 62 59 63 63 64 74 53 62 56 54 65 75 63 61 61 59 68 56 60 62 75 64 61 61 62 62 53 65 64 50 67 59 58 68 67 71 60 58 71 53 71 65 68 57 61 57 55 69 65 60 63 62 60 59 58 63 55 61 60 54 72 61 52 65 61 62 59 70 61 64 65 60 62 61 58 61 62 70 66 57 63 59 60 54 73 71 67 61 65 53 55 61 67 59 61 61 59 61 61 55 63 61 64 62 57 66 71 62 70 52 71
57 58 62 53 56 60 56 60 62 59 62 59 73 62 62 55 63 59 67 68 70 69 53 57 50 64 73 58 63 62 64 56 57 62 55 54 67 67 59 57 75 60 71 60 67 59 56 61 61 60 63 56 56 61 52 63 58 54 52 65 68 56 62 56 71 57 64 62 55 53 63 55 53 60 62 54 58 63 52 51 65 62 60 60 63 62 58 55 61 66 58 56 55 59 57 53 58 51 69 57 60 60 63 53 60 55 56 60 66 71 57 60 54 55 56 67 60 62 59 56 56 54 61 63 56 61 63 57 58 58 57 49 79 58 58 49 59 70 68 56 56 66 55 63 54 61 59 64 62 59 71 53 64 65 46 60 65 62 61 61 60 65 53 54 62 69 62 54 63 50 58 55 65 62 61 54 60 54 59 62 68 53 56 62 58 73 56 69 56 57 59 54 61 63 55 63 54 50 62 54 63 55 57 58 54 68 57 50 64 58 60 63 67 56 61 62 65 58 56 61 67 62 71 64 57 72 59 61 59 65 69 66 63 62 52 65 62 66 65 58 65 62 60 59 54 58 57 67 57 69 58 69 63 58 55 63
60 65 62 57 60 67 57 65 74 64 67 69 64 62 63 67 59 71 70 59 70 65 58 66 62 67 72 63 71 66 68 65 66 71 71 62 61 68 59 65 65 68 68 55 66 65 66 75 70 57 66 65 61 62 59 70 58 72 64 59 63 69 65 62 73 65 71 68 66 60 70 68 60 67 63 64 67 78 52 55 65 63 72 65 71 61 62 61 71 61 70 57 56 66 61 63 64 53 69 69 61 65 72 65 67 63 62 55 73 77 65 75 49 54 62 63 54 73 65 67 55 50 61 70 64 64 69 66 59 70 77 58 77 63 60 56 56 71 66 62 63 69 64 60 57 67 53 70 67 73 67 56 72 65 55 61 67 69 67 67 61 69 53 63 69 62 59 63 70 57 66 68 63 60 57 68 69 70 73 67 65 71 59 70 61 73 68 78 61 65 62 56 58 69 56 66 57 65 67 54 65 64 61 58 52 69 69 60 63 70 60 71 77 58 65 73 63 64 70 61 64 70 65 67 57 71 72 59 59 76 66 72 53 64 57 57 64 64 60 62 64 64 63 61 60 61 66 71 56 66 68 64 67 61 52 65
75 81 74 62 70 78 70 73 78 65 66 76 73 68 67 70 74 67 79 71 76 77 67 70 64 71 78 71 70 71 74 68 78 74 77 71 73 78 70 75 74 74 84 63 77 77 63 75 63 62 75 70 69 75 70 72 72 74 65 71 70 68 73 70 81 70 72 75 66 69 73 71 64 73 72 69 73 79 59 55 71 71 74 71 82 79 75 72 70 65 65 70 69 68 73 67 71 60 77 74 70 65 75 62 70 68 64 68 74 77 67 68 65 67 69 83 62 81 66 61 63 65 70 82 69 66 76 67 73 69 70 68 88 78 61 74 63 81 76 76 67 75 79 73 61 71 72 75 77 76 80 60 67 69 62 67 74 72 71 80 75 71 62 69 73 80 65 63 78 67 68 64 79 75 70 69 76 75 75 74 84 72 57 70 62 77 73 83 71 65 69 51 73 71 75 76 65 68 76 64 77 68 76 63 62 81 67 67 79 75 76 72 79 83 62 71 76 69 69 67 75 70 65 77 67 78 85 75 62 82 87 79 72 73 68 75 62 73 69 74 74 74 69 74 61 74 70 73 68 70 68 72 72 77 72 67
64 64 61 59 69 63 60 56 70 59 64 62 70 57 62 64 67 66 58 61 75 66 58 61 59 61 59 63 69 69 64 61 59 56 56 71 62 69 61 55 66 62 70 61 72 59 64 72 65 61 63 61 66 68 56 65 65 64 61 69 63 68 58 53 69 64 61 67 69 65 57 67 55 67 62 64 70 68 53 49 64 60 62 65 67 61 63 68 71 74 54 73 67 66 67 62 62 55 65 67 66 59 59 54 54 58 60 62 76 70 62 58 60 56 62 67 58 74 65 60 55 62 55 69 69 62 67 64 58 61 54 58 73 63 57 63 60 71 64 57 61 65 58 63 58 64 65 72 59 67 71 61 60 58 55 64 60 64 63 64 66 69 57 57 64 65 63 57 64 61 61 60 64 74 61 62 64 69 66 71 72 68 56 61 55 63 60 72 64 57 65 51 62 60 53 64 63 61 66 49 66 52 63 61 57 73 63 55 67 62 62 69 72 61 59 70 64 68 72 63 67 64 64 63 57 69 68 62 66 72 75 75 61 62 59 54 60 66 57 59 64 74 56 66 56 57 61 70 56 66 69 70 62 68 56 63
69 66 62 58 61 59 61 57 70 67 55 68 75 64 64 59 66 64 68 62 66 60 49 56 56 62 60 62 62 60 70 58 66 72 62 65 64 69 60 63 62 57 72 67 61 64 62 65 68 62 64 56 63 59 60 68 58 67 62 64 62 58 70 65 73 61 61 64 62 63 67 67 52 71 60 54 59 72 53 53 65 59 63 62 74 69 70 61 66 65 53 57 60 59 68 56 61 55 60 67 66 63 65 53 63 54 65 62 74 72 66 65 58 58 61 62 55 69 59 48 56 54 61 67 62 69 60 62 61 69 72 49 76 59 58 59 65 71 65 62 58 68 58 74 54 78 64 67 70 70 65 51 73 55 61 59 68 60 70 70 58 68 60 62 59 66 65 59 66 63 60 63 71 65 64 66 64 69 55 64 75 62 54 58 59 67 61 71 64 65 55 47 63 58 54 60 63 64 64 66 67 61 61 61 58 61 58 54 61 63 67 65 70 64 62 65 69 64 66 70 66 65 72 65 63 69 66 60 63 74 63 71 71 61 61 62 62 71 52 56 65 66 64 64 55 60 55 67 60 61 66 71 56 57 60 59
63 70 69 56 62 70 66 62 70 59 58 68 61 60 67 62 68 61 67 58 67 64 59 69 62 67 73 64 68 70 77 56 62 73 73 61 71 73 55 61 63 60 71 64 69 68 70 67 60 59 64 68 63 79 64 68 74 65 54 72 71 64 67 60 78 69 64 64 62 59 63 69 61 59 71 63 67 65 63 60 69 60 71 65 70 62 69 72 64 64 67 63 58 71 65 63 54 62 69 64 57 70 73 51 66 64 62 65 71 72 62 63 57 64 66 71 68 70 66 58 66 61 65 73 78 64 67 68 62 72 66 66 77 60 61 63 56 78 73 64 66 67 73 63 56 59 63 66 67 69 70 52 68 56 55 65 75 73 62 72 65 66 64 69 61 68 63 61 72 58 59 71 70 65 66 58 60 66 65 75 78 62 65 65 61 79 65 79 57 58 57 55 72 67 61 70 60 65 75 68 71 61 66 58 66 79 65 49 74 60 71 60 75 73 62 72 71 65 65 63 64 66 74 66 56 73 66 66 56 71 76 70 63 62 58 66 63 63 63 56 67 66 71 63 61 61 64 71 66 73 62 73 59 70 60 66
68 65 63 54 64 73 56 63 66 66 57 67 69 67 71 59 68 69 69 64 72 64 55 57 55 67 68 58 69 61 67 54 57 68 67 60 64 70 55 66 61 58 73 62 69 61 62 63 60 49 66 54 59 61 57 61 49 66 60 62 62 63 72 55 69 60 61 68 61 55 64 68 53 68 63 62 61 66 56 47 61 58 62 59 59 64 64 58 64 58 56 62 58 54 71 51 59 53 70 64 59 60 64 57 63 57 56 65 68 69 62 59 48 68 58 69 55 66 62 60 53 58 61 63 65 66 70 66 45 73 62 58 76 61 56 59 59 70 69 62 62 59 67 62 56 61 59 61 60 64 63 59 69 58 54 65 66 65 63 68 58 60 54 60 65 70 64 56 69 57 65 67 66 60 57 65 66 62 63 71 68 63 60 65 61 70 58 67 58 58 64 56 59 67 58 67 53 59 65 59 61 59 67 60 56 66 64 54 67 53 67 62 62 64 59 70 65 63 63 58 58 61 67 68 58 64 68 58 62 67 66 69 54 58 56 64 65 60 58 59 61 64 68 61 58 57 64 63 55 65 64 68 63 62 55 61
66 72 66 62 68 65 60 61 70 68 70 66 71 64 69 65 70 75 75 62 78 64 62 69 66 67 66 64 66 68 67 62 69 77 66 66 68 66 60 68 70 73 74 65 72 72 63 73 74 67 67 66 69 63 61 76 57 71 67 78 63 66 69 67 76 65 59 64 66 64 65 67 62 64 71 62 75 76 59 57 74 70 67 73 74 74 73 65 61 67 69 76 67 64 73 58 65 63 73 76 62 66 74 62 66 57 64 69 69 84 72 70 56 60 60 64 61 73 64 59 65 58 64 76 67 74 68 69 64 74 64 63 77 64 64 63 67 73 79 65 53 67 60 67 55 68 63 72 68 72 70 54 70 71 58 67 71 70 71 66 57 69 65 68 66 68 64 70 59 60 62 76 71 74 70 60 63 70 77 75 74 68 68 74 70 74 69 78 62 62 70 55 68 69 54 63 60 69 71 57 76 62 76 57 62 74 63 63 75 70 63 64 79 62 65 72 73 57 71 65 74 68 67 71 63 69 67 70 66 78 78 78 65 63 59 65 63 74 60 65 68 69 69 68 63 70 68 73 67 74 77 78 62 74 54 71
65 75 66 68 65 69 63 55 72 69 54 76 73 63 69 64 67 64 65 68 65 70 68 65 61 72 66 64 59 75 75 63 70 71 61 69 64 70 67 69 65 69 79 65 73 71 63 67 69 68 63 60 68 68 68 71 61 65 74 62 69 62 69 56 81 66 66 68 69 59 65 66 58 73 68 58 66 73 59 53 68 59 66 69 72 70 70 63 72 67 57 65 67 63 68 55 54 54 68 71 77 65 73 61 66 63 63 68 68 73 72 67 60 63 60 63 59 76 65 57 64 60 67 77 63 64 68 68 60 65 65 60 83 76 55 58 64 74 68 65 60 69 74 68 52 66 66 68 72 73 80 56 71 64 68 66 68 54 65 69 69 67 62 64 66 79 65 67 67 63 72 63 70 62 61 66 68 74 71 67 77 70 60 69 56 72 64 74 59 65 71 48 65 65 63 68 66 62 67 68 79 58 65 56 58 77 57 57 61 67 62 65 71 67 64 80 64 71 61 59 70 74 66 69 67 74 71 68 62 74 74 73 66 64 61 64 62 72 52 67 66 71 67 72 62 69 64 72 62 67 69 62 63 66 60 67
58 59 58 54 67 59 52 57 66 63 56 65 67 56 62 56 60 65 67 55 71 64 59 63 53 65 66 64 63 58 62 59 60 63 68 57 60 66 53 64 48 57 67 53 63 54 55 58 54 57 59 54 62 70 54 61 53 58 54 70 61 54 64 56 71 56 56 69 59 62 63 64 48 62 59 63 58 63 55 51 64 57 62 60 69 64 59 56 59 59 49 59 59 53 68 51 53 53 66 63 62 59 60 57 56 60 61 65 67 69 62 68 48 54 60 61 44 62 66 56 58 51 61 64 68 66 62 65 55 61 62 54 65 54 53 53 53 69 65 59 56 60 64 67 55 63 62 60 59 64 64 54 56 58 50 51 60 65 60 67 50 65 48 55 57 61 60 54 61 59 60 55 65 61 60 58 57 57 63 58 72 58 64 57 60 69 60 67 61 62 53 50 64 64 61 58 57 57 54 53 66 56 58 62 53 70 62 53 60 65 58 61 62 60 57 59 56 61 58 62 66 59 64 69 54 56 63 62 55 72 75 74 61 61 58 54 61 65 56 59 65 62 63 49 49 64 53 66 60 60 51 64 62 66 55 62
68 64 66 53 60 57 50 56 64 60 60 65 58 54 60 61 59 64 68 59 68 61 61 63 60 61 70 57 58 62 59 55 69 68 58 59 60 63 51 60 59 64 64 57 69 58 65 59 57 55 58 59 55 66 61 69 56 61 57 67 56 54 66 65 70 66 57 57 61 53 67 54 48 72 68 50 61 69 57 48 63 53 54 59 66 62 60 53 61 63 48 62 63 61 65 54 52 56 64 58 62 60 60 63 55 53 66 61 58 69 61 64 57 57 49 69 57 68 63 50 45 53 62 71 65 66 62 57 58 64 68 52 72 65 57 55 67 64 58 57 59 70 64 58 46 62 60 62 65 60 65 41 67 61 55 55 55 60 64 60 60 49 53 56 53 65 52 55 62 62 65 61 62 65 60 64 59 60 66 60 64 62 49 66 56 61 62 70 48 54 61 53 59 64 62 59 53 58 64 56 73 61 64 51 58 63 53 57 54 58 58 68 64 55 54 60 58 62 60 52 59 51 58 66 62 64 68 58 62 67 64 65 60 56 60 62 55 61 56 63 67 57 53 54 60 60 65 69 60 65 67 60 55 61 53 61
62 59 58 47 53 56 58 47 60 60 58 64 67 53 57 62 61 57 64 53 57 56 47 61 56 66 59 47 55 60 60 53 60 56 55 55 63 62 53 57 56 58 67 53 60 49 58 57 55 58 64 51 58 63 57 64 61 58 61 60 59 49 56 57 65 57 57 67 50 50 60 52 50 54 51 58 57 57 52 46 59 45 60 59 62 63 59 56 68 56 54 62 59 48 62 52 57 42 59 60 61 56 60 52 59 57 52 58 64 57 59 54 53 55 49 66 56 57 51 56 52 52 58 63 60 59 63 58 53 52 59 53 71 58 56 61 55 69 64 51 53 59 57 68 56 54 64 53 57 61 66 48 68 57 56 53 65 61 53 70 50 58 59 51 51 65 51 53 60 61 59 62 64 62 56 58 59 60 60 63 73 56 48 55 52 56 62 63 53 55 48 47 61 61 48 70 54 57 59 53 63 59 50 55 49 66 53 43 60 54 59 57 60 61 63 63 56 59 52 53 63 56 58 65 53 64 58 54 64 60 63 62 55 62 54 62 56 62 49 57 62 64 62 59 57 55 62 71 55 60 50 64 53 57 56 63
67 68 58 67 72 60 61 53 73 58 55 72 68 58 68 64 63 71 75 62 70 65 64 62 64 64 67 66 65 62 69 54 59 64 57 64 62 69 61 58 63 70 69 63 73 73 57 72 74 66 64 65 62 61 61 78 53 70 74 66 59 65 68 59 73 67 67 68 64 65 58 61 59 68 63 60 68 69 62 52 65 62 64 62 74 65 66 56 64 57 61 63 69 72 69 62 62 57 69 65 72 56 64 59 65 56 62 67 65 73 72 57 57 65 62 72 61 67 60 61 56 60 64 72 59 64 67 58 59 69 67 61 77 73 58 59 63 69 69 64 60 66 68 59 54 64 61 71 70 71 71 58 65 55 57 66 66 61 63 57 63 65 64 61 72 65 62 68 62 64 67 66 68 60 65 63 62 64 66 72 74 70 56 64 55 73 57 66 56 65 69 52 63 70 57 67 59 64 64 66 70 56 68 59 59 66 61 59 75 60 69 61 75 64 66 69 64 60 69 53 72 74 67 63 65 72 70 71 63 79 69 73 66 65 53 64 64 74 60 63 61 61 70 63 59 60 66 60 65 67 68 67 62 62 62 61
79 80 80 73 72 74 68 68 74 72 72 73 79 62 76 61 72 76 77 72 81 71 65 72 65 69 74 64 71 71 79 61 71 78 73 73 69 77 66 71 72 73 80 67 73 76 72 75 71 67 74 73 81 72 71 78 64 78 70 79 66 68 72 72 82 80 68 71 75 69 72 72 59 76 69 70 78 82 71 58 74 65 69 73 81 77 72 72 69 73 62 73 74 70 78 74 61 65 81 63 66 70 82 67 70 65 69 72 79 82 72 69 70 73 71 72 69 78 71 67 69 64 61 81 76 70 74 65 63 70 74 67 81 75 70 64 70 77 81 71 70 67 73 75 56 82 70 75 72 79 81 59 79 67 72 66 77 65 68 74 64 73 64 69 69 84 65 66 62 79 65 72 79 78 66 67 76 75 74 78 78 69 70 72 66 74 73 77 67 70 69 54 78 72 65 71 66 69 66 72 80 75 73 71 69 81 67 73 70 72 69 73 75 75 67 74 74 69 69 66 71 69 79 71 72 84 73 72 69 84 76 79 72 71 68 72 71 76 64 67 79 73 67 70 55 75 66 82 72 74 73 76 69 77 74 74
64 67 63 64 65 61 61 64 76 65 64 60 70 65 61 60 62 71 74 67 70 59 64 65 59 67 67 64 66 69 71 64 61 74 64 62 74 71 61 69 66 66 69 60 75 67 61 69 66 62 75 61 66 73 56 68 60 64 63 71 66 58 70 67 82 75 68 60 66 57 67 66 59 68 62 59 69 71 56 53 69 61 65 64 70 69 72 63 66 71 60 70 59 63 67 61 68 57 80 74 57 69 68 60 70 56 64 64 68 73 66 65 56 70 53 62 62 69 61 56 60 63 62 68 70 71 69 65 56 71 72 59 79 62 61 55 64 66 61 70 67 63 65 69 60 63 60 68 71 77 74 56 70 67 56 63 69 68 61 68 64 71 57 69 66 72 63 63 64 55 69 65 66 66 69 61 58 64 64 73 74 67 62 66 63 69 66 73 61 56 61 50 67 74 58 59 48 58 67 60 76 65 73 63 61 71 65 59 76 59 69 68 71 61 59 71 67 62 68 56 65 60 63 66 59 74 69 74 66 76 79 77 67 64 62 71 63 71 55 60 72 65 61 63 63 58 62 76 62 67 70 67 62 60 58 65
74 77 71 65 73 73 61 63 77 73 67 68 70 60 74 67 66 76 71 66 82 74 66 67 67 70 68 66 75 77 67 64 71 76 62 67 60 75 60 65 67 74 82 61 72 73 65 72 70 66 68 71 75 73 64 68 65 70 69 76 69 64 72 68 79 76 69 81 71 69 66 80 70 77 75 66 67 75 68 63 71 66 67 71 65 70 70 70 71 70 62 68 75 59 70 69 66 63 72 68 69 70 69 70 75 61 68 77 69 79 67 66 60 64 67 72 63 75 68 57 68 67 72 72 70 69 70 66 66 70 68 64 83 76 68 67 66 77 71 84 65 67 65 75 57 69 69 72 76 76 77 60 72 69 66 70 71 74 69 79 72 72 67 70 77 73 64 68 65 65 65 64 72 66 70 67 72 70 68 75 77 74 64 73 65 72 65 78 67 69 71 59 67 76 64 70 59 65 72 62 70 60 65 68 55 78 67 62 74 70 66 75 68 64 62 75 71 70 74 65 65 66 70 76 64 70 64 67 70 86 78 80 67 74 67 77 65 76 62 68 77 85 65 73 65 63 63 73 62 69 70 69 69 73 71 69
69 74 71 66 65 64 56 60 74 76 67 79 64 64 70 64 69 66 67 57 77 67 65 64 69 68 66 63 71 68 71 72 72 77 77 62 71 67 57 63 67 66 86 62 71 70 67 70 68 58 67 75 61 71 60 75 62 67 68 64 64 70 73 62 64 66 71 73 66 58 74 66 61 75 67 64 69 79 61 58 67 65 70 64 71 72 69 65 72 69 61 66 65 63 73 58 66 66 73 76 71 73 78 66 74 70 63 64 77 76 68 64 59 65 64 69 61 69 69 60 56 57 62 70 77 66 70 65 59 70 67 61 77 66 58 68 66 76 73 66 65 70 70 67 56 68 58 71 66 69 70 57 76 75 60 69 70 74 70 69 65 73 65 64 63 73 59 69 62 60 65 73 72 70 72 69 67 64 71 72 81 71 66 73 60 67 62 73 62 66 62 55 65 70 64 70 58 63 66 68 70 61 66 55 61 70 63 60 65 65 64 64 71 65 63 76 75 65 64 64 66 71 67 72 67 71 71 70 56 76 81 78 65 62 64 67 58 75 61 66 71 74 67 66 57 62 67 75 67 70 71 68 65 70 55 66
53 69 48 56 60 56 55 56 59 57 52 58 53 54 64 58 61 60 63 59 60 61 54 65 52 62 53 52 66 61 63 57 55 68 56 59 57 64 52 61 60 62 61 53 55 65 60 63 65 52 64 55 55 63 56 65 54 61 58 61 62 57 62 59 65 59 61 61 56 58 60 61 53 63 56 52 60 65 54 55 57 55 59 55 56 56 62 52 64 56 61 60 51 55 67 53 54 51 62 59 63 57 55 50 56 50 55 51 56 66 58 59 45 60 56 56 46 68 57 53 49 53 61 67 60 55 60 59 60 67 56 52 72 58 55 59 56 65 67 57 61 56 54 54 50 56 55 62 55 66 63 53 59 59 52 59 61 64 59 62 58 56 50 57 54 58 55 56 58 55 50 63 63 59 61 54 57 67 61 66 68 58 63 67 57 66 60 69 59 59 56 49 57 64 57 56 59 64 58 59 59 56 61 45 43 64 58 44 56 54 50 65 66 60 61 61 58 58 57 58 61 55 59 54 50 66 55 56 53 69 68 63 54 57 56 54 51 64 57 53 50 68 60 64 57 51 56 64 55 62 62 59 57 62 52 58
64 67 61 54 66 62 48 55 69 65 58 62 64 56 63 59 62 67 69 59 69 74 58 62 63 67 68 61 66 63 74 49 66 66 64 63 61 67 66 66 63 65 69 59 70 68 68 66 65 64 66 57 59 65 57 68 59 61 65 65 62 54 73 53 76 65 60 68 66 65 63 68 55 62 65 60 61 64 56 61 64 57 68 65 70 66 63 60 70 56 65 62 59 56 67 50 61 53 70 55 61 56 64 54 64 59 60 61 65 72 64 64 52 57 66 67 55 71 65 64 61 55 63 69 67 60 72 59 63 64 73 56 75 66 64 60 54 66 72 63 52 76 60 67 57 71 66 59 69 67 64 50 72 63 59 60 71 66 63 66 59 63 57 64 63 74 59 58 65 61 62 60 66 66 59 62 63 60 66 69 71 62 58 68 61 66 64 79 55 71 61 60 68 71 65 66 58 63 63 57 69 60 58 57 61 74 62 54 55 61 59 68 66 65 57 63 70 58 57 62 61 68 68 70 66 71 75 63 58 72 64 71 55 69 69 66 77 66 54 63 65 69 62 60 64 65 66 70 62 61 61 73 55 68 63 51
66 71 62 65 69 71 62 61 75 63 65 68 81 65 75 63 68 73 75 60 74 66 62 66 63 65 71 73 73 72 76 60 71 71 58 69 68 69 76 61 68 74 68 64 72 69 62 73 72 56 74 72 69 74 56 71 68 72 60 69 68 60 69 66 73 69 70 79 70 69 62 69 60 72 69 69 67 78 57 59 67 67 72 67 69 66 67 60 70 74 68 67 65 68 70 60 70 57 72 71 68 71 77 60 67 60 66 72 75 73 66 62 60 67 63 72 56 65 69 59 68 61 69 70 70 71 76 69 65 71 74 70 76 71 66 60 68 70 72 69 63 69 64 67 63 66 70 72 76 78 79 63 68 67 69 68 67 68 72 68 67 66 60 72 74 74 61 61 65 63 76 62 73 72 62 68 66 72 77 76 81 67 63 66 57 74 74 81 63 62 68 58 71 85 67 72 65 64 72 58 78 71 72 67 56 74 71 59 75 76 65 68 70 68 66 67 72 64 74 63 69 65 69 78 62 76 68 66 59 84 75 74 67 68 67 65 72 71 62 70 66 67 71 63 55 65 69 75 62 73 66 72 67 73 62 67
66 64 72 57 71 70 55 59 67 70 56 67 74 50 65 74 68 66 71 63 70 68 55 64 62 64 68 60 66 69 69 57 64 62 64 56 60 68 58 64 70 65 73 73 63 64 62 69 59 57 58 58 65 71 65 63 57 59 65 64 65 63 67 63 78 62 69 74 63 69 59 76 56 64 61 64 73 74 61 57 65 67 62 66 65 65 71 56 61 58 54 59 64 55 68 62 59 52 69 69 66 63 64 58 59 59 68 61 72 72 64 60 57 59 64 62 63 67 64 50 69 60 64 65 64 66 66 64 61 62 66 64 79 70 62 56 64 66 74 71 52 66 67 67 54 70 63 65 67 71 69 56 64 64 67 62 67 72 65 73 64 69 57 54 64 69 67 68 59 67 63 70 72 71 55 56 66 73 66 63 79 67 64 68 60 66 65 77 60 61 64 57 59 63 63 72 60 68 69 60 68 57 60 63 51 72 58 53 65 67 69 70 72 60 59 68 71 60 58 65 70 61 61 69 60 66 65 67 62 77 64 74 68 69 55 72 63 72 56 65 74 75 60 68 61 55 55 76 64 58 61 72 63 69 65 64
63 73 64 64 71 73 71 60 73 73 70 68 73 61 70 70 73 69 76 62 79 75 67 68 67 65 67 71 74 70 78 64 72 70 70 75 73 73 66 69 72 70 73 75 77 73 66 73 64 66 69 68 71 74 68 76 72 71 64 73 73 63 68 69 77 73 70 80 69 73 68 64 63 69 76 75 66 71 61 56 72 69 72 72 72 71 72 66 72 70 67 75 71 78 76 70 62 61 74 70 73 70 75 67 67 59 71 65 71 77 67 68 55 62 66 69 59 82 65 61 65 64 60 81 74 70 67 64 67 63 75 69 81 70 69 64 64 76 71 69 64 76 63 73 56 71 74 71 69 76 81 64 70 73 67 65 71 67 67 77 68 67 63 61 63 75 65 66 72 70 68 61 68 75 74 74 64 70 76 74 80 72 61 71 64 77 76 86 69 71 60 55 73 76 70 75 64 67 75 64 89 56 70 58 63 85 70 63 75 68 64 70 76 71 67 79 73 68 73 64 79 68 68 73 70 75 68 69 67 83 76 79 76 70 67 70 63 77 67 75 79 78 65 72 66 66 73 70 68 70 71 80 64 70 66 72
58 63 59 45 66 58 62 53 65 58 57 67 70 53 60 61 57 64 69 63 61 60 54 62 56 51 62 59 56 58 66 55 62 62 62 52 60 65 50 64 65 54 66 58 60 53 62 62 65 50 65 46 57 58 55 60 54 61 56 50 63 63 61 62 63 60 59 59 57 56 55 65 49 63 61 55 61 69 53 55 55 58 57 55 62 53 60 58 58 55 50 56 56 61 64 58 47 51 64 60 64 59 53 53 54 59 62 58 65 64 67 60 50 53 52 62 53 61 55 47 50 49 54 65 62 60 59 59 59 59 62 54 72 52 52 51 56 57 62 61 55 64 70 57 44 65 53 60 58 70 64 49 64 56 46 55 63 64 53 59 57 65 55 50 60 67 63 56 59 58 62 58 63 60 57 60 49 57 63 65 68 66 52 57 50 59 53 72 54 55 52 47 60 59 52 65 59 63 57 54 59 59 63 53 57 66 49 50 57 53 60 56 71 57 57 63 63 62 67 55 60 63 62 64 50 66 60 56 58 69 60 66 58 63 54 60 54 61 63 58 56 55 52 57 51 56 62 68 48 59 65 58 59 55 56 61
62 60 58 50 66 65 62 60 70 55 56 64 65 58 66 53 76 63 72 65 72 64 56 62 54 64 65 62 59 66 60 57 58 59 65 58 66 64 54 64 57 60 70 51 64 65 52 59 55 59 56 60 64 64 61 61 61 65 57 67 60 54 60 62 79 62 62 64 63 64 65 65 54 62 63 68 58 64 53 47 68 52 56 62 63 64 62 60 57 68 55 64 52 62 66 53 52 49 69 61 53 58 62 50 61 59 51 61 74 68 58 47 53 60 63 65 52 66 59 52 59 55 57 72 65 57 62 60 55 66 58 59 83 59 51 59 50 76 63 64 55 61 59 59 56 65 63 69 66 71 74 56 61 67 52 61 68 52 52 67 62 58 56 56 59 69 57 59 63 62 60 61 60 66 65 59 62 64 61 72 78 61 56 57 58 68 58 74 55 57 55 50 68 69 58 57 52 58 70 61 65 50 59 58 59 78 55 53 63 61 56 62 67 63 54 71 62 64 65 55 62 62 55 60 57 69 63 56 61 71 74 66 58 59 57 62 59 58 57 59 65 61 67 63 54 60 61 59 61 64 55 65 65 60 56 59
66 70 65 60 66 64 60 59 66 63 64 64 78 63 68 62 70 63 69 67 71 66 62 61 68 67 66 57 69 64 69 60 63 75 54 59 65 74 67 62 69 72 80 60 66 62 70 69 57 68 61 60 68 67 59 66 57 68 60 71 65 60 64 61 78 64 69 71 69 63 58 61 64 68 69 59 64 69 66 52 64 59 60 62 66 74 68 62 66 60 58 66 58 63 68 63 54 55 76 69 64 65 65 58 73 61 67 59 65 73 63 56 58 59 67 67 60 73 57 60 61 58 60 68 67 62 67 59 58 64 68 53 82 69 58 59 60 74 74 65 58 62 64 68 57 62 59 73 77 72 71 54 72 68 58 71 67 71 64 62 65 64 54 61 62 68 58 61 62 57 61 71 62 71 62 63 68 61 64 67 70 63 54 63 62 75 68 77 61 61 58 52 61 64 61 61 53 62 61 60 69 54 63 62 59 76 57 54 63 66 66 67 70 66 55 79 60 60 63 63 64 64 69 67 60 68 70 55 63 69 74 73 63 73 61 62 69 70 50 66 72 72 64 67 60 75 63 69 60 72 63 72 65 65 64 60
65 68 69 59 68 63 61 55 70 67 62 67 75 57 74 66 73 70 62 56 71 68 59 65 65 64 70 59 67 68 73 69 68 66 61 68 76 73 60 66 66 60 72 73 71 61 69 72 55 60 60 68 69 72 69 67 66 67 60 69 63 67 68 64 81 65 64 68 75 67 64 64 56 67 68 65 66 71 62 52 68 57 66 65 68 69 67 61 67 59 58 64 67 57 69 61 64 53 70 70 63 61 77 62 60 66 63 65 82 76 70 66 59 61 63 71 66 69 70 55 67 61 60 66 70 66 67 57 59 63 63 61 72 69 58 61 64 74 68 65 62 69 65 59 52 70 63 65 68 68 65 53 73 66 60 68 70 60 67 69 63 69 61 62 61 73 68 66 65 67 62 70 70 80 65 67 67 70 63 69 73 62 56 63 53 77 68 81 63 66 68 56 64 67 64 66 60 62 66 63 72 59 62 65 64 75 63 57 67 59 68 64 69 66 55 69 71 59 63 58 72 62 62 71 64 73 67 71 57 83 67 71 59 68 60 58 60 67 55 64 67 68 64 65 60 64 66 71 62 63 60 72 61 69 58 64
74 69 66 54 70 61 53 62 76 62 64 71 68 67 70 66 69 70 79 50 73 61 61 75 63 62 74 63 67 73 69 64 74 74 69 61 67 73 57 61 70 65 75 65 73 73 69 67 65 62 70 61 62 74 66 68 65 66 69 64 74 65 77 63 81 68 70 68 69 66 64 72 56 70 67 70 62 73 61 51 66 61 69 63 73 74 67 63 67 66 65 64 76 67 69 60 70 50 75 72 67 70 67 67 68 69 67 76 68 76 70 63 57 62 64 70 57 73 61 61 62 60 66 68 68 77 68 64 65 73 73 63 76 71 63 60 65 73 68 74 65 71 67 59 62 65 62 72 74 75 77 54 72 70 64 69 74 68 72 72 67 69 67 66 66 78 63 60 68 65 73 59 66 66 60 67 64 65 74 73 81 71 57 71 58 79 62 75 63 64 65 58 69 74 61 75 60 74 72 65 78 59 78 67 61 75 64 62 67 71 62 74 75 63 57 73 62 62 64 62 67 67 66 69 60 69 70 73 58 76 76 76 57 64 62 66 64 75 60 64 72 65 67 62 59 68 65 68 67 69 67 75 67 67 61 69
55 61 61 54 59 61 53 54 68 55 55 69 69 54 57 51 54 51 63 53 58 66 51 62 52 54 66 65 55 58 59 57 59 71 63 54 57 62 53 61 68 55 67 52 65 63 53 66 57 58 61 48 46 65 52 62 58 61 58 59 66 46 69 54 71 54 57 56 56 53 55 71 54 68 64 55 52 70 57 57 62 57 64 59 59 61 66 49 57 56 51 61 46 54 59 51 53 50 64 71 60 59 63 60 56 62 57 61 60 61 51 63 59 49 52 62 49 76 61 52 60 50 61 60 64 61 63 58 62 68 64 57 74 58 50 53 58 62 62 63 56 60 66 63 50 69 56 62 66 55 64 50 65 64 52 60 63 63 57 61 61 59 55 57 62 70 49 51 57 54 59 56 65 68 56 57 49 56 50 57 70 54 54 60 55 59 55 66 57 63 54 49 55 55 55 64 54 58 62 59 64 55 60 51 52 66 55 50 54 59 57 60 65 56 52 57 58 60 56 59 64 57 59 70 48 65 57 58 49 66 60 63 63 62 62 56 52 61 59 52 61 55 58 53 52 59 57 66 57 56 61 64 52 58 58 62
72 68 75 61 64 64 60 62 71 59 70 73 67 58 65 71 69 73 66 69 75 69 60 69 62 74 70 66 65 68 73 64 68 68 60 65 65 72 58 67 71 69 71 69 76 70 69 68 69 54 68 61 66 70 64 64 59 68 63 66 65 64 73 70 75 73 63 74 65 65 65 77 60 70 71 62 74 75 59 53 76 60 65 61 67 74 68 56 72 76 58 70 66 64 65 63 66 61 77 70 70 66 64 58 59 64 66 61 68 72 69 65 53 58 59 68 64 74 67 56 64 66 63 76 71 76 75 69 64 69 77 59 78 67 61 55 67 72 68 71 67 74 73 67 65 69 71 67 72 72 79 58 65 64 66 62 72 66 67 70 67 61 64 63 68 77 70 69 65 72 70 68 75 69 63 69 70 67 73 74 78 71 58 72 61 70 64 79 64 60 60 62 63 75 62 66 59 69 74 56 74 64 72 59 64 75 67 52 60 70 69 68 78 68 63 68 75 63 65 69 76 60 68 69 61 68 68 69 68 86 76 76 69 60 59 72 61 75 64 67 71 74 61 65 65 65 72 78 65 69 69 70 72 65 62 72
63 61 53 61 61 65 53 53 64 60 60 61 70 64 63 64 64 61 65 54 67 58 65 60 65 64 68 61 54 63 59 56 63 73 60 64 70 72 56 56 64 64 63 54 68 61 58 70 68 52 61 56 60 60 60 73 57 64 56 62 62 67 67 61 67 63 68 62 61 61 62 66 53 57 64 64 66 69 49 53 53 50 58 57 70 62 53 59 63 59 66 66 60 59 68 62 65 51 73 69 67 67 68 55 57 58 61 60 70 70 61 63 51 63 55 64 50 61 64 54 67 51 57 68 68 70 64 65 60 61 60 64 81 59 57 59 58 68 68 65 54 57 66 62 50 62 61 60 66 69 76 62 67 64 57 65 70 62 61 67 63 62 52 54 54 66 61 58 62 64 66 67 70 70 59 57 61 65 62 66 68 69 62 63 55 68 70 63 56 66 59 51 61 61 58 64 57 59 67 55 71 54 65 55 56 76 58 57 67 54 63 59 75 58 56 66 58 57 69 60 61 68 60 66 53 70 66 47 57 75 65 67 63 58 54 65 61 63 58 60 58 59 64 63 55 61 59 70 57 63 66 71 65 72 51 64
67 64 65 63 58 62 56 59 72 58 66 66 76 60 63 65 74 66 75 58 70 68 53 63 69 64 64 58 65 66 64 60 64 73 60 60 61 70 60 67 72 60 72 59 75 62 67 70 69 65 62 56 69 72 62 72 54 63 67 63 67 60 66 59 75 64 59 60 68 63 61 66 55 62 58 60 68 70 55 50 68 63 68 66 69 72 65 59 64 60 58 63 61 55 71 56 62 53 68 69 67 61 63 60 71 54 60 67 64 66 60 58 59 61 59 63 59 71 56 56 61 55 63 66 65 60 65 63 65 64 61 63 71 74 61 60 65 69 66 71 63 61 67 63 46 66 59 73 66 69 67 53 76 63 57 60 70 64 62 63 64 61 61 60 63 74 59 57 67 70 61 61 67 64 66 66 66 67 61 68 78 60 57 68 60 70 62 70 57 61 64 46 61 58 56 70 59 63 63 61 67 59 65 64 58 73 59 56 62 63 69 63 65 67 58 72 66 64 59 45 64 62 66 69 63 68 70 66 60 61 71 73 60 67 63 71 63 72 53 63 73 66 65 64 55 66 58 70 59 69 71 72 64 64 59 56
61 56 61 51 59 67 54 50 67 66 63 66 59 52 61 59 61 67 67 51 66 66 58 66 64 71 64 59 63 62 72 52 59 72 55 64 61 70 62 68 65 58 71 65 58 67 57 63 63 60 65 56 58 67 56 66 61 57 55 70 62 56 68 61 72 56 64 62 59 60 66 64 56 57 53 65 67 61 52 47 65 57 58 56 67 65 67 60 65 60 53 64 61 60 72 55 61 49 64 66 60 60 64 56 64 62 60 63 60 75 68 59 51 58 57 64 57 69 57 56 57 61 66 66 57 66 61 60 59 63 71 58 76 59 60 53 61 75 66 66 56 63 61 67 53 59 61 59 58 68 65 56 66 55 54 53 70 73 62 73 57 64 61 58 59 67 52 63 68 53 64 65 61 70 58 62 63 62 64 62 71 63 58 63 64 69 59 77 61 61 54 53 61 68 57 62 59 59 63 60 75 58 60 52 59 72 60 51 62 53 68 59 67 62 62 63 59 61 68 58 67 65 65 68 58 62 65 66 64 68 72 73 60 66 57 60 58 58 52 62 65 71 60 61 59 56 66 66 63 60 64 64 62 61 57 61
70 63 67 56 59 71 56 58 64 65 67 65 70 58 61 65 63 69 71 65 64 68 59 66 63 64 62 59 69 61 64 58 66 63 66 62 58 63 60 67 63 58 71 57 65 63 69 72 69 56 66 57 59 61 67 69 58 64 61 66 64 64 62 54 72 58 67 76 65 68 59 63 59 61 59 66 62 71 59 50 67 59 68 72 68 63 70 59 70 59 56 71 60 57 62 60 59 57 59 62 63 62 66 55 61 55 60 59 67 70 59 73 55 55 59 65 60 70 57 57 55 56 61 71 66 63 65 62 63 62 73 55 80 70 63 64 58 71 64 74 55 65 66 75 58 72 68 71 69 70 68 48 74 57 62 57 65 65 61 68 67 71 57 50 58 75 59 62 72 56 62 61 68 68 51 64 65 55 66 68 69 65 53 64 66 76 71 79 57 62 62 48 64 61 63 70 55 66 64 53 61 57 52 62 51 77 65 58 68 60 65 68 70 60 49 68 62 67 68 63 65 56 58 69 55 57 59 64 62 75 68 68 59 69 59 59 64 63 53 65 75 67 58 71 58 60 70 67 57 60 64 66 61 62 54 63
62 63 66 58 68 73 64 50 64 65 61 60 70 52 63 66 58 70 74 57 63 66 61 60 59 67 66 59 57 68 70 54 57 55 57 66 57 73 63 67 64 61 71 62 67 63 67 64 67 62 70 51 68 72 61 70 59 57 68 61 67 63 64 61 82 67 66 64 63 61 56 72 54 64 69 63 70 67 58 52 64 63 68 69 64 68 62 70 65 64 58 65 60 66 61 63 63 53 68 59 70 63 69 65 63 57 69 64 63 75 58 56 58 63 58 61 67 73 64 57 62 49 62 64 64 63 62 62 61 62 59 71 80 65 65 61 65 67 70 68 58 69 68 67 43 67 61 71 62 76 73 53 64 63 65 61 66 62 61 63 66 55 61 59 67 74 61 61 67 56 63 62 66 66 57 63 58 69 61 75 72 70 54 61 64 68 65 77 54 67 62 51 61 69 61 68 59 53 66 57 71 63 68 60 58 71 61 67 69 62 70 70 67 65 59 66 70 58 66 60 68 58 64 67 68 71 69 67 67 75 58 77 61 69 62 63 68 67 54 58 69 64 61 63 65 62 67 76 62 67 60 62 60 65 65 63
59 58 56 53 56 61 51 54 59 57 59 67 63 56 64 58 65 55 64 54 59 55 54 67 66 65 62 59 57 57 66 50 67 65 57 61 60 67 49 55 60 55 72 52 59 64 59 68 63 57 65 54 54 62 50 63 48 61 62 56 61 58 61 50 69 56 62 65 62 62 58 56 50 58 57 64 53 69 59 46 61 57 54 59 67 61 58 58 62 61 60 59 46 55 69 54 54 54 62 60 61 53 56 58 59 58 58 51 60 62 55 59 52 56 51 57 54 68 59 55 55 45 56 68 60 65 62 64 51 56 54 59 66 59 53 56 55 68 67 56 57 58 62 57 53 53 64 59 61 60 69 51 63 60 59 50 57 57 61 62 58 58 56 52 53 64 52 61 58 56 61 58 66 67 55 56 57 51 68 69 63 56 53 58 50 73 52 70 48 53 53 49 56 55 51 52 51 53 57 52 66 57 59 59 51 70 58 51 62 54 57 60 72 55 49 68 61 57 63 54 57 61 56 53 56 66 61 56 51 68 69 61 53 63 59 53 55 63 52 62 62 57 66 59 42 62 57 55 58 56 63 59 56 68 55 55
68 66 64 51 63 56 58 55 56 58 56 58 66 59 61 54 70 68 72 59 66 67 57 59 60 65 64 59 59 58 63 58 61 66 67 58 58 59 60 67 60 57 76 54 62 66 54 63 64 63 62 59 58 59 52 67 49 60 63 65 59 61 67 62 71 57 65 64 62 60 60 62 59 62 62 56 62 65 53 50 64 57 61 45 62 68 66 65 62 58 54 61 59 56 64 55 62 50 69 64 60 57 65 58 58 55 67 60 65 73 60 59 43 55 59 54 49 64 59 52 53 56 63 61 56 55 59 63 56 59 65 60 79 60 61 58 53 66 62 66 54 60 60 65 52 65 61 66 62 70 69 58 65 61 55 56 68 62 60 60 60 65 59 49 57 70 58 58 58 58 52 62 72 61 64 60 62 53 60 66 68 50 54 62 60 67 57 74 60 56 55 48 66 61 60 58 59 56 64 71 70 53 66 58 51 70 58 47 62 62 63 64 68 64 53 64 66 64 53 53 63 61 63 61 58 60 67 66 65 69 71 71 69 62 57 61 58 61 48 60 67 61 60 54 52 56 60 70 61 60 59 64 56 61 60 63
59 65 65 61 61 56 63 59 61 62 59 62 69 56 64 59 60 70 74 48 65 60 61 57 54 67 67 62 58 58 65 57 62 61 61 64 63 61 64 70 55 62 75 60 69 69 57 71 57 62 62 59 53 67 56 67 57 60 66 59 65 52 63 65 74 66 60 69 61 71 56 58 53 66 61 57 55 67 58 53 69 57 62 58 67 61 64 56 60 64 68 61 54 60 64 56 56 51 71 63 63 54 67 53 57 63 64 55 72 74 62 54 51 59 59 61 55 73 58 58 66 60 68 65 65 58 66 63 59 61 72 63 74 64 56 55 55 66 72 66 63 63 55 69 48 64 59 70 67 65 71 56 64 66 59 58 66 56 56 69 64 65 53 59 66 66 61 61 63 59 59 57 62 57 63 65 55 58 63 71 71 65 51 58 64 63 65 69 57 64 60 44 56 64 64 67 51 55 63 61 68 61 64 60 53 72 62 58 64 62 64 55 72 68 57 68 61 56 57 55 67 61 60 67 48 59 62 63 61 74 73 74 63 63 58 66 53 66 54 56 72 63 62 61 58 53 67 69 63 62 62 62 68 73 60 66
