98 0 174 0 6 28 0 45 20 94 27 0 50 68 4 7 35 48 114 38 34 0 0 9 60 0 12 61 40 72 108 93 8 0 4 0 35 0 0 86 31 24 14 18 0 83 71 53 83 60 21 64 72 36 14 5 0 30 8 35 55 18 31 0 60 61 32 7 29 10 45 0 96 23 29 12 54 0 88 45 12 0 0 20 77 126 5 56 56 56 8 45 43 56 6 20 114 51 45 0 42 0 0 46 6 0 99 0 52 78 4 8 45 0 0 25 30 82 113 20 32 0 170 37 43 55 101 24 125 0 12 15 56 12 0 10 45 4 27 86 95 27 16 72 28 2 54 80 28 54 78 0 24 0 72 58 97 79 0 28 15 0 39 16 0 12 10 20 103 71 30 0 45 30 55 59 63 14 0 0 0 45 16 18 6 11 12 78 76 63 50 96 15 103 57 0 93 36 66 0 0 0 0 0 81 4 36 41 30 0 62 99 30 9 42 14 25 0 57 5 40 9 52 0 0 81 78 79 20 72 105 0 27 142 47 81 65 79 56 124 0 0 10 28 65 36 49 128 109 85 12 81 0 101 5 35
31 57 68 69 40 64 114 61 81 90 48 100 74 150 24 93 88 0 27 98 5 0 146 107 126 100 63 0 32 127 27 90 0 101 147 119 167 0 56 64 74 28 34 26 67 152 51 8 96 129 125 0 162 56 266 11 0 30 35 51 107 183 84 12 172 44 110 125 75 89 77 79 0 108 51 40 128 118 17 122 42 48 146 14 100 186 49 21 62 56 21 89 88 120 93 172 107 168 153 38 26 47 140 21 60 16 35 39 0 56 64 12 54 0 15 69 24 89 98 65 218 70 0 110 40 108 32 82 62 116 58 48 137 87 0 126 93 19 52 4 57 133 51 58 23 49 108 146 59 112 43 57 7 79 89 12 60 53 230 72 102 10 36 111 37 58 37 3 19 13 112 81 63 103 109 70 114 122 102 32 43 166 169 109 72 2 7 107 168 172 78 154 0 168 56 46 32 43 102 42 185 8 208 56 32 8 79 0 136 72 109 183 153 74 136 56 29 28 63 81 76 66 63 38 91 16 159 27 328 75 110 81 0 175 24 150 189 78 35 19 0 56 117 71 15 72 141 107 168 106 83 139 84 98 101 116
52 81 111 30 31 0 108 20 70 21 35 72 10 46 81 0 151 18 123 0 12 126 28 184 0 84 108 198 110 30 57 0 72 65 28 68 90 12 32 8 29 46 160 126 106 151 88 37 16 52 6 34 51 0 47 9 138 25 24 7 101 2 0 78 109 44 73 137 0 68 9 90 32 80 27 42 22 43 155 17 64 56 23 0 12 86 20 0 92 6 0 127 57 156 88 30 126 67 111 6 0 112 91 116 98 63 98 36 156 63 42 7 0 10 73 60 106 110 191 0 66 66 167 131 21 111 0 95 3 117 42 30 47 79 147 54 256 53 45 20 36 40 45 122 0 41 119 39 75 20 89 46 111 29 192 143 5 0 126 73 30 38 79 127 63 105 183 57 183 12 72 21 24 1 41 37 10 185 0 75 14 140 155 22 14 39 47 32 112 115 73 102 3 102 54 63 100 111 153 12 88 45 123 45 43 0 66 68 0 77 194 113 70 3 106 88 187 81 80 37 21 21 14 28 109 186 41 100 28 18 43 27 138 42 0 45 18 63 126 50 53 66 113 4 0 3 1 72 53 35 0 57 17 77 54 156
72 158 0 80 17 49 162 17 93 16 0 3 58 0 75 43 79 80 56 0 0 0 141 62 68 32 6 29 24 42 3 40 56 7 0 90 42 33 0 10 21 6 51 20 35 72 0 7 0 82 16 41 68 1 8 0 29 64 10 14 5 102 27 63 56 20 123 15 0 14 40 72 14 81 54 54 48 0 3 85 27 0 55 8 0 0 18 0 4 54 0 14 0 45 117 65 35 77 58 10 24 28 21 110 63 30 78 0 0 99 0 4 6 19 2 14 62 60 43 8 45 23 66 71 9 24 46 25 76 72 100 86 24 35 81 4 59 18 72 56 8 18 9 28 24 26 2 51 36 30 27 10 63 25 130 2 8 68 18 94 60 65 33 136 0 44 40 14 90 30 32 0 40 90 0 48 88 0 40 104 14 28 14 62 6 9 23 134 104 117 0 79 16 80 66 42 18 87 0 6 24 51 32 6 24 17 32 8 32 60 48 0 18 78 0 93 0 54 35 30 0 21 138 56 117 108 35 59 0 0 32 16 0 119 92 0 40 7 12 4 0 12 0 84 0 36 87 0 49 4 0 9 0 63 28 80
34 21 66 103 6 108 118 41 21 211 91 29 33 36 30 126 76 0 66 58 30 72 116 220 55 125 98 0 27 123 242 126 92 35 16 89 125 54 72 44 8 83 129 25 30 35 112 0 139 87 22 60 85 217 41 73 42 61 127 35 46 97 30 111 31 114 65 57 56 126 28 123 107 149 37 172 124 145 129 0 47 50 0 88 48 16 37 63 0 189 17 122 9 113 16 28 21 2 33 140 56 16 89 62 42 68 123 20 64 86 42 34 98 127 59 135 186 126 92 30 44 80 109 217 12 151 124 15 39 173 96 134 35 96 104 24 76 12 17 12 71 71 60 163 74 90 16 88 154 30 34 50 86 129 151 37 132 78 114 58 56 58 48 73 64 24 119 16 92 16 79 0 43 41 30 39 104 42 148 134 9 61 112 127 51 40 98 120 36 126 39 72 26 161 172 17 43 72 46 42 181 77 259 86 78 28 97 24 65 69 57 0 63 13 106 61 58 136 89 73 65 6 4 10 148 61 66 68 36 57 6 75 35 107 80 66 65 63 93 146 61 15 120 59 16 36 22 77 98 140 81 78 0 5 186 38
23 66 56 18 14 33 51 0 0 149 84 72 9 9 8 72 63 62 126 14 26 0 0 139 97 45 72 102 63 45 103 166 101 9 8 129 0 72 48 28 0 59 9 72 63 108 20 95 127 80 0 54 0 86 64 7 81 60 35 63 49 14 63 45 2 144 34 90 67 141 24 157 0 8 57 188 18 87 79 63 108 62 66 93 12 63 0 0 0 67 8 70 63 36 14 52 28 48 27 30 135 63 91 2 15 56 74 92 61 90 0 63 117 107 48 0 0 153 47 28 57 0 69 263 28 87 28 0 7 65 28 213 234 15 227 10 111 0 0 72 54 28 0 48 16 0 2 34 92 90 66 72 81 48 2 72 16 144 12 126 29 43 105 18 39 90 63 9 171 0 83 0 99 0 81 42 36 0 50 122 0 68 121 43 56 84 73 153 26 0 0 48 89 0 58 72 18 0 28 102 18 27 42 0 0 18 18 30 81 0 0 65 0 54 36 63 10 108 35 0 82 0 63 44 0 125 60 21 96 0 28 92 54 35 33 84 35 54 36 48 129 86 180 36 45 100 25 0 48 36 0 32 0 65 174 130
24 32 32 73 48 42 71 40 35 83 51 106 119 136 16 159 88 43 71 18 25 85 115 126 51 63 8 229 18 40 134 69 99 114 52 12 214 24 54 86 72 40 73 120 178 32 73 57 186 86 4 0 0 93 104 162 3 29 32 4 72 22 128 68 27 114 26 72 43 62 35 42 99 119 87 163 152 73 69 24 40 68 33 119 5 112 81 7 85 25 86 3 116 79 50 8 59 0 33 42 53 0 21 30 0 131 36 113 89 22 9 0 16 8 37 0 32 56 174 92 44 102 73 132 48 150 15 66 44 60 59 32 73 23 0 48 110 49 0 112 26 6 6 43 56 56 90 23 0 120 44 84 91 16 6 98 96 86 64 92 37 38 11 43 27 65 91 22 105 43 32 110 65 10 197 23 68 134 57 66 7 89 72 5 123 138 1 135 37 63 33 20 35 34 166 179 3 30 0 57 65 107 92 42 7 34 59 106 0 241 127 164 0 69 105 63 27 156 35 105 39 0 134 264 40 197 15 83 35 110 89 0 75 87 30 6 85 16 36 207 51 39 114 25 66 138 47 112 68 92 15 137 20 124 138 45
45 0 74 4 12 9 6 15 9 70 27 4 63 31 20 42 0 67 126 6 27 0 72 82 9 27 20 0 27 48 29 54 52 56 0 0 63 12 12 30 24 54 0 66 24 0 24 18 6 69 61 38 63 18 30 15 0 1 55 85 0 0 0 14 12 17 51 24 15 0 108 108 54 0 0 14 18 0 9 72 18 0 0 24 81 30 9 12 0 26 0 15 63 39 0 0 36 15 9 30 15 0 10 0 27 0 9 0 66 0 0 75 9 71 57 93 4 93 18 109 9 0 69 66 23 9 114 9 139 21 0 3 9 75 12 36 51 27 52 12 0 69 48 24 77 6 18 40 6 97 18 0 29 0 96 0 63 41 0 55 4 129 42 18 0 38 51 0 16 4 47 28 0 32 121 0 52 16 96 22 75 99 35 36 118 30 32 73 24 189 81 63 36 99 84 0 8 64 45 0 35 9 0 0 16 0 30 0 42 72 105 27 120 68 124 130 45 100 126 90 76 19 0 0 18 36 72 42 145 18 72 10 0 17 66 20 10 66 12 43 9 45 44 23 1 8 93 24 88 0 0 74 0 35 27 78
0 70 145 0 45 51 36 12 50 91 114 12 0 36 12 20 96 88 71 72 28 42 48 172 25 149 32 151 63 108 157 20 28 9 18 75 138 96 22 25 54 16 39 18 0 0 81 18 102 31 0 110 0 87 89 89 96 99 131 76 126 63 42 78 9 53 0 69 57 45 0 40 70 7 51 36 0 24 6 138 74 99 0 61 78 72 69 82 75 61 49 48 0 86 45 82 16 42 80 108 24 0 51 76 24 132 0 69 8 95 24 71 27 102 3 45 48 79 54 6 24 144 48 128 40 33 89 6 31 173 86 64 263 26 145 24 104 72 197 62 47 102 153 128 98 159 96 12 60 201 18 12 33 89 60 0 92 136 45 135 58 21 90 156 50 86 155 52 2 6 82 36 3 126 99 12 70 102 81 80 48 113 67 118 81 81 172 81 13 82 30 66 12 10 24 63 135 64 95 28 1 162 79 0 36 90 76 88 6 105 45 103 81 130 63 63 36 118 47 14 226 22 51 105 40 21 31 96 177 24 66 63 45 12 8 38 0 9 135 158 51 0 12 0 81 0 6 30 59 25 33 77 32 53 126 51
130 0 90 0 4 0 0 15 21 63 12 14 12 5 14 22 12 75 56 72 8 0 0 90 102 52 0 21 32 51 26 72 0 7 8 68 37 0 30 80 0 39 29 5 121 0 184 95 0 104 12 64 109 168 57 0 15 63 0 66 54 54 0 53 12 37 159 28 84 58 15 107 49 32 9 63 0 41 8 162 162 15 54 24 47 48 54 8 58 16 56 27 24 34 10 160 7 48 75 20 85 32 140 14 0 32 35 81 0 96 3 68 36 63 60 39 47 80 36 79 2 5 32 22 0 81 40 2 0 0 8 24 151 78 72 64 28 81 14 69 48 28 135 0 58 87 36 59 5 57 169 77 27 4 57 49 80 48 64 70 60 45 0 9 18 99 0 6 35 3 18 9 0 45 24 31 0 26 42 65 80 149 0 83 18 14 63 61 116 107 47 60 51 58 136 29 168 107 0 68 18 5 20 99 62 0 14 0 12 67 49 34 56 6 63 0 62 99 43 65 45 0 85 33 27 42 12 142 118 8 18 54 0 14 21 102 79 46 48 132 56 3 40 7 96 32 139 15 98 6 20 39 37 25 0 0
56 6 0 149 0 55 78 0 5 50 78 35 30 22 63 75 26 15 55 101 7 34 75 65 55 97 28 27 46 54 157 101 67 76 32 47 70 73 0 96 81 72 176 35 54 15 144 62 152 38 0 51 88 48 78 77 146 116 26 0 36 126 27 141 262 90 40 54 27 49 126 14 14 22 15 0 0 76 61 49 15 16 21 86 114 46 49 68 54 35 4 54 29 55 24 113 21 99 120 30 37 57 34 33 20 36 177 79 97 8 19 0 99 42 88 19 137 36 86 29 83 22 94 112 66 15 42 82 21 22 73 63 17 18 87 6 142 60 22 24 112 80 105 89 59 21 96 32 54 91 145 47 48 2 80 107 136 109 79 41 10 70 34 42 47 20 19 45 60 98 64 109 27 36 84 70 37 67 0 135 3 60 27 100 72 18 31 74 74 82 25 101 56 38 4 14 56 134 45 32 68 66 154 49 127 56 78 15 86 44 85 60 24 3 2 10 48 56 58 6 30 0 25 58 45 81 62 67 92 69 196 7 19 153 0 121 57 184 13 127 183 99 70 16 27 59 74 20 141 27 58 91 0 78 34 47
82 147 30 60 45 33 2 32 109 0 9 64 55 18 83 0 171 147 20 80 9 76 23 18 26 14 44 76 42 102 107 24 54 33 72 47 30 65 34 60 0 96 105 104 25 48 12 93 2 133 23 66 18 36 62 158 97 12 90 4 7 43 0 56 42 63 24 85 8 139 51 92 167 14 14 7 6 6 100 21 33 0 12 61 111 108 83 10 2 27 38 47 100 64 141 88 0 0 143 96 83 6 141 40 48 49 75 26 36 49 171 95 36 6 73 32 51 44 85 148 53 140 66 165 14 130 33 57 36 16 45 49 103 21 16 39 42 0 65 0 166 109 15 28 14 54 42 20 0 110 88 88 72 33 36 145 158 56 51 182 80 100 41 61 1 72 66 20 70 45 72 70 63 31 108 49 99 9 117 96 91 87 49 16 111 66 21 0 60 54 40 122 91 27 109 107 90 63 32 68 119 31 56 80 73 21 49 0 89 36 70 56 112 30 103 81 38 152 24 56 137 19 0 70 3 62 118 54 151 84 65 76 191 53 63 68 7 7 32 14 61 26 107 0 0 56 41 110 114 42 95 86 71 59 69 74
54 16 16 42 3 81 0 28 0 44 12 9 24 45 45 62 0 27 36 0 0 16 12 57 106 96 36 72 32 0 6 28 57 16 50 9 0 62 0 4 0 16 0 4 32 70 128 2 4 6 24 0 0 178 120 88 108 55 20 0 15 117 21 0 42 4 131 35 32 18 160 3 0 8 35 0 16 55 0 21 56 0 44 56 0 0 8 31 63 41 0 78 16 92 10 16 24 36 77 6 24 10 77 0 6 6 0 8 0 55 35 67 0 0 84 27 28 0 96 37 44 104 195 54 29 0 8 12 0 0 31 0 52 53 64 43 44 18 8 48 21 44 129 80 39 113 32 39 80 0 24 92 0 0 6 0 7 142 54 105 48 106 0 102 5 12 18 64 52 96 91 41 0 0 24 0 119 3 14 62 12 12 12 0 49 0 72 43 40 0 0 48 64 52 12 14 19 76 0 0 17 32 73 0 0 64 0 54 60 48 96 109 73 84 117 67 113 27 111 5 64 30 24 40 14 0 0 24 8 0 93 14 60 0 0 63 40 0 64 0 12 0 15 3 0 70 78 80 101 0 8 32 48 55 82 73
2 32 76 3 80 116 30 30 84 85 28 0 11 205 25 54 104 66 153 32 7 65 4 195 7 56 172 49 116 45 63 80 90 91 45 41 238 20 56 45 92 4 1 18 53 0 100 85 0 84 21 63 51 95 99 85 146 33 155 0 55 30 34 134 0 49 26 21 37 63 61 45 78 70 44 110 54 95 32 24 15 50 0 72 5 69 87 0 71 65 89 0 25 28 88 128 107 0 88 94 68 48 156 44 0 112 21 56 86 139 15 49 63 85 24 52 66 111 162 1 16 34 47 92 107 4 0 50 10 49 31 25 57 15 114 15 13 63 92 60 25 0 36 94 67 7 25 102 75 0 72 14 49 0 82 82 47 0 31 119 35 40 103 50 24 53 49 46 0 86 104 152 107 85 0 30 107 130 13 149 86 95 64 21 64 0 107 30 71 85 91 96 89 156 107 27 28 57 62 73 97 28 83 63 56 103 6 0 56 104 157 96 15 16 111 28 91 78 20 111 144 55 29 61 42 43 5 40 74 99 76 73 60 64 44 20 21 0 111 109 49 14 14 50 50 2 12 125 24 111 21 90 110 32 65 109
72 84 120 0 0 58 51 107 81 101 20 72 62 104 58 64 0 14 112 114 13 62 51 100 88 39 47 138 14 71 15 138 38 0 72 45 133 4 16 148 119 72 30 0 100 137 57 63 68 32 12 2 115 56 18 25 62 29 35 20 74 108 14 60 74 36 76 26 40 110 21 0 69 86 79 24 72 194 103 31 63 42 60 63 58 28 0 112 0 65 12 100 119 145 87 28 84 0 38 60 55 7 35 123 9 42 64 82 34 28 92 12 138 116 61 119 198 124 94 74 52 140 31 173 24 149 109 62 75 140 12 126 48 72 174 133 49 6 0 34 36 5 99 91 34 168 158 92 90 177 0 0 58 39 35 62 46 139 119 61 103 16 42 48 21 62 43 9 234 68 0 81 67 42 38 210 89 99 60 307 28 21 111 93 68 120 33 114 196 18 49 98 68 182 131 8 183 97 45 41 103 5 66 78 49 63 144 0 193 165 49 36 14 140 117 72 70 83 77 28 70 70 104 81 105 51 137 54 12 0 14 35 198 5 83 138 110 11 36 149 32 74 59 80 63 64 0 103 66 123 91 117 0 67 43 42
99 9 94 126 88 0 130 124 18 110 72 51 127 78 84 105 58 0 107 10 58 213 3 6 108 36 138 48 75 21 199 93 14 99 68 9 186 119 0 40 107 36 23 32 225 22 76 74 12 12 5 99 55 36 0 68 108 30 50 105 56 125 21 122 147 72 122 0 141 74 33 36 54 91 106 68 108 90 113 144 0 93 28 61 12 132 57 24 75 0 6 123 32 18 22 57 32 15 116 28 8 102 79 52 0 81 94 147 54 72 0 50 35 96 18 123 120 24 90 40 78 27 118 68 97 92 122 9 26 5 93 98 27 126 32 36 108 0 72 11 108 24 98 97 95 236 28 20 0 150 48 54 0 24 27 99 109 69 111 28 140 3 122 64 18 116 36 38 148 69 61 57 113 139 101 41 0 123 0 67 0 76 0 41 36 59 24 55 24 90 0 40 26 0 144 116 0 30 68 6 36 69 46 85 38 42 62 2 20 152 3 24 24 3 148 98 86 12 3 153 35 92 54 18 79 44 6 36 105 32 234 0 63 91 35 75 107 125 30 120 24 73 45 71 96 96 71 24 66 0 15 59 68 96 64 128
10 93 60 69 92 104 54 24 73 136 15 0 82 5 80 21 4 16 41 16 64 56 8 28 64 9 42 0 80 51 140 3 78 101 37 45 130 10 32 47 42 72 65 15 80 15 19 73 32 19 9 25 0 95 0 93 87 0 187 0 61 0 8 81 45 80 154 0 38 123 40 33 48 103 145 151 44 0 65 110 60 8 19 32 68 25 66 70 50 10 3 30 3 28 77 115 39 20 39 19 83 2 137 30 28 43 57 48 81 62 42 108 108 81 16 114 34 0 217 68 24 66 133 53 125 75 69 44 41 45 16 25 15 85 56 18 48 57 64 21 101 114 98 86 65 99 29 53 0 7 46 90 23 20 25 0 139 86 6 88 95 24 138 40 66 0 96 43 58 13 188 27 36 117 86 36 62 77 42 10 75 105 0 20 94 0 37 61 0 0 20 70 0 88 216 58 2 0 112 4 73 24 34 45 42 8 54 10 20 15 38 41 11 102 28 128 56 123 51 102 86 0 10 90 4 14 0 24 34 87 35 5 8 15 12 0 3 70 35 76 67 53 0 0 15 59 10 44 113 60 30 51 20 56 3 106
69 35 152 28 104 24 62 36 67 33 57 6 68 85 80 74 155 35 56 65 0 18 43 91 20 61 56 16 140 203 206 147 6 35 62 0 89 71 63 198 27 16 105 18 129 64 20 8 123 76 56 15 96 156 66 62 0 12 37 36 112 18 108 129 45 70 127 18 104 28 23 0 0 116 56 52 83 30 36 57 3 0 8 27 80 210 72 128 43 31 12 63 42 0 23 119 48 99 67 44 146 0 153 8 0 66 90 107 18 54 12 99 53 55 0 30 88 32 90 65 115 106 68 36 30 40 29 137 0 121 116 0 184 110 12 59 233 40 11 8 30 20 30 0 5 118 99 87 0 64 135 89 0 72 83 30 204 80 75 52 94 9 67 96 48 65 58 72 7 43 108 30 0 0 184 24 98 115 68 5 12 123 28 9 78 22 54 56 92 63 0 18 0 96 81 28 16 61 57 9 193 0 48 57 113 0 76 0 0 160 45 84 29 89 117 265 15 160 91 49 92 0 44 32 24 25 0 70 161 34 147 0 76 0 33 121 92 122 74 126 76 6 50 0 69 84 40 66 168 70 87 36 48 64 0 130
30 18 44 76 109 38 67 0 100 0 0 35 36 36 132 29 24 62 33 46 16 77 99 66 65 64 60 108 73 91 125 90 0 62 36 56 8 61 52 46 80 36 0 12 70 16 77 76 0 74 5 31 102 32 40 87 45 0 0 25 41 99 0 158 86 86 36 117 51 5 135 111 85 86 93 198 8 98 121 3 0 79 14 24 35 142 20 40 72 22 83 36 31 90 112 111 89 10 8 27 61 68 76 0 0 57 5 59 8 32 103 9 135 7 79 29 41 56 109 67 66 32 60 86 0 24 80 0 84 36 89 76 90 163 21 23 72 11 63 94 0 16 5 20 0 91 56 48 73 89 24 56 33 8 79 67 49 15 0 69 33 56 85 39 81 31 62 81 24 54 0 120 163 36 26 18 28 71 102 17 0 63 26 39 97 2 0 51 145 60 0 0 100 16 60 72 24 21 45 54 19 68 211 204 49 24 26 18 36 139 58 90 54 79 60 106 99 0 0 17 3 9 24 203 36 265 54 191 112 68 57 0 44 148 44 108 107 30 23 184 64 0 124 23 81 101 83 23 95 72 0 90 6 12 78 4
9 35 16 12 3 7 15 12 67 43 66 55 63 47 57 163 147 117 18 98 41 36 132 175 201 60 60 8 43 44 62 66 9 0 10 87 122 16 3 54 3 37 21 12 19 3 116 0 0 60 0 36 124 62 216 63 66 0 72 96 40 79 134 42 15 73 121 84 62 18 5 76 21 41 18 76 162 77 8 79 62 0 30 0 40 27 72 58 0 30 6 0 0 77 158 112 26 47 73 120 8 44 66 128 0 45 24 12 15 76 4 22 27 39 0 0 68 82 95 56 134 81 50 50 0 51 39 13 75 56 152 36 43 90 96 47 21 2 22 0 46 96 0 27 0 76 43 40 84 98 57 123 58 94 71 38 74 6 88 32 0 84 21 62 3 96 0 107 0 92 88 127 75 54 149 58 156 12 23 65 36 16 47 17 67 8 0 21 40 131 40 26 123 76 42 12 23 104 1 38 99 79 18 9 22 15 34 33 70 93 139 3 46 81 104 72 73 84 21 71 96 0 0 19 12 30 27 92 75 67 163 28 192 123 74 111 153 73 66 14 6 20 121 30 0 26 35 126 64 74 19 55 89 5 48 55
73 116 100 34 0 245 36 77 6 133 89 193 0 112 21 25 95 115 139 56 24 43 68 70 64 122 88 105 55 109 73 141 0 90 74 37 116 70 0 109 77 48 73 74 75 103 190 81 115 65 63 74 108 111 65 8 190 54 143 0 18 171 37 27 122 205 151 62 122 12 49 164 48 81 32 36 90 62 85 7 194 64 38 32 7 77 95 105 84 6 35 162 9 102 4 130 56 116 72 25 97 72 147 100 42 29 61 58 50 9 0 98 54 136 6 50 147 28 157 112 135 0 145 0 96 56 70 137 42 92 76 48 152 27 24 34 46 140 39 31 109 192 56 143 48 164 10 162 57 69 64 84 0 49 43 48 209 161 129 20 36 133 25 95 135 20 21 0 161 138 81 143 97 290 0 122 24 10 94 213 22 41 58 132 54 11 40 119 104 156 110 81 62 176 67 6 66 169 0 63 106 71 113 110 6 138 60 14 179 21 134 15 0 95 66 1 143 36 150 48 79 55 114 92 104 35 46 213 68 76 69 12 23 142 64 224 102 82 99 275 23 30 156 81 169 40 33 58 199 72 0 79 0 129 27 7
71 33 140 67 0 24 20 8 71 18 22 0 0 14 8 0 121 45 189 0 8 84 45 74 88 152 101 183 140 0 18 92 8 30 27 0 14 63 67 54 120 158 122 82 34 40 57 115 71 14 97 87 0 72 63 167 42 105 0 20 146 73 0 181 114 24 84 130 25 71 100 52 56 72 0 0 72 52 176 54 106 83 0 32 108 24 102 89 194 123 0 63 72 49 50 69 105 0 168 36 42 0 70 72 7 13 42 7 22 66 21 89 15 35 0 66 175 117 51 0 54 35 151 0 18 37 105 6 0 125 24 52 18 84 0 128 34 59 74 48 57 92 55 26 81 0 81 134 54 71 44 9 50 15 134 67 74 89 18 0 60 36 78 186 13 30 43 83 181 84 135 50 24 60 0 0 74 64 0 126 40 59 15 91 31 0 16 166 44 0 35 100 75 132 30 19 42 229 53 57 62 36 70 113 25 36 45 0 0 87 0 131 6 33 19 42 28 12 87 14 113 0 15 36 126 90 44 34 90 37 24 3 24 0 72 48 15 0 121 69 104 9 8 20 31 16 41 63 62 131 12 43 0 0 96 52
49 84 52 14 28 54 34 30 95 89 30 42 6 46 29 34 45 24 159 137 4 64 24 82 32 155 82 0 72 36 31 168 0 67 100 184 50 38 116 69 23 0 16 32 130 4 117 18 0 110 113 73 126 60 36 134 153 18 7 15 41 0 48 78 95 129 78 12 153 96 101 6 93 68 27 0 50 24 16 48 16 36 46 83 16 0 38 127 18 175 18 30 6 100 54 64 36 54 12 42 57 99 66 0 24 0 120 119 38 86 15 124 50 74 72 54 72 0 64 0 73 0 104 28 14 118 60 69 15 15 26 0 24 18 104 18 110 54 67 48 6 125 121 100 48 94 0 0 18 0 54 146 0 118 87 30 138 118 36 72 74 18 234 48 30 6 101 33 50 30 154 31 18 36 0 75 20 24 48 66 3 148 39 97 138 30 19 26 24 30 64 61 10 101 22 18 77 9 46 85 73 28 76 0 32 4 108 22 8 60 160 207 141 18 124 0 29 120 52 93 236 71 51 93 42 48 0 109 98 72 112 3 80 0 0 0 70 28 54 63 66 45 69 63 21 52 58 57 34 111 42 140 8 62 12 2
91 6 18 125 9 0 51 103 24 78 125 0 60 72 4 21 30 45 36 0 9 57 63 132 27 98 35 32 18 13 72 0 8 36 0 97 29 36 45 58 62 126 71 15 114 82 35 40 32 12 37 19 16 0 84 43 9 45 5 3 24 44 0 192 55 90 42 15 59 45 99 12 0 7 5 93 0 67 48 22 9 0 0 75 115 10 38 54 43 45 0 47 42 145 24 134 99 27 25 3 32 0 30 49 45 13 36 0 4 78 35 88 21 78 36 73 89 135 147 25 0 15 53 102 10 0 67 101 28 25 6 40 65 59 44 0 7 36 10 28 69 115 72 26 72 8 21 63 99 131 60 6 148 61 47 179 46 93 19 65 14 58 2 11 63 61 31 0 0 153 40 54 24 80 0 0 2 40 3 144 34 90 80 6 68 0 22 51 0 5 5 94 49 108 103 6 12 15 16 0 61 86 10 9 18 0 0 45 37 0 72 81 35 33 165 15 6 38 0 10 127 0 32 30 126 59 3 82 44 115 30 89 36 21 37 0 45 9 133 75 75 36 81 48 0 16 46 95 95 0 0 78 72 0 131 97
24 29 16 123 1 81 30 32 24 41 38 34 24 76 80 86 88 107 12 0 10 43 42 104 89 95 100 114 27 93 131 61 70 12 18 33 99 21 144 172 44 36 41 43 58 36 82 120 54 8 0 36 18 26 56 40 88 9 0 1 14 45 40 98 95 36 36 0 60 92 118 145 28 18 16 50 0 85 37 102 103 78 0 24 14 40 2 140 36 123 12 17 9 52 15 168 127 108 6 50 13 84 47 118 32 95 55 56 63 57 112 12 90 34 87 92 140 0 18 60 71 40 53 46 46 128 11 66 30 79 9 89 102 39 60 93 7 80 92 24 125 32 18 32 24 24 0 44 69 118 70 80 113 12 88 29 72 76 98 6 16 3 0 53 56 9 103 12 104 22 57 72 49 172 158 154 60 28 20 70 152 24 63 18 54 116 20 31 80 0 21 90 68 62 22 0 112 0 4 24 9 4 49 12 42 57 38 16 68 58 214 88 20 16 4 21 62 0 56 12 79 61 100 109 0 101 61 128 35 44 158 57 53 30 0 67 142 74 36 24 86 140 84 12 93 116 20 0 60 73 10 33 55 12 68 125
46 50 90 63 41 20 97 137 63 18 54 25 42 53 48 36 32 54 0 116 10 18 76 36 109 42 16 57 0 78 99 83 3 0 0 83 97 60 6 54 40 0 41 45 63 93 75 50 63 82 104 165 56 12 28 12 87 7 42 28 3 116 0 84 53 20 25 58 136 77 52 21 45 8 0 0 0 57 26 0 83 0 0 0 44 92 5 0 42 0 80 211 64 84 97 50 54 95 96 20 63 54 30 54 70 25 88 49 0 8 1 78 87 25 72 72 29 48 117 0 81 132 63 129 16 116 45 35 27 31 74 73 169 18 27 63 79 3 18 54 16 48 99 0 0 110 84 33 0 21 6 48 71 57 77 90 75 80 33 174 0 15 42 101 24 123 97 0 117 66 24 54 36 39 55 49 0 12 32 72 91 27 112 36 0 110 21 42 69 36 69 59 30 106 67 36 9 53 147 48 38 93 58 51 72 18 24 7 174 89 56 30 3 57 131 21 5 0 14 0 25 69 56 5 36 9 18 54 58 54 144 118 94 50 6 60 5 73 0 0 18 50 23 94 31 27 3 102 192 0 91 14 102 34 146 87
28 134 64 16 5 88 78 6 126 66 32 30 66 14 6 1 16 58 182 0 0 16 4 210 8 90 24 16 16 24 0 56 0 25 45 25 57 36 20 48 48 46 21 48 23 51 180 64 60 86 8 72 14 24 24 40 174 5 60 0 12 102 0 118 98 7 181 0 92 4 20 90 153 95 66 0 18 116 56 72 40 142 10 0 72 29 8 30 7 84 0 0 40 8 186 32 42 38 54 4 4 52 13 116 50 29 5 42 14 53 48 5 48 36 29 114 145 132 157 0 68 98 107 24 0 52 90 14 19 18 24 47 14 22 135 56 74 40 16 20 16 80 29 56 3 96 60 52 18 0 17 55 85 81 96 17 52 61 168 69 56 106 43 160 0 3 56 40 37 34 0 108 32 84 20 24 8 2 21 7 66 62 94 41 74 0 37 173 4 56 72 34 60 29 44 44 41 76 0 45 24 81 64 36 12 12 0 16 130 0 104 90 0 52 0 120 0 0 106 56 62 18 53 143 68 42 0 0 70 0 24 30 6 36 6 101 25 0 3 140 0 51 0 20 63 12 17 56 0 72 40 6 51 0 4 110
88 209 0 0 38 67 98 15 0 75 70 27 82 81 51 94 30 149 35 54 5 94 24 132 126 40 63 98 118 119 213 184 14 126 64 8 85 123 0 168 73 98 75 72 4 180 60 123 43 93 63 11 72 16 113 105 97 27 22 31 122 30 62 103 126 110 33 44 136 90 104 77 99 10 68 83 32 58 51 12 0 85 58 78 55 0 106 169 72 31 102 64 170 159 128 135 98 48 129 0 79 78 12 3 0 85 82 64 26 161 102 14 197 86 22 89 141 36 262 196 137 92 4 56 46 95 0 0 38 25 142 143 98 156 95 66 32 61 61 20 72 50 0 155 104 229 36 134 87 114 104 66 23 57 131 114 69 45 107 104 98 38 15 70 0 22 6 39 126 127 56 96 164 105 46 120 82 38 201 62 57 0 88 51 83 21 36 58 77 75 8 78 29 91 70 24 77 106 40 117 171 45 51 48 36 89 88 4 101 238 104 116 111 58 106 42 153 80 12 0 167 30 87 100 15 213 47 33 150 28 79 2 158 68 112 47 113 6 10 107 62 67 152 130 0 53 20 154 50 195 63 86 26 29 68 40
12 45 124 35 15 100 100 0 32 109 124 0 38 81 135 69 76 42 51 56 70 27 30 314 162 102 0 81 93 24 57 126 51 56 56 0 36 54 0 87 100 199 97 41 48 54 92 76 114 0 52 28 45 0 108 48 143 15 72 0 45 147 99 111 0 105 78 2 96 81 185 108 93 8 0 59 57 0 0 81 130 0 0 48 0 231 4 78 87 102 0 73 135 114 106 9 0 42 81 69 30 16 35 89 90 40 81 0 44 36 56 24 75 17 115 72 77 53 242 27 26 193 124 80 6 60 12 18 102 72 36 54 35 84 114 42 34 83 62 51 92 74 109 12 31 81 4 6 93 8 185 79 61 0 24 22 244 98 99 0 0 45 24 48 18 117 112 27 75 117 139 0 16 24 72 20 176 36 48 106 30 35 84 4 49 10 4 87 148 79 87 112 64 67 103 0 81 97 82 28 119 82 84 55 0 170 0 15 79 173 129 69 12 80 142 32 53 30 167 8 66 0 45 44 36 115 176 45 104 54 169 1 185 33 18 120 80 28 43 74 63 5 67 18 0 24 9 214 24 81 108 180 0 132 6 8
44 57 28 43 12 0 5 58 68 144 39 93 23 97 67 72 136 67 64 64 58 33 6 74 41 124 105 127 122 66 26 0 188 109 3 115 41 61 0 32 56 4 31 115 167 70 19 8 40 113 0 12 12 0 16 24 64 18 33 42 0 125 0 51 45 8 59 80 65 9 186 174 142 67 127 28 0 45 42 52 7 88 34 94 72 93 28 0 28 68 27 8 56 86 27 53 42 60 56 15 72 9 54 8 8 96 42 66 156 37 27 70 58 116 32 0 28 56 86 40 7 6 85 105 177 94 36 108 49 0 41 88 112 65 73 63 44 80 0 10 54 58 141 125 36 32 81 28 32 132 116 54 97 36 15 160 94 94 56 113 14 0 17 9 14 36 56 38 186 55 64 114 106 155 200 30 50 130 0 195 66 32 0 87 7 52 36 18 75 45 55 93 58 74 80 33 36 74 17 52 16 54 10 52 42 42 24 0 56 63 98 178 0 48 179 0 96 72 101 21 54 92 111 51 12 132 28 48 15 132 112 24 73 0 0 114 58 35 32 5 24 145 8 45 120 16 28 9 116 15 9 173 95 36 0 56
90 73 120 16 6 90 21 97 111 137 55 19 42 120 53 36 66 127 195 8 9 8 73 177 81 197 27 195 28 78 23 72 95 53 10 97 126 78 92 30 84 7 144 80 36 16 152 116 158 60 120 134 76 63 59 52 62 48 63 0 86 60 100 104 105 0 103 138 78 96 132 59 51 73 18 0 81 109 57 0 84 124 95 75 47 252 0 49 100 64 28 67 137 84 128 34 86 52 144 33 182 54 105 63 52 49 37 22 2 82 41 44 166 92 19 38 265 177 239 58 45 56 105 44 121 50 32 44 48 250 60 16 166 40 0 48 22 165 147 0 95 158 0 117 13 62 102 161 6 59 24 10 106 8 60 152 117 102 8 0 1 105 40 90 51 96 118 40 85 116 69 105 36 159 54 7 67 109 144 132 97 51 129 33 90 4 27 60 10 89 79 182 45 329 120 48 9 128 40 68 133 92 81 0 36 144 109 50 84 67 63 161 27 65 13 44 0 46 248 24 75 46 60 124 90 63 49 7 185 16 39 57 171 36 87 159 8 15 96 70 36 49 49 6 62 102 0 192 90 131 102 77 74 40 128 78
72 50 62 79 35 62 54 44 12 112 27 42 31 94 81 7 90 79 171 51 45 0 73 181 206 186 134 117 91 21 0 83 4 28 154 27 6 33 6 12 156 24 41 152 203 12 40 180 21 49 56 0 90 0 209 184 163 119 36 1 142 86 91 77 14 121 0 44 9 0 134 50 43 8 83 64 45 95 83 124 28 3 68 137 56 22 56 65 123 0 32 0 3 146 121 108 28 103 120 9 54 0 20 81 12 0 100 147 75 69 78 79 0 114 36 0 3 42 15 28 161 85 223 92 32 67 63 68 7 13 37 28 111 7 109 15 56 21 85 31 140 133 54 14 28 41 123 139 46 97 170 216 27 35 79 6 32 65 126 90 7 13 76 20 0 16 0 41 162 28 107 273 69 70 40 33 81 49 59 27 101 40 0 74 0 17 91 6 100 62 162 19 0 77 205 0 55 168 4 60 59 0 28 84 55 36 36 0 156 195 142 282 0 103 96 40 87 35 8 18 42 54 127 72 42 56 94 87 42 49 26 65 67 99 108 74 7 5 33 42 21 16 1 91 70 79 78 32 112 72 102 102 2 56 24 49
99 10 36 9 32 52 0 15 6 82 0 36 51 36 2 117 6 16 60 64 8 0 0 21 14 5 0 0 6 49 66 98 26 81 0 49 21 0 39 99 137 0 21 17 27 92 185 42 144 40 0 0 85 34 0 1 115 89 0 0 99 17 145 27 67 123 73 110 50 33 128 40 0 34 49 73 0 30 68 20 0 0 61 80 62 12 0 62 70 26 16 125 48 111 6 171 8 68 93 12 113 0 7 45 0 14 117 104 0 0 0 74 71 99 27 10 9 38 0 0 48 42 43 132 91 22 55 10 8 60 34 27 74 135 41 49 163 34 3 59 154 25 0 38 4 56 18 2 146 36 154 12 0 24 70 10 40 15 6 34 12 64 35 11 6 8 0 30 64 40 23 31 48 21 71 81 48 7 43 126 21 60 5 50 42 51 18 91 87 69 3 0 64 64 59 0 65 35 35 0 114 10 137 145 63 15 0 6 53 68 24 128 7 151 15 63 27 48 36 0 14 32 48 88 0 7 63 68 54 0 24 8 13 14 21 137 0 83 25 49 65 88 76 63 39 117 0 35 183 8 63 47 0 61 24 0
83 48 14 88 56 89 24 15 54 39 0 105 42 20 119 63 52 0 125 0 28 0 52 25 40 44 52 36 0 69 21 60 51 74 48 0 0 59 88 7 135 0 54 21 127 67 25 0 28 48 32 27 119 57 0 6 75 36 6 15 64 0 35 12 39 7 42 38 18 12 90 80 123 54 3 0 78 0 24 72 20 0 72 16 79 72 0 0 35 130 0 65 0 1 69 85 48 82 0 0 4 39 42 32 7 0 64 12 47 0 0 121 0 14 45 12 0 0 0 14 0 0 50 23 41 60 110 100 35 110 19 8 0 0 54 27 69 2 24 0 73 16 36 0 18 14 0 163 0 67 49 123 56 15 24 0 0 102 8 4 37 27 75 82 9 12 86 0 110 51 62 152 8 104 100 16 18 60 118 56 11 97 3 36 0 27 8 24 96 45 36 3 0 136 67 27 30 83 72 82 58 0 92 0 12 0 107 0 63 0 63 95 54 0 9 0 8 0 182 25 63 118 49 0 74 112 35 21 176 80 40 24 27 40 32 60 27 27 27 12 35 75 0 24 0 40 96 12 78 0 20 74 0 0 0 42
28 84 0 52 10 50 37 0 50 29 15 0 20 75 32 0 165 9 194 18 55 28 20 116 62 21 0 0 61 89 110 30 45 40 0 67 18 14 0 31 4 63 78 10 111 0 134 0 0 40 0 0 63 42 184 122 94 56 0 63 64 63 0 77 132 55 112 24 99 0 49 0 40 48 17 0 109 0 10 127 45 70 0 93 20 15 63 0 28 83 0 0 18 18 98 153 73 21 9 22 16 0 56 122 35 65 24 0 58 56 0 0 126 0 87 42 118 0 35 2 72 28 56 69 35 49 61 116 21 92 58 28 0 0 42 73 59 39 50 8 20 49 98 10 0 101 83 16 62 97 54 72 121 36 83 35 24 83 18 48 0 12 28 113 4 79 69 0 36 37 78 8 40 46 28 15 38 108 4 151 20 20 8 28 32 9 0 53 91 18 59 68 70 52 78 40 42 70 32 92 102 58 68 18 0 63 52 0 0 116 64 143 12 0 44 0 0 4 10 18 7 0 56 97 84 51 0 73 0 14 70 0 0 15 32 43 44 7 28 0 38 0 0 5 0 36 6 22 6 135 40 7 30 0 25 39
57 8 90 71 0 66 149 58 18 56 32 42 83 129 99 46 55 8 73 104 64 20 61 101 54 120 88 126 59 0 42 189 0 48 36 193 199 69 56 115 44 68 80 12 63 35 31 42 56 97 6 35 126 24 54 0 66 73 0 8 30 66 174 171 66 0 121 47 12 30 133 59 35 74 0 104 83 58 0 0 61 73 135 48 48 63 14 6 36 94 36 0 0 6 141 81 141 60 30 112 93 7 75 10 139 142 0 59 0 58 54 95 84 100 22 22 127 72 117 0 73 0 133 35 0 86 0 16 135 164 63 56 145 65 0 44 49 40 40 68 4 13 147 23 0 105 63 47 49 238 41 14 138 0 180 161 44 60 69 44 123 50 107 35 9 36 32 85 174 152 76 132 5 18 62 0 5 28 0 156 89 129 18 43 83 68 30 121 147 87 113 58 42 178 112 1 0 9 38 99 39 112 48 0 0 150 169 36 52 280 47 50 87 144 76 0 60 0 35 21 95 0 108 46 24 78 60 30 63 126 86 37 116 126 61 104 34 65 38 30 81 56 123 97 14 0 21 19 57 33 105 107 97 70 10 48
95 108 158 109 57 52 45 23 168 48 54 63 8 124 67 28 173 32 36 131 5 16 145 88 7 34 17 66 47 118 48 39 25 72 129 50 48 68 103 107 21 39 112 64 12 65 45 101 237 18 123 128 127 88 23 26 108 45 109 20 45 84 120 83 59 78 145 73 48 96 54 123 0 49 25 34 87 78 31 78 117 92 24 0 120 157 54 126 36 212 48 210 45 114 142 68 60 40 15 0 61 0 48 228 90 48 28 62 0 67 97 19 9 111 45 41 123 83 5 32 127 198 31 161 64 118 90 0 117 81 36 85 126 25 188 101 2 163 98 37 67 217 103 34 8 137 141 78 115 61 59 69 97 12 63 90 161 162 46 72 36 45 65 29 93 92 218 126 103 123 40 60 0 137 58 15 106 132 34 70 63 140 82 39 33 39 36 138 125 125 73 123 77 26 217 13 88 70 63 57 39 181 107 130 44 168 35 71 100 147 142 133 63 126 121 21 10 56 58 108 154 36 163 73 103 65 35 44 48 140 94 45 149 117 82 80 142 96 169 21 99 21 80 10 16 54 1 160 98 40 199 72 42 57 17 74
73 0 18 0 6 0 101 10 48 28 0 18 0 36 56 8 0 10 29 18 10 37 1 92 35 111 56 27 77 8 101 36 0 12 130 78 19 16 4 63 28 9 72 0 0 0 70 56 20 57 48 22 52 6 78 44 0 30 4 36 46 47 42 36 125 100 36 54 83 90 147 106 72 110 20 20 40 40 6 68 6 30 45 58 18 4 69 158 81 33 55 0 51 138 110 68 12 4 43 0 48 39 12 46 36 18 84 106 48 92 72 51 35 16 18 4 50 24 133 49 31 6 32 5 114 15 23 76 18 63 57 0 24 47 72 0 75 60 41 8 6 56 33 54 2 136 81 63 56 20 49 27 71 10 72 54 39 18 20 99 25 18 24 16 0 4 24 24 0 56 59 0 18 30 20 50 3 72 0 18 38 64 42 88 75 0 0 30 50 86 20 18 0 22 36 0 81 132 6 0 72 31 30 0 36 0 84 0 96 49 0 45 0 0 58 44 88 23 0 78 180 41 0 62 38 100 9 46 163 48 18 40 38 60 0 12 50 72 0 30 107 86 54 110 0 24 30 34 18 58 0 13 54 0 33 18
28 88 43 0 17 23 7 10 55 88 108 27 42 10 56 4 152 20 19 0 2 27 0 126 59 9 21 0 154 66 135 92 0 10 10 63 56 10 55 50 14 28 106 0 14 15 57 36 60 89 40 142 0 108 24 49 21 39 134 45 32 0 76 129 30 108 10 12 68 126 60 14 0 57 51 124 49 36 67 63 85 82 0 56 62 71 63 118 7 102 51 32 48 12 55 56 0 12 35 66 102 8 110 94 108 0 36 4 41 28 0 136 0 67 8 35 144 18 46 16 21 9 52 0 63 36 61 37 32 93 73 34 161 32 50 4 88 89 103 24 50 121 25 31 18 76 53 73 91 41 36 88 46 76 41 15 94 41 0 93 63 63 126 65 106 23 83 24 15 4 102 21 25 54 10 2 85 42 21 65 0 96 10 21 96 10 107 46 148 122 56 80 29 87 92 8 42 25 10 18 51 30 64 0 64 15 54 38 0 63 54 0 10 0 28 20 54 117 77 72 168 0 72 145 87 53 76 36 98 145 0 40 45 12 1 25 57 10 107 83 81 25 26 28 18 16 20 42 87 0 55 56 7 32 11 85
91 34 94 15 17 102 78 102 2 45 9 24 6 149 0 16 53 36 69 42 29 9 38 51 41 106 36 29 7 55 128 63 36 107 14 130 127 8 48 0 87 84 82 33 58 45 65 8 81 100 87 72 91 20 65 0 8 54 54 0 3 54 84 112 112 243 63 12 32 64 0 5 21 82 27 110 36 79 10 55 25 40 24 0 18 64 23 58 102 33 70 0 3 18 43 90 38 55 110 14 26 32 50 78 0 0 108 51 65 20 8 29 90 4 6 55 163 146 90 40 63 8 8 44 60 46 74 50 30 136 51 32 94 36 71 140 32 15 28 2 110 40 20 59 0 52 43 0 18 30 132 8 106 18 83 138 143 65 114 33 58 44 34 24 59 25 12 15 28 43 0 47 29 25 53 59 0 92 7 16 0 85 60 135 82 79 18 0 84 96 0 122 0 74 125 80 16 20 110 130 19 25 267 81 14 18 20 122 0 36 7 73 60 41 46 128 34 42 73 33 74 0 0 51 3 74 14 36 104 32 11 1 86 135 28 38 124 71 55 71 8 60 99 16 39 174 73 0 111 29 36 48 50 104 65 59
50 3 2 102 23 52 166 44 0 27 27 2 0 93 50 85 87 19 39 60 10 9 12 51 61 89 59 117 57 30 84 123 28 18 48 135 12 63 13 103 49 24 99 42 40 18 72 113 44 153 165 6 66 21 143 8 62 118 8 131 28 42 0 39 79 0 53 27 114 37 59 12 54 63 33 36 16 72 48 12 47 0 9 24 77 25 6 175 9 54 33 18 59 141 45 44 0 36 36 33 73 0 8 36 0 47 47 62 99 52 29 0 236 122 23 73 154 52 49 90 87 70 182 107 64 48 14 29 45 77 69 0 110 122 129 174 130 18 10 0 24 91 34 76 24 97 51 24 86 59 42 63 98 18 68 88 23 57 80 135 81 144 47 129 0 138 0 30 0 0 7 54 42 0 0 69 42 24 63 22 23 0 87 126 36 21 156 103 73 55 56 75 52 133 60 62 73 88 99 76 61 18 129 6 12 5 120 54 96 61 79 87 87 24 12 40 79 42 50 14 12 36 135 53 21 6 84 5 9 3 20 8 251 58 54 87 0 87 32 109 91 105 92 45 9 76 12 64 53 54 30 97 6 23 41 54
21 39 0 81 21 39 36 35 113 52 75 4 56 44 113 37 61 45 46 8 15 0 0 76 100 27 20 14 6 57 94 63 68 42 36 28 24 0 8 75 86 20 98 59 36 0 108 21 87 0 0 0 213 20 142 72 6 21 4 72 89 31 0 115 58 91 107 42 12 73 40 81 35 23 100 35 24 4 24 116 24 15 55 62 111 9 56 5 15 5 12 25 81 75 75 52 79 60 0 104 0 4 78 116 35 30 34 35 80 21 15 8 53 84 16 36 0 24 32 13 43 25 5 4 130 32 81 46 15 82 52 80 21 73 40 27 95 0 36 39 64 56 34 80 53 168 71 50 18 53 83 48 81 0 61 18 6 20 39 43 4 63 51 78 6 39 40 12 56 73 21 64 72 66 93 43 24 54 56 79 0 55 16 32 0 45 109 0 25 87 86 54 64 18 52 28 57 88 75 42 58 3 27 15 61 69 117 11 48 0 73 41 25 0 12 66 68 25 36 142 121 90 115 81 16 66 25 72 26 94 42 144 35 42 116 116 59 130 18 39 36 108 32 0 15 40 49 103 60 15 0 86 64 0 8 78
24 96 37 84 21 7 18 69 99 42 130 76 74 0 61 40 14 18 0 77 7 48 116 179 14 101 0 81 0 28 84 71 14 0 100 88 74 36 0 21 14 0 43 6 63 108 81 0 0 35 5 63 137 10 97 113 0 45 0 85 83 61 112 29 190 171 63 102 69 131 37 98 27 0 35 0 24 40 15 87 53 0 48 79 96 7 139 129 0 67 56 45 95 50 162 72 0 54 6 46 101 144 32 136 135 99 58 101 59 38 0 180 27 88 4 45 155 44 98 48 7 27 101 9 220 0 45 94 70 128 139 30 155 81 37 72 123 89 51 9 99 180 35 111 0 219 36 42 0 42 8 122 30 78 114 91 72 18 138 132 45 24 121 98 102 48 27 25 40 109 104 115 52 63 36 77 21 102 4 54 0 72 45 63 159 0 0 228 112 184 45 40 0 105 125 12 16 16 30 2 86 48 63 0 8 0 128 28 51 63 0 74 18 36 73 21 15 130 42 91 275 42 71 180 54 88 32 21 116 123 7 69 28 41 0 90 35 44 12 108 14 32 51 57 143 35 0 142 63 27 0 252 54 10 64 100
37 74 49 0 28 42 66 3 32 70 64 39 84 72 90 35 20 43 63 0 1 93 0 23 105 22 0 69 74 60 42 109 22 6 0 98 77 104 2 36 2 54 81 6 63 99 94 82 96 35 15 6 87 133 97 60 7 0 3 49 0 14 33 0 37 80 30 31 167 136 48 41 0 74 57 172 0 85 92 0 97 48 56 103 56 79 35 106 0 18 106 37 105 42 89 125 105 55 103 49 137 20 0 27 53 0 94 48 0 47 28 56 72 21 6 113 115 66 90 70 78 24 7 94 0 45 63 0 29 63 20 60 127 27 90 55 27 60 26 14 2 9 60 56 21 33 30 54 136 97 31 64 71 80 82 61 13 64 15 52 16 89 71 0 0 82 8 0 69 75 16 0 66 70 24 86 14 9 134 48 8 139 30 72 36 78 0 75 73 95 0 55 31 43 62 0 35 70 5 72 32 144 42 21 0 0 24 23 78 61 67 30 79 113 37 0 111 27 0 168 135 28 119 39 16 75 27 35 0 37 83 57 82 42 42 0 54 0 30 81 36 144 194 57 45 0 121 45 99 81 0 31 0 10 93 0
0 163 186 99 63 79 55 0 54 4 18 90 25 79 49 0 239 88 17 0 24 27 37 44 63 144 51 51 74 72 111 90 38 53 48 100 14 16 268 123 63 21 36 46 75 148 8 0 0 118 93 4 26 0 63 53 152 18 29 0 49 97 0 76 103 170 15 0 59 60 27 123 3 48 54 13 75 54 22 61 0 60 81 21 120 81 8 0 0 161 21 77 0 130 132 5 0 75 63 63 35 108 128 65 8 69 59 36 113 38 32 2 57 76 67 0 48 0 72 5 91 64 55 14 54 104 37 135 15 88 87 61 119 0 66 39 52 8 95 72 199 90 16 66 34 48 45 86 59 103 16 189 0 189 73 88 64 50 106 9 66 2 68 3 58 7 8 9 45 0 30 144 45 27 0 24 111 7 90 82 65 20 0 118 72 3 20 59 38 70 34 51 2 9 55 5 100 148 12 70 69 0 153 5 43 7 0 10 55 127 30 16 116 35 0 0 8 13 0 72 14 55 24 16 42 148 64 89 123 0 36 38 6 76 0 156 87 136 6 84 40 0 129 28 15 0 133 29 54 119 28 126 7 48 40 6
39 77 172 54 28 0 147 15 104 144 42 24 50 45 64 102 114 81 21 52 0 0 6 14 75 73 14 0 20 120 112 141 71 102 66 90 72 32 82 64 58 39 106 23 29 192 54 36 17 142 24 74 56 117 0 71 73 18 74 27 144 56 0 27 27 60 212 62 71 117 32 75 4 143 52 24 36 10 6 37 134 19 99 6 158 72 8 0 23 138 60 64 0 254 232 68 121 0 151 39 18 76 119 48 91 10 46 62 57 16 89 47 54 145 13 28 99 54 147 45 0 64 95 67 35 83 26 32 99 129 113 48 24 206 142 86 47 80 114 15 16 36 108 42 90 153 103 75 90 45 127 9 111 24 59 40 124 27 131 183 65 119 64 192 18 41 70 6 15 61 64 17 54 16 20 108 84 128 18 79 190 52 87 70 8 30 20 102 235 18 0 133 54 112 166 66 66 24 75 83 95 33 87 19 68 0 44 0 43 56 81 122 150 58 119 81 48 27 69 16 33 36 106 24 21 91 11 38 72 94 34 55 111 42 44 210 54 24 0 51 79 19 39 53 0 24 117 144 72 45 0 84 78 65 108 70
54 0 99 54 30 95 0 20 72 13 28 18 0 108 44 8 72 9 171 26 17 0 85 32 107 143 0 24 96 119 125 133 87 149 133 76 79 4 18 90 10 0 45 10 3 12 33 10 36 63 60 15 40 39 157 2 144 0 51 0 94 70 0 37 5 66 14 29 68 4 42 147 114 1 79 136 0 21 85 36 27 45 0 45 96 27 0 66 0 21 45 37 0 3 18 34 54 6 0 20 6 6 59 45 76 102 128 18 165 116 18 0 86 75 3 59 51 72 14 12 23 100 77 75 106 16 0 106 105 127 41 13 0 0 2 53 77 118 3 4 14 54 100 65 0 49 0 0 85 9 44 82 36 63 189 0 53 0 24 48 18 62 10 8 0 16 16 48 6 27 0 63 100 5 6 31 90 137 99 110 117 193 35 16 40 3 102 90 111 72 36 58 0 104 112 36 0 45 15 60 118 0 9 59 31 0 18 33 32 68 45 56 55 0 72 8 188 106 0 3 208 60 10 114 9 0 49 0 85 0 20 84 77 12 3 45 0 67 79 35 0 34 155 51 63 65 26 28 141 96 8 215 41 5 91 117
62 0 2 119 89 51 8 37 101 100 88 96 134 97 0 5 76 48 59 54 16 18 27 70 10 36 136 118 188 51 142 74 79 21 139 106 2 71 96 79 30 33 4 62 32 59 47 12 55 138 80 9 81 148 15 49 103 43 37 0 25 135 48 35 36 95 18 1 115 111 59 127 182 50 13 123 93 56 198 80 0 165 14 64 36 107 88 73 54 6 0 41 24 82 76 57 3 78 60 10 120 37 75 71 0 62 81 54 113 69 15 45 30 155 19 38 66 24 111 30 70 47 129 64 119 58 41 88 40 37 45 125 62 22 77 46 18 73 46 91 80 20 24 136 4 81 5 65 132 78 121 271 74 52 110 51 91 44 91 38 40 138 38 0 52 8 0 60 35 57 61 51 129 72 9 27 50 56 63 69 0 28 17 36 49 14 53 68 30 43 91 6 66 5 153 30 104 192 18 52 131 18 150 78 0 57 30 55 148 233 48 30 117 24 285 89 87 0 0 115 96 48 30 76 0 0 67 0 145 110 76 9 138 27 78 157 105 122 43 69 137 10 12 101 102 27 72 3 27 36 111 32 0 14 24 15
64 36 181 50 8 12 0 20 6 16 101 35 40 35 2 46 48 48 76 24 34 34 82 116 128 54 15 147 15 28 0 70 65 29 43 49 26 93 62 32 26 54 165 30 55 22 8 18 122 38 28 0 28 113 65 27 0 0 0 24 0 63 98 88 64 119 25 15 68 61 87 54 72 66 46 48 106 101 86 12 15 81 0 16 28 28 13 87 0 47 93 73 34 3 14 80 7 35 100 16 53 21 6 206 42 0 72 72 60 138 7 26 0 52 9 56 251 186 134 31 46 81 93 9 0 107 72 41 59 141 88 82 54 21 150 128 50 69 39 55 53 18 106 93 0 161 102 57 157 70 0 30 35 152 151 34 94 151 27 27 0 153 122 54 0 8 76 239 175 66 0 0 36 84 31 49 46 110 14 150 0 87 101 100 65 23 93 82 92 0 0 96 0 64 40 36 16 151 70 36 9 148 112 45 0 69 32 94 6 31 49 70 83 22 39 0 157 38 203 66 157 0 18 0 96 72 53 29 0 114 8 27 68 78 64 27 100 2 149 97 7 44 121 0 8 120 69 63 74 117 94 74 54 73 138 111
50 4 96 78 11 6 59 12 90 59 39 72 109 108 34 8 105 0 24 0 50 54 48 108 40 33 44 140 60 97 112 30 83 0 117 46 147 0 16 55 133 7 0 96 14 158 38 39 0 54 81 63 4 64 0 49 140 50 56 25 55 32 169 127 79 65 18 178 61 18 8 102 79 207 13 72 20 62 217 16 98 6 63 64 46 98 19 102 136 40 0 97 84 169 71 2 50 64 132 61 97 58 46 30 76 55 135 16 58 86 61 72 0 84 52 72 133 117 64 15 114 87 46 188 188 48 28 123 7 100 35 92 118 27 72 63 45 81 83 82 32 12 45 56 54 196 18 0 48 46 16 0 125 91 199 66 72 48 88 60 0 42 12 99 165 48 94 25 64 106 66 98 48 48 42 89 6 56 21 126 12 46 23 91 143 99 0 159 53 98 35 61 28 80 108 38 57 15 65 61 72 108 247 15 12 0 14 34 23 178 34 24 48 35 95 56 5 90 88 49 192 47 67 99 0 56 98 158 63 32 0 23 223 66 27 42 75 36 147 63 16 12 0 139 67 49 30 136 0 110 0 81 18 60 44 3
35 179 47 6 53 65 72 43 78 99 111 84 8 54 121 72 92 42 106 8 40 48 8 111 118 123 16 45 74 50 86 72 56 81 76 66 78 68 44 49 2 60 115 0 61 28 78 17 82 88 9 24 0 49 66 74 33 24 60 4 26 36 39 63 79 54 32 20 126 59 16 64 0 80 71 45 83 84 18 62 114 63 36 0 150 4 6 41 9 59 165 5 12 132 42 52 0 0 79 133 44 32 43 66 27 66 23 14 105 39 76 32 180 43 18 27 90 50 191 78 80 84 55 62 123 59 28 36 56 43 137 49 58 94 202 29 97 0 3 0 84 185 33 93 10 49 98 6 39 54 54 101 111 72 121 85 25 138 104 22 144 120 89 32 16 76 0 63 25 62 30 173 35 79 28 12 61 32 55 93 16 72 48 90 28 42 51 96 8 96 0 90 56 84 28 16 67 83 0 175 70 59 28 2 16 0 81 9 70 51 126 20 63 85 20 32 76 53 99 144 135 44 0 101 82 28 50 104 70 129 3 6 106 124 15 135 18 71 50 55 119 65 145 0 90 7 108 159 52 42 20 113 68 0 91 82
170 42 100 143 9 149 61 104 239 48 118 38 60 117 29 130 72 24 133 68 26 63 18 113 32 91 64 80 219 114 92 44 110 89 148 89 121 60 36 138 151 64 44 110 120 21 47 107 44 95 43 10 61 56 85 22 190 45 49 4 27 65 10 146 42 66 110 96 104 59 72 12 272 256 115 56 72 123 150 54 55 50 44 48 132 48 69 24 108 68 126 134 45 91 49 26 24 123 81 154 68 0 36 97 66 161 69 124 79 17 91 69 28 134 16 5 110 87 37 5 166 6 24 77 73 125 111 80 72 126 9 102 58 19 70 83 77 84 106 31 66 140 68 52 61 88 150 121 158 64 85 84 68 34 131 61 107 79 22 88 139 58 63 73 16 32 32 89 66 154 50 144 72 104 129 76 25 142 64 237 24 108 60 91 10 78 144 107 123 0 45 175 28 119 32 103 63 109 23 77 79 164 113 29 18 56 90 12 57 189 140 149 7 123 181 59 51 9 77 12 195 28 114 38 0 73 12 166 58 61 63 100 126 74 76 110 145 81 58 124 74 34 130 47 107 91 62 91 203 0 0 60 3 1 153 137
77 0 32 90 30 12 91 39 12 63 33 30 191 66 0 6 112 54 21 78 79 81 69 110 106 0 21 117 73 108 228 87 0 51 12 131 52 16 0 64 0 164 73 27 87 120 22 0 111 25 21 54 36 72 24 27 98 123 124 3 52 0 135 153 54 27 0 13 45 11 34 0 24 84 0 73 0 18 119 48 99 72 42 31 24 63 18 37 36 131 24 0 18 68 56 244 27 102 113 13 60 121 91 49 45 82 36 95 12 103 21 102 106 88 0 0 100 84 162 39 63 53 24 0 34 42 9 72 76 0 60 153 114 0 78 58 35 3 0 56 27 21 72 0 73 60 44 14 37 117 153 40 154 100 204 45 69 128 136 40 48 65 106 24 27 50 14 6 42 104 0 12 0 72 62 48 36 0 0 221 8 36 55 57 56 30 0 161 90 0 0 54 64 63 56 140 48 0 30 36 24 41 72 46 0 12 32 115 72 12 18 21 79 36 78 0 0 63 7 61 37 0 63 128 87 131 18 21 114 170 44 21 72 63 40 56 76 9 140 102 144 36 105 40 0 76 63 21 35 18 10 41 0 56 9 18
99 12 103 36 14 12 31 63 59 70 7 105 2 164 88 140 79 35 108 48 44 97 123 56 167 80 16 110 95 36 154 82 90 68 64 81 139 124 0 155 108 54 150 75 56 31 42 118 105 5 24 99 72 60 2 27 58 0 60 0 30 75 0 96 96 127 87 24 88 50 0 169 0 156 108 50 193 57 23 108 94 92 0 30 59 36 16 118 114 36 142 88 60 105 86 16 8 50 33 0 74 76 12 54 46 19 106 5 4 71 0 15 143 40 0 36 137 16 123 69 25 76 76 58 20 69 32 3 20 134 67 32 74 142 65 37 28 72 59 40 52 12 95 91 70 158 10 33 121 98 63 64 27 58 99 65 19 115 29 96 78 36 54 91 70 20 212 35 189 157 117 5 41 81 122 7 72 77 47 189 6 0 45 6 2 42 8 75 33 36 0 28 14 162 102 135 109 146 100 75 54 133 11 12 68 128 63 48 42 192 36 56 112 80 143 30 71 38 51 6 37 56 14 12 63 14 36 100 121 113 76 12 90 25 101 120 85 147 153 39 45 72 91 0 82 30 32 145 152 22 39 40 16 68 95 32
112 27 74 32 49 47 36 12 86 9 39 25 9 57 4 9 38 13 24 4 42 0 15 54 94 194 32 16 0 111 65 51 18 9 18 6 0 85 80 28 120 6 99 18 81 58 64 4 130 100 47 21 22 32 16 0 0 0 30 50 10 27 9 0 28 18 125 23 136 0 20 13 36 12 0 7 72 24 30 45 81 8 72 57 27 231 0 15 56 78 0 86 1 94 10 16 36 24 108 54 30 2 106 85 18 71 20 78 13 194 0 62 90 96 63 0 49 30 57 6 18 18 32 18 0 118 77 46 52 161 6 60 88 0 59 95 216 66 0 68 81 16 42 66 27 80 0 110 20 58 105 92 132 12 42 0 92 73 23 64 0 0 35 30 36 116 126 0 62 73 45 20 49 13 45 2 64 12 118 36 44 30 69 8 14 8 54 171 53 63 9 42 0 76 192 54 92 52 24 8 4 48 64 83 0 31 12 25 6 0 24 53 12 0 86 84 54 0 83 2 41 48 41 105 24 44 28 33 118 0 41 24 98 114 30 18 66 12 80 0 94 0 9 28 63 32 31 39 0 27 117 42 14 36 117 40
3 131 166 70 35 15 38 61 0 94 96 96 56 165 8 40 145 79 99 64 2 77 14 153 34 134 47 71 6 74 135 40 52 87 30 46 41 31 60 99 69 63 28 57 5 84 126 6 182 0 56 0 64 105 105 106 91 101 103 0 48 155 0 90 78 204 65 54 58 102 84 122 6 51 141 48 0 9 167 32 33 36 14 64 30 40 132 5 28 30 114 88 27 74 30 123 99 66 1 36 109 73 136 45 108 25 8 7 130 72 9 0 123 134 96 81 40 8 97 53 42 1 178 36 112 62 7 207 78 14 93 73 96 81 145 57 17 25 71 36 60 71 188 66 34 75 81 83 45 168 56 38 136 54 67 90 111 196 88 32 30 18 35 109 65 1 44 42 144 92 85 60 74 144 42 41 80 30 119 207 33 114 21 83 28 33 72 144 30 60 101 15 66 51 91 5 100 119 38 30 0 74 104 61 0 118 10 84 21 31 0 89 60 54 120 24 9 72 62 54 50 6 112 89 56 109 0 125 0 83 120 73 0 41 56 51 75 113 155 160 87 42 108 75 54 70 26 36 132 20 18 143 51 119 94 74
0 0 161 101 50 56 0 51 0 0 9 23 89 108 160 8 39 205 94 12 4 15 14 24 114 0 46 25 84 104 10 36 0 6 133 37 12 38 90 55 0 48 214 89 25 13 0 61 25 43 217 141 91 72 76 90 32 30 175 0 119 140 81 123 35 138 0 24 95 36 178 52 202 6 145 67 0 129 21 63 78 70 108 0 4 225 63 178 111 68 18 5 114 15 82 49 75 5 173 143 81 0 184 78 41 74 9 114 28 0 168 43 0 96 65 18 95 104 143 0 15 40 117 18 36 15 58 29 12 71 51 69 87 68 36 46 2 89 142 0 63 92 28 18 8 107 148 18 0 35 54 14 33 78 43 76 94 97 100 57 56 18 7 0 67 11 25 82 114 40 0 207 37 74 36 20 36 46 60 14 48 90 34 66 65 137 97 63 24 164 130 78 75 78 185 41 45 31 96 36 26 15 64 87 14 100 68 12 30 32 82 80 96 15 79 114 125 39 219 45 64 66 106 192 0 61 98 0 208 6 80 84 111 16 116 54 16 28 20 80 36 63 85 0 125 82 129 72 85 0 167 23 64 63 72 9
15 40 6 10 0 96 30 46 16 80 8 85 82 75 66 38 71 20 143 44 66 85 16 32 32 20 16 200 130 76 185 93 79 25 20 125 0 85 64 139 36 109 39 90 135 104 141 16 232 108 34 0 257 56 72 159 0 20 42 91 80 32 0 100 38 84 43 81 149 114 4 18 3 46 10 137 45 93 56 53 42 0 79 153 80 57 20 9 184 28 40 50 127 24 179 41 145 66 121 20 15 0 24 73 54 35 0 45 31 82 0 42 59 64 29 48 34 148 74 28 50 42 8 63 37 161 10 10 7 99 118 11 15 96 3 16 139 8 28 48 12 24 16 58 12 69 90 24 12 87 68 36 144 0 79 77 42 85 30 101 45 8 68 83 6 142 122 8 72 129 175 8 66 45 179 8 31 58 81 81 8 88 22 9 84 80 72 11 50 86 115 58 21 29 87 14 14 121 57 60 76 37 91 12 87 74 75 19 18 214 33 92 17 40 70 88 20 137 54 123 277 0 133 29 8 60 35 126 67 110 90 32 110 74 56 155 57 111 72 105 24 19 24 13 0 29 15 120 150 204 37 78 21 99 2 87
76 62 89 0 0 56 45 0 10 89 4 93 13 107 41 33 84 2 153 62 13 45 25 45 26 30 65 181 41 0 83 56 75 45 0 114 161 43 2 69 79 39 112 61 12 46 204 58 9 167 0 88 78 50 74 41 69 36 106 55 72 49 77 64 170 54 141 98 68 64 37 88 63 160 22 49 20 17 120 18 18 88 89 7 55 40 63 96 50 58 40 126 155 18 67 27 112 60 6 34 21 108 155 33 96 72 54 79 0 72 0 2 18 81 57 52 134 36 28 40 61 103 50 135 46 104 88 41 120 145 42 56 75 85 101 23 116 131 17 141 62 154 15 127 0 128 0 59 16 111 48 67 193 20 81 129 105 25 23 128 35 50 75 152 68 42 0 0 63 69 86 27 68 54 87 69 3 89 0 31 0 126 23 90 27 72 0 89 98 152 97 48 20 26 128 16 31 42 18 59 142 46 100 98 1 141 116 32 0 157 21 148 0 61 48 58 93 63 70 10 0 56 189 45 47 45 41 133 69 83 62 7 62 166 24 204 63 71 71 69 46 7 96 64 120 126 48 83 132 0 54 73 23 57 0 28
0 58 73 28 3 73 30 8 64 44 111 31 54 191 9 9 149 0 69 117 101 34 33 39 102 156 81 0 114 190 120 21 27 14 41 36 48 20 8 81 9 12 88 6 29 45 41 11 47 165 87 0 24 51 0 7 96 30 57 12 72 42 0 0 139 70 128 15 91 108 99 3 24 106 100 33 40 0 47 9 0 94 18 36 30 9 11 0 0 76 0 78 18 0 77 98 0 11 12 81 72 120 36 24 54 18 144 28 124 0 9 50 85 27 60 48 59 0 15 72 66 126 100 54 49 90 66 235 8 204 0 73 24 42 66 102 149 31 27 0 48 79 111 108 4 186 5 56 44 84 39 86 18 0 117 63 206 91 63 110 29 56 90 28 78 18 15 45 36 8 8 20 45 5 6 47 142 29 81 41 24 149 21 0 21 18 154 94 32 40 113 24 0 25 74 6 26 93 42 75 54 16 9 54 27 0 0 0 54 21 45 36 56 10 36 22 31 68 10 4 15 0 49 56 96 0 60 103 33 151 104 0 54 21 9 57 12 91 52 126 24 0 0 90 84 41 15 26 108 17 57 57 1 54 162 188
35 0 24 154 76 98 66 0 33 16 0 14 22 58 0 45 14 76 125 24 51 115 105 31 65 9 54 29 56 117 78 21 72 57 8 39 110 114 76 9 3 80 111 43 126 76 46 70 0 79 85 72 19 24 104 90 58 62 0 40 31 4 0 95 75 77 0 43 91 0 38 0 30 49 22 78 75 0 0 0 0 48 63 81 0 96 9 9 0 73 22 0 80 0 90 48 62 0 54 6 20 0 69 32 0 36 0 6 24 0 49 8 158 30 23 0 149 86 117 28 0 30 7 92 0 0 4 0 0 63 130 39 41 27 0 76 0 38 36 45 5 0 63 71 49 21 81 6 0 31 63 90 54 0 55 14 68 93 16 71 30 0 85 16 0 50 49 18 69 81 84 47 115 54 36 20 0 64 27 45 0 30 56 8 6 13 24 3 62 14 35 84 0 40 95 12 15 55 133 104 0 63 49 51 49 33 56 12 66 216 14 73 37 8 42 61 70 12 81 72 82 0 27 64 47 36 0 102 30 63 37 0 45 185 64 4 15 70 8 74 93 0 32 63 8 56 7 33 32 96 84 59 0 80 48 0
0 53 0 109 76 102 141 93 52 0 0 0 44 188 102 52 28 0 70 30 29 27 19 23 61 47 48 5 56 0 16 99 105 46 169 73 107 72 56 0 0 54 9 47 46 8 39 49 49 57 128 0 74 14 71 101 81 48 28 37 40 107 0 83 23 118 15 0 59 150 87 63 69 0 58 8 23 46 63 40 36 30 78 16 29 8 24 32 0 82 0 20 0 42 77 59 0 6 31 63 35 72 32 27 92 13 56 61 0 39 101 64 96 30 55 0 19 84 36 0 73 74 81 0 2 27 27 46 0 55 18 193 63 45 137 108 45 0 120 0 80 21 14 133 0 79 9 76 54 18 3 60 31 4 30 25 87 25 48 72 74 24 141 24 41 72 42 2 56 6 35 48 72 42 18 103 59 6 4 119 84 96 88 0 0 32 0 71 60 49 31 53 0 6 127 63 87 0 110 66 69 11 196 84 0 65 57 30 124 62 0 97 108 12 41 0 110 0 21 96 72 80 49 118 0 33 69 50 41 12 0 60 20 100 48 104 138 119 40 12 56 11 28 40 8 95 110 20 18 24 91 14 96 34 59 36
42 142 92 38 56 168 38 30 147 84 0 116 66 65 22 0 76 79 126 0 49 63 4 21 35 27 109 69 0 64 118 93 45 175 60 35 16 70 32 109 11 50 58 56 75 58 42 76 39 237 4 103 40 60 108 77 45 9 56 0 4 28 16 137 99 65 60 89 86 117 63 77 69 51 45 84 24 35 189 113 49 99 14 45 104 68 24 5 51 79 101 112 58 76 87 112 4 29 90 80 80 109 99 16 32 124 4 133 103 139 48 110 127 54 4 160 85 47 20 71 59 174 115 30 81 215 86 30 21 195 99 9 85 98 77 85 187 4 69 3 62 127 36 90 21 99 25 38 4 163 0 104 65 4 179 126 71 131 62 97 140 8 50 64 0 4 82 27 67 35 52 18 44 59 69 46 111 131 104 0 90 48 24 20 100 105 138 16 79 12 37 102 47 57 174 8 65 99 57 92 77 12 87 24 83 0 106 18 10 76 61 61 9 49 47 221 110 115 44 49 110 50 7 114 119 36 0 91 98 29 51 91 102 0 7 60 7 111 91 89 24 59 5 0 24 44 0 142 125 65 36 93 95 24 91 2
34 28 6 100 18 25 18 27 21 0 40 18 8 80 84 72 119 69 172 48 9 19 66 0 56 44 18 78 0 60 10 81 0 0 6 72 68 85 57 250 210 0 179 27 63 0 0 75 36 0 24 6 0 17 18 62 57 0 107 165 68 83 34 24 24 5 34 9 64 0 0 40 0 0 99 47 24 117 9 4 30 33 54 6 0 66 0 8 50 30 71 47 105 72 18 18 44 38 20 18 0 12 57 0 108 100 36 60 92 43 16 15 72 122 81 19 28 9 10 0 54 109 44 139 51 97 131 124 4 42 36 24 75 90 86 147 43 0 75 2 42 21 20 205 8 148 0 72 153 81 4 48 9 76 128 1 64 0 106 60 16 12 31 66 6 36 0 24 0 0 63 18 79 6 0 81 59 87 130 137 105 22 89 42 48 47 36 0 90 56 84 142 88 67 123 0 63 16 24 130 24 32 114 117 15 65 0 1 4 80 138 96 95 9 66 9 22 6 36 0 81 72 83 104 18 49 0 54 117 43 6 108 6 8 0 29 8 0 0 0 51 58 93 15 18 8 34 6 52 69 48 0 76 0 72 12
68 69 39 0 34 89 99 0 75 100 69 111 117 90 0 59 69 34 40 8 65 0 0 170 48 184 35 104 80 110 171 36 81 74 110 47 106 111 62 29 19 25 15 110 121 154 34 4 107 84 28 86 0 56 21 69 16 0 49 8 115 24 56 21 101 93 60 76 116 92 92 93 0 74 84 77 0 2 70 56 88 138 56 40 103 0 50 88 54 62 96 34 53 108 96 57 46 81 62 59 0 74 15 86 35 63 48 0 64 112 73 158 139 47 20 52 160 128 168 10 30 46 76 118 84 105 24 114 0 163 98 32 130 57 84 203 143 19 49 88 8 106 36 128 56 21 39 55 41 14 73 20 75 80 42 152 31 109 54 48 53 103 53 179 24 27 28 79 48 138 88 96 9 137 96 50 30 32 45 84 67 104 86 28 74 126 72 95 109 117 0 78 0 221 135 11 8 0 0 0 59 29 40 0 29 6 30 111 16 91 100 80 59 87 148 80 29 66 72 68 110 24 28 163 45 21 53 30 119 48 30 15 90 32 43 10 116 0 114 62 35 8 16 68 0 98 75 29 54 63 15 156 136 77 172 211
75 46 6 0 14 25 37 63 0 150 89 42 21 73 68 0 54 63 118 87 18 28 38 136 158 58 18 63 126 125 107 190 0 95 18 32 18 0 8 18 6 40 55 92 87 66 133 53 34 230 19 50 95 98 20 57 83 18 8 0 39 82 18 18 106 64 80 17 210 89 76 13 54 81 65 134 75 42 67 0 86 70 0 166 104 12 78 81 0 118 31 15 36 147 45 38 78 24 43 66 140 19 12 0 39 68 163 0 40 153 30 80 136 0 39 125 147 26 62 40 114 4 90 108 0 63 90 75 11 54 43 136 53 2 55 125 128 82 66 0 16 103 121 68 0 92 151 147 53 132 151 74 103 10 45 124 0 79 15 68 0 174 20 12 42 108 33 46 95 1 14 43 75 78 0 87 42 62 27 26 36 0 50 90 84 9 22 165 131 147 38 89 34 84 67 24 48 137 10 0 76 130 86 83 25 75 50 14 94 18 186 199 109 81 68 0 92 69 71 32 96 34 148 205 53 58 43 48 110 99 85 23 170 36 104 8 81 72 42 129 91 33 107 48 81 81 23 72 192 81 66 135 0 0 40 40
26 137 102 60 71 57 0 54 96 86 32 10 116 124 7 0 0 24 16 15 26 0 24 94 28 24 26 61 4 36 106 55 18 63 27 13 133 71 38 45 49 72 266 54 172 36 120 87 127 89 9 49 123 207 0 126 176 28 108 20 41 123 12 92 27 53 58 35 82 38 22 32 101 37 91 47 20 40 73 138 102 92 10 89 79 178 75 67 71 58 57 45 45 52 36 62 92 65 83 8 12 15 105 70 125 30 130 52 124 124 121 44 100 76 10 52 79 80 0 30 0 48 16 13 95 70 60 32 80 4 39 110 23 10 120 137 25 102 77 98 60 118 86 201 102 124 28 167 35 28 100 21 145 46 110 33 138 48 136 81 3 24 51 160 77 53 8 63 68 77 16 133 16 23 3 34 28 35 30 24 72 218 86 70 82 99 103 90 48 24 34 226 56 44 125 32 0 72 13 107 7 4 61 141 47 39 12 74 36 40 56 149 100 54 45 85 94 69 56 23 164 0 114 130 25 181 25 44 107 134 44 96 50 107 106 24 5 43 43 60 161 109 45 49 41 51 59 68 56 167 0 116 150 28 90 98
61 75 101 149 32 23 3 29 117 96 94 50 36 167 74 14 127 75 76 0 5 36 44 45 183 32 17 74 74 24 229 50 63 149 68 106 126 109 12 137 56 61 228 73 45 27 104 102 81 90 40 102 77 0 115 0 54 63 53 30 101 0 0 246 153 135 83 45 104 47 94 16 118 52 92 183 0 12 48 164 0 0 35 33 70 107 4 7 85 121 132 18 43 51 64 64 0 20 162 69 81 72 105 116 71 82 14 79 151 40 10 82 156 75 24 94 111 108 40 67 42 52 20 20 183 128 86 46 57 12 12 42 64 10 72 16 26 69 90 58 110 0 147 179 107 145 76 93 81 127 70 0 23 30 89 87 65 88 15 94 46 0 78 39 5 15 45 82 148 53 44 207 104 81 0 112 57 111 75 261 6 28 102 24 0 30 0 91 127 122 0 219 0 74 183 49 69 10 22 142 68 24 45 93 48 88 65 49 55 187 55 75 63 25 62 123 2 66 80 41 100 12 102 74 71 122 7 64 69 87 121 64 55 46 48 20 74 119 85 178 101 85 60 30 43 134 65 125 129 40 81 179 19 104 101 51
0 103 16 0 0 68 1 10 8 16 49 18 0 46 0 0 27 14 48 0 0 20 70 14 14 0 5 0 101 92 30 4 36 53 0 86 34 8 64 54 2 24 67 2 46 32 96 65 49 24 24 0 30 0 76 4 0 12 45 0 25 0 0 4 62 70 0 56 98 45 64 35 24 32 66 147 8 0 4 14 0 35 28 22 2 18 0 40 76 0 0 0 45 66 42 64 45 6 26 36 10 49 0 16 0 12 21 76 0 8 42 13 4 71 65 0 12 36 16 40 0 32 8 49 64 12 64 6 4 38 34 36 12 86 62 0 101 10 101 48 28 14 0 90 53 36 0 104 80 10 15 0 31 16 53 0 0 0 6 64 0 76 128 2 63 0 60 0 0 36 64 41 64 36 22 0 0 0 12 75 0 24 96 35 16 22 38 0 50 56 44 32 24 0 63 23 4 0 37 0 45 28 189 200 0 40 32 0 0 56 33 66 54 72 64 27 32 32 5 72 68 20 44 142 25 81 55 102 56 104 26 14 0 0 0 0 46 0 12 75 14 3 24 49 0 94 0 20 54 69 24 57 0 15 0 10
14 20 40 101 25 16 0 0 4 4 118 20 27 15 100 0 20 68 79 48 4 6 93 120 86 23 6 239 81 27 69 54 30 48 0 108 55 36 38 25 0 10 54 0 3 49 14 56 36 15 20 14 0 24 23 61 27 0 0 72 0 23 104 173 26 11 0 6 73 47 60 111 7 21 8 32 27 16 27 5 34 43 0 32 9 19 45 25 76 0 38 8 5 24 10 12 0 30 91 15 4 6 0 24 27 6 32 84 34 64 0 4 0 31 46 64 16 111 114 80 81 78 54 40 6 28 3 27 65 109 82 45 51 50 152 12 93 2 6 17 82 0 0 24 0 60 45 62 99 49 36 88 22 0 15 35 12 10 0 0 0 65 64 12 8 74 65 45 32 16 24 0 92 4 3 0 8 77 35 18 12 32 67 0 20 9 63 42 83 15 1 22 26 19 48 72 14 33 1 94 59 39 99 29 7 16 55 49 12 35 91 100 3 0 2 49 80 0 0 17 52 5 49 0 14 124 68 38 74 151 28 15 163 100 18 28 59 41 60 0 38 10 89 0 21 24 6 63 113 80 0 12 16 60 120 18
0 0 100 46 45 89 0 48 56 12 30 131 126 74 4 12 36 0 76 0 14 9 6 15 15 17 42 72 77 8 38 44 65 6 52 0 2 84 8 28 6 0 27 200 18 69 105 39 40 212 130 36 102 18 54 56 42 0 0 0 0 56 0 35 97 84 51 72 4 61 113 34 30 50 2 63 62 86 42 82 8 56 0 0 52 90 42 4 54 3 0 12 164 0 53 143 16 46 96 15 54 25 20 36 23 4 12 100 40 34 14 139 10 63 29 18 52 18 0 40 158 80 1 65 0 72 74 40 12 0 41 41 72 10 27 110 55 10 55 6 40 28 32 13 9 62 18 114 4 29 0 0 74 4 93 88 48 28 53 43 36 115 49 68 78 0 7 0 72 0 8 87 34 8 67 14 44 0 124 14 9 118 7 88 54 70 44 44 44 134 141 56 76 54 0 7 8 95 16 60 105 27 157 140 44 21 42 15 31 27 45 44 87 45 12 134 36 135 133 9 16 0 0 135 35 10 87 32 221 9 27 9 124 68 0 136 19 51 81 130 78 11 55 0 27 75 70 44 73 40 15 18 8 106 109 30
49 24 60 43 29 27 6 4 72 41 29 13 22 150 94 25 72 10 108 0 0 0 33 81 59 21 75 93 92 7 49 30 88 6 36 4 62 40 6 8 71 7 63 3 30 124 54 42 15 0 63 0 0 6 12 53 77 34 48 83 20 46 0 109 91 28 0 54 35 0 77 62 98 17 51 69 26 86 70 27 0 26 8 0 15 31 27 27 95 14 64 93 36 120 103 51 39 24 0 28 0 64 0 45 0 168 21 90 98 115 24 15 109 28 28 52 150 73 61 11 28 57 0 33 86 12 119 54 1 0 0 29 73 8 93 9 43 69 58 51 28 3 63 67 78 59 0 40 120 79 40 47 10 32 99 18 12 77 0 82 11 20 15 71 39 16 32 22 100 152 98 21 78 8 17 45 18 125 70 149 7 66 13 46 19 0 0 0 39 77 12 78 24 63 38 31 18 21 44 81 22 16 49 58 0 30 27 45 96 145 0 30 33 36 141 24 3 11 68 49 130 58 48 0 20 129 25 114 63 0 5 0 99 42 24 84 108 0 147 0 0 78 63 105 48 0 20 80 0 115 32 76 4 0 30 33
37 134 160 18 27 37 60 4 117 96 63 0 71 89 17 126 27 164 141 85 58 45 28 124 50 129 40 67 70 191 83 37 126 64 2 58 54 118 93 11 34 86 112 81 63 24 50 58 136 23 20 86 76 18 55 97 64 18 103 12 228 28 122 105 37 118 171 41 160 193 24 66 27 92 80 49 0 56 49 0 57 24 20 18 122 54 69 90 98 15 52 56 61 71 174 83 5 43 154 105 126 0 0 152 12 3 30 39 6 81 0 31 0 152 30 54 135 120 105 3 52 50 69 21 67 101 60 0 52 115 75 244 0 98 119 5 71 8 92 20 147 0 0 103 38 130 54 158 81 25 154 27 83 78 101 108 81 127 0 124 39 24 45 95 12 21 121 72 96 161 164 32 54 79 82 29 6 18 36 128 55 43 103 40 0 0 98 124 33 63 6 24 41 58 157 69 47 15 30 0 194 24 86 143 0 88 12 12 18 41 33 74 6 64 50 118 106 55 119 0 63 34 146 12 35 0 51 72 128 36 65 40 157 9 125 42 42 75 0 84 52 40 92 42 12 36 6 99 114 51 133 15 66 74 188 119
25 39 25 18 30 52 49 82 41 57 37 6 8 23 109 45 26 26 81 54 6 25 94 75 48 85 99 118 72 45 63 2 47 21 9 82 34 24 0 20 43 31 51 34 48 36 136 71 21 48 0 14 12 0 114 156 27 91 47 3 63 97 4 27 130 48 22 43 0 44 71 36 40 77 87 56 16 118 42 60 58 0 48 9 27 87 105 75 42 9 4 46 32 97 76 119 22 0 98 30 52 28 15 18 83 21 42 31 92 31 113 0 70 146 8 28 76 12 87 61 30 36 164 55 0 0 44 60 26 48 30 12 54 63 86 18 68 94 54 12 52 80 84 48 38 0 54 58 59 42 6 12 90 0 9 188 98 59 81 79 63 36 43 26 93 33 40 30 0 10 34 95 66 114 0 40 25 51 6 37 62 78 88 106 51 21 136 100 66 94 30 53 3 88 81 46 21 94 60 24 24 0 89 89 90 24 38 21 32 71 192 40 0 86 65 43 172 35 68 16 55 60 47 180 66 50 35 0 116 108 22 66 96 103 8 44 0 50 20 85 31 0 57 0 64 69 99 125 119 6 15 74 0 28 13 104
39 49 84 17 35 99 49 13 137 18 126 24 63 47 10 0 206 120 201 16 88 0 32 56 89 82 46 49 105 183 73 56 67 82 72 66 64 40 8 78 145 13 34 67 36 36 120 119 66 5 21 172 145 26 161 93 74 36 132 0 62 76 0 144 114 52 54 103 105 91 73 126 122 91 53 0 12 4 73 125 78 206 0 42 282 39 49 0 11 48 3 43 90 75 108 65 0 94 105 76 32 120 32 51 34 51 63 45 66 0 64 58 152 8 46 16 129 69 64 73 123 24 43 84 91 82 137 42 45 169 39 25 143 15 24 149 109 176 33 25 95 130 17 53 80 50 146 42 71 104 46 20 132 77 21 113 52 26 121 44 50 139 52 102 2 24 56 7 44 74 61 147 128 66 9 60 17 112 131 146 72 172 76 82 61 14 141 27 112 154 69 91 99 136 109 23 61 178 9 56 26 18 20 90 18 8 29 18 98 106 83 74 35 71 79 76 69 39 105 85 69 24 109 97 58 49 121 76 239 147 104 28 30 83 25 127 81 86 132 65 132 23 35 33 63 16 131 117 104 13 18 45 103 41 134 103
30 56 133 101 10 211 9 25 72 70 120 20 18 62 133 96 76 61 68 0 174 59 140 105 155 67 187 130 49 95 145 117 115 20 102 72 170 32 98 73 181 48 180 48 60 95 141 67 105 99 95 155 72 126 63 153 27 67 111 8 34 191 91 149 20 145 72 36 275 124 106 4 67 29 8 60 111 62 103 143 148 69 13 119 156 98 99 103 197 83 72 76 38 117 49 104 9 38 54 173 48 48 140 81 59 66 23 0 120 91 88 125 141 66 29 68 208 197 69 35 159 132 89 32 157 78 45 40 20 72 83 62 88 28 56 195 152 176 66 204 35 140 82 170 75 92 27 75 37 114 48 77 94 62 190 29 187 214 101 126 54 24 85 151 100 90 159 63 93 79 223 83 72 112 94 53 68 121 3 88 24 186 116 99 140 82 26 183 157 35 35 137 0 0 16 94 136 61 104 70 119 128 93 45 93 9 40 121 92 177 45 117 130 147 11 0 23 30 291 174 361 53 6 215 0 121 56 68 96 63 17 26 84 111 0 81 56 107 76 183 48 78 109 5 91 138 133 163 187 144 87 72 24 59 100 106
27 10 121 44 0 6 0 10 0 55 1 113 14 29 0 40 55 65 46 66 7 16 65 107 24 119 37 55 10 24 0 53 15 27 52 83 73 20 54 86 125 7 146 21 103 0 61 73 59 5 32 50 105 108 19 16 15 36 10 8 26 49 0 42 0 131 49 36 45 35 95 0 27 7 18 49 63 128 15 35 7 0 16 50 41 32 107 34 0 28 58 11 90 47 76 119 22 52 30 0 72 0 15 71 10 57 70 35 7 34 14 28 0 107 109 18 56 0 25 0 6 12 21 18 9 7 24 40 6 49 126 0 39 7 97 83 131 100 27 6 1 45 91 31 14 57 59 31 106 56 108 42 41 30 70 14 0 12 124 96 41 3 31 32 8 94 91 61 0 72 51 20 4 0 0 0 53 91 12 94 4 33 30 64 0 17 18 40 0 61 18 32 56 0 82 10 49 37 11 16 44 0 46 10 7 63 0 59 24 20 44 72 15 29 95 63 48 27 60 35 42 2 52 3 24 15 36 84 84 30 28 58 113 61 63 12 27 141 2 51 60 6 5 47 57 28 0 2 42 46 36 74 30 70 35 12
94 109 88 63 89 106 36 18 116 0 18 93 31 111 89 0 27 6 10 54 36 0 14 56 0 113 82 92 59 204 101 24 0 3 24 27 162 55 0 56 147 18 21 21 99 49 93 19 0 155 56 30 60 24 61 82 40 100 175 136 0 115 0 0 42 78 265 14 142 89 63 94 33 24 85 0 0 42 79 54 18 40 0 69 44 128 173 21 114 14 9 106 124 109 30 33 35 18 165 54 75 49 48 51 75 5 42 90 45 127 31 27 126 71 0 33 0 48 32 42 24 0 80 54 153 131 40 80 56 90 24 100 0 40 0 87 95 0 59 128 92 107 72 265 38 160 35 124 0 112 12 35 42 0 91 83 59 63 49 134 15 48 0 133 25 35 27 80 9 45 38 27 30 108 24 30 51 21 97 0 54 113 36 32 89 15 96 0 11 72 75 70 75 78 298 3 0 81 55 35 71 5 60 153 0 77 8 24 127 6 30 120 104 15 35 45 69 15 14 62 161 78 86 138 0 56 0 35 72 92 136 111 0 88 96 129 81 60 80 78 63 39 21 137 114 50 80 102 0 89 5 29 126 43 90 30
92 103 41 21 124 0 6 45 80 92 48 117 50 60 128 65 62 17 139 34 130 6 44 121 141 49 102 113 42 54 127 47 86 50 84 66 122 48 8 169 62 102 34 104 145 5 0 32 18 45 1 123 111 62 18 49 150 155 139 39 0 157 23 108 131 10 206 36 93 71 66 40 12 80 47 40 116 128 124 45 21 0 56 172 46 82 10 70 27 0 58 45 31 70 2 66 7 50 5 40 86 54 105 61 90 112 84 0 109 64 82 73 45 0 20 80 14 0 103 78 58 42 45 9 97 94 20 15 36 66 94 57 87 110 78 122 81 48 64 84 36 82 101 64 158 101 169 65 118 117 112 58 14 87 196 81 14 93 196 21 107 17 99 145 30 4 28 127 138 124 80 9 5 49 88 73 49 88 42 126 54 106 6 133 18 38 4 132 66 45 49 69 93 99 98 1 0 82 18 56 82 22 47 0 78 76 108 51 45 138 89 45 0 37 65 145 103 35 0 80 66 123 0 54 42 18 3 101 230 150 148 69 91 60 120 85 118 42 54 81 95 61 90 48 80 40 30 24 102 91 21 111 82 5 3 76
49 36 101 69 43 15 36 78 70 0 65 0 144 51 24 32 14 99 108 0 31 9 150 130 81 22 59 21 20 25 86 107 32 0 36 9 75 39 40 155 151 86 62 104 79 186 29 100 27 73 30 24 54 19 20 14 97 24 66 43 82 99 8 45 25 30 62 12 112 45 124 123 127 94 66 135 0 184 79 95 36 6 52 4 30 54 38 36 16 33 37 65 101 208 105 110 28 33 66 74 29 2 28 114 37 54 61 148 32 114 28 58 25 123 25 41 139 142 189 66 78 48 130 68 63 7 93 42 72 73 0 191 70 107 96 148 36 0 3 36 125 0 56 64 76 145 20 185 140 0 92 0 56 48 122 35 118 103 146 143 52 27 42 87 67 102 20 39 98 126 63 67 24 29 103 40 121 92 22 63 53 16 73 0 73 42 41 98 116 82 30 178 70 104 195 73 121 120 48 26 20 190 89 52 57 54 1 50 96 129 22 36 2 209 194 193 33 113 9 154 234 44 115 54 80 98 168 16 34 71 161 75 172 97 66 59 40 61 64 41 103 39 101 128 0 0 76 137 40 19 0 89 2 83 91 111
0 70 56 70 65 3 0 56 42 59 47 29 17 94 48 18 37 4 81 97 70 48 28 113 21 90 81 239 30 84 108 104 74 6 28 69 46 86 26 17 96 86 198 35 18 18 118 40 40 55 21 125 74 74 61 112 95 45 158 0 10 104 0 203 78 70 146 10 144 33 22 43 0 44 3 113 24 39 109 10 0 24 85 9 30 93 14 52 111 212 27 32 26 54 33 43 2 18 37 83 60 135 125 44 18 2 150 74 82 89 14 35 44 90 17 74 136 60 91 0 122 13 175 35 50 0 25 0 1 53 26 9 54 91 54 46 62 24 158 19 14 31 120 45 12 44 0 47 37 35 28 94 28 18 26 35 8 119 28 47 52 11 171 122 2 7 71 35 50 80 122 19 2 63 74 54 59 70 15 164 0 63 36 4 0 39 70 3 21 98 6 88 6 131 166 17 28 15 58 37 8 91 40 86 119 63 34 38 13 86 60 103 7 41 91 172 174 121 40 12 72 43 40 8 71 99 37 53 43 113 117 46 79 18 21 16 50 19 125 46 81 39 138 58 18 36 12 22 23 45 55 128 0 41 85 26
119 51 107 0 0 0 0 25 150 0 6 24 63 62 26 110 30 8 0 56 14 45 0 36 42 64 105 160 38 0 5 0 29 11 16 0 78 83 0 0 30 50 148 125 36 0 40 38 64 42 0 45 32 97 0 18 67 0 0 0 28 51 74 48 48 90 0 120 10 42 0 6 56 35 37 0 0 92 63 26 67 32 68 32 18 58 0 0 32 91 0 168 85 0 38 43 18 0 168 0 24 30 0 35 0 28 72 0 60 140 0 61 54 81 53 59 56 54 0 0 93 15 63 26 12 120 35 0 74 3 74 79 139 65 95 137 103 14 6 16 13 70 57 26 0 7 18 174 4 68 0 8 15 15 146 24 49 0 66 9 41 105 102 101 12 0 30 0 185 92 10 0 36 63 42 0 45 32 24 46 49 205 0 18 92 41 23 120 119 0 56 108 54 28 35 0 54 35 28 176 8 128 120 108 32 132 6 21 0 0 22 30 6 64 0 24 109 69 9 17 2 35 40 0 45 33 12 6 84 97 69 36 54 203 28 4 20 0 96 68 80 51 84 0 14 130 65 85 98 97 0 77 12 3 72 151
7 64 65 82 35 38 61 31 130 50 15 17 5 109 42 100 0 6 62 0 0 49 81 140 6 58 113 81 63 64 30 6 60 56 45 38 169 84 0 25 56 90 26 160 84 124 30 134 55 104 0 2 39 14 30 28 121 40 40 45 6 93 55 39 69 11 20 6 58 15 150 81 83 49 8 28 18 76 59 117 28 70 56 94 46 90 56 0 54 36 73 33 44 143 83 141 30 36 66 31 54 45 10 18 91 68 115 103 35 94 126 69 7 130 36 25 42 135 39 49 126 114 16 65 97 0 75 66 95 0 0 68 90 16 70 111 16 0 74 32 90 93 18 77 100 22 51 156 21 145 18 0 23 0 307 88 59 125 47 75 59 90 64 48 0 63 165 21 85 141 9 158 36 84 100 35 34 4 6 71 61 146 109 78 41 39 78 47 160 69 73 162 109 33 20 21 45 64 50 156 40 66 62 76 24 126 28 8 117 48 47 106 51 107 61 71 0 74 92 88 49 32 35 16 20 148 123 39 76 75 72 34 111 115 63 32 15 61 4 24 69 88 3 76 33 26 82 124 8 125 0 63 104 56 83 117
0 63 28 65 43 105 15 5 0 5 0 156 30 56 141 129 81 0 38 147 5 121 158 0 50 42 81 18 163 105 68 40 15 45 63 2 156 16 0 71 132 91 81 0 238 178 47 39 32 83 0 48 25 16 37 69 45 156 49 0 0 131 26 88 61 30 126 14 52 0 9 41 0 121 81 134 145 0 50 111 89 32 77 0 15 0 152 0 22 23 0 56 63 123 111 133 36 16 18 95 104 11 91 33 14 40 59 19 117 0 63 154 0 118 81 0 72 82 162 0 106 58 102 45 0 31 27 180 0 75 91 64 54 18 25 42 132 66 44 0 0 35 56 42 35 72 85 143 35 14 64 64 14 0 99 49 110 113 24 31 97 8 97 107 39 10 0 76 0 163 49 71 65 168 82 40 6 44 35 0 35 80 39 0 5 36 55 16 144 54 75 20 0 91 80 104 20 98 61 56 24 0 26 45 32 12 34 15 0 150 51 38 0 54 32 0 35 34 2 54 11 0 47 40 36 74 79 24 157 120 51 30 88 40 63 30 40 97 35 115 89 0 21 69 104 30 81 20 146 36 53 57 0 83 0 20
24 46 92 163 15 46 42 97 0 0 36 7 211 64 43 18 179 64 54 51 3 102 51 100 51 6 73 36 10 65 145 28 4 14 24 73 50 28 64 59 0 68 58 28 82 45 168 8 89 44 218 63 78 72 113 10 82 0 0 68 16 86 40 82 35 114 17 25 114 82 87 56 0 110 52 0 0 84 192 48 38 0 0 0 18 67 49 1 51 46 12 127 120 51 20 61 18 64 102 19 54 52 81 58 6 2 106 34 28 79 12 0 0 106 78 98 142 0 35 16 66 91 129 52 6 82 55 135 68 69 37 46 62 89 48 80 58 72 117 26 42 103 61 60 7 150 54 12 76 0 21 18 114 21 154 64 114 40 58 38 38 40 54 152 56 122 8 147 114 28 5 0 65 0 48 43 86 2 73 111 18 46 120 40 6 68 15 141 64 186 179 98 0 56 33 50 12 77 12 92 18 36 76 82 40 4 16 116 48 48 0 84 15 44 57 35 57 83 139 54 12 49 40 17 81 90 87 172 60 88 74 15 172 87 16 50 32 18 69 154 0 116 63 59 16 64 56 48 181 60 52 9 40 131 57 86
8 98 137 46 0 43 68 28 72 18 146 36 12 142 0 46 77 29 158 27 4 76 36 42 0 6 105 16 26 173 136 181 0 30 59 70 109 48 49 81 158 2 206 35 66 48 55 13 90 107 5 0 36 88 18 144 55 0 117 76 88 122 84 90 84 83 52 58 216 100 63 11 49 63 99 54 74 96 62 42 35 122 0 52 25 95 27 114 75 78 35 27 134 112 0 133 110 50 63 65 80 76 42 27 20 72 126 36 14 25 56 151 45 225 6 35 99 61 36 40 84 45 76 25 127 209 130 20 41 54 46 64 18 70 24 56 98 12 177 24 90 74 53 83 18 122 48 272 150 150 0 0 27 104 204 43 72 150 158 124 52 42 73 106 36 41 65 88 116 47 263 45 60 78 0 152 134 62 0 136 68 143 145 112 109 6 129 78 99 18 81 132 5 69 102 0 44 51 28 0 91 12 93 86 4 45 0 0 62 155 87 124 68 60 100 27 34 68 132 58 108 41 39 162 20 92 96 137 154 129 18 29 60 37 0 82 41 12 18 66 56 4 50 81 66 20 14 151 42 180 72 0 58 24 68 34
85 58 30 0 109 0 46 53 48 52 9 14 37 94 124 24 31 79 102 0 0 126 125 81 133 68 141 18 62 168 35 94 17 0 32 50 125 10 42 34 56 3 0 3 73 44 87 5 26 119 24 45 126 45 0 135 51 74 24 79 87 143 48 67 105 89 114 0 102 155 2 0 45 42 102 98 84 50 39 26 36 0 128 72 10 35 30 0 0 45 71 0 0 41 94 203 63 54 35 78 51 54 0 60 0 76 99 5 0 0 104 45 49 9 9 111 0 24 90 49 51 3 87 83 20 100 59 61 68 144 35 76 82 116 63 77 26 9 185 114 9 30 75 0 120 81 56 29 75 36 81 0 49 0 195 67 178 47 40 88 39 0 47 12 27 90 105 58 84 100 108 126 0 19 59 20 36 5 0 83 77 286 107 1 75 2 0 10 167 49 0 126 117 106 77 5 9 165 46 119 56 88 53 0 5 153 56 21 28 192 114 25 0 122 70 45 45 133 14 142 138 106 79 76 71 10 28 105 100 12 144 0 117 84 207 121 125 21 72 201 29 0 109 59 52 54 173 78 116 45 16 67 61 65 9 195
24 0 166 141 39 79 60 22 0 129 0 54 7 0 107 54 130 30 42 168 0 0 25 168 9 81 12 0 63 64 85 104 6 43 12 27 148 0 0 183 8 25 58 8 51 47 117 81 56 1 0 65 87 72 74 48 58 126 0 81 54 53 42 30 62 26 0 32 72 0 27 44 72 133 79 81 66 0 110 27 28 0 42 28 127 40 44 211 0 54 64 63 63 27 92 140 49 6 0 90 89 0 60 48 0 78 45 14 132 0 24 42 61 29 56 98 0 12 40 0 73 56 96 81 107 122 126 35 64 8 95 21 151 9 78 44 40 7 38 68 50 63 111 32 0 77 61 72 62 51 8 126 51 60 0 42 61 70 28 45 60 114 145 171 39 71 60 51 44 64 0 16 3 71 0 96 0 67 123 63 0 62 0 71 24 46 45 42 27 140 83 70 94 80 79 25 84 41 82 55 60 54 48 73 0 2 120 0 42 38 154 48 27 57 71 24 28 123 0 72 72 32 186 63 0 4 107 214 54 51 5 0 117 138 56 105 51 77 0 153 24 15 81 0 88 18 33 134 86 78 35 171 10 9 24 99
165 54 191 45 52 19 30 0 156 81 0 45 46 0 0 87 45 29 3 96 0 5 24 109 29 36 54 81 52 103 72 31 0 37 81 0 64 18 0 44 0 22 63 52 155 23 73 69 0 10 13 69 0 49 0 28 123 27 12 54 34 0 0 10 40 84 138 56 49 0 94 0 162 35 82 6 0 63 81 0 45 90 7 83 10 82 12 16 99 24 12 139 20 53 79 48 57 21 185 27 57 0 93 52 44 0 63 87 16 126 45 79 126 63 47 23 90 128 67 10 63 27 70 48 0 78 94 39 24 56 0 103 134 0 189 46 27 22 72 0 54 111 135 32 9 72 92 82 0 14 50 0 0 0 48 62 49 40 63 57 26 78 62 81 22 8 0 0 0 19 0 63 44 63 4 63 36 63 3 123 38 79 0 20 61 17 13 150 20 81 5 63 0 0 161 49 134 30 0 54 20 49 153 101 12 60 4 27 8 9 80 77 30 52 70 40 21 51 0 54 17 4 10 127 20 152 4 62 38 0 24 60 3 0 14 0 44 0 0 80 72 2 21 1 63 239 41 36 18 60 0 72 18 59 27 148
24 44 21 39 11 103 24 0 134 45 5 18 0 147 111 81 16 162 116 0 8 21 54 129 87 94 94 30 42 134 46 18 45 40 21 133 81 39 68 1 0 42 99 128 12 67 75 102 87 84 78 0 157 227 71 30 38 33 0 12 115 147 110 21 55 100 120 127 16 96 77 141 81 87 149 62 81 65 45 24 85 72 68 120 72 17 68 24 0 147 72 0 100 110 26 228 85 54 38 87 135 48 42 25 39 92 89 56 10 0 59 51 90 44 101 40 65 72 197 6 35 80 86 182 118 58 28 21 35 48 0 99 125 153 169 178 57 13 89 81 42 28 52 94 54 111 138 133 107 80 167 31 34 28 119 116 48 0 26 175 24 27 62 68 78 147 187 3 164 42 130 118 50 12 28 24 83 90 21 0 60 182 204 48 41 13 20 267 169 31 71 141 89 98 94 117 55 20 48 87 121 58 200 55 18 200 31 33 58 93 126 132 19 85 30 82 61 24 45 138 151 68 233 179 0 45 0 88 46 140 56 72 85 33 125 64 81 30 6 41 8 10 0 22 21 51 54 202 219 69 46 99 16 21 103 107
96 51 0 120 9 61 52 93 60 14 117 45 67 54 27 0 0 18 37 10 0 14 10 52 44 47 12 25 3 51 144 15 10 0 4 65 6 32 0 35 49 29 0 9 79 100 20 9 18 34 0 24 42 100 62 36 0 39 51 57 40 100 27 35 114 0 164 80 86 81 39 11 0 68 12 15 8 6 22 4 99 0 16 74 0 93 46 66 139 12 0 120 38 69 82 84 28 10 72 43 40 50 145 18 107 18 17 76 29 72 16 57 0 0 0 20 45 32 53 128 69 62 108 7 27 47 49 20 9 45 8 19 12 2 72 86 0 32 8 24 94 30 112 76 28 124 18 62 0 18 0 32 80 0 35 81 31 80 97 4 10 36 0 75 6 60 53 32 71 18 104 45 49 66 8 47 21 2 19 50 48 72 26 79 26 9 0 48 31 72 0 70 4 51 64 0 0 0 47 0 10 62 24 72 0 0 4 22 82 84 43 40 70 75 102 3 27 0 125 12 72 0 8 77 63 34 27 0 0 20 45 25 63 0 0 45 80 0 23 34 2 23 63 95 0 82 36 45 64 42 0 10 89 4 176 163
37 0 0 154 0 29 0 37 2 64 14 6 83 67 9 61 89 27 62 54 8 61 50 10 22 100 52 9 52 87 148 108 0 94 0 32 32 10 2 76 0 57 25 82 53 15 48 34 55 43 53 36 108 125 4 21 0 0 48 76 0 39 77 77 45 16 129 10 26 20 99 104 12 79 141 111 81 37 96 80 19 9 14 65 52 32 88 26 65 14 0 93 5 0 70 94 28 76 214 20 55 16 59 0 72 78 47 78 98 32 47 11 76 74 35 103 138 46 25 20 18 46 57 5 54 73 94 36 36 63 84 33 20 66 0 69 75 0 18 0 92 14 132 115 78 82 12 23 16 44 40 18 69 32 177 47 28 40 28 69 57 6 0 14 0 45 37 18 21 114 86 32 8 48 80 51 0 2 12 0 128 40 37 15 3 22 0 177 42 112 25 52 51 47 92 9 0 40 60 48 9 19 84 36 54 19 4 0 53 31 43 92 73 11 25 78 33 0 18 71 91 6 30 85 18 0 69 20 52 106 14 45 184 9 63 56 40 177 10 34 18 39 16 25 8 16 28 0 135 69 21 64 127 31 0 0
89 119 47 34 142 122 30 82 52 0 109 37 186 94 35 9 56 126 142 15 75 149 92 87 29 29 82 24 30 31 80 58 0 43 40 269 181 71 0 45 35 90 131 25 245 262 104 12 8 113 112 20 173 162 96 66 214 36 120 0 16 42 0 72 56 185 144 51 40 53 56 209 123 93 29 158 43 98 34 104 114 4 77 99 36 28 12 92 99 18 92 44 54 92 83 168 43 144 52 87 42 65 91 78 102 32 74 156 8 110 20 87 78 27 72 101 150 77 191 96 97 116 106 94 172 76 42 6 86 60 151 43 131 88 18 62 85 20 12 46 57 48 89 14 43 90 80 105 94 76 72 101 118 102 92 35 70 143 263 33 54 136 40 36 61 16 106 25 217 140 97 104 10 0 68 44 71 41 79 169 49 140 49 121 42 83 21 62 25 185 35 124 150 213 183 175 0 105 82 132 176 78 168 92 4 26 38 149 282 114 63 25 57 227 67 104 6 0 169 130 171 44 67 126 115 185 75 53 149 110 44 71 99 62 0 146 121 42 125 63 98 250 214 45 110 162 64 27 206 56 0 69 0 75 65 76
12 0 60 146 25 113 36 14 95 29 6 17 36 28 139 3 20 37 16 0 9 39 14 92 42 127 20 75 72 3 5 21 3 14 73 63 49 19 10 100 92 21 6 69 84 6 32 7 0 2 56 0 148 27 42 0 119 24 47 25 7 152 35 13 24 56 45 0 25 7 76 104 0 1 25 0 62 18 90 56 103 0 118 24 27 88 17 70 81 27 27 8 109 34 57 53 4 64 7 87 0 0 171 56 26 21 68 24 51 46 72 0 56 0 5 12 85 0 123 4 0 11 61 12 68 52 28 16 61 31 10 1 61 130 42 92 14 24 77 10 14 16 48 69 46 78 22 14 154 13 142 62 19 67 140 0 20 8 219 14 12 21 22 26 11 9 62 8 24 64 117 6 21 1 8 15 54 6 33 6 24 108 0 72 17 0 4 0 18 72 144 83 31 28 36 11 6 45 56 48 0 58 30 14 0 13 32 0 32 137 104 0 45 12 109 80 18 16 63 44 86 30 46 45 0 38 44 64 125 30 37 75 45 63 53 23 71 0 0 11 107 91 0 7 5 118 3 9 63 0 36 0 14 37 15 15
54 42 123 0 77 12 148 37 94 163 119 75 94 84 6 71 54 0 70 66 20 0 12 141 25 68 13 24 120 6 128 99 0 16 164 14 172 49 0 71 128 16 88 0 45 43 130 6 206 45 96 0 120 50 46 151 68 39 63 14 76 94 128 0 34 60 78 28 104 145 91 26 81 92 70 79 36 140 53 61 45 74 21 16 80 122 144 41 110 0 3 117 39 61 58 82 0 44 121 80 93 0 29 115 8 163 54 136 25 96 114 72 126 127 56 53 225 44 51 30 42 56 2 96 7 71 145 89 54 122 69 92 147 5 166 25 109 2 43 64 58 2 14 47 48 244 0 52 43 135 122 39 39 48 28 76 141 110 197 107 146 6 100 105 38 30 38 0 76 105 72 14 10 124 51 66 0 77 60 83 64 204 117 30 96 138 49 263 42 42 71 52 8 48 110 16 43 73 34 50 113 16 6 158 16 24 137 4 72 81 30 127 54 51 100 86 41 21 34 123 118 33 158 64 52 100 33 48 190 24 108 74 23 61 24 71 0 17 35 71 67 15 86 8 6 68 85 0 118 0 128 28 78 56 18 49
32 123 63 82 32 35 101 21 100 30 45 81 12 0 83 74 39 39 42 68 40 0 66 218 84 65 64 68 42 24 4 138 40 6 42 130 200 12 8 65 63 0 177 38 60 67 63 32 55 44 0 70 50 16 103 49 93 3 40 0 4 103 101 84 111 82 80 18 166 33 189 80 32 0 48 30 30 47 0 44 49 30 27 72 82 41 7 78 8 33 12 91 117 101 48 38 15 5 174 4 8 27 40 54 118 24 41 102 57 40 41 0 0 30 30 72 39 0 36 33 98 105 72 63 75 64 41 99 60 10 60 14 116 56 63 57 139 65 79 9 40 85 22 144 5 124 111 0 105 115 12 61 18 123 31 17 64 5 128 94 9 0 51 92 21 125 122 10 14 9 0 45 0 63 0 90 78 58 70 0 112 66 102 21 51 9 8 163 117 155 69 12 32 61 42 60 24 119 6 48 63 84 29 86 24 63 83 24 38 115 21 82 80 67 86 100 16 0 45 67 194 45 45 238 18 61 94 43 143 45 21 104 143 35 0 6 15 127 10 0 41 22 49 0 9 42 37 87 102 129 15 136 91 35 28 56
3 149 6 25 13 43 67 0 61 123 44 6 58 15 49 79 21 24 218 81 120 49 31 128 64 102 66 40 136 56 6 6 42 34 80 116 63 0 88 67 23 29 155 28 156 14 71 67 13 91 51 0 0 91 56 77 121 78 72 2 16 41 30 36 224 15 171 0 111 170 193 94 36 60 28 28 143 105 168 16 26 45 72 264 42 14 50 14 36 119 8 0 93 154 56 22 24 24 43 14 108 81 36 45 100 34 192 120 79 72 99 24 28 76 95 54 117 24 177 76 82 118 155 45 130 0 16 137 16 70 27 84 14 25 42 50 82 38 109 62 72 118 70 144 60 21 194 58 36 80 76 82 42 6 63 79 0 87 120 39 55 0 107 20 12 0 71 35 94 0 96 25 25 14 12 104 132 56 48 90 48 55 63 40 16 7 0 170 57 56 100 95 0 28 142 4 136 123 18 42 163 31 130 63 72 0 96 28 76 99 99 178 9 0 87 36 14 40 48 80 82 30 64 53 24 62 83 131 51 132 109 45 39 26 14 48 50 110 0 45 170 51 81 80 147 56 4 63 56 146 57 193 0 0 48 0
68 39 117 54 17 0 69 37 138 64 26 101 69 230 71 102 161 0 131 56 26 116 43 39 105 32 145 2 49 32 172 35 125 72 142 79 110 45 46 116 102 82 22 64 38 49 29 25 25 95 99 53 4 29 46 6 124 15 100 36 27 163 32 106 65 52 70 79 114 45 95 0 121 49 45 137 72 71 106 116 21 9 0 21 16 141 7 82 8 76 14 167 56 33 15 99 93 0 22 108 26 84 64 44 24 148 0 46 112 3 52 91 137 29 7 180 166 46 111 12 66 94 101 108 129 153 121 67 43 0 0 110 72 97 74 117 53 81 52 0 154 140 88 155 6 198 22 172 20 44 62 0 39 72 188 26 120 104 154 148 15 77 15 46 95 56 89 118 12 18 47 144 128 144 66 117 146 76 35 80 78 64 120 2 8 35 12 78 53 144 45 61 78 93 207 65 63 20 144 47 71 135 90 24 5 105 0 0 83 104 75 0 76 26 55 109 103 0 30 58 81 25 95 84 109 56 104 56 46 29 126 44 153 45 0 59 35 193 115 63 98 52 56 59 92 73 0 126 84 15 18 163 26 72 60 75
25 51 9 18 0 42 12 9 0 50 53 73 44 30 72 69 28 87 105 0 11 66 25 15 193 56 49 1 65 77 94 99 8 57 16 61 54 36 57 102 123 69 40 0 61 8 75 69 9 61 99 65 16 12 14 12 6 18 28 0 0 111 19 116 125 12 65 53 125 71 15 21 21 107 40 93 8 137 28 107 37 7 26 49 12 112 24 35 96 13 109 0 92 18 80 90 44 6 161 71 28 68 25 11 48 114 30 27 69 24 128 63 68 71 66 79 114 0 24 46 53 48 50 69 45 116 10 12 0 33 34 20 79 49 71 71 36 90 48 75 76 29 41 92 14 63 48 40 35 30 20 21 50 18 55 72 46 77 86 62 47 34 68 40 64 12 90 58 45 47 95 60 83 55 112 71 12 46 6 75 122 50 90 69 64 69 11 0 186 27 25 62 45 2 194 12 16 15 16 66 39 37 155 36 93 45 12 9 146 108 79 29 39 10 13 81 127 29 43 82 127 0 20 54 24 46 79 47 150 45 78 103 110 142 9 51 10 43 0 26 35 43 21 22 73 12 62 4 92 33 27 71 102 0 99 38
23 56 49 28 35 8 30 50 142 32 28 17 10 26 15 34 114 62 79 49 38 0 12 76 85 81 95 83 43 46 37 91 29 41 14 93 21 21 14 109 142 24 54 94 132 110 58 38 9 0 0 0 104 31 129 100 66 18 96 0 71 57 0 77 30 28 52 79 4 0 64 36 0 79 79 21 36 123 97 21 51 35 13 53 40 144 45 55 51 7 21 81 108 137 44 58 28 44 137 62 16 7 121 87 48 8 11 32 100 31 28 47 36 57 30 24 42 145 76 0 113 40 51 37 34 0 43 12 0 0 2 51 107 51 79 116 89 37 0 0 54 68 6 14 24 32 49 49 93 63 169 49 74 25 63 81 64 40 150 64 6 72 85 79 46 69 88 15 123 37 40 154 90 41 46 14 18 53 14 104 27 96 0 39 1 18 21 65 130 79 42 8 67 149 140 49 54 100 72 39 94 20 15 115 55 42 41 18 36 86 159 44 2 79 120 76 104 6 25 91 94 18 36 111 27 62 21 83 78 98 26 120 109 106 32 128 58 2 56 40 62 24 36 0 15 84 21 151 18 37 0 47 43 34 0 161
27 36 74 99 66 48 35 0 30 0 62 12 90 153 0 39 91 66 180 48 24 15 70 215 15 112 70 116 111 120 35 48 73 0 48 42 107 139 51 71 48 62 108 105 105 90 140 148 120 109 74 69 118 122 75 101 187 5 102 68 82 28 60 80 103 30 131 0 40 159 79 116 86 87 122 52 36 64 182 54 28 56 37 0 87 30 124 87 0 88 32 5 47 15 179 94 30 146 49 68 18 45 63 194 83 100 144 66 119 23 44 48 99 108 47 0 32 42 86 56 66 126 54 40 32 104 151 83 44 140 89 96 18 25 72 94 69 43 52 24 74 52 30 108 42 89 16 156 147 96 80 8 212 7 316 0 246 62 213 75 25 41 56 133 15 48 141 38 12 78 86 146 119 40 45 5 0 40 3 36 0 233 90 56 19 51 30 103 76 36 117 96 37 30 202 24 0 145 45 74 198 0 80 78 2 57 19 15 118 94 63 16 59 0 11 80 68 56 166 54 88 30 145 71 49 80 30 75 175 68 77 27 102 79 77 110 42 92 46 196 77 19 45 58 80 126 70 49 98 34 92 90 39 4 104 134
4 89 113 18 51 0 81 8 151 61 29 48 61 0 45 62 93 6 6 54 40 67 45 76 12 8 69 78 0 4 36 42 10 44 0 62 146 30 49 0 0 8 9 0 36 51 167 23 108 14 5 0 39 1 30 35 142 10 8 10 10 16 19 42 54 13 227 18 17 0 40 120 72 69 122 132 81 36 67 94 15 81 40 16 104 81 26 0 14 48 45 91 135 45 112 161 0 47 43 0 16 18 0 94 0 57 30 34 4 0 36 18 0 166 6 8 108 39 206 5 20 86 38 59 110 44 18 0 51 88 95 60 74 60 135 70 24 13 115 98 48 81 0 42 59 48 48 70 17 24 66 32 82 48 116 28 153 18 64 53 77 0 59 159 0 54 50 54 26 110 17 96 0 98 20 62 62 45 0 36 49 124 69 48 56 89 138 161 16 101 6 6 0 48 116 2 99 35 76 36 15 0 0 24 42 24 21 48 45 91 0 0 0 68 0 103 37 50 62 78 88 54 86 81 32 75 86 135 7 111 86 147 142 35 85 64 6 95 0 62 45 0 16 42 72 3 0 60 77 45 32 95 85 80 4 112
0 8 110 0 6 0 76 14 0 96 41 23 65 14 0 65 75 30 54 20 67 90 0 79 46 17 128 69 76 81 87 77 56 9 20 0 31 99 0 0 15 123 56 0 9 21 24 98 25 18 49 0 0 9 42 18 3 0 56 12 179 3 0 8 11 45 56 5 32 18 165 69 79 3 64 55 63 45 54 51 7 6 25 4 36 102 48 0 63 49 68 84 63 36 144 77 20 35 28 2 35 0 21 9 45 0 81 63 12 88 15 65 0 8 11 85 147 66 99 27 77 42 81 25 66 6 70 42 35 82 58 35 0 200 0 8 35 0 35 0 68 36 0 0 7 82 0 128 0 5 40 4 7 0 42 54 132 124 4 72 67 9 63 0 42 0 2 27 2 0 76 0 104 20 49 4 104 0 21 10 11 71 7 0 7 0 9 6 8 166 63 5 0 53 39 37 54 0 6 9 53 0 25 6 7 0 48 0 73 72 2 53 14 28 18 86 52 91 63 22 35 3 0 56 116 84 100 3 99 69 54 0 180 78 20 28 14 14 63 162 42 18 43 54 25 36 2 0 89 35 0 61 23 119 8 179
6 164 6 18 78 45 57 0 72 0 59 1 10 167 79 89 48 37 63 42 21 8 10 133 63 37 15 32 58 8 38 0 27 0 1 140 132 0 48 0 56 63 4 3 75 0 81 0 6 53 68 5 84 0 171 45 24 125 67 46 85 115 27 63 54 58 36 87 132 170 36 1 49 48 56 0 12 130 36 85 41 66 0 135 111 32 72 42 0 18 7 0 108 56 46 25 35 21 144 70 21 33 36 7 0 0 90 59 0 103 69 0 192 20 63 108 148 74 49 8 123 23 0 45 83 21 22 1 43 89 48 43 62 41 15 116 28 4 9 162 65 96 24 21 54 50 166 28 26 63 39 84 33 35 84 79 0 9 196 62 0 0 15 16 32 84 44 7 72 88 40 184 105 35 4 0 8 6 36 82 63 63 36 7 121 7 9 16 12 20 8 30 45 48 135 30 64 112 113 63 175 108 61 81 0 126 18 0 48 68 36 16 3 78 14 9 61 0 0 87 30 39 21 63 0 60 71 9 165 0 157 7 81 84 81 141 176 104 35 64 121 90 49 40 128 38 48 60 18 48 0 59 67 36 0 89
33 92 121 73 33 51 8 18 126 106 81 74 50 64 161 72 73 84 153 42 72 69 8 86 101 125 94 150 107 4 12 75 130 30 224 136 104 0 34 155 80 66 102 59 150 40 0 142 10 8 26 7 42 24 159 8 126 18 87 0 35 121 30 54 103 109 105 0 136 86 190 152 129 0 82 76 110 36 85 37 36 0 36 63 40 36 0 110 84 49 0 9 112 90 134 128 24 42 67 174 55 43 25 133 102 85 137 79 102 39 153 92 40 24 62 74 105 152 175 77 58 229 72 95 118 73 91 122 47 124 84 72 38 152 40 107 140 70 148 9 71 51 38 93 94 68 41 117 144 218 56 25 78 65 125 32 164 134 171 58 53 47 65 48 0 36 133 15 50 104 105 188 182 138 99 133 19 105 13 115 22 67 111 50 57 27 0 54 182 31 64 170 54 80 87 61 105 99 33 48 246 77 150 111 16 5 8 44 106 104 0 0 18 123 55 67 101 5 168 90 162 144 94 156 30 179 47 102 201 32 70 72 150 66 54 14 102 22 9 153 64 78 96 33 111 155 14 71 109 97 58 142 18 34 33 69
58 64 43 30 5 12 78 0 72 98 10 110 111 95 10 7 68 0 136 63 85 6 63 63 88 22 52 88 62 0 92 126 56 72 33 68 83 0 32 141 144 69 45 64 99 59 40 33 9 136 36 18 25 12 10 21 35 107 55 0 5 47 38 145 150 37 153 67 26 61 143 58 6 156 141 64 48 112 16 88 22 81 38 82 20 61 39 65 38 0 12 27 155 36 109 111 49 0 48 30 94 0 56 53 30 67 81 41 119 24 71 35 101 27 36 116 32 0 46 0 46 0 85 56 91 166 4 130 20 101 57 172 16 7 70 61 70 13 34 24 92 6 117 114 0 96 45 127 65 189 0 16 104 26 45 185 45 42 104 103 95 3 61 107 38 0 16 103 232 28 20 0 20 94 56 123 0 92 16 191 2 19 0 20 39 55 8 138 80 23 48 26 8 64 211 0 19 135 0 0 10 58 28 99 67 2 48 8 85 26 128 55 0 65 6 166 97 72 24 24 28 8 113 26 122 41 53 85 73 85 68 50 99 89 70 69 52 110 84 85 117 54 28 99 93 21 0 25 9 63 35 65 17 32 44 94
82 146 87 21 92 18 51 20 175 0 61 92 0 99 67 16 149 84 110 100 32 120 67 57 112 32 14 119 85 127 19 15 146 2 81 121 36 113 0 88 0 36 195 140 93 103 126 61 42 191 71 57 81 30 83 72 62 58 105 174 97 189 0 91 104 79 192 56 129 114 118 204 40 22 128 119 0 63 35 50 72 61 54 60 9 171 0 27 95 20 15 25 133 40 103 123 18 107 264 10 35 0 118 39 0 68 87 139 68 206 18 67 45 102 152 131 31 163 24 24 90 56 122 195 168 112 106 92 6 92 49 93 161 196 202 160 165 35 128 8 123 14 48 6 24 175 33 120 130 54 146 42 84 2 94 74 157 67 68 185 9 86 188 136 27 196 60 10 180 36 23 14 75 46 111 67 76 64 18 117 73 183 158 28 72 75 78 39 188 151 55 109 153 45 296 90 36 173 67 168 47 57 222 371 66 72 51 9 131 47 9 32 9 40 124 119 74 136 35 147 180 48 85 136 33 89 45 24 137 116 133 139 71 85 42 79 32 3 175 75 115 7 78 61 26 60 83 0 114 63 159 33 16 87 113 167
92 107 73 72 8 14 145 0 99 103 52 78 75 0 107 27 64 0 60 0 0 35 35 154 115 27 0 38 85 44 146 130 24 35 35 53 18 0 173 96 0 105 96 0 54 130 139 94 87 134 18 33 105 75 97 32 25 54 78 88 59 27 0 66 183 137 156 5 61 153 36 0 56 79 44 134 50 86 171 106 18 78 147 129 57 50 121 45 0 285 9 0 50 94 73 72 104 15 33 54 69 0 51 203 0 51 203 78 25 84 142 30 54 36 10 36 121 121 228 104 0 48 57 147 117 40 61 73 22 99 75 47 58 77 137 75 140 20 82 61 72 119 5 30 37 111 167 54 41 99 128 104 77 30 66 0 71 141 105 55 55 124 61 64 0 23 70 9 54 8 25 99 30 72 71 27 123 43 18 176 82 44 72 97 110 63 4 45 96 144 45 68 63 102 244 0 75 94 0 112 33 5 0 0 126 2 64 10 71 72 33 0 102 55 38 74 21 84 0 0 28 0 69 76 140 48 99 6 48 18 57 53 40 18 150 69 0 43 36 86 112 112 30 158 72 27 108 0 99 58 9 70 36 8 8 46
0 44 54 57 15 9 43 9 91 48 81 14 96 25 3 8 10 28 42 12 4 6 52 21 13 48 39 0 0 68 38 28 35 39 0 0 51 0 25 16 0 0 50 31 21 33 6 0 54 38 0 0 32 65 14 8 6 6 56 56 0 31 38 54 6 7 86 18 0 5 40 36 0 101 89 35 18 44 40 57 20 0 0 18 52 72 4 0 0 3 14 18 3 0 72 57 57 36 81 4 18 26 0 28 18 80 9 42 24 0 1 12 20 114 3 33 45 13 29 21 24 67 46 33 7 0 67 5 54 22 27 28 104 18 77 25 28 120 78 0 0 36 69 0 4 28 0 43 56 62 3 12 61 0 118 0 41 4 6 71 28 30 14 161 9 40 36 0 0 32 61 48 0 0 100 0 33 9 21 0 87 0 40 0 24 2 7 143 7 74 15 49 0 72 36 0 3 24 10 16 23 0 48 0 54 62 0 7 4 151 27 0 2 80 29 167 24 27 28 0 24 0 50 0 6 0 24 35 67 16 33 0 48 0 14 31 14 67 15 3 54 3 15 6 90 6 0 0 118 17 1 42 0 7 7 97
76 80 152 18 57 103 0 28 43 49 90 49 49 128 181 147 162 58 125 2 90 0 138 9 97 85 107 25 56 99 128 51 8 0 78 73 126 16 48 43 15 43 12 22 28 40 118 53 2 30 117 50 44 0 29 78 47 112 84 45 20 318 52 36 0 132 174 40 141 44 74 36 27 96 65 36 82 57 144 51 48 0 67 105 116 84 45 25 28 36 18 69 144 52 82 56 39 40 236 79 20 40 36 112 21 36 21 14 32 0 99 19 95 24 0 42 56 42 6 40 39 36 125 116 41 35 20 108 79 108 83 0 145 33 0 184 81 104 68 124 44 112 54 82 155 78 285 40 45 60 0 0 38 0 126 56 78 43 133 34 8 84 89 40 114 33 108 21 72 63 128 49 0 2 94 97 6 112 92 27 33 147 28 124 67 14 31 253 122 9 80 120 62 25 64 0 45 35 27 52 78 52 148 30 42 56 0 0 32 82 19 191 68 84 35 44 124 16 103 94 72 54 105 101 30 72 34 163 86 103 168 0 34 18 154 23 33 24 0 76 30 8 84 0 119 30 95 123 180 90 18 109 54 103 0 45
38 28 78 61 53 54 4 35 26 8 78 14 35 118 105 69 56 23 255 50 18 32 0 133 74 50 56 60 9 71 74 138 63 124 101 72 3 3 5 46 32 39 79 68 5 10 69 66 29 169 50 130 66 50 93 151 71 15 100 42 24 123 32 89 52 73 36 40 96 52 22 62 51 42 70 0 0 125 144 102 123 83 34 30 98 34 51 4 0 36 110 70 57 33 54 36 39 4 47 38 24 0 54 90 9 109 18 89 8 183 35 36 95 4 43 15 81 31 48 47 9 37 137 69 32 104 162 3 35 44 56 115 84 70 52 107 73 64 111 51 9 60 87 30 21 190 139 13 44 93 61 36 78 0 82 46 52 36 89 108 46 80 28 85 0 114 36 69 181 63 51 38 27 45 4 0 14 70 123 86 42 145 5 90 47 40 55 145 87 148 107 79 54 66 48 29 18 100 53 9 60 45 64 18 10 106 12 8 45 69 72 107 199 36 65 72 112 10 122 29 117 60 69 176 73 63 25 76 115 8 5 18 0 6 18 172 55 74 89 49 18 16 78 2 48 0 115 130 158 3 109 90 2 69 12 2
90 37 145 110 79 14 50 0 21 107 20 37 14 27 125 21 36 15 158 0 2 39 45 18 53 90 5 48 24 162 117 70 29 16 36 38 83 43 37 64 150 0 130 20 75 21 8 94 40 16 4 77 9 7 14 72 27 0 65 102 120 98 0 5 23 107 77 46 35 25 52 60 6 41 130 78 28 73 96 95 29 33 0 21 12 69 4 10 63 72 40 24 12 30 69 16 54 0 181 10 0 0 42 32 28 111 80 83 8 74 5 0 74 44 28 0 38 73 27 50 0 53 96 40 23 46 144 57 24 133 0 83 0 23 28 62 101 68 91 82 48 16 147 17 7 170 36 12 72 73 0 23 55 0 64 51 55 16 60 19 4 19 117 59 2 1 48 72 117 2 173 43 86 15 6 0 0 91 81 0 26 181 7 4 5 10 1 41 126 85 53 100 72 27 144 13 52 35 43 16 32 0 123 150 0 43 0 65 36 113 12 20 24 62 51 14 66 56 87 8 8 15 18 18 0 60 33 35 65 0 48 0 12 86 32 79 133 7 72 114 77 0 45 44 74 60 64 27 17 30 72 117 14 191 55 218
10 0 127 32 56 40 4 0 9 42 48 36 17 98 10 14 68 56 0 86 53 0 20 232 19 38 58 69 41 0 70 9 68 56 45 0 21 56 26 81 0 129 63 36 63 83 130 103 47 72 49 20 76 48 72 19 139 9 96 88 46 0 0 127 41 186 56 32 55 65 41 0 8 42 18 35 4 48 8 135 18 28 18 0 36 28 81 22 7 83 48 0 0 27 153 72 12 30 5 57 35 35 68 91 21 60 35 63 48 48 14 41 54 75 0 9 17 32 152 112 61 2 0 0 59 17 1 71 0 13 212 42 9 70 24 45 80 22 9 0 28 108 74 0 21 122 0 44 15 84 19 0 45 36 21 36 119 57 157 50 66 18 67 4 42 42 42 18 54 0 35 45 72 16 93 21 36 52 0 119 16 78 0 61 0 14 25 83 17 67 71 74 50 116 26 24 21 54 0 72 35 0 4 0 45 0 0 0 91 0 0 76 101 64 29 66 97 47 11 27 6 0 10 24 79 95 16 87 54 42 35 25 8 93 0 124 0 30 30 141 4 62 74 28 0 28 59 8 52 13 10 110 50 45 87 109
111 0 110 105 0 108 90 69 105 12 25 16 3 0 53 24 0 14 110 72 2 27 0 78 0 53 38 3 0 0 0 63 29 75 102 54 87 4 0 36 2 100 28 5 57 0 113 96 12 9 12 75 97 39 20 35 70 30 18 7 35 66 0 135 44 72 60 72 19 0 54 44 18 28 10 22 38 91 41 40 0 56 0 4 118 12 8 72 2 36 8 83 53 18 90 53 15 38 12 0 0 0 24 12 26 7 0 27 0 73 6 0 0 0 35 46 40 8 34 0 94 19 1 2 22 119 141 0 12 0 2 46 0 63 0 45 35 30 0 34 20 108 28 27 0 57 4 60 22 12 15 45 35 16 88 0 118 12 93 52 66 127 25 140 55 0 40 54 42 10 0 51 0 81 12 18 0 14 8 10 76 40 30 26 35 0 6 10 16 0 12 57 0 20 6 32 8 35 64 59 18 63 105 76 0 72 58 0 36 18 83 12 56 0 51 56 10 0 6 14 87 12 26 86 9 75 54 36 14 18 14 31 56 80 0 51 132 0 30 0 53 53 48 26 35 62 3 126 2 12 12 54 6 44 28 70
79 112 138 132 72 85 117 47 43 84 77 73 67 81 89 61 125 76 88 28 32 137 153 56 77 0 19 146 32 122 115 20 95 63 6 128 93 81 45 52 0 81 98 11 34 128 90 14 50 65 0 9 273 62 40 5 106 72 12 70 41 100 81 144 49 55 46 42 174 124 40 69 68 47 0 96 30 44 24 84 41 63 92 26 68 117 12 126 28 44 47 0 138 40 160 78 51 102 71 42 95 0 27 76 43 54 0 6 5 0 93 18 42 62 19 54 146 157 163 95 15 39 72 82 24 95 34 31 43 105 136 18 36 62 56 32 5 31 41 0 34 11 25 72 105 106 102 108 56 21 70 28 203 130 86 109 46 105 65 65 51 33 0 67 15 154 59 90 68 85 16 84 57 100 59 109 60 0 67 51 0 16 104 69 0 53 63 40 198 21 6 152 27 116 37 0 48 142 9 75 49 141 74 15 0 65 30 0 119 131 94 83 33 0 68 0 49 39 227 115 98 0 215 96 28 165 87 114 32 136 82 28 83 108 65 116 46 26 13 81 76 34 0 40 0 96 60 39 64 40 81 74 0 40 64 126
44 199 116 36 13 25 107 50 45 0 46 85 0 22 75 72 36 67 71 0 36 5 8 67 101 161 32 109 79 172 102 84 18 41 28 125 2 57 28 74 120 22 56 0 20 44 56 116 26 43 45 41 0 8 20 57 62 53 127 107 5 48 58 88 128 26 28 32 30 125 90 1 126 62 106 6 10 72 125 12 15 12 19 12 56 72 78 37 100 102 48 107 91 83 67 95 13 20 104 71 45 41 0 45 21 80 44 97 74 63 70 14 35 22 26 5 197 68 131 84 94 169 47 23 25 29 181 44 153 69 71 39 65 122 75 93 196 3 63 0 76 24 0 64 8 115 149 72 112 106 96 119 0 0 67 102 98 76 36 0 61 4 55 124 0 16 4 0 81 165 132 36 8 82 24 17 200 98 143 5 92 42 74 30 6 10 75 25 64 64 0 177 45 115 57 34 129 32 16 70 10 35 0 42 84 40 118 30 44 160 49 81 5 70 5 0 16 45 121 8 108 6 63 75 78 78 59 109 128 20 164 20 173 24 53 8 39 111 35 6 28 45 36 38 24 77 4 99 143 103 52 138 68 40 118 6
22 0 0 4 14 56 2 28 3 0 166 45 16 111 125 20 55 35 96 30 84 0 77 53 100 14 134 18 3 18 25 23 6 25 48 8 12 64 0 73 32 33 118 0 46 33 8 6 65 33 0 0 42 125 46 104 16 87 86 0 40 119 60 9 56 9 182 44 6 64 12 48 35 79 78 62 155 84 0 0 94 35 109 124 0 20 20 51 72 42 62 48 0 4 65 82 61 0 32 18 9 30 107 15 45 70 12 0 2 8 49 99 72 0 7 15 41 42 0 101 17 16 105 6 0 34 0 5 61 88 94 27 24 44 133 104 35 0 19 12 59 2 64 58 74 97 107 128 113 64 0 110 12 0 42 23 8 48 102 24 70 57 119 84 0 38 8 119 86 45 140 63 0 18 56 27 53 58 30 52 0 50 29 70 70 11 59 138 24 49 0 0 20 28 70 0 7 56 0 78 127 42 57 32 0 3 27 38 66 181 63 75 30 124 91 75 79 63 72 7 56 42 0 61 42 12 44 54 85 74 107 2 94 60 35 55 88 45 67 47 42 30 183 0 40 17 106 14 176 79 2 0 6 0 90 100
22 52 51 54 71 131 48 110 6 66 36 16 107 137 1 5 16 0 130 36 40 0 0 9 44 98 0 7 8 18 54 142 36 138 53 36 127 22 0 70 7 75 32 20 48 48 35 55 12 77 28 2 120 14 125 60 79 71 24 2 60 210 0 61 50 117 89 8 89 18 134 68 63 37 84 32 36 73 64 63 0 157 56 132 10 39 0 36 0 0 54 11 34 12 28 0 74 21 2 12 18 0 36 24 36 16 95 2 8 91 40 16 0 3 56 8 22 122 77 34 4 20 118 150 32 56 24 0 48 58 12 54 24 24 90 96 24 1 28 116 0 8 29 48 71 0 136 30 62 95 1 48 8 76 99 42 58 12 91 13 82 32 62 58 32 39 0 16 61 105 76 105 88 0 24 3 28 0 0 21 4 61 8 51 155 56 48 32 113 59 35 62 96 62 105 16 11 58 34 104 20 58 145 74 0 137 70 16 45 126 30 32 35 35 60 35 78 35 12 0 0 40 54 117 0 114 48 56 64 72 60 0 33 114 152 21 86 0 9 38 0 14 0 152 159 16 13 12 16 103 51 48 84 54 64 161
76 122 0 21 0 100 6 55 15 93 24 0 16 55 60 16 14 38 122 0 21 30 48 86 112 47 65 19 52 64 56 132 56 2 8 97 14 32 88 46 12 65 81 26 53 175 22 48 121 12 4 79 0 91 131 79 15 48 20 0 8 146 14 25 183 83 22 93 66 159 70 99 135 56 71 108 110 61 65 0 96 4 83 82 14 17 12 115 32 73 32 17 48 101 98 76 97 75 26 22 97 135 35 34 12 85 80 0 2 84 111 57 33 28 113 97 63 191 30 139 42 144 231 130 0 52 71 25 0 234 49 117 65 15 112 133 92 78 21 46 99 23 0 71 14 34 3 132 114 79 20 35 95 70 112 90 12 80 55 25 25 28 0 34 65 12 51 40 125 76 45 47 56 43 34 63 84 30 74 72 49 72 52 106 6 21 27 221 63 112 0 88 40 72 52 51 4 92 22 12 13 50 303 0 48 50 84 42 63 54 61 127 44 23 45 12 75 55 49 21 30 43 0 52 84 119 100 98 63 0 40 53 0 28 64 92 62 71 0 194 100 16 122 6 0 24 52 62 145 214 40 0 13 28 173 47
4 14 14 84 0 18 45 18 9 111 56 6 14 5 20 40 4 4 85 48 6 0 16 2 16 34 28 0 0 8 111 34 4 116 20 16 16 32 4 67 35 0 85 5 0 0 15 0 98 32 30 0 87 15 32 10 110 0 1 33 58 0 0 20 77 56 34 21 3 87 72 9 94 4 9 0 2 24 106 40 10 14 35 10 0 0 0 0 24 24 0 0 15 96 4 72 33 12 12 48 8 92 0 43 15 52 10 58 25 30 63 15 54 151 47 6 0 37 65 81 0 0 43 25 0 64 4 56 12 72 51 0 0 75 81 36 70 60 74 15 48 20 36 50 112 104 90 0 126 132 89 22 24 4 64 96 72 93 72 26 2 39 19 72 0 0 4 54 90 33 12 52 30 0 30 63 120 40 42 62 1 89 115 71 5 82 58 40 87 55 57 36 5 73 3 4 98 102 18 30 48 0 35 92 20 16 114 0 0 52 84 101 52 0 36 0 24 60 75 0 44 20 27 32 46 54 0 64 45 8 44 70 0 16 50 18 14 89 18 63 55 55 42 0 12 32 55 48 10 0 0 52 4 42 0 58
0 147 56 66 40 41 60 83 25 48 51 27 90 62 10 30 42 15 132 6 17 79 40 138 27 15 166 99 17 4 92 173 58 34 0 64 86 52 10 160 84 124 49 0 0 164 96 103 67 62 0 75 120 68 18 80 27 55 0 2 0 98 26 167 148 69 56 3 74 99 32 166 40 91 20 140 0 81 185 12 3 132 43 108 77 45 20 80 24 0 28 72 98 15 40 173 163 145 51 0 113 120 50 18 169 177 56 63 0 102 54 14 0 137 8 150 132 50 27 124 90 134 98 132 35 35 56 48 34 27 72 64 153 84 221 55 90 0 63 0 32 28 48 143 0 0 0 59 8 135 86 158 247 32 46 119 56 20 72 34 38 32 0 63 50 59 81 25 43 17 12 78 39 104 0 45 91 59 123 103 119 0 141 96 5 5 72 61 40 164 48 174 21 4 140 85 0 104 23 33 23 62 110 56 61 149 36 28 40 88 107 10 0 36 95 171 73 45 25 14 8 30 48 48 174 97 15 60 65 53 38 71 27 86 57 101 74 64 109 99 55 0 101 24 39 36 0 49 113 99 36 94 16 3 74 60
16 175 3 174 16 14 202 49 18 27 45 40 9 212 138 43 49 55 260 4 16 72 0 120 80 131 18 131 151 58 67 138 130 34 54 148 127 146 103 29 60 52 142 77 127 28 146 42 24 98 169 168 122 100 115 32 164 112 76 152 0 136 35 103 179 80 84 45 87 169 185 64 57 40 77 129 18 103 40 58 87 28 113 56 8 88 79 72 83 186 48 77 21 4 97 83 15 13 156 54 57 87 63 42 64 69 171 42 50 8 0 67 145 20 29 132 133 252 86 13 116 116 96 63 59 1 136 68 82 115 54 117 55 71 152 136 83 12 124 0 10 33 205 186 82 178 46 137 75 119 49 0 45 47 299 106 90 182 170 123 149 114 32 153 54 88 98 56 102 73 106 157 121 70 0 48 63 8 154 132 31 73 108 22 50 28 14 157 118 72 58 195 64 94 93 85 46 27 91 119 194 84 248 68 28 119 30 32 44 94 44 105 90 43 45 27 97 31 48 61 22 142 170 141 0 185 56 96 296 46 216 48 40 116 0 78 121 84 14 204 193 87 96 67 116 113 26 89 90 36 81 151 27 113 40 9
4 114 134 48 85 53 133 20 6 10 21 76 15 109 14 36 30 28 114 2 14 91 12 81 58 6 0 3 28 114 21 193 46 52 31 10 130 22 142 20 66 32 77 0 37 171 143 44 33 100 56 40 131 34 33 77 20 99 53 79 42 179 66 119 67 41 116 30 204 133 41 120 105 58 60 7 36 66 49 50 115 111 51 97 52 59 48 122 39 64 9 61 44 123 42 42 42 30 15 44 60 44 48 12 8 80 32 27 0 76 40 46 126 48 60 135 33 144 136 20 54 95 124 28 0 78 38 4 12 52 0 124 52 35 0 191 107 52 88 60 90 33 16 36 58 77 92 87 57 46 42 23 100 62 128 159 20 58 73 77 32 39 27 116 24 183 18 109 44 72 70 0 0 97 24 62 60 0 30 65 85 120 39 60 2 28 36 172 8 61 25 35 81 142 80 38 18 55 84 68 1 22 157 16 38 68 25 24 129 62 88 62 48 24 28 24 30 4 106 99 15 0 63 59 6 44 74 44 100 34 95 10 8 66 72 89 95 141 48 139 106 43 53 120 65 31 102 52 16 229 95 14 71 4 64 134
45 0 158 68 4 0 37 0 99 30 0 78 0 61 56 56 54 52 0 80 0 18 31 73 52 72 123 47 38 28 75 0 0 61 53 40 40 63 0 0 24 73 100 81 27 49 56 4 16 32 0 0 0 75 60 35 81 115 9 0 140 73 18 45 16 144 95 143 24 26 4 18 12 73 31 105 0 46 27 18 75 27 123 0 16 26 74 40 26 38 45 79 24 0 2 150 153 0 51 0 0 54 156 80 25 90 18 0 8 61 21 45 120 58 29 63 32 32 43 0 46 0 14 65 0 42 62 61 33 54 9 84 155 95 174 103 54 8 67 24 0 30 94 0 56 38 44 111 72 114 54 0 45 0 87 25 92 32 54 10 0 97 45 117 31 26 62 9 81 18 72 81 40 36 18 20 123 124 27 170 75 50 95 199 16 0 0 60 81 18 6 204 108 18 40 0 56 18 20 128 81 28 18 105 29 175 0 12 63 36 143 84 63 88 76 3 18 72 76 0 67 3 18 6 40 12 35 9 40 0 5 28 50 39 0 128 6 69 20 92 85 144 27 8 0 185 30 20 99 82 0 39 0 6 77 127
8 20 59 24 8 0 64 0 32 37 6 0 27 0 48 20 83 121 12 142 92 108 94 105 56 54 8 0 0 74 80 72 25 0 27 20 13 36 0 14 1 46 48 27 6 0 73 25 32 65 0 0 128 173 38 8 13 15 16 0 50 81 36 42 5 0 100 36 15 47 94 96 18 10 3 100 40 0 24 6 4 10 42 0 40 54 48 54 0 36 0 9 6 0 28 89 0 8 0 0 73 4 104 0 0 56 45 0 48 49 8 2 32 4 68 15 34 0 112 4 111 61 91 27 2 24 11 28 10 28 66 81 43 74 100 35 32 0 6 86 66 18 45 81 0 20 81 32 0 73 127 62 0 8 78 0 90 14 49 57 1 72 60 54 0 53 10 72 0 36 10 24 81 94 14 28 42 58 56 198 4 66 7 47 40 14 0 91 108 24 21 43 35 60 28 32 53 19 2 62 18 0 16 32 10 0 36 0 1 0 0 91 3 8 35 4 27 88 54 28 24 7 154 59 0 82 18 10 9 12 43 0 38 6 28 82 39 36 4 61 0 9 137 0 0 80 64 1 112 37 10 53 61 24 72 45
107 29 69 73 45 30 48 12 44 28 24 46 8 24 0 36 133 26 85 180 0 19 159 105 83 121 36 97 136 46 55 115 52 0 18 15 8 0 48 66 6 15 22 0 66 12 93 66 36 91 20 21 127 0 87 92 28 48 5 132 30 5 141 36 76 91 119 88 34 28 0 52 32 75 22 157 111 0 0 103 45 4 0 69 24 108 82 72 141 24 29 1 4 27 139 87 12 0 138 10 131 33 49 58 30 84 60 126 133 66 30 55 0 30 31 0 129 38 0 16 60 1 165 28 128 65 45 69 14 150 196 10 111 21 8 30 69 45 20 84 53 76 91 73 7 166 1 26 51 3 36 167 0 36 57 54 28 31 82 54 33 23 127 4 36 34 51 30 80 95 72 12 49 20 28 18 15 109 45 130 28 88 2 42 105 18 40 84 75 135 95 18 23 96 113 14 20 169 48 16 13 53 118 95 33 0 68 10 11 28 102 118 57 0 40 0 79 89 0 100 104 0 178 42 47 116 20 36 0 171 42 24 75 12 103 39 34 81 40 0 0 27 67 29 97 28 39 18 68 56 18 42 45 10 13 53
114 31 134 54 22 58 99 10 100 108 48 56 7 66 127 64 63 68 95 87 64 30 111 139 123 9 116 32 18 53 67 68 0 82 64 18 16 123 7 32 1 51 87 96 99 57 54 12 18 99 0 126 25 35 14 24 58 24 123 62 0 173 0 42 96 117 67 64 71 26 83 42 0 16 74 103 107 113 34 15 45 9 66 89 1 9 6 23 7 10 89 126 53 35 96 54 60 35 9 26 8 27 0 103 66 94 13 0 37 88 5 111 161 87 72 42 86 21 30 8 121 107 106 155 14 64 131 62 67 91 14 90 163 94 146 94 23 141 46 23 25 128 85 87 62 84 94 92 56 153 78 12 58 0 86 99 106 96 84 0 54 92 60 90 76 46 20 5 51 78 52 75 86 122 34 60 70 40 118 36 71 48 38 56 15 21 9 226 156 114 5 48 18 77 74 3 22 48 0 151 93 56 135 50 0 99 131 28 16 220 75 84 3 78 31 0 8 12 88 0 26 15 5 45 105 94 4 148 53 84 88 42 35 43 1 34 24 71 33 26 74 51 149 8 44 142 44 105 6 67 24 86 12 0 69 81
65 60 171 82 14 8 47 31 71 51 150 51 6 185 16 48 107 32 158 42 18 4 89 64 36 127 14 98 33 20 106 84 38 69 46 80 86 22 66 101 64 94 52 68 30 24 107 108 127 8 48 39 145 25 15 9 58 92 24 24 165 43 197 166 29 151 134 93 48 16 67 71 109 96 18 49 159 12 27 124 34 54 84 107 138 102 16 113 46 109 30 47 10 63 76 111 150 52 89 0 108 18 89 81 56 90 24 13 21 3 87 109 20 36 26 12 110 125 72 31 19 77 52 77 93 42 163 91 136 131 91 88 92 13 100 51 119 32 61 58 88 90 79 69 70 136 15 110 135 167 78 54 113 23 250 49 77 45 29 45 0 18 91 105 70 46 137 88 73 232 155 42 94 58 8 6 90 77 30 174 12 237 55 26 98 63 36 162 66 73 97 60 59 100 60 63 86 45 56 87 135 171 2 36 48 95 10 8 4 61 173 161 67 64 25 8 66 24 47 6 48 21 75 87 64 54 42 88 113 98 98 13 235 208 111 57 72 138 136 58 110 33 40 28 35 24 72 14 159 67 0 81 57 96 94 162
0 1 63 283 39 155 98 109 64 24 115 34 113 60 74 19 0 105 2 18 17 24 95 106 2 168 106 113 48 98 120 25 27 50 68 18 176 122 28 26 82 54 122 81 93 6 10 8 25 71 0 117 44 109 2 11 99 60 29 1 16 133 90 78 130 63 0 59 85 51 103 51 6 48 24 14 36 40 74 54 117 45 18 33 115 69 21 118 29 4 0 5 58 36 76 140 42 108 123 6 15 16 53 29 91 19 85 89 42 25 31 27 38 278 58 29 107 0 86 8 79 3 147 24 71 50 38 164 131 61 79 34 120 65 63 70 142 69 66 6 140 90 114 126 5 122 66 99 42 152 40 141 177 77 76 130 81 24 86 64 30 110 102 48 94 61 49 27 8 57 33 89 48 63 10 55 1 137 19 54 160 32 30 72 91 54 108 148 17 125 70 49 67 65 152 21 147 129 84 42 80 145 48 18 31 45 119 0 65 41 2 60 43 24 152 64 37 66 3 6 125 0 35 106 79 64 77 104 133 182 95 65 197 60 9 102 0 92 110 62 165 69 16 54 44 96 0 70 72 0 33 119 115 13 174 161
83 49 32 40 3 85 45 27 16 28 15 77 35 76 19 79 16 0 56 0 38 138 74 2 27 18 90 108 84 113 8 48 75 72 6 60 133 30 24 18 119 36 63 60 171 9 76 47 4 152 10 41 27 0 0 48 0 49 20 17 3 36 28 123 27 55 102 128 55 10 66 91 37 122 60 66 99 0 50 18 27 101 0 24 112 36 8 14 145 36 0 23 73 54 75 15 62 20 0 26 0 63 15 24 6 45 40 4 6 95 96 33 37 28 75 14 114 45 90 0 57 14 33 177 20 118 53 0 65 36 40 112 27 82 0 81 60 32 38 74 34 8 0 45 8 99 81 51 12 62 79 0 159 0 155 77 24 35 39 137 47 8 21 91 111 27 69 12 80 34 58 27 15 0 105 32 18 54 9 28 12 29 24 85 3 42 6 39 120 0 15 72 2 16 84 90 0 30 93 18 17 92 144 105 69 13 32 0 10 115 24 114 68 0 60 63 44 63 99 31 56 0 137 82 42 93 45 130 28 39 21 18 93 169 0 0 98 18 38 14 34 7 59 105 0 41 45 28 74 60 57 35 6 83 20 24
38 21 83 32 45 30 48 11 96 88 8 0 12 72 88 52 12 52 61 0 14 39 0 88 35 81 46 15 66 65 38 57 78 31 0 8 78 80 16 129 92 44 145 48 21 0 101 0 97 12 7 31 41 32 87 16 30 4 4 10 0 35 0 53 44 5 0 19 5 0 81 55 31 90 27 43 24 131 33 57 22 17 10 29 4 78 61 0 8 42 69 79 93 0 34 28 0 86 70 0 0 8 62 0 24 0 63 10 0 79 0 8 57 99 25 62 48 55 38 0 0 12 40 5 0 10 35 15 25 19 12 52 95 50 45 88 100 77 83 60 0 45 18 37 21 33 25 44 2 3 91 56 1 0 81 20 113 8 98 0 20 79 49 4 4 92 0 0 79 46 0 0 53 40 66 15 8 30 28 72 89 67 8 64 29 0 37 0 126 88 13 11 20 134 103 40 43 66 28 51 8 0 13 56 30 2 0 0 16 31 100 8 21 10 72 77 57 67 25 22 14 19 40 18 62 22 8 65 108 8 68 70 74 23 25 60 133 27 84 19 40 60 30 44 52 0 20 25 53 0 0 28 32 7 66 103
76 134 96 15 64 83 9 67 113 45 85 62 126 24 8 89 131 33 81 112 16 0 76 162 17 115 16 0 90 0 0 34 20 34 48 75 111 66 32 45 28 0 79 18 61 35 114 4 112 8 6 79 69 30 0 152 63 27 45 7 56 25 45 18 10 31 77 64 8 107 66 78 0 4 0 61 153 80 22 117 102 96 8 52 177 25 99 107 5 2 40 126 9 24 108 60 76 48 15 7 10 36 40 146 82 41 8 60 25 65 38 203 66 182 34 54 288 32 99 9 87 78 64 16 30 48 175 30 4 111 124 169 83 0 70 40 21 59 67 4 82 232 0 0 0 84 8 143 24 14 86 38 56 36 26 77 64 0 3 0 4 129 89 83 151 2 18 0 67 143 86 113 86 258 0 16 70 69 70 9 30 183 47 18 77 84 120 112 157 48 48 116 12 44 60 14 30 69 12 44 98 61 36 20 6 57 0 8 84 0 117 0 54 21 0 7 30 53 72 107 159 0 120 187 72 79 35 17 56 92 9 32 158 26 112 100 53 151 22 18 196 0 24 18 17 50 63 78 53 48 9 163 56 0 48 73
59 30 57 80 33 35 22 8 15 190 134 44 78 9 124 144 104 68 62 73 64 74 15 44 106 106 156 46 30 44 97 78 71 65 58 113 279 45 32 80 206 18 103 0 99 73 118 54 151 47 20 58 16 72 49 20 131 27 152 91 15 164 0 0 87 75 124 69 212 132 118 16 0 64 66 91 63 133 133 47 42 54 118 136 21 89 48 46 43 51 26 136 57 21 66 159 25 58 91 111 164 75 60 136 0 45 54 105 56 115 36 38 94 122 74 51 76 32 89 18 45 30 73 87 114 84 61 30 61 80 91 82 181 57 76 72 76 62 10 124 78 15 90 72 59 117 16 35 27 100 43 173 120 68 61 10 67 110 133 74 11 75 15 48 30 55 138 25 86 72 98 64 5 104 121 95 36 22 99 69 16 49 36 122 27 67 28 70 4 163 28 135 114 84 287 0 52 10 60 36 188 105 48 155 0 23 0 42 86 48 57 0 49 82 59 31 35 30 81 36 119 96 160 0 38 140 24 126 48 30 128 49 93 212 14 85 12 0 63 42 125 162 223 146 148 102 53 99 76 32 82 49 30 121 45 63
0 60 155 164 28 12 48 72 0 72 55 132 54 22 0 48 41 62 1 28 10 36 46 55 46 112 36 71 3 81 162 31 12 141 0 77 170 36 12 84 142 0 265 0 93 0 76 86 30 45 7 30 120 104 104 36 119 40 129 54 8 159 32 153 134 110 0 0 156 0 143 43 0 63 87 117 24 27 26 193 12 15 0 0 88 78 106 120 57 50 19 9 63 0 39 91 36 40 35 21 86 0 93 97 102 27 81 12 86 32 56 0 70 158 160 101 54 0 0 0 8 0 76 70 113 135 0 28 77 60 24 36 28 10 97 0 70 110 63 6 54 138 52 149 12 231 0 69 117 85 64 32 34 79 16 47 34 27 79 123 0 84 5 108 42 130 63 27 0 27 52 18 39 45 42 36 60 61 27 42 41 57 36 8 30 0 8 88 151 85 91 77 140 32 205 42 47 24 18 20 4 138 131 102 56 111 72 53 27 102 16 3 36 0 170 98 86 7 48 73 50 0 117 28 4 112 108 69 21 68 66 0 119 128 0 18 15 141 2 4 39 63 32 84 56 24 4 0 0 0 0 129 33 35 99 144
14 6 54 25 16 137 111 8 96 98 22 18 51 20 3 32 113 68 18 48 57 0 6 92 24 76 73 40 35 7 96 90 68 68 75 58 84 76 0 70 92 38 72 112 38 7 66 69 92 49 3 0 32 76 49 110 150 45 102 51 148 68 96 0 13 12 71 124 74 49 145 21 84 57 55 60 4 66 67 12 12 52 26 76 0 62 67 40 24 46 0 31 4 71 76 86 81 52 0 41 108 143 104 42 44 74 70 56 57 5 69 27 121 153 77 29 25 98 124 0 74 26 75 83 74 85 17 49 12 162 91 34 117 92 82 79 66 92 131 72 16 93 45 102 8 83 29 46 78 25 19 30 72 69 46 93 112 44 65 12 52 105 32 129 39 104 22 38 0 21 86 55 43 0 0 145 52 79 36 155 0 15 12 61 125 54 61 84 75 9 25 40 145 181 78 3 150 79 35 12 153 38 175 72 6 56 63 24 68 54 0 90 45 0 45 12 10 54 34 0 34 16 82 24 0 90 15 76 28 0 108 8 62 0 0 50 23 4 40 88 72 2 72 46 18 123 12 0 0 22 15 26 42 9 39 99
73 7 78 64 17 0 40 88 65 126 27 0 181 48 72 22 36 7 68 7 4 21 8 84 32 64 40 7 46 45 199 3 36 32 8 39 99 8 0 9 62 27 0 4 89 10 154 0 0 82 72 24 12 17 54 157 43 36 80 0 0 119 42 99 94 55 27 0 24 9 99 38 94 32 77 42 16 100 0 18 9 36 32 21 0 81 78 8 43 69 9 113 174 64 36 30 52 38 20 86 28 0 60 4 27 56 48 44 111 6 59 58 59 131 5 9 112 56 97 12 3 18 36 27 54 88 28 24 12 36 40 76 25 21 9 20 22 73 45 58 60 3 42 99 15 13 8 3 34 34 68 6 83 49 30 55 14 42 40 38 25 11 34 18 0 24 23 18 9 0 8 110 43 0 47 46 50 60 129 86 29 103 29 6 14 13 9 32 61 139 108 20 32 121 31 8 23 2 8 22 100 57 20 0 62 2 93 13 52 78 0 73 80 26 92 66 47 60 122 44 100 48 56 116 36 37 105 56 86 22 6 66 71 27 0 85 44 0 36 47 0 17 12 40 65 84 54 35 84 31 76 15 60 63 28 67
20 47 73 162 45 66 6 0 29 67 152 70 42 57 63 134 74 10 257 16 144 115 0 71 16 39 189 56 56 18 67 89 120 66 60 87 55 57 8 39 48 133 83 98 60 24 113 31 62 136 48 39 49 64 0 35 116 18 94 126 24 42 9 24 172 0 231 35 101 115 221 98 87 3 5 31 54 72 42 71 11 89 0 84 85 91 58 4 60 119 15 109 17 13 43 89 0 30 135 27 40 103 28 63 24 23 0 40 97 72 12 99 0 120 64 184 117 169 128 110 136 54 87 30 56 0 81 36 135 39 0 24 27 170 9 78 47 0 58 9 50 75 93 20 134 40 24 20 0 161 57 34 25 0 146 169 111 196 92 22 38 68 32 16 0 4 121 0 113 32 91 226 11 115 128 15 35 28 42 21 42 152 0 106 45 40 43 147 60 35 53 111 36 204 93 17 77 82 41 22 126 41 34 3 0 0 21 12 36 0 67 90 118 32 73 82 72 12 107 95 79 38 9 17 137 185 50 35 117 90 212 9 53 28 28 40 21 70 35 83 80 76 63 55 30 0 56 35 42 9 54 147 21 130 84 162
25 0 26 46 27 58 40 9 27 0 87 14 96 5 6 91 23 82 0 34 0 0 112 216 34 163 25 6 70 12 84 32 50 34 12 86 12 43 0 10 24 50 42 5 95 116 176 0 0 91 45 56 144 72 83 192 0 55 27 90 72 63 53 112 9 102 72 81 0 90 0 61 69 50 15 74 0 93 40 119 181 9 96 0 102 0 189 15 144 0 15 93 6 164 63 42 30 64 56 69 30 63 122 86 12 24 30 3 50 123 54 118 0 108 104 90 135 95 36 0 66 16 88 182 24 164 63 61 45 82 85 98 0 89 10 44 15 0 65 54 24 63 80 128 81 120 3 0 95 0 71 50 15 64 192 78 49 124 34 54 27 0 22 4 106 12 66 28 92 47 224 58 10 79 54 4 0 0 105 51 54 65 12 27 41 41 0 5 86 15 61 26 49 66 84 68 0 14 51 8 207 83 87 28 16 0 84 16 42 156 20 0 135 123 20 23 36 15 105 48 92 0 0 1 6 146 136 160 130 38 17 12 58 42 81 57 34 0 0 49 40 45 8 40 0 39 91 0 164 45 55 13 64 54 47 23
85 128 9 143 21 24 1 119 75 0 95 96 98 28 77 24 4 117 78 0 48 18 31 56 28 43 40 18 0 74 114 25 37 58 41 78 0 96 66 82 8 65 77 112 6 19 61 20 84 99 16 144 45 52 71 0 134 81 139 63 45 119 75 51 99 128 48 124 84 92 34 126 63 17 0 178 48 65 17 63 15 3 14 106 47 20 0 42 22 75 112 27 83 49 119 150 0 18 79 27 79 162 47 51 34 46 101 33 49 20 31 60 4 122 21 110 27 139 83 47 14 83 106 112 114 49 94 41 100 12 128 42 135 15 108 111 54 69 68 33 3 54 39 50 129 87 62 100 28 122 3 129 12 111 173 123 93 85 151 64 66 219 52 115 28 63 21 77 152 67 7 85 10 71 9 0 0 8 16 149 114 31 59 32 102 45 63 126 21 28 0 102 153 21 147 28 30 45 51 78 82 87 123 119 90 24 0 85 127 29 14 33 56 21 157 34 20 0 27 77 26 63 16 57 63 83 0 113 127 3 173 88 63 28 61 29 56 49 0 111 39 73 82 130 38 95 20 56 181 45 12 74 64 53 183 91
2 3 63 98 125 108 6 24 24 2 84 50 80 42 72 64 35 0 108 2 16 29 20 71 39 8 52 56 74 15 12 42 34 0 0 7 111 38 0 97 110 28 87 7 42 77 116 61 28 117 7 0 0 0 0 105 18 25 0 0 57 24 80 0 35 15 40 53 60 63 72 45 12 2 0 18 57 84 124 32 50 0 27 41 35 10 139 57 42 17 24 0 99 88 164 207 39 0 41 29 88 44 4 35 28 38 0 100 72 80 0 116 36 94 3 22 0 57 39 56 56 73 72 40 63 0 56 6 35 48 4 0 114 72 40 112 66 58 12 21 28 31 0 46 14 40 73 44 102 0 39 92 20 0 21 42 84 72 97 48 10 8 120 0 34 36 28 63 63 27 0 57 90 18 12 87 48 105 65 42 16 236 0 0 39 62 8 133 113 0 35 14 8 70 117 28 74 5 78 0 56 35 141 9 6 2 93 53 48 63 35 80 67 40 19 80 37 4 50 86 3 32 24 92 61 180 0 3 12 0 35 30 57 69 0 0 50 0 78 86 49 12 28 44 24 58 56 3 32 0 20 23 0 43 84 50
16 71 6 82 26 64 121 43 0 48 48 36 69 8 76 2 12 37 53 0 0 101 8 47 137 42 36 18 74 9 110 118 10 0 0 89 16 75 2 20 0 72 12 58 45 0 68 0 61 87 33 36 125 90 18 30 96 14 48 77 0 60 0 16 49 61 13 0 38 130 20 0 0 112 12 104 0 76 52 16 30 42 14 142 8 25 22 35 0 14 42 12 9 0 15 48 37 70 63 0 54 24 0 41 82 64 32 52 2 49 74 0 9 121 1 35 156 2 26 71 123 106 32 12 0 6 18 16 5 80 20 2 18 42 68 61 36 45 17 22 72 32 82 8 28 38 46 40 124 16 64 96 108 42 54 120 24 94 12 38 82 36 0 44 0 53 48 45 24 36 26 54 0 21 37 24 127 0 44 32 9 34 82 104 0 37 67 25 138 25 54 25 41 20 32 6 0 186 8 19 36 74 102 57 16 41 38 23 98 99 0 38 5 25 24 0 72 0 15 99 77 28 69 64 0 67 72 18 86 17 89 27 97 0 46 50 5 12 11 56 26 112 57 29 20 56 36 0 84 13 14 76 34 0 1 32
171 60 95 38 21 3 54 0 153 16 14 90 150 55 10 8 20 12 102 48 74 99 64 54 79 71 42 146 32 0 18 0 31 14 104 101 60 16 18 61 159 49 40 46 39 111 150 0 24 51 104 0 45 16 0 53 111 36 40 4 69 28 42 144 16 149 99 51 36 28 32 34 0 119 82 121 0 93 181 41 50 0 105 0 22 18 12 25 148 32 55 77 57 37 99 8 33 30 80 28 0 0 35 130 44 57 96 0 39 110 3 19 0 7 39 51 230 83 42 0 149 6 114 88 70 100 30 29 134 85 122 141 30 103 169 138 36 9 0 88 42 76 17 56 20 76 72 82 66 101 48 0 0 75 129 15 42 34 199 52 110 102 36 121 0 0 67 44 148 112 72 73 0 126 66 6 57 32 21 74 71 108 12 30 38 62 18 205 121 133 75 89 64 63 124 81 16 12 0 52 0 98 88 89 0 98 56 106 17 134 54 94 52 78 53 134 4 0 114 26 177 12 53 65 18 68 74 0 100 94 6 25 129 92 56 24 60 40 103 111 33 136 54 64 51 298 52 39 185 45 24 26 20 21 49 103
8 69 59 12 0 21 69 0 89 0 78 39 28 44 0 45 0 105 101 36 37 0 48 143 40 0 5 44 113 6 3 54 11 66 0 73 18 27 24 81 91 111 15 54 78 21 4 18 7 54 77 15 30 27 40 40 6 77 39 12 66 33 81 116 36 0 54 0 25 35 69 78 96 97 60 0 64 83 93 0 57 8 6 81 0 45 94 50 100 55 96 34 81 21 33 86 9 12 74 0 15 0 34 12 63 1 54 48 0 3 0 22 51 21 4 7 109 78 92 63 0 18 61 0 49 2 24 56 181 23 54 92 0 18 150 77 44 0 0 0 19 0 80 9 3 54 45 39 54 71 64 126 78 0 31 55 19 56 92 68 57 0 43 30 5 13 16 90 76 92 39 30 60 9 24 0 22 38 0 118 0 6 30 0 37 0 7 62 17 0 0 30 0 35 123 46 76 44 15 158 0 63 0 58 7 60 8 39 12 95 161 42 12 63 59 51 58 30 27 0 31 6 60 17 106 63 24 106 8 0 106 38 170 117 111 9 81 75 117 5 105 38 108 0 42 32 6 66 42 40 0 13 0 5 25 52
54 12 51 37 44 65 91 34 104 90 52 85 62 45 48 0 74 88 138 83 13 24 46 118 170 58 16 120 71 0 104 83 47 66 90 80 147 0 56 100 19 0 168 49 135 19 110 51 51 78 42 0 52 8 26 85 78 36 76 171 0 45 0 231 152 39 0 120 88 68 91 222 24 22 135 200 9 64 59 105 28 13 53 81 36 0 75 121 105 36 39 76 0 100 6 8 72 112 19 18 4 63 101 62 133 76 18 15 311 68 86 99 63 58 114 234 22 120 72 30 60 141 60 63 103 226 138 158 84 13 62 53 51 58 44 12 123 62 119 27 105 72 63 146 53 120 71 39 64 118 35 52 175 28 181 14 150 59 44 55 30 78 24 180 126 93 37 87 15 37 56 120 90 144 34 153 30 50 30 44 33 119 103 48 16 103 51 59 185 165 48 71 16 138 136 69 96 113 66 42 62 99 110 24 24 76 124 93 67 147 12 8 66 0 35 84 53 1 68 100 48 21 54 94 93 138 105 236 65 51 9 45 203 16 35 14 32 134 32 68 79 75 95 37 0 142 4 87 103 134 35 198 27 40 15 36
48 117 0 16 41 8 0 72 20 50 18 19 45 78 36 153 182 26 78 63 22 6 18 46 74 65 57 177 27 28 25 106 84 45 59 81 54 15 0 45 52 0 38 0 50 40 36 76 56 48 40 0 77 44 117 63 50 52 0 45 117 25 28 61 0 86 67 73 117 128 72 46 48 87 23 0 54 30 50 87 68 40 16 0 10 45 35 63 12 36 0 30 32 127 90 80 56 0 18 48 89 0 63 72 0 56 8 18 62 67 6 62 170 101 25 0 58 36 112 16 34 60 68 56 75 64 18 11 39 50 59 81 113 41 85 30 126 0 101 0 12 35 0 108 0 0 48 86 36 81 36 114 36 0 4 0 90 84 0 53 44 15 35 62 10 93 67 8 153 4 96 12 120 131 67 36 86 64 98 99 36 64 88 36 40 16 20 72 172 96 33 81 77 195 90 24 50 10 10 12 180 0 70 30 8 43 102 0 81 0 91 126 15 72 35 0 103 79 135 5 61 92 237 60 0 81 0 7 31 44 43 8 42 45 62 91 87 35 15 15 28 100 42 0 36 24 49 148 126 50 73 74 5 6 40 51
104 126 94 63 146 61 9 12 87 176 6 168 132 151 131 169 166 22 143 101 0 56 40 134 148 21 91 178 178 135 173 84 0 97 51 50 207 64 32 193 164 57 53 3 113 39 3 173 0 232 47 15 86 0 67 80 67 130 41 77 161 223 0 60 89 128 159 98 110 0 64 40 58 220 156 85 88 130 6 195 0 76 52 67 8 20 59 0 133 122 100 24 6 118 178 108 83 82 46 48 96 92 36 7 0 32 127 197 182 135 92 73 24 21 107 8 9 96 70 42 44 48 117 104 72 89 84 121 104 24 77 134 120 23 72 43 36 0 83 154 17 44 142 61 67 150 113 116 28 53 45 86 89 28 158 166 159 75 90 172 88 41 154 84 124 43 20 193 61 63 76 59 54 27 154 104 0 8 73 9 61 189 19 106 32 55 28 32 104 110 134 48 142 177 148 86 40 85 97 133 54 39 185 12 4 63 14 18 100 99 136 48 98 28 48 108 66 31 35 6 43 0 101 10 48 120 40 192 192 162 167 6 65 205 111 98 223 47 41 211 16 16 36 142 170 28 188 26 218 155 10 25 49 106 6 258
83 183 75 82 231 133 119 27 67 58 16 25 148 201 97 41 129 87 35 152 89 60 181 103 172 14 63 86 63 99 198 138 83 94 81 90 212 194 40 79 110 4 43 96 127 219 134 71 217 246 71 0 80 76 72 148 264 49 86 7 67 252 4 30 76 154 141 79 102 46 68 142 36 202 79 46 54 30 49 134 68 221 8 93 173 0 121 32 43 53 107 24 30 265 68 459 37 178 135 39 72 52 72 27 48 51 80 77 90 11 131 92 153 142 26 110 203 16 94 48 275 117 34 169 31 135 92 130 45 50 76 168 310 115 151 187 80 96 152 75 185 143 85 85 130 173 105 113 94 122 91 197 127 68 298 117 279 211 131 119 180 71 151 89 116 78 122 71 189 109 56 235 48 128 107 140 46 71 62 133 48 238 236 36 72 81 62 95 203 67 15 121 97 166 124 48 58 179 150 171 178 104 124 191 0 82 147 75 153 155 18 34 0 206 49 102 128 151 155 150 167 56 68 168 0 184 137 179 221 215 111 65 127 104 87 58 9 30 116 255 171 92 121 53 95 133 169 0 179 97 71 31 181 207 138 125
42 24 79 90 10 63 40 58 0 0 45 34 119 165 107 5 82 59 65 30 94 68 82 41 224 54 0 102 30 0 56 114 0 63 27 122 64 87 72 167 129 116 357 0 21 169 41 116 115 149 63 21 84 0 150 46 141 69 139 0 42 76 21 7 66 80 81 161 129 36 96 137 55 58 15 159 0 52 87 34 63 146 41 209 20 32 41 95 91 121 200 0 8 103 9 71 173 94 109 20 24 42 42 164 109 176 16 16 50 184 156 41 254 64 47 12 233 117 78 32 48 57 72 59 43 88 24 25 12 63 8 55 60 22 81 55 108 24 7 52 80 40 134 103 78 64 62 18 69 117 134 0 155 79 158 0 84 240 89 66 88 0 9 0 54 87 94 14 243 53 76 76 60 64 74 45 12 112 171 139 80 46 134 123 79 36 128 66 270 49 157 152 130 53 0 66 0 134 83 112 6 114 90 49 0 0 24 64 178 72 39 0 72 136 48 0 162 24 107 60 140 42 113 113 21 120 182 70 0 72 22 48 93 0 56 103 38 24 54 88 41 183 125 114 43 54 91 15 102 51 89 286 0 69 70 3
0 28 102 72 18 36 45 6 60 50 39 35 15 26 96 18 98 37 2 72 6 41 4 164 14 94 0 165 75 47 68 6 0 60 4 99 30 28 0 28 41 0 50 78 78 66 66 0 30 0 20 49 75 79 0 44 24 27 27 0 54 76 28 0 42 18 0 0 29 0 36 4 0 14 21 6 61 26 37 10 93 28 25 0 54 81 46 24 0 0 44 72 0 81 127 93 0 70 5 38 0 36 53 30 120 0 82 0 17 45 0 24 18 34 26 36 32 0 104 36 0 58 36 69 32 72 32 36 65 42 32 0 49 34 112 75 78 70 66 0 34 0 81 38 38 0 75 46 63 79 44 44 9 98 176 50 15 28 96 0 4 26 67 12 4 15 136 15 36 28 54 74 48 33 0 0 15 23 16 111 0 89 0 155 74 12 0 9 39 76 23 10 21 26 12 16 80 62 92 27 44 27 2 0 0 27 37 0 0 103 69 0 33 21 118 0 0 88 0 78 26 0 24 0 42 80 0 95 84 75 46 27 42 60 37 0 12 77 55 131 9 10 26 0 100 27 38 140 99 69 9 69 3 9 21 9
95 82 101 46 44 77 78 51 20 0 66 34 14 3 12 0 136 57 68 63 93 135 58 189 78 71 79 153 77 49 25 170 24 48 108 21 120 110 8 0 7 125 51 27 18 36 128 0 120 83 60 9 103 61 99 0 4 21 0 0 12 36 0 155 75 84 85 7 158 0 101 66 168 33 2 63 0 72 36 151 40 6 10 0 44 111 21 84 99 95 0 93 0 32 54 93 0 54 66 28 56 27 73 72 48 27 148 27 78 141 64 46 0 84 79 162 92 18 92 34 105 99 140 48 0 64 35 60 35 72 0 172 167 92 96 46 12 54 28 53 101 77 80 108 5 104 24 62 24 81 61 63 76 32 341 85 152 88 192 57 36 77 18 11 24 92 64 59 83 24 49 96 72 117 48 7 54 43 42 100 119 56 44 102 62 14 63 48 70 125 63 86 0 63 202 39 64 148 7 64 179 36 102 118 68 36 14 28 20 24 120 6 56 96 42 47 78 72 142 24 181 16 59 9 81 176 65 24 230 93 93 58 153 86 0 23 94 21 54 108 20 65 39 91 145 0 66 63 60 135 64 162 3 65 42 31
52 32 58 5 7 63 30 6 179 84 43 23 21 98 50 143 137 56 111 45 78 42 49 124 72 151 78 76 56 72 28 116 63 7 132 10 121 69 100 8 50 0 64 45 101 26 99 112 63 5 108 2 46 126 51 39 121 48 20 1 0 28 24 39 46 100 196 0 131 62 125 118 142 40 101 0 188 64 96 26 77 13 86 109 7 171 10 73 152 53 75 167 116 37 93 28 0 8 95 37 60 0 112 82 80 42 158 48 111 57 53 101 94 79 36 0 158 91 108 5 4 32 99 50 189 133 21 142 1 154 15 65 77 54 104 51 64 109 105 45 137 16 56 117 47 79 59 227 35 57 46 93 157 16 110 40 87 42 155 83 0 38 54 96 63 25 60 36 89 22 63 46 256 18 43 104 121 76 64 184 17 28 101 53 68 52 7 178 64 20 4 100 0 49 166 14 107 15 0 132 154 0 171 0 4 35 45 46 135 131 5 112 36 83 66 28 39 57 183 53 107 90 53 89 6 71 5 102 176 81 68 115 50 15 20 0 0 7 3 62 92 18 99 21 83 124 14 163 180 202 56 122 12 9 44 79
23 127 72 46 76 24 65 27 0 65 63 135 12 95 126 31 41 84 20 151 5 54 122 86 201 70 68 69 182 139 118 87 18 119 89 23 9 112 10 84 43 81 131 0 97 174 125 101 55 124 156 30 62 32 69 55 45 145 140 100 15 109 24 232 135 159 93 30 116 86 165 0 26 75 91 127 0 41 23 195 28 18 25 35 108 92 199 91 133 42 205 126 13 106 104 130 21 0 238 30 82 24 40 42 62 113 74 29 192 0 83 37 125 89 10 111 162 0 153 76 52 46 95 35 126 179 0 119 12 46 270 20 78 29 77 7 203 75 67 53 134 152 185 139 53 118 58 157 49 100 58 6 72 98 123 184 39 50 114 103 183 62 12 186 81 24 81 105 45 43 23 97 146 138 120 40 7 94 34 70 69 16 135 11 21 66 35 170 151 0 84 48 20 102 158 59 10 179 18 166 26 47 70 10 28 28 20 0 116 61 67 89 81 56 34 155 162 46 36 131 161 60 96 55 32 134 153 38 157 264 51 23 183 115 4 113 54 67 145 28 67 100 121 143 177 36 135 64 196 12 18 220 99 63 150 82
44 59 112 131 86 81 108 12 9 43 66 28 36 139 119 95 25 77 33 64 11 92 135 154 56 99 63 67 16 53 18 0 33 84 0 93 146 131 42 59 35 42 170 52 131 213 9 80 149 88 41 150 49 4 24 132 199 3 59 21 96 97 7 16 59 215 6 105 104 116 120 0 0 24 87 156 36 52 54 31 28 104 107 0 87 12 55 39 34 103 163 29 58 93 56 187 76 24 84 27 8 0 10 126 0 12 102 77 4 132 7 49 180 115 15 54 127 131 136 9 113 75 104 160 29 75 53 88 31 119 11 24 148 63 111 90 63 15 23 30 83 67 162 91 27 32 87 28 61 48 82 42 54 124 146 198 58 54 56 38 65 66 106 22 39 54 16 8 87 103 108 117 81 141 44 54 79 61 113 186 22 32 42 148 81 84 32 83 76 70 40 82 64 99 123 29 8 36 72 105 160 42 194 91 0 11 28 64 90 132 18 35 63 231 35 51 34 63 0 64 25 9 20 139 45 167 108 69 87 0 99 45 0 15 18 73 37 21 9 69 88 139 140 88 15 58 115 16 42 103 81 102 18 261 118 108
116 48 157 94 65 90 35 72 81 56 15 30 45 11 51 0 57 0 128 134 44 102 85 67 165 76 120 105 72 48 33 61 0 15 44 54 150 39 14 84 36 0 100 77 94 7 128 31 32 154 49 0 46 113 92 53 74 24 37 0 132 16 0 39 65 41 93 97 90 85 118 0 146 48 0 72 60 130 1 2 14 0 63 0 10 29 24 25 72 0 12 0 83 96 113 124 33 82 66 107 63 8 111 45 28 41 12 99 39 20 32 0 56 156 72 37 51 0 173 0 229 99 108 113 24 103 89 57 26 138 19 60 48 87 88 36 25 8 3 0 61 36 96 75 0 108 30 62 24 80 86 25 40 49 86 83 186 94 94 94 24 0 51 53 23 9 62 27 81 0 24 133 103 32 27 27 6 87 53 216 0 60 58 92 31 27 61 32 84 28 125 113 14 175 127 133 68 207 52 99 188 99 33 94 42 0 143 18 27 27 65 24 17 63 85 9 36 72 52 74 76 32 32 72 82 107 12 39 45 16 29 68 136 57 64 222 48 2 0 176 17 12 113 0 0 72 53 40 54 0 45 33 0 80 52 64
59 0 74 129 68 45 0 81 53 8 54 45 213 15 10 2 51 48 36 41 4 0 13 32 80 0 9 135 21 0 167 0 4 27 58 40 36 47 8 55 3 24 63 45 63 14 7 0 0 120 37 8 0 82 0 73 56 19 68 0 38 88 0 43 83 28 72 1 54 26 38 25 45 21 10 38 0 4 36 0 56 15 19 0 2 32 72 3 108 46 10 81 66 24 70 65 25 16 45 12 33 40 64 60 49 61 22 15 25 17 3 60 0 12 11 18 6 0 65 0 7 17 121 0 26 103 0 18 69 59 125 86 23 17 12 45 63 2 16 12 30 16 60 72 10 34 44 34 16 86 0 76 0 64 30 75 44 44 82 4 56 76 31 28 2 54 42 39 130 9 59 0 0 0 40 17 17 119 81 26 0 20 32 0 10 0 0 62 93 51 41 89 112 68 140 24 8 31 18 30 76 71 52 52 16 0 47 98 153 63 15 20 72 54 84 48 25 8 78 57 94 12 15 36 12 107 7 0 49 105 9 38 37 73 40 7 14 9 26 50 33 18 4 96 27 28 47 3 97 25 75 27 21 45 138 93
80 99 0 48 116 37 2 0 51 159 85 0 51 55 24 49 130 83 89 104 48 0 86 235 80 145 0 72 168 27 77 162 53 158 0 32 107 141 140 18 0 10 7 52 46 105 168 12 159 55 27 24 151 43 113 157 182 12 24 23 77 108 5 215 6 116 0 46 64 96 24 176 165 65 107 37 37 46 54 112 31 53 5 25 171 4 138 58 0 81 144 4 0 112 135 88 12 100 83 65 70 0 29 39 9 32 0 30 120 80 17 108 66 71 41 130 134 82 72 68 57 168 69 81 4 62 18 15 10 112 72 48 174 51 59 75 56 138 59 44 136 96 87 53 50 94 63 81 18 84 78 106 184 73 156 129 104 133 48 75 54 61 164 41 30 53 51 85 58 56 182 183 88 65 42 8 85 0 48 108 37 230 32 60 4 78 1 96 68 81 86 35 14 87 36 58 48 144 0 139 139 24 151 61 24 0 34 135 93 145 56 118 126 90 23 0 114 60 202 137 119 0 73 64 18 198 92 127 273 173 0 22 61 48 7 78 35 24 69 193 74 62 119 18 0 59 120 28 134 131 18 46 40 56 45 9
27 56 161 61 2 39 9 0 33 77 68 0 6 54 7 0 0 58 195 0 3 90 0 28 40 52 48 2 0 56 46 16 34 42 18 42 48 0 40 58 8 27 150 60 54 30 65 62 35 92 35 0 17 80 129 6 91 0 8 82 0 9 72 117 143 106 84 0 126 98 32 93 27 50 20 139 0 58 20 36 45 10 0 19 7 32 18 72 0 74 19 6 32 0 46 56 0 30 51 61 72 55 32 90 39 0 24 0 96 53 0 8 28 115 9 127 142 212 66 97 108 0 8 48 36 70 61 0 56 30 0 24 46 0 0 103 26 153 49 3 24 0 120 28 76 85 61 0 126 0 0 0 0 106 123 49 143 196 49 0 0 12 35 0 0 31 81 139 35 6 0 0 10 24 0 96 56 63 5 9 18 120 123 0 8 0 64 5 77 0 8 125 34 61 41 0 91 92 107 0 0 60 22 55 0 0 0 27 0 42 22 123 62 0 30 51 90 0 153 72 106 10 0 31 67 11 0 30 0 3 89 42 0 0 0 0 0 28 71 77 0 35 121 12 59 56 28 0 95 0 72 33 4 46 87 110
28 0 0 20 74 8 10 26 22 59 51 24 81 149 21 19 0 2 90 100 23 0 63 53 54 54 27 68 46 10 74 35 8 37 10 87 78 23 6 0 0 18 81 16 0 93 26 24 26 138 43 90 56 63 6 59 79 10 117 0 30 96 80 18 19 92 10 4 16 7 22 27 36 16 0 16 73 0 68 5 8 3 92 0 12 81 62 74 17 0 0 53 20 0 42 36 39 120 18 14 26 0 72 38 68 0 24 58 0 24 0 64 0 0 27 99 103 16 34 0 0 1 48 32 34 66 95 16 6 83 63 145 205 7 8 28 48 139 0 41 35 96 16 36 0 85 54 72 1 40 16 61 77 0 78 11 10 0 105 12 0 20 16 0 93 12 0 32 38 86 6 60 25 0 45 36 30 18 63 36 6 116 108 8 33 107 0 56 8 57 76 46 14 54 89 18 16 59 67 68 81 52 107 14 0 72 0 0 103 76 54 31 152 76 103 97 2 12 100 27 98 0 61 67 16 45 39 0 55 83 0 47 53 73 12 18 14 17 8 6 89 14 83 53 36 0 23 0 47 0 98 5 0 16 16 22
28 47 0 6 27 45 40 0 76 21 67 3 28 30 40 49 38 36 75 10 19 45 81 147 132 117 40 15 66 93 114 76 0 18 8 0 40 25 0 37 35 22 10 84 119 117 19 64 84 100 40 12 45 8 85 70 19 17 89 61 122 4 53 25 0 55 25 54 35 93 0 74 0 32 28 42 0 9 0 24 39 10 2 30 87 71 67 0 45 44 67 77 9 150 20 56 0 20 64 95 16 5 47 60 83 40 33 19 53 74 0 25 0 60 0 73 118 56 65 2 182 32 1 25 9 143 54 55 56 136 18 57 58 18 27 5 166 5 4 57 46 24 20 64 48 61 55 43 37 63 83 22 55 27 186 49 72 0 20 51 26 5 33 0 0 26 167 3 63 12 56 73 81 49 35 20 18 32 86 53 18 10 76 0 38 36 97 75 139 21 8 42 24 45 78 44 20 54 74 20 69 46 24 12 26 51 0 0 45 28 54 45 0 63 50 51 97 12 47 119 28 10 69 24 35 27 75 4 118 7 34 20 44 0 41 45 30 0 18 18 0 20 68 13 3 24 88 68 95 0 48 12 6 86 126 9
90 53 239 37 0 0 17 32 141 0 24 6 24 147 33 41 72 0 0 112 9 6 12 37 9 62 10 24 18 0 76 0 45 1 42 0 93 6 54 107 51 9 54 27 0 28 24 8 84 0 56 14 0 0 0 4 60 5 6 0 20 42 0 9 37 123 55 69 80 57 0 88 12 66 25 0 8 16 17 23 0 34 0 0 9 59 8 14 64 0 78 74 119 71 18 9 4 0 120 0 4 0 32 16 5 2 26 16 0 8 33 6 10 68 71 0 0 90 17 0 116 76 0 131 90 85 83 165 9 0 0 34 18 76 41 106 53 7 2 0 24 58 26 92 0 112 18 82 51 16 14 18 9 0 3 5 198 12 12 60 3 40 89 28 60 54 34 0 71 18 15 0 42 108 0 96 30 0 0 9 40 110 57 0 2 42 0 32 131 0 64 100 5 41 8 16 75 71 44 32 24 80 89 84 0 60 5 63 36 14 4 57 18 37 103 43 91 0 0 47 47 73 15 61 18 29 0 74 67 0 26 45 12 27 0 34 55 27 76 56 83 8 24 24 19 48 6 82 16 48 40 8 21 111 108 110
175 120 102 0 0 30 84 35 193 57 0 123 148 45 28 54 0 22 153 6 77 0 0 65 2 96 0 40 0 0 93 14 49 127 181 92 164 48 61 61 121 30 91 103 0 24 205 49 42 177 55 89 25 73 143 97 164 36 94 56 0 127 65 28 62 92 177 56 123 36 175 78 140 118 82 45 45 63 151 89 75 117 4 42 87 0 58 111 60 72 32 131 104 16 70 8 81 117 48 21 50 47 18 82 64 56 167 56 0 2 131 13 0 156 113 33 28 49 97 0 25 48 238 180 23 137 108 14 81 0 41 123 31 27 243 0 117 104 94 83 48 44 73 28 10 98 82 32 104 114 83 128 61 41 205 60 41 78 41 67 97 92 73 226 31 0 48 14 245 68 133 0 0 54 128 106 53 8 63 139 108 182 77 29 23 51 8 144 111 34 45 63 106 182 125 0 175 32 0 81 197 32 179 40 28 114 13 8 26 81 35 129 56 84 0 70 113 45 121 36 147 76 72 51 63 54 0 123 226 18 150 0 51 106 6 68 63 0 20 25 0 33 20 124 105 158 22 62 162 66 80 55 63 5 0 94
0 46 27 56 16 69 0 24 81 78 39 41 72 32 45 35 42 31 72 18 30 0 62 104 90 171 0 19 0 90 117 57 80 35 48 78 19 21 48 37 27 6 8 24 0 8 66 42 91 0 83 31 32 0 30 16 14 35 119 0 56 36 0 95 14 105 130 21 96 78 54 90 38 42 45 74 16 30 0 0 30 6 54 9 0 39 0 0 30 120 118 53 157 45 18 22 57 6 0 90 0 124 136 16 45 53 0 92 23 0 8 30 45 53 0 27 132 42 122 9 0 41 35 60 80 95 0 47 24 105 75 23 7 66 0 51 108 6 32 33 8 75 0 90 5 4 2 33 35 24 21 15 50 28 6 0 8 52 64 48 24 68 90 85 0 26 7 22 30 7 56 0 60 36 12 81 40 64 96 63 0 0 22 0 3 52 86 0 57 96 45 18 16 74 51 20 16 0 30 24 87 63 34 25 51 7 29 64 199 64 42 56 0 24 66 52 21 44 145 99 123 54 0 149 60 18 44 69 40 0 0 126 28 56 9 103 96 8 36 41 8 0 41 10 0 40 0 21 48 30 24 18 1 91 177 18
99 86 128 40 32 91 30 94 71 45 60 40 94 69 23 50 88 27 129 67 2 74 36 75 106 73 122 136 0 145 0 151 0 0 0 79 118 16 36 105 4 48 86 56 57 0 167 86 48 117 72 0 82 0 10 49 18 12 0 102 17 16 42 81 38 15 53 33 143 90 144 112 84 49 22 7 16 35 76 0 45 16 14 41 88 74 15 5 144 85 157 135 97 80 162 9 94 53 176 27 45 79 4 0 85 14 69 37 56 81 0 24 159 65 41 125 214 120 85 0 15 64 108 78 64 244 122 33 113 48 0 25 87 82 7 56 90 0 16 40 32 136 54 88 114 55 124 84 0 24 61 42 88 32 230 146 96 36 65 172 48 121 63 44 3 29 28 0 87 9 0 9 114 54 6 12 24 104 48 6 58 10 88 100 32 63 90 65 131 45 88 246 32 92 82 80 0 127 42 52 15 8 61 75 43 9 38 24 154 106 124 141 96 20 80 30 37 49 150 164 125 54 120 101 99 90 0 95 100 36 14 104 91 23 64 105 91 24 102 80 0 0 61 84 0 37 24 124 233 100 25 201 0 61 52 78
6 72 2 54 65 49 66 104 37 36 70 0 51 102 94 0 51 53 76 0 28 66 42 28 146 191 16 30 37 35 46 107 0 91 34 93 102 139 63 88 0 49 106 54 18 84 16 50 101 7 28 54 273 21 0 45 169 9 2 4 0 100 35 51 46 74 0 2 36 24 12 131 77 6 54 24 0 0 8 99 54 18 58 25 28 14 18 51 0 75 112 18 0 8 15 0 87 128 16 44 0 36 14 93 32 38 78 12 0 10 109 53 96 40 35 0 0 4 24 68 29 64 0 33 62 65 33 0 81 0 70 18 18 87 131 9 0 0 79 0 28 34 60 70 98 62 0 69 95 6 37 64 136 42 115 0 43 48 132 8 61 37 62 83 28 26 122 0 56 84 118 49 12 92 36 28 96 0 112 153 18 165 84 110 0 48 45 12 40 53 58 99 49 66 15 19 6 96 17 142 13 18 63 42 24 17 14 0 98 56 99 10 79 12 20 21 0 18 98 84 56 59 138 0 6 108 35 80 104 118 54 20 18 80 100 42 83 36 5 13 35 101 88 8 48 39 122 0 81 0 8 67 45 12 60 3
25 48 24 117 36 43 54 125 0 135 172 30 66 0 35 54 136 91 57 25 64 66 36 141 48 20 119 59 81 58 209 99 50 12 24 56 14 0 9 37 36 48 130 0 9 107 24 77 71 109 81 49 16 0 39 46 47 18 75 14 5 150 101 16 152 28 60 0 130 36 191 86 135 0 68 84 96 72 67 53 106 59 0 42 34 83 54 67 117 33 15 52 36 21 69 113 31 32 108 28 9 27 49 15 10 169 21 91 56 127 35 12 96 53 28 98 88 110 0 32 20 120 200 27 56 23 112 14 68 39 52 0 123 108 60 133 201 27 33 140 93 24 0 36 80 140 6 21 96 72 105 47 75 36 124 46 18 34 137 82 84 49 91 75 0 152 41 45 24 11 0 18 35 92 80 8 24 28 20 64 53 0 36 70 72 42 90 335 28 104 0 73 7 54 89 79 32 42 30 0 54 70 79 93 37 5 64 32 18 0 72 107 84 87 103 15 0 0 70 28 26 31 150 148 54 188 62 56 48 134 40 62 27 89 16 74 0 0 78 165 16 93 204 89 42 15 51 56 48 81 40 44 3 40 63 171
0 165 52 39 71 35 67 0 3 95 60 54 32 63 114 25 72 23 14 41 19 24 39 8 55 111 0 28 120 61 107 57 49 31 46 125 84 14 106 33 82 15 192 6 0 51 42 21 41 39 56 25 60 89 79 42 92 109 87 7 0 254 5 65 83 17 70 12 69 196 133 103 35 0 15 32 8 75 28 135 48 75 26 95 59 69 77 49 38 15 37 48 40 134 40 7 49 52 10 0 36 0 46 64 72 0 43 0 35 34 84 9 52 95 178 45 27 47 173 35 33 7 119 51 6 33 16 77 61 60 86 102 58 22 145 45 175 94 73 120 63 70 37 42 108 127 187 85 127 44 42 148 48 0 86 35 14 0 99 65 0 45 4 160 49 30 22 0 15 100 122 60 18 118 15 26 33 66 24 69 32 56 105 21 35 18 4 30 149 106 36 94 91 87 40 12 156 149 14 61 52 21 140 0 28 165 101 42 72 123 83 14 48 5 75 20 16 16 42 63 7 0 64 45 32 70 106 6 146 69 56 21 0 66 98 132 107 154 30 40 139 37 18 73 129 3 42 29 105 35 21 0 49 73 62 57
104 96 89 0 91 49 181 42 0 153 8 64 18 121 89 46 74 57 155 165 32 45 48 117 117 156 35 66 112 93 124 96 38 90 0 108 90 104 79 233 57 126 83 72 86 92 66 64 66 160 88 119 232 30 80 20 177 70 45 118 56 70 117 77 94 74 114 0 89 152 0 83 40 100 15 166 32 27 74 0 59 32 110 27 98 244 0 27 108 59 60 56 83 7 248 72 0 64 192 28 135 49 54 49 59 117 99 85 89 135 70 31 84 27 91 30 134 138 27 77 52 167 108 209 44 60 133 134 12 221 164 8 63 8 17 28 18 128 11 72 54 24 130 73 17 239 63 166 162 16 27 77 124 196 2 79 132 50 177 124 92 106 52 78 24 144 0 97 16 1 16 56 4 19 0 11 108 9 135 130 69 72 96 11 72 42 18 81 48 205 109 153 87 1 178 6 0 286 63 109 69 82 198 165 54 93 0 36 219 16 57 35 48 24 22 24 64 45 163 95 182 48 227 76 51 169 85 39 124 157 120 87 58 111 4 190 90 114 32 85 76 45 168 85 88 36 83 63 178 89 98 62 18 54 42 79
35 30 0 21 20 33 48 60 16 110 27 86 45 93 0 16 74 3 18 2 0 0 0 131 4 146 0 105 62 7 36 49 0 120 72 33 104 32 0 9 48 42 72 82 78 66 81 56 62 64 14 61 212 48 81 3 24 8 72 128 32 103 60 9 78 78 33 0 3 0 23 105 8 53 129 16 36 0 0 97 0 0 70 9 35 82 63 85 50 7 16 9 14 14 99 64 14 30 26 0 50 54 68 63 24 81 8 71 45 0 49 16 6 13 14 93 71 67 4 35 36 32 54 67 8 34 48 9 81 0 64 6 131 81 0 4 84 88 0 0 20 138 153 54 84 72 6 17 48 143 0 25 9 74 96 16 36 98 111 0 72 56 23 3 68 0 9 0 64 99 120 41 0 21 90 24 0 16 28 4 74 72 4 4 66 10 0 12 86 107 158 30 12 0 28 3 36 22 41 74 49 43 53 117 49 78 45 0 85 135 34 0 49 155 69 44 50 0 0 49 26 28 40 27 12 57 42 15 12 110 0 0 64 145 49 88 89 14 64 54 32 7 17 62 12 4 0 0 63 47 54 26 77 0 0 36
24 4 35 48 38 78 6 20 82 5 82 46 27 68 29 39 45 28 66 12 48 54 54 126 39 14 46 67 24 1 56 42 42 20 0 163 25 21 28 41 6 21 46 100 54 29 87 28 30 132 0 21 0 72 0 48 34 36 20 63 0 60 18 25 71 96 103 12 45 161 105 72 30 64 3 0 24 54 24 26 24 3 72 42 27 58 30 66 27 42 52 77 33 24 111 228 0 0 54 21 12 109 86 53 21 18 54 129 73 99 2 79 24 2 5 90 112 81 39 58 56 21 78 72 93 23 87 28 78 0 24 55 50 51 52 62 66 45 41 13 21 60 24 14 65 32 18 25 70 98 93 129 0 32 134 22 156 23 135 117 49 31 75 0 43 0 182 62 70 6 75 13 24 119 9 45 32 65 14 83 46 122 8 0 50 4 0 42 40 21 0 49 60 87 69 33 8 52 99 47 86 88 31 4 0 98 27 38 72 47 32 35 35 52 123 92 12 30 61 58 79 4 0 36 67 24 20 42 37 0 59 0 70 31 0 40 70 66 97 15 75 46 42 55 6 72 37 36 84 0 21 39 6 32 77 57
21 45 155 158 14 105 30 53 24 128 10 63 14 42 52 114 87 125 0 68 5 55 68 178 79 27 69 84 69 52 128 76 20 196 72 15 174 97 18 64 88 18 76 122 129 45 178 123 135 112 0 116 33 150 16 70 160 15 53 0 50 67 35 120 152 2 121 58 38 67 97 154 82 118 123 69 102 54 99 90 129 36 72 16 54 0 50 0 56 71 32 72 12 0 0 84 54 136 90 18 25 98 63 105 35 6 53 124 101 0 24 89 149 201 56 87 38 56 42 59 129 36 214 152 54 130 101 81 144 17 8 81 91 60 75 12 81 110 87 46 68 32 115 42 53 98 5 72 0 187 69 58 76 0 56 95 163 77 6 101 8 49 11 26 0 23 46 27 167 78 8 242 45 96 82 80 21 62 59 138 96 43 25 95 28 16 52 120 183 112 83 96 66 130 234 62 101 170 8 85 68 0 56 74 7 16 36 0 91 42 84 67 0 75 69 48 95 47 40 23 70 22 42 37 78 109 1 204 41 63 113 5 8 91 32 168 66 187 92 182 41 102 35 0 91 24 58 120 100 19 60 107 6 45 11 9
23 8 36 104 68 44 10 106 52 110 48 36 0 44 18 0 95 102 32 0 18 35 0 117 108 32 24 144 104 13 46 0 48 28 32 87 92 48 42 121 12 20 207 52 220 64 80 120 56 64 54 56 85 104 89 46 92 0 6 105 45 71 0 0 3 108 0 80 89 51 167 24 88 2 83 7 20 24 16 102 150 41 8 88 36 62 64 42 56 112 0 16 36 148 80 43 0 60 114 16 0 0 0 32 80 145 46 16 139 84 58 37 171 6 60 0 109 8 0 30 20 24 53 40 92 66 14 101 12 2 194 51 55 17 136 96 128 49 0 63 4 84 72 85 48 115 54 69 65 89 151 49 72 76 30 31 32 0 148 51 112 0 0 73 12 126 76 0 64 12 40 60 46 5 34 60 24 96 0 45 111 16 162 56 46 46 51 146 47 0 20 106 67 138 5 24 108 88 24 44 22 8 124 18 6 77 54 0 0 106 109 144 151 27 101 76 8 5 97 63 72 0 45 110 3 30 18 77 58 4 99 46 108 31 64 48 73 39 0 24 112 8 27 20 0 77 66 135 50 45 112 149 104 64 37 20
8 41 129 128 110 3 16 81 0 96 77 62 118 103 79 53 25 7 89 61 25 7 0 98 49 67 62 18 14 71 67 66 123 16 120 23 70 16 27 118 8 11 101 8 66 80 83 0 44 16 64 0 110 175 117 89 36 46 87 63 44 140 93 114 16 173 13 8 80 117 76 8 27 94 112 61 26 63 103 88 3 46 53 95 60 55 49 45 0 18 15 0 45 9 160 8 58 78 124 62 118 12 17 51 28 0 0 36 103 28 56 14 10 137 48 4 0 46 73 1 25 106 59 63 54 32 36 37 31 0 141 58 8 30 78 28 29 0 64 24 18 57 91 82 16 150 48 68 0 2 83 56 142 94 34 17 109 25 88 131 57 73 12 29 0 27 2 72 70 5 14 82 48 4 64 6 28 2 54 24 38 0 24 17 0 26 75 71 32 40 168 51 0 34 103 80 27 52 18 48 85 8 86 94 0 0 22 14 40 7 0 44 135 5 87 7 124 9 72 9 0 78 80 71 1 43 21 10 0 65 27 32 63 51 87 176 67 17 39 8 7 1 18 38 13 34 117 48 86 15 139 139 61 70 32 20
93 99 82 14 0 134 44 5 15 83 160 123 139 147 50 145 69 88 63 30 77 127 46 60 90 7 10 123 40 28 77 161 82 147 71 169 206 47 28 45 110 111 170 6 151 0 56 38 73 88 29 61 10 77 155 54 106 30 117 25 45 135 3 150 42 90 112 18 188 76 83 53 12 146 94 64 89 56 85 157 33 189 36 115 41 65 0 52 1 91 116 12 62 8 117 51 0 24 52 83 142 60 89 129 3 4 46 48 56 162 141 21 35 0 78 38 22 21 97 84 27 10 88 97 73 116 40 25 143 45 114 50 21 144 54 6 33 25 44 9 0 26 100 11 54 100 3 26 129 42 5 64 97 3 9 55 24 91 126 24 36 36 160 70 22 17 109 28 67 143 97 10 27 96 164 145 98 2 9 118 77 141 76 56 60 43 75 2 285 32 64 112 94 117 129 82 52 97 16 16 47 27 82 46 53 132 1 53 27 112 89 9 37 42 92 43 256 54 96 129 9 114 40 54 0 34 67 73 163 117 87 25 149 174 72 12 151 95 67 51 12 8 97 72 71 64 77 9 63 6 0 169 114 21 62 21
16 0 51 54 44 117 106 0 34 46 0 11 102 165 152 10 76 88 111 12 70 16 0 10 74 63 72 51 46 94 143 103 0 15 28 121 20 40 2 150 92 0 143 6 42 18 59 140 95 148 98 10 70 30 72 97 19 3 43 118 35 108 46 12 57 63 133 39 66 48 112 58 15 110 36 83 36 118 8 45 139 72 39 48 31 86 91 49 68 42 56 58 65 101 81 190 121 90 78 6 64 92 16 12 30 80 109 12 79 116 0 0 72 31 14 50 66 8 84 122 24 32 30 92 38 78 121 24 107 34 41 150 224 14 149 82 36 91 160 104 34 45 0 90 68 61 27 12 70 121 13 63 96 0 177 56 8 64 50 84 56 56 65 62 44 88 84 45 48 0 92 90 87 0 5 18 0 70 134 72 56 75 67 122 0 20 32 35 11 141 6 128 98 54 139 18 83 39 106 45 40 0 28 0 18 91 78 8 38 117 84 9 64 18 21 27 47 71 8 0 40 0 144 5 24 48 15 118 18 36 7 34 36 134 62 53 37 45 48 42 29 40 100 178 108 18 94 55 150 24 49 16 0 92 83 83
12 142 54 130 25 76 0 42 9 80 116 18 81 125 93 62 45 165 23 92 0 72 83 103 23 86 52 159 37 66 114 54 42 91 74 208 69 35 38 12 85 0 97 47 37 90 59 34 28 54 72 52 77 117 0 49 58 34 26 18 25 105 86 190 126 86 16 20 52 0 83 67 28 124 5 20 36 12 129 35 77 0 78 24 57 13 10 35 18 128 98 2 0 32 54 16 25 186 74 112 4 187 97 54 50 81 52 95 52 5 56 25 13 138 9 64 50 38 187 210 33 27 109 39 113 37 107 0 104 0 151 0 97 85 65 85 77 25 116 64 58 24 56 99 46 13 24 82 72 45 52 73 68 48 128 23 21 72 120 29 12 20 132 17 43 48 124 3 82 88 89 41 82 71 118 54 63 38 15 123 24 68 38 69 58 14 8 92 60 180 70 41 4 79 136 63 39 56 55 137 70 13 151 40 3 10 32 0 25 95 72 93 6 57 62 93 97 79 54 87 126 30 42 0 24 290 0 129 10 177 75 25 87 121 51 59 59 7 27 65 0 59 185 0 106 71 16 78 103 18 80 21 19 12 51 53
78 63 4 72 45 27 24 18 48 71 48 31 28 72 77 73 110 42 48 2 10 7 131 149 8 0 20 56 190 118 39 83 138 25 42 77 8 80 136 58 107 61 21 7 23 56 74 0 77 28 111 4 10 0 81 66 36 41 13 57 48 52 63 98 44 61 48 34 17 118 156 137 50 27 60 18 130 232 0 80 18 28 0 16 90 23 68 56 81 36 70 0 27 188 82 53 6 6 162 16 15 14 12 86 24 34 81 0 24 61 0 89 62 60 91 81 185 73 34 21 75 9 62 36 54 118 67 57 56 156 38 193 96 54 70 42 31 67 55 143 220 102 81 36 80 100 69 102 124 118 36 144 102 53 157 152 88 63 116 51 106 17 18 15 135 26 88 137 107 38 51 117 84 32 89 9 61 67 0 62 58 96 103 0 44 0 0 145 2 5 1 12 56 91 189 16 64 182 27 12 46 78 160 21 3 24 0 59 86 150 93 34 18 77 53 2 27 70 152 136 48 79 12 81 6 42 126 108 114 69 7 15 230 143 0 136 301 169 151 107 132 85 35 95 30 24 78 66 64 0 64 94 3 0 96 102
86 22 119 99 0 36 110 46 63 128 73 19 3 95 160 89 44 45 45 68 32 45 58 97 72 81 90 40 12 33 64 72 65 100 42 27 55 22 0 73 177 16 8 30 61 54 119 73 79 4 70 0 9 104 72 82 0 192 63 7 112 86 63 12 0 14 29 64 83 100 112 9 18 33 76 89 42 45 51 0 65 39 56 48 70 155 52 103 118 64 36 72 25 91 99 42 2 45 105 0 64 0 43 27 74 4 72 0 0 45 91 35 0 18 11 27 56 30 0 65 28 54 53 36 75 99 64 18 27 29 45 36 0 12 80 43 8 0 0 44 117 54 69 45 95 12 0 56 0 83 76 88 61 22 80 2 34 45 21 50 9 76 33 91 16 13 166 20 56 44 24 148 24 105 155 6 6 9 0 109 1 66 39 101 8 24 14 31 79 13 25 53 9 0 48 50 50 34 85 41 2 2 36 52 31 29 42 30 36 92 53 162 15 23 175 13 105 102 124 18 85 90 45 143 25 81 81 16 24 8 27 10 152 28 14 32 0 22 33 115 15 100 5 25 28 139 73 116 118 53 60 126 4 34 35 118
28 63 164 184 40 68 73 62 9 3 90 125 222 42 74 64 117 51 110 0 99 101 89 119 30 83 42 128 81 27 157 14 25 98 42 94 159 20 46 78 157 86 121 18 170 33 94 87 12 79 10 25 62 55 67 241 93 18 130 130 24 167 71 106 100 15 147 15 86 97 108 134 127 90 57 22 68 88 83 50 73 112 10 167 113 56 129 45 117 6 65 64 46 57 90 75 105 12 17 69 11 15 26 34 36 117 13 79 118 0 64 92 0 163 50 48 118 95 81 59 81 72 157 26 28 94 96 63 167 45 31 131 73 7 49 27 56 35 25 14 99 38 36 142 16 88 95 38 68 125 19 155 74 84 101 24 6 70 90 24 56 45 44 134 10 127 56 52 48 120 161 127 10 79 47 53 27 94 161 12 81 75 69 17 39 43 38 33 138 58 55 55 108 154 159 14 20 53 60 42 112 158 43 3 13 20 63 18 94 115 126 55 91 19 60 12 84 0 49 76 123 0 141 69 51 105 93 113 28 67 92 0 151 62 49 47 35 76 36 28 44 41 33 146 120 6 21 14 0 86 64 104 9 10 106 81
0 20 35 54 0 18 23 20 10 69 113 18 45 75 22 80 66 64 170 28 125 39 70 85 21 90 83 102 45 38 61 56 24 14 51 87 104 0 24 133 42 53 64 144 72 16 133 43 54 58 12 9 146 41 2 55 137 36 90 72 28 100 51 38 42 60 116 0 27 30 44 190 0 30 12 36 144 69 72 6 60 60 61 99 49 27 0 35 81 21 15 144 105 18 21 0 21 41 53 0 23 0 109 58 28 9 44 63 144 44 0 10 50 27 33 40 9 72 80 2 45 26 48 18 3 56 80 31 94 44 36 27 12 63 60 45 69 9 9 80 48 6 0 32 136 27 34 26 98 42 111 56 5 36 204 0 70 21 156 14 26 40 21 14 8 34 42 28 24 44 40 0 40 3 39 27 51 46 70 32 30 45 54 120 32 9 0 106 12 16 56 125 48 9 41 34 27 35 61 12 120 44 80 48 51 43 11 0 4 57 201 43 60 30 130 36 24 4 0 56 32 18 108 52 0 40 15 91 110 78 21 33 49 91 6 150 43 40 0 29 29 24 169 52 135 63 0 112 115 54 13 47 0 29 18 4
16 146 4 119 2 124 39 48 0 0 44 90 69 141 19 40 71 99 114 35 56 10 55 105 48 8 63 55 44 80 98 133 65 52 0 75 30 18 120 112 7 62 42 122 18 72 134 85 87 136 32 41 116 4 35 74 39 101 66 22 72 97 0 55 164 64 35 96 203 72 174 125 73 78 144 101 4 95 98 47 16 142 73 11 121 68 0 67 65 68 49 68 86 146 0 75 90 91 68 70 6 272 19 89 8 192 68 123 0 4 102 56 66 114 89 32 53 78 95 26 17 86 112 111 30 97 83 6 0 112 17 148 129 77 69 84 246 0 153 24 122 212 48 125 38 56 238 106 152 18 91 45 150 46 81 40 24 43 106 144 47 82 155 175 79 130 5 114 168 8 53 201 9 33 75 30 42 2 19 93 25 112 111 29 139 140 83 181 29 231 57 50 49 35 118 26 58 68 116 66 15 123 224 113 9 72 10 72 45 89 64 91 67 92 106 108 56 113 109 107 50 44 92 148 0 319 145 242 137 175 76 7 261 80 64 138 85 80 57 62 142 17 116 98 113 18 21 153 69 43 0 85 100 26 155 212
52 111 47 27 44 15 126 40 10 48 57 88 48 149 90 11 12 116 31 29 0 0 0 213 53 128 94 104 20 25 45 98 59 8 91 51 115 107 36 96 70 43 63 33 39 97 41 80 282 88 34 65 195 97 32 42 73 41 155 0 5 195 66 0 66 82 45 25 87 136 131 63 88 37 58 45 52 105 16 50 12 91 76 8 65 55 68 80 14 43 76 77 16 79 172 169 9 67 10 83 77 30 56 67 103 34 84 156 25 116 66 52 121 84 6 86 90 106 115 82 43 145 125 127 30 119 91 54 42 70 10 104 186 0 87 141 55 84 0 56 5 71 15 119 0 72 66 77 57 116 0 24 66 97 239 36 37 138 232 137 71 99 36 54 49 42 42 123 68 79 0 71 45 66 33 77 92 26 95 87 20 132 50 54 128 54 0 119 0 20 38 79 34 58 163 10 31 0 81 71 133 70 165 100 55 72 80 42 158 101 0 85 130 139 122 108 0 6 65 32 125 35 75 66 62 176 10 27 189 20 91 8 84 131 35 128 30 40 74 152 106 63 84 43 115 58 28 29 25 116 69 91 65 59 139 113
28 88 24 4 4 18 12 0 32 27 9 8 18 36 23 92 68 80 46 0 10 23 0 4 36 149 35 60 35 14 32 16 94 62 17 5 0 20 0 178 108 30 28 1 54 40 54 72 54 14 0 0 24 16 138 15 42 81 8 0 112 0 0 0 32 37 56 99 64 45 126 39 100 84 30 48 4 125 150 12 36 58 44 10 0 76 60 45 51 22 17 0 0 56 9 20 88 96 84 7 36 51 54 54 0 47 54 30 47 91 68 20 0 71 4 0 71 122 56 120 19 98 24 83 80 90 46 40 13 115 32 10 48 81 12 50 40 80 10 57 0 6 0 28 79 8 73 56 79 110 58 32 5 0 58 0 101 100 23 13 14 18 5 66 6 38 32 0 16 11 48 102 122 32 84 99 181 127 54 64 54 16 32 112 118 54 16 6 149 36 26 125 15 125 75 8 92 10 21 22 54 0 84 12 74 0 0 12 28 76 57 56 18 44 32 38 56 63 89 6 36 54 21 84 0 142 36 132 48 20 86 0 0 71 18 48 64 9 24 70 43 36 22 60 116 52 15 68 69 102 31 12 6 8 15 60
24 58 5 54 0 98 69 14 6 0 72 65 18 112 31 0 38 135 98 0 6 12 38 9 30 83 33 88 35 142 44 64 58 96 44 177 0 109 128 52 42 12 16 24 45 30 0 54 126 86 28 35 0 0 72 0 56 0 32 48 8 35 54 30 129 66 18 87 21 67 102 223 18 37 56 66 81 10 60 30 15 90 63 64 0 91 36 70 56 96 120 53 0 59 40 123 36 49 43 9 0 160 76 38 9 3 72 56 41 187 50 118 0 73 79 0 37 98 0 30 0 4 52 105 21 84 145 125 106 73 17 147 74 131 97 49 84 16 40 74 38 42 0 27 16 52 0 116 104 96 8 91 18 0 200 93 35 141 21 126 18 64 40 34 111 42 24 54 76 45 6 115 150 93 22 10 80 0 56 4 37 42 0 91 42 16 64 0 112 104 32 42 25 87 105 13 32 68 35 28 17 70 160 62 8 21 6 62 0 52 82 15 95 96 66 23 100 72 19 38 78 100 32 176 36 120 35 139 114 12 98 41 147 127 13 33 140 93 36 6 60 0 66 53 36 0 52 48 62 35 0 90 40 98 128 18
114 62 30 30 57 12 53 15 167 50 9 0 3 70 18 16 84 89 114 165 15 0 130 33 104 44 0 108 100 203 162 12 109 54 0 148 0 74 83 39 0 0 21 12 89 72 48 42 119 75 8 21 54 0 32 0 48 30 0 60 61 95 10 90 124 38 15 124 72 56 96 36 144 72 42 40 18 86 55 42 39 54 10 54 8 33 24 77 71 111 116 45 24 85 117 125 27 100 47 16 0 4 16 81 18 81 134 83 90 112 25 0 128 0 47 99 152 92 81 63 134 10 83 42 142 118 120 99 37 40 172 154 93 78 0 79 91 79 39 12 48 122 24 0 20 69 0 25 110 0 77 78 51 0 224 38 53 32 93 99 34 89 35 61 38 74 99 0 38 6 36 24 237 81 60 63 18 80 0 93 31 94 97 64 0 18 18 100 52 218 15 4 21 122 72 117 0 18 0 117 71 35 59 73 27 39 18 36 94 91 36 63 24 78 119 0 83 72 27 34 56 3 15 123 0 111 95 130 60 27 25 99 28 91 14 76 53 68 0 55 107 24 87 50 0 143 54 89 215 87 102 69 0 93 90 149
0 0 18 6 8 64 12 3 83 45 90 21 9 52 18 0 120 110 145 36 0 0 141 82 0 63 30 0 94 50 32 37 87 52 27 18 14 43 20 0 4 18 81 24 51 91 151 21 90 70 0 63 55 87 9 12 51 12 0 0 64 26 85 36 24 56 56 119 35 0 0 117 181 66 22 75 27 24 63 42 123 3 21 44 12 42 6 65 21 75 12 0 0 57 81 59 92 0 78 33 69 36 56 17 53 48 93 15 88 17 19 47 82 16 0 35 78 117 81 0 62 33 136 45 68 44 10 120 81 75 70 18 16 39 99 62 64 79 36 15 0 120 45 32 0 15 0 86 86 14 34 45 8 0 104 105 9 0 0 37 12 167 43 72 0 37 0 116 28 54 64 9 112 84 0 67 17 127 0 99 79 32 46 20 0 29 18 152 73 111 29 46 79 37 90 16 27 36 0 38 99 63 172 73 0 21 0 9 90 117 160 90 11 47 73 12 16 18 72 60 72 0 20 97 29 9 94 29 131 36 45 41 137 96 18 88 93 28 54 92 5 7 77 40 36 85 54 24 180 74 0 69 80 42 89 36
54 31 81 46 110 36 35 0 0 82 0 35 18 132 58 125 37 30 32 221 52 8 139 123 112 17 36 101 60 35 9 117 28 72 24 28 78 53 0 50 63 114 94 0 0 140 111 58 90 28 67 8 133 87 9 6 144 68 0 45 89 81 20 63 49 81 81 88 60 90 72 175 63 18 24 80 12 12 18 12 54 8 35 24 100 0 4 50 149 33 66 81 28 120 45 228 94 188 133 0 10 80 33 27 139 32 48 18 0 0 48 26 0 58 140 210 33 22 65 82 42 53 0 198 16 96 38 88 21 105 60 95 105 126 68 84 157 11 24 30 82 8 210 42 54 176 30 165 54 157 72 42 159 29 140 89 77 15 32 186 14 115 8 12 84 78 0 1 96 59 42 164 92 36 83 136 103 27 8 270 65 15 117 116 96 54 0 99 84 72 37 57 6 100 76 61 83 255 40 76 192 32 121 87 0 117 8 9 259 70 78 36 140 61 126 54 51 153 93 69 142 87 97 0 119 162 152 72 97 117 54 64 97 4 72 178 117 7 109 182 97 53 105 79 36 0 0 41 164 99 69 100 0 166 28 59
58 55 63 44 42 46 18 0 30 126 96 48 9 32 50 110 36 62 44 108 44 0 36 92 0 5 115 163 109 71 105 34 105 88 0 102 54 97 54 64 72 30 113 40 20 72 0 119 48 102 80 8 60 32 60 0 76 18 8 21 40 6 33 108 60 12 42 40 0 3 134 84 44 67 15 53 18 45 60 42 12 35 21 10 120 89 28 81 45 75 94 0 69 92 126 73 36 42 118 0 48 0 12 114 6 36 96 49 108 137 85 22 18 19 13 32 64 111 99 149 24 8 60 122 111 68 12 56 67 85 152 0 107 10 74 150 81 48 0 39 81 56 78 36 24 71 51 96 29 152 9 0 156 20 12 100 12 89 24 87 8 106 103 68 12 0 102 55 147 8 12 111 87 112 155 54 20 18 0 36 5 135 27 45 80 89 59 36 121 54 38 135 42 8 71 75 60 189 36 157 40 15 4 36 30 0 30 75 152 66 55 151 65 29 26 88 214 99 141 14 103 54 180 51 0 259 98 55 36 142 33 18 171 82 81 36 9 10 131 48 60 157 195 66 108 96 0 18 81 37 0 110 0 5 27 175
104 68 48 76 99 76 87 0 90 90 40 54 21 100 77 59 104 125 142 49 53 70 68 146 0 368 106 82 76 99 59 91 116 64 20 71 93 46 0 96 143 120 122 83 45 160 191 93 42 0 39 90 157 46 160 135 129 162 65 12 36 168 113 131 60 20 54 80 16 15 198 171 78 119 78 68 28 90 76 92 90 32 117 53 187 38 60 112 18 16 0 111 25 96 67 0 45 97 117 68 0 16 0 36 33 209 58 73 62 161 40 85 0 163 150 39 158 28 85 60 39 38 156 109 100 112 115 36 0 173 85 15 156 84 102 69 249 271 108 101 62 37 63 54 219 26 110 99 194 76 24 66 103 88 12 21 82 110 115 36 129 14 96 177 18 58 45 94 48 150 132 99 48 77 68 70 121 163 136 99 68 38 44 98 71 49 101 89 80 21 0 64 72 94 98 12 60 180 49 48 0 21 145 27 3 69 0 40 89 152 48 54 63 59 152 87 41 10 103 0 169 0 60 133 0 121 133 51 164 148 32 0 46 56 30 114 70 0 96 75 66 42 76 62 107 36 27 70 61 0 0 86 47 46 81 80
0 52 125 2 3 91 34 0 24 25 8 40 5 128 8 114 99 10 81 9 75 35 117 98 6 0 99 0 54 108 69 92 58 57 33 115 123 53 10 91 135 0 24 0 42 35 96 49 50 57 85 49 17 43 47 113 21 33 49 12 72 137 12 38 24 64 47 10 97 0 112 30 38 140 104 42 81 118 42 62 15 44 0 9 30 9 142 42 0 26 55 39 63 92 73 28 44 24 1 0 0 81 12 110 42 18 96 49 88 56 32 23 111 116 45 53 49 0 56 9 3 58 82 173 75 39 8 77 104 170 9 20 67 24 33 162 18 61 31 7 49 118 83 8 0 38 95 100 60 38 12 4 44 0 32 49 154 111 72 86 5 40 35 76 163 39 78 21 22 22 22 29 52 80 62 60 71 88 4 80 70 172 104 0 26 24 32 87 83 19 0 31 46 127 272 81 19 28 27 43 124 10 163 8 7 54 57 66 78 133 26 39 0 70 66 37 24 99 30 16 39 31 22 75 54 118 0 64 60 128 71 38 59 86 8 0 35 37 51 122 16 48 21 96 3 165 8 92 11 41 24 24 28 18 21 90
0 31 32 127 37 63 0 9 16 56 14 0 23 58 56 81 49 82 8 24 0 21 67 0 54 16 27 111 73 72 101 18 79 24 57 36 33 112 0 0 27 3 114 7 51 0 56 42 21 0 88 48 0 56 21 53 31 65 84 8 145 2 0 134 0 40 0 12 71 44 71 56 34 32 56 76 42 0 72 0 6 0 0 0 39 96 45 84 156 26 101 7 20 9 147 78 0 0 64 12 24 35 137 8 24 44 75 15 74 0 0 18 0 3 21 28 109 143 75 28 21 9 24 88 68 101 56 56 0 67 149 16 21 24 30 21 24 97 40 32 89 64 0 68 0 0 0 46 0 30 35 63 48 0 54 1 103 176 0 35 0 0 35 15 98 0 52 22 77 18 24 53 117 0 9 5 32 30 24 14 7 105 0 0 0 56 0 0 30 109 15 32 0 36 111 48 0 0 56 60 68 65 14 30 0 0 73 16 95 64 0 64 12 5 7 0 28 56 77 18 62 0 24 58 0 68 0 77 32 1 0 0 49 88 30 0 0 0 31 128 37 9 95 0 0 86 0 48 188 82 40 7 0 0 65 135
63 95 6 3 0 0 16 36 60 51 48 0 6 76 5 12 22 31 75 36 15 35 43 78 18 39 51 18 82 119 24 83 45 0 0 150 24 0 0 63 28 22 139 27 102 101 27 28 19 6 17 45 27 108 69 97 54 25 116 4 27 18 24 62 32 77 29 35 108 189 34 86 14 18 49 125 70 126 58 8 3 48 54 136 90 53 35 170 72 107 74 0 26 56 21 154 145 0 26 30 85 111 138 0 27 40 116 120 0 84 0 114 60 54 16 96 107 94 168 0 67 28 6 68 63 95 0 0 0 21 27 89 100 29 114 81 36 81 111 8 0 169 6 35 42 24 124 135 33 63 79 114 101 0 59 136 72 33 36 197 93 0 72 2 78 42 72 0 123 110 119 156 40 42 0 117 9 84 0 51 49 72 154 56 87 7 0 60 92 18 5 116 0 93 99 44 19 35 27 18 38 34 32 76 18 72 0 27 48 120 102 63 0 19 126 63 84 45 0 0 93 25 143 99 0 12 21 127 56 0 54 0 45 5 45 36 209 34 24 50 109 26 41 64 19 36 0 87 151 99 0 46 63 0 24 36
16 0 0 30 51 0 51 56 29 40 45 48 80 87 3 72 24 62 3 42 14 135 33 48 0 6 99 106 76 32 31 6 26 62 36 0 56 51 6 45 63 14 4 10 54 6 54 9 63 46 108 80 85 28 72 20 0 14 72 112 68 35 86 56 41 102 46 53 73 95 82 106 110 56 0 111 52 32 92 28 16 56 33 0 0 169 76 38 80 0 28 0 0 117 33 100 32 26 90 4 67 4 49 21 0 51 29 90 0 0 0 2 0 181 0 82 39 74 233 49 42 27 133 53 71 64 101 4 42 46 67 45 164 82 50 13 31 8 19 33 18 1 63 100 42 32 18 32 117 3 12 100 19 0 89 32 49 64 91 36 48 2 0 32 14 104 36 72 0 9 32 3 159 92 27 105 54 28 64 5 35 9 7 0 18 73 28 82 101 139 7 0 36 131 113 84 63 110 99 78 36 92 155 18 24 51 20 6 0 44 42 84 27 11 70 112 130 0 7 184 0 132 186 66 30 80 30 65 81 12 134 24 145 125 3 71 117 35 99 35 87 0 182 73 78 0 0 40 94 0 0 75 0 36 45 0
50 78 48 42 40 68 0 9 18 28 48 19 56 51 55 32 65 63 140 88 10 0 76 51 0 0 18 135 93 135 44 18 0 102 72 84 18 55 72 114 19 0 168 69 54 0 79 68 64 5 109 70 0 81 178 59 46 80 121 90 126 70 9 129 34 66 96 40 82 9 133 4 0 18 130 48 70 85 25 0 64 44 16 0 9 67 25 45 72 82 36 66 122 0 87 25 66 50 27 8 0 0 72 99 32 87 137 6 40 79 49 40 0 63 72 0 46 9 101 73 27 71 159 127 73 75 120 58 12 98 103 6 21 4 94 4 127 112 211 0 53 88 118 0 33 100 27 84 108 88 20 32 108 72 99 28 109 76 65 105 54 23 6 101 0 0 35 29 105 20 147 7 81 74 0 0 24 8 33 79 6 102 111 81 80 16 88 66 39 240 108 140 97 0 153 29 0 75 7 94 37 41 87 141 0 105 0 31 67 91 144 63 62 96 102 122 175 116 199 0 9 0 44 36 48 129 93 102 192 0 54 1 74 57 42 43 14 88 73 35 10 21 138 45 11 48 16 44 205 81 71 122 0 49 31 109
0 56 0 104 0 15 0 42 63 0 0 42 20 72 5 0 31 0 49 24 35 0 5 114 0 42 0 7 0 0 48 111 24 41 8 49 36 30 149 81 0 0 39 8 128 9 137 54 135 120 25 7 62 8 65 130 26 0 7 20 0 95 0 86 27 0 30 0 57 25 0 12 27 24 30 30 49 94 62 0 0 0 2 63 0 26 72 51 28 155 0 0 0 67 0 0 103 0 27 0 28 24 35 135 0 38 64 34 66 31 63 35 8 35 0 26 0 80 63 0 0 35 45 17 18 62 28 0 0 16 18 0 0 2 93 41 81 102 85 0 36 36 25 35 0 9 63 0 45 39 0 77 202 0 48 100 100 135 42 28 24 0 55 61 24 50 103 105 0 12 0 87 16 72 30 8 40 37 9 30 0 72 85 7 0 32 0 57 3 32 17 0 63 63 97 0 35 35 0 105 0 35 37 30 0 18 16 64 8 125 0 48 0 3 0 12 32 16 67 11 5 1 45 64 48 116 1 98 14 72 1 8 25 20 0 0 0 7 4 107 8 33 5 0 10 56 0 32 0 118 48 32 84 0 54 20
28 101 167 110 59 119 68 61 92 138 82 35 16 152 72 6 165 126 158 14 48 54 68 36 31 92 120 241 26 43 78 74 88 85 8 252 207 58 48 112 32 25 121 12 163 0 36 47 87 81 31 120 8 30 212 24 9 113 55 198 72 130 16 36 74 68 101 68 12 80 63 26 111 86 75 81 72 35 37 101 24 35 0 52 0 126 48 135 46 36 42 10 27 31 73 25 63 20 59 48 16 0 45 140 9 0 47 60 136 161 32 18 72 21 0 34 24 209 164 64 53 83 114 97 56 118 125 40 159 46 44 96 129 98 67 33 57 45 67 195 54 62 204 103 172 55 56 72 42 52 63 70 163 30 60 92 112 67 26 90 41 16 30 69 69 76 68 0 9 0 8 68 64 36 0 105 63 55 15 40 78 76 105 98 0 82 32 18 124 63 60 62 40 93 147 39 197 70 96 51 92 0 159 24 0 47 77 21 33 142 56 14 18 52 37 63 78 48 8 147 108 122 176 103 88 147 69 158 36 0 117 62 162 139 0 32 225 64 63 144 27 15 144 155 13 128 120 72 127 27 0 211 10 216 59 24
18 30 133 69 0 0 24 56 8 56 72 9 133 123 32 75 0 20 132 0 70 0 16 119 46 54 0 60 63 0 63 37 9 2 7 48 41 38 16 58 22 22 67 58 24 45 16 60 0 114 36 54 8 49 16 12 59 41 36 65 65 35 15 36 42 150 72 46 144 19 117 56 81 82 12 3 16 0 76 63 0 88 14 48 7 54 69 37 14 23 84 0 83 0 106 25 28 0 81 75 27 0 0 15 40 0 66 45 73 37 36 0 70 0 0 35 14 81 79 28 14 35 7 43 12 29 161 15 162 30 40 48 70 14 0 42 5 0 5 54 17 20 45 96 84 10 60 42 27 105 0 0 45 34 128 30 55 19 134 0 30 64 76 51 0 46 21 63 118 72 35 25 88 0 14 0 0 0 20 105 21 33 0 82 32 63 1 0 13 36 2 169 70 0 64 18 4 5 113 0 48 155 76 4 0 0 12 9 63 90 77 18 45 104 96 102 47 22 42 49 45 36 38 3 0 26 12 68 88 0 20 0 156 89 91 44 0 63 8 72 0 70 137 128 152 56 21 48 0 52 24 147 46 63 112 161
17 73 57 111 14 74 83 6 0 144 0 20 9 24 74 9 123 49 6 0 56 48 28 183 53 36 61 48 46 63 184 106 18 63 0 37 27 45 76 2 0 85 0 18 80 82 0 12 129 6 0 31 51 0 18 20 23 30 12 0 35 184 0 106 89 68 45 0 64 40 35 60 9 89 81 137 0 12 85 87 45 42 0 21 38 0 9 0 0 102 56 27 10 41 27 66 7 28 36 18 30 64 80 91 16 48 24 84 167 0 30 35 240 9 0 118 102 45 50 19 42 27 83 27 81 150 5 38 8 72 0 24 24 27 54 154 16 5 54 0 88 87 117 79 6 63 44 0 0 30 20 0 90 34 124 0 54 64 14 0 30 0 0 9 15 50 139 29 12 26 0 45 9 73 57 78 79 35 80 45 112 0 120 29 16 12 24 80 49 0 45 0 0 0 174 44 0 16 0 0 0 3 58 25 25 27 0 42 21 2 7 16 10 28 30 114 0 15 63 33 18 5 0 121 27 76 50 7 52 33 5 22 24 0 7 0 64 70 22 55 46 47 25 38 4 42 35 0 81 96 72 77 25 42 75 0
2 16 9 28 20 63 18 18 71 20 27 58 28 40 10 0 78 63 42 68 6 31 18 61 54 160 71 90 123 68 9 64 12 28 54 0 75 57 0 45 59 16 35 59 71 2 99 24 0 67 24 0 110 24 121 103 80 75 0 39 67 15 0 27 52 21 32 159 70 6 31 157 22 1 23 26 20 38 40 51 0 55 25 0 0 24 148 151 69 35 8 0 18 49 42 8 9 91 24 64 18 28 33 118 53 13 33 56 88 36 26 106 73 84 25 43 22 42 73 21 155 15 70 28 36 13 32 48 0 6 27 9 33 51 6 34 59 44 20 24 34 49 46 37 64 43 20 55 21 0 35 75 54 8 29 36 56 70 8 61 10 62 78 76 45 73 32 9 0 74 53 193 102 83 72 22 38 3 16 16 2 81 37 115 27 32 35 15 83 112 50 15 56 161 73 33 19 112 50 24 69 46 32 0 12 18 56 12 55 99 56 94 38 55 80 64 55 69 18 127 34 26 46 32 56 57 15 91 47 72 81 0 32 83 0 187 67 46 0 89 44 9 35 27 57 26 59 88 6 15 0 70 29 0 4 66
8 108 9 118 56 126 61 22 29 48 114 40 0 139 186 23 56 61 92 42 52 85 0 104 46 52 101 139 48 283 76 32 128 64 74 121 39 127 0 95 136 149 92 89 78 101 48 120 174 27 0 63 95 0 63 132 30 75 56 0 100 74 0 72 81 73 70 5 95 160 94 45 13 23 63 123 76 108 64 0 42 33 63 9 131 0 12 56 72 134 44 11 90 19 198 216 79 82 6 65 59 45 0 29 55 6 81 21 31 66 36 7 72 63 30 0 115 48 105 136 65 63 49 152 34 72 60 36 30 131 0 152 99 63 99 131 56 102 80 66 28 48 9 37 3 147 63 30 10 46 7 63 0 33 96 16 97 173 134 126 80 67 63 112 7 72 52 94 0 129 103 19 74 0 85 21 49 69 86 81 36 173 50 36 1 9 71 14 56 56 16 214 66 74 54 21 20 40 98 74 74 0 88 20 52 63 133 19 81 158 119 111 79 52 99 61 91 93 59 0 141 0 102 105 123 53 107 0 45 42 56 0 116 12 0 132 89 62 50 137 9 26 52 29 0 58 56 16 78 88 57 100 0 74 105 183
15 56 124 116 44 29 23 45 63 53 20 25 24 0 25 16 93 6 0 96 5 0 26 112 32 13 10 76 113 3 0 45 0 22 0 27 102 24 72 94 5 21 47 0 5 1 83 36 30 3 5 0 27 72 107 36 0 27 0 0 54 42 0 33 23 21 73 24 32 0 18 55 4 8 29 46 36 6 0 15 4 12 0 0 64 17 26 54 54 54 0 4 45 114 31 12 45 45 97 6 0 21 45 54 64 12 0 6 29 0 60 51 2 10 21 59 32 0 0 12 48 39 8 21 52 4 4 32 0 58 36 16 66 31 72 56 0 0 0 31 88 88 90 89 0 0 48 0 9 72 25 29 33 47 49 33 42 26 12 22 18 0 48 21 39 16 30 8 0 36 0 84 1 48 30 15 0 35 3 64 78 81 0 50 5 24 0 18 88 24 14 19 44 35 45 11 87 112 15 18 34 12 88 30 2 6 14 15 25 32 25 75 82 40 63 15 14 81 1 126 135 30 30 109 0 92 47 39 48 6 35 85 69 27 28 0 91 51 0 73 0 26 0 2 0 0 60 28 33 70 0 33 64 34 15 20
0 49 120 101 72 64 35 67 24 66 38 25 84 44 30 6 106 14 130 54 32 24 93 52 13 46 20 0 161 54 76 30 37 13 10 16 43 40 130 82 94 3 52 2 41 163 115 56 0 36 74 72 69 26 109 40 72 9 88 16 0 108 16 64 69 2 57 9 46 71 94 267 48 95 33 36 77 36 76 15 10 64 52 16 178 120 0 58 104 20 24 35 142 112 55 31 6 69 131 0 21 8 0 2 14 74 39 62 48 48 0 65 110 5 43 6 40 32 74 0 77 50 75 0 31 32 137 37 0 70 0 93 66 24 8 0 25 19 46 24 145 114 78 60 6 44 51 185 93 79 120 0 125 35 37 0 16 16 32 27 6 18 37 94 44 50 40 14 52 74 169 140 41 17 32 3 32 53 133 9 55 20 8 16 5 0 6 24 40 82 127 61 0 2 12 58 0 200 22 36 25 18 132 46 0 10 32 14 115 117 30 62 40 74 130 99 0 24 150 40 106 36 56 86 6 88 207 25 263 156 6 15 54 0 0 199 71 85 15 15 176 6 46 41 9 3 2 86 72 65 12 65 0 74 77 44
24 44 66 25 49 160 96 16 35 50 42 139 82 201 136 82 73 79 162 34 63 21 81 83 131 121 56 80 18 26 40 72 116 97 144 27 107 100 18 117 49 81 155 49 176 33 126 66 96 179 53 44 43 30 141 35 117 23 153 67 12 72 12 54 120 80 169 19 145 116 39 93 107 0 67 57 38 40 86 58 55 147 20 60 32 48 94 8 45 0 157 0 5 39 56 162 67 0 93 90 156 68 82 46 144 68 158 63 86 141 59 119 223 85 28 52 74 125 226 0 73 87 71 55 16 66 15 135 41 75 41 40 96 96 130 46 61 10 100 9 81 114 36 108 3 58 112 56 0 48 27 18 3 72 44 118 25 87 51 67 16 72 44 28 105 63 0 24 0 65 85 217 105 99 111 130 0 119 68 121 72 71 141 71 174 40 105 143 199 111 51 116 42 135 274 19 134 104 54 63 78 2 140 72 24 54 124 74 100 104 163 0 31 123 36 58 225 79 64 56 96 60 57 163 72 131 0 20 44 211 127 25 37 73 5 82 48 90 50 86 114 58 30 31 84 64 30 81 27 81 0 135 82 48 114 64
91 111 88 24 6 20 15 64 36 40 172 12 5 8 17 138 39 97 99 14 59 72 28 113 69 40 31 129 9 84 76 44 84 63 170 72 142 0 0 161 144 147 185 80 96 20 104 254 70 110 18 89 0 166 112 67 123 0 182 93 76 21 24 139 62 64 138 0 43 54 104 125 183 133 65 69 108 40 150 39 72 40 8 12 90 67 35 49 64 11 100 45 59 60 103 35 0 48 115 96 115 32 64 101 187 65 125 15 135 74 45 39 91 0 0 84 301 217 114 237 74 42 92 102 97 20 113 30 164 73 166 45 93 157 0 28 129 151 94 0 8 59 126 9 130 58 34 48 49 193 3 0 25 14 40 16 152 152 187 92 40 96 73 107 73 21 71 15 27 99 107 49 20 27 49 111 98 149 8 180 45 78 124 73 79 6 28 83 113 40 21 232 51 65 97 72 137 85 65 0 103 74 130 124 24 55 107 71 36 151 49 15 131 58 25 107 168 93 145 131 182 0 0 108 35 0 23 48 104 90 53 63 61 16 79 36 0 8 116 172 101 44 121 19 144 221 39 171 84 78 9 161 24 87 8 91
24 109 80 68 0 119 126 0 0 40 116 42 9 50 55 144 203 46 203 54 65 159 77 84 0 137 108 110 26 44 5 44 98 30 93 191 102 54 42 112 101 73 95 0 42 10 215 91 0 0 9 96 81 45 35 92 72 24 56 105 0 107 67 200 152 21 120 10 145 151 55 164 48 96 69 87 150 36 148 168 49 216 45 60 86 59 50 65 8 24 0 0 51 80 175 35 14 52 40 54 22 123 22 136 24 70 26 17 45 111 62 0 97 56 45 106 188 97 160 61 8 79 32 10 56 81 88 107 64 147 124 58 21 91 84 94 103 0 32 79 59 117 81 190 8 206 97 22 77 55 25 185 72 56 51 19 89 77 80 113 20 237 65 125 22 134 48 63 34 89 8 10 82 207 82 21 65 77 90 8 66 40 52 27 48 2 70 16 131 238 40 149 122 61 51 72 144 211 0 31 36 135 28 15 66 56 78 7 116 98 271 19 94 2 80 54 80 25 74 241 92 48 185 86 60 40 77 105 0 119 180 18 167 124 70 221 254 247 63 36 117 74 39 13 48 0 69 236 91 91 33 66 9 97 0 81
0 73 105 7 29 42 103 0 14 34 74 81 48 65 16 185 101 44 69 89 12 218 75 127 27 100 193 120 52 148 26 44 9 9 86 209 143 12 0 52 16 156 93 54 90 63 0 48 32 16 74 0 50 75 67 20 86 35 0 35 16 56 71 78 66 202 63 4 130 30 108 45 24 60 54 143 151 78 96 51 48 60 58 20 88 75 30 45 85 67 83 126 147 0 170 112 57 19 29 40 0 0 24 132 83 48 106 19 68 176 64 9 83 83 24 56 184 72 200 64 10 66 144 47 75 109 28 88 91 135 211 102 107 165 117 99 54 19 81 15 0 44 56 18 46 48 95 64 169 132 84 26 81 0 218 35 80 48 253 31 58 65 52 18 4 16 125 0 15 246 36 39 188 84 24 50 132 155 40 147 32 126 80 130 51 24 22 90 87 144 96 88 0 24 20 2 30 20 41 74 101 5 52 0 22 85 35 9 35 105 38 92 66 1 96 66 6 82 132 96 109 24 105 49 128 40 84 41 264 40 37 54 129 86 89 24 60 160 72 200 60 0 56 23 127 148 31 66 178 111 0 127 74 83 25 114
0 35 75 62 15 65 25 38 6 95 106 0 38 0 15 0 0 54 156 30 27 40 117 146 22 58 22 117 34 9 184 43 9 36 9 130 47 16 0 41 8 17 75 34 92 45 124 74 59 68 6 0 1 45 25 127 14 0 0 18 0 21 81 36 22 6 0 25 0 16 87 48 197 96 4 28 0 29 66 12 106 0 0 68 0 117 65 89 72 71 35 38 46 109 0 33 15 30 0 69 0 28 0 65 26 72 0 135 38 6 0 44 70 46 64 46 88 50 151 82 112 67 64 84 50 75 73 63 98 78 40 48 34 33 100 21 31 42 43 53 62 126 0 28 16 97 73 43 0 30 102 72 56 0 72 48 159 39 40 30 8 63 63 0 34 0 36 31 81 56 0 27 34 42 18 3 73 69 81 69 6 77 61 111 37 94 50 139 42 0 75 71 24 128 52 0 91 28 23 20 121 2 74 30 9 0 78 11 66 12 173 175 40 36 40 6 0 0 122 106 119 0 90 82 31 126 91 36 0 63 117 42 47 5 0 89 12 0 0 86 21 6 98 4 67 52 55 32 50 27 45 121 0 73 8 0
0 64 195 25 83 49 234 91 120 35 3 95 48 84 82 63 133 40 48 9 6 87 42 26 72 159 66 32 48 71 101 180 137 162 89 135 126 0 110 83 66 76 81 0 193 134 71 44 0 47 80 45 163 79 0 85 109 54 81 56 138 134 6 77 56 145 114 25 34 98 126 92 91 155 82 66 0 64 72 38 39 12 16 54 96 157 21 63 45 117 42 0 27 92 134 39 160 12 51 42 28 35 149 56 48 126 168 89 124 35 63 61 84 111 27 95 215 56 141 55 4 36 58 35 194 105 52 42 100 117 87 83 34 24 85 52 16 150 178 68 0 93 34 32 8 57 0 86 42 99 58 60 93 68 172 67 56 43 160 150 135 91 16 112 100 127 54 61 57 41 68 207 134 64 102 20 117 167 60 151 154 38 33 72 44 69 39 90 115 71 7 95 48 117 96 55 58 92 5 121 60 51 99 126 112 41 70 40 60 122 45 81 102 73 72 100 88 96 73 108 147 34 88 0 7 145 12 67 6 53 169 47 82 159 0 86 107 20 84 18 149 120 55 81 81 60 133 0 47 63 4 120 63 4 71 128
24 105 58 14 67 25 76 36 56 109 175 0 73 48 20 52 100 97 67 0 33 135 4 168 9 36 97 38 110 99 162 84 8 109 21 77 140 73 40 104 22 0 81 77 56 82 92 62 204 92 20 50 0 131 56 93 115 27 36 54 72 45 0 0 98 15 116 87 36 71 25 112 152 174 44 64 27 41 142 30 121 126 28 153 48 63 87 4 0 109 161 135 67 140 80 67 76 98 42 45 74 22 56 96 64 68 51 58 70 32 24 46 98 105 0 30 119 70 101 92 0 100 45 44 112 100 54 8 181 88 116 47 25 93 26 73 34 15 62 118 22 54 42 92 155 0 39 92 0 35 61 76 93 34 120 30 203 27 120 44 45 1 115 60 0 40 226 19 18 192 152 62 0 93 125 19 23 121 45 85 70 102 113 95 41 71 90 220 81 30 35 58 66 108 190 45 26 8 131 24 160 46 102 0 0 36 24 12 8 102 174 117 52 43 117 47 3 51 99 156 83 0 48 56 0 23 24 128 36 119 99 24 86 22 74 68 86 56 6 65 60 11 71 78 176 28 7 125 74 24 112 0 108 38 116 76
2 52 102 0 21 28 63 8 53 0 0 12 8 68 45 54 14 62 6 48 11 15 5 10 11 50 0 79 4 44 19 81 5 72 34 0 90 57 22 24 30 4 0 3 27 50 51 20 8 28 0 0 3 42 0 38 13 0 9 29 0 0 35 70 8 39 33 3 66 48 57 46 0 9 27 0 36 15 0 0 51 0 3 16 32 112 0 28 56 0 40 24 130 32 42 61 72 12 153 26 4 8 0 12 36 21 16 0 8 36 9 32 0 32 0 28 45 48 86 78 51 28 30 8 56 23 28 5 104 10 139 56 16 53 6 23 34 20 39 62 46 10 25 97 8 65 10 147 6 98 0 0 65 0 16 49 42 27 53 33 50 48 6 49 24 16 36 49 20 0 0 0 122 28 0 41 25 25 40 18 32 21 8 16 34 6 0 32 10 31 1 82 42 28 56 24 29 0 15 78 4 63 25 0 0 4 31 21 41 66 54 128 32 19 20 33 103 0 17 26 19 14 36 41 4 131 16 103 66 34 66 9 118 108 0 21 53 12 12 68 40 0 101 28 18 49 51 155 25 100 0 52 36 29 62 20
36 119 43 27 14 51 59 0 0 100 108 96 152 28 27 7 72 85 99 12 45 46 0 168 78 65 65 117 49 0 78 56 4 0 81 87 20 16 72 24 2 20 79 45 212 9 167 15 14 0 0 33 53 120 173 124 77 22 51 25 69 88 21 116 88 96 0 0 35 98 64 37 14 28 85 147 45 48 81 6 93 42 42 149 86 0 8 6 0 78 75 0 12 79 12 105 49 59 61 62 63 58 51 28 12 56 28 12 79 28 0 75 32 52 97 55 52 0 111 32 36 21 92 115 63 46 14 92 76 0 70 35 110 41 151 28 91 6 128 16 40 72 45 102 30 51 198 26 66 72 68 107 136 92 64 8 18 14 132 60 30 36 78 151 24 54 12 86 76 84 30 184 24 59 18 14 119 44 3 133 54 32 138 91 7 46 0 0 144 117 25 96 66 163 192 0 65 131 0 62 15 16 72 27 70 172 49 94 32 109 109 0 33 79 34 0 61 24 78 82 40 35 45 33 89 59 20 108 45 86 62 51 130 64 64 62 45 40 81 68 58 127 20 68 32 27 38 40 55 72 10 91 27 0 0 68
0 5 63 14 17 32 41 38 28 35 59 4 37 53 6 5 6 0 22 56 44 29 0 112 60 50 121 93 40 36 27 86 7 34 23 6 57 42 32 24 78 84 46 21 60 0 75 6 27 54 16 50 60 117 0 47 2 84 20 20 42 100 12 96 28 35 29 10 60 0 63 0 8 14 2 42 36 38 42 0 108 0 36 67 26 56 3 4 60 30 12 61 0 45 2 59 42 10 45 36 56 36 77 4 0 90 0 2 12 73 19 50 69 6 10 89 81 84 49 5 37 48 56 42 0 0 0 20 0 48 14 28 39 14 98 55 78 0 61 68 0 26 117 114 62 0 45 54 8 64 60 0 30 10 37 4 20 48 52 19 42 56 8 72 56 74 75 81 0 50 56 64 2 49 6 0 0 35 32 93 77 37 66 66 16 8 0 133 32 0 7 70 5 0 20 73 49 38 42 39 36 86 88 36 45 115 0 0 0 48 80 43 13 12 49 2 13 81 84 39 70 52 14 30 9 40 12 26 122 11 15 12 37 64 9 39 72 24 86 93 78 0 46 36 25 56 38 0 39 35 63 50 49 33 101 77
90 108 117 50 38 62 230 9 33 83 147 97 8 90 71 35 79 37 141 0 106 65 44 220 14 117 120 178 90 32 35 110 23 12 148 6 46 25 28 14 99 30 154 57 108 63 151 22 66 0 7 7 74 106 76 1 111 126 68 27 4 113 101 36 168 56 106 12 159 167 25 121 63 56 0 93 105 119 122 28 6 66 35 162 12 33 53 30 101 58 96 0 20 114 9 25 12 46 65 0 87 48 12 58 6 26 118 40 108 31 59 72 48 44 24 70 38 36 72 24 134 24 204 74 20 39 8 140 109 120 49 0 3 37 147 115 127 0 48 27 68 46 62 114 93 51 95 24 60 78 88 114 48 12 39 72 17 107 162 99 119 13 0 24 0 115 161 45 50 94 38 64 8 87 48 64 35 149 25 28 47 72 180 75 12 16 99 151 95 57 42 18 9 79 201 97 96 87 1 0 72 115 75 41 36 0 102 68 18 75 203 170 3 32 76 132 106 0 8 57 12 12 36 35 62 103 36 81 50 0 87 9 153 79 53 7 65 121 35 6 86 45 102 60 68 82 8 0 48 6 32 85 44 63 139 0
6 0 68 2 89 35 75 46 35 58 121 12 65 111 140 52 46 8 23 54 37 45 0 156 76 18 88 133 42 140 80 78 24 28 187 0 101 0 0 28 100 5 43 53 0 1 120 9 12 72 152 28 52 0 55 126 60 65 33 51 61 158 0 158 109 85 15 0 148 35 138 16 3 0 49 6 9 62 24 58 0 48 52 49 0 145 0 0 18 19 0 96 125 63 71 59 5 3 46 50 76 24 0 29 0 0 58 20 108 73 103 4 102 28 0 111 123 18 0 43 8 68 155 32 10 12 3 36 2 55 37 56 48 9 48 82 24 106 198 140 0 21 66 91 16 56 4 9 18 116 0 0 38 14 93 50 40 24 28 85 5 0 0 66 0 121 167 166 64 35 16 104 0 120 82 47 8 66 24 4 18 149 69 8 12 1 17 100 36 145 126 69 71 6 116 63 24 109 84 7 57 201 49 66 32 81 0 29 95 80 58 100 3 64 35 96 103 56 109 64 127 83 171 96 24 18 68 78 95 54 63 7 118 92 48 137 77 64 163 97 60 18 105 25 248 26 97 82 39 82 91 53 21 62 91 12
6 40 38 36 33 0 8 40 118 95 132 51 156 112 0 0 56 26 201 34 10 40 0 31 38 140 28 183 108 12 111 128 102 95 3 42 112 49 24 61 111 13 7 36 90 12 95 27 91 83 41 0 156 147 48 191 113 25 54 6 35 40 98 87 88 87 88 49 90 186 99 5 122 30 62 64 0 24 104 105 0 107 104 144 26 105 140 0 63 70 12 30 45 3 18 96 80 48 0 40 157 36 0 13 40 52 0 0 127 36 63 100 54 80 84 42 84 47 84 25 91 29 3 0 112 42 0 42 26 35 60 66 113 40 38 36 15 81 75 54 51 39 42 74 13 110 12 65 60 99 136 92 95 18 105 40 126 111 27 77 41 119 76 69 12 0 35 36 42 133 108 48 131 0 3 25 22 56 165 99 0 257 8 40 127 37 126 25 120 85 190 25 36 36 90 35 72 92 8 170 78 73 41 154 63 81 24 28 0 125 74 92 115 72 88 34 91 52 138 37 155 10 113 56 0 103 75 73 120 114 136 40 8 203 60 62 78 96 59 58 86 10 38 44 0 64 134 40 11 55 30 95 22 48 77 36
0 216 0 50 0 15 20 0 8 60 31 89 21 87 0 97 54 0 10 23 8 99 18 73 11 6 41 0 84 144 42 21 47 50 0 30 88 0 40 40 107 0 99 0 88 75 61 44 57 12 0 20 41 63 106 6 0 70 103 68 61 108 24 80 55 35 63 62 0 149 20 48 65 144 150 56 72 20 53 27 35 36 8 28 82 20 72 8 0 112 0 72 0 156 47 64 9 5 81 42 32 21 29 29 12 8 85 39 80 108 48 24 10 35 25 56 10 0 36 101 73 48 25 1 14 24 0 28 0 84 8 81 54 0 8 20 24 10 18 0 117 117 141 0 48 36 54 130 45 90 0 0 22 45 39 6 50 8 40 16 0 0 15 86 13 36 0 9 14 0 43 105 11 85 54 1 86 8 57 37 86 124 35 8 0 3 14 42 0 39 25 106 12 107 72 81 0 116 0 0 42 8 89 0 88 0 2 25 15 67 0 0 47 45 60 0 35 133 0 93 18 56 36 11 58 5 75 0 92 45 56 25 72 0 0 44 138 71 161 61 57 0 102 159 0 34 3 0 127 63 24 67 0 0 76 102
116 63 18 27 0 42 94 57 32 161 24 72 9 53 73 10 44 73 262 64 0 38 35 255 56 154 81 71 42 118 18 87 6 12 120 24 24 69 0 23 29 124 42 0 0 56 181 104 142 32 38 51 142 54 30 3 137 39 24 14 30 68 2 86 197 36 120 33 154 57 144 18 123 51 0 15 114 102 86 126 128 0 0 8 5 72 97 71 9 186 42 73 2 98 139 33 7 12 11 74 58 99 0 87 114 29 181 81 24 186 72 15 36 25 105 111 113 40 78 32 93 66 86 22 18 118 111 48 79 149 14 89 6 42 7 28 12 43 100 65 23 75 124 36 45 157 0 42 42 136 15 0 103 18 245 55 108 244 161 54 54 155 0 0 3 96 167 38 138 40 3 56 98 36 54 4 64 3 48 131 81 48 70 128 46 37 15 45 48 148 40 140 0 82 120 3 72 99 73 0 132 108 0 52 18 99 133 0 145 141 184 126 59 56 124 24 30 96 148 12 160 38 36 42 67 48 35 107 115 36 93 21 116 108 77 162 49 53 0 136 0 69 56 114 80 0 46 163 22 54 135 57 0 52 9 30
54 133 123 43 102 0 141 0 0 6 24 33 0 193 96 0 0 62 113 6 30 4 80 86 69 69 18 85 9 31 18 36 78 58 24 154 147 150 102 15 85 4 208 0 18 110 150 54 101 40 0 28 91 39 68 63 98 138 9 0 20 110 81 123 72 94 36 49 76 97 22 180 61 16 0 119 0 54 25 45 24 33 46 116 122 28 0 42 35 75 105 3 0 105 75 65 54 110 30 114 88 27 12 49 47 24 106 56 115 35 45 25 137 173 12 23 0 40 70 0 46 63 56 175 38 61 67 48 81 2 63 102 154 0 246 52 96 8 0 172 35 54 98 222 69 42 156 99 9 24 46 81 78 73 114 85 24 106 45 54 22 136 79 45 17 68 62 0 29 99 14 40 58 0 25 18 8 54 88 100 70 133 103 9 49 4 5 40 61 94 16 93 91 56 67 68 120 151 24 190 78 9 170 56 44 93 129 15 45 144 6 81 3 15 0 59 120 30 65 81 66 33 140 61 61 125 75 24 156 49 72 0 80 9 81 30 123 93 0 50 76 75 154 6 45 121 102 0 127 45 29 131 63 8 92 84
52 124 53 114 120 80 179 24 9 54 76 88 22 197 156 88 36 48 70 6 43 81 66 153 16 30 42 98 17 72 97 53 143 87 131 60 44 30 0 72 174 96 129 5 59 6 79 18 125 37 126 32 144 63 111 66 16 116 47 122 93 72 48 171 52 126 104 48 26 154 166 48 26 23 5 68 8 119 62 35 56 63 50 24 123 96 6 0 100 30 50 79 2 18 113 180 7 58 19 39 51 5 63 100 98 65 32 61 82 102 28 94 9 101 0 94 39 68 72 86 15 104 125 24 67 0 101 86 39 15 25 194 96 33 146 74 109 75 128 95 35 118 292 73 115 154 66 73 54 136 23 28 75 41 71 77 56 114 51 82 27 0 19 18 4 90 42 119 181 93 78 123 69 111 84 54 114 19 45 177 38 190 70 38 95 83 52 196 48 170 33 68 88 40 134 58 9 117 35 37 42 16 167 99 0 21 4 54 105 100 15 69 35 90 0 72 138 106 131 135 94 115 152 132 157 195 40 26 82 130 116 33 86 9 62 56 178 35 135 150 104 71 130 82 32 75 84 0 153 5 72 209 73 19 31 186
6 64 153 71 62 27 6 73 0 76 42 112 0 179 120 55 127 43 21 28 0 0 6 108 89 18 28 75 71 32 44 27 12 2 93 79 99 16 37 59 12 24 52 0 43 29 12 61 75 21 127 69 145 32 0 62 54 68 86 51 7 214 9 33 58 53 32 12 89 200 20 29 81 130 66 0 36 99 95 2 54 6 42 84 38 29 53 48 37 32 129 19 17 23 76 113 24 40 56 25 21 35 83 10 36 6 21 26 42 30 89 45 21 53 36 16 99 24 73 56 6 6 75 18 26 59 1 67 131 50 45 27 54 15 0 135 0 101 9 86 27 48 57 19 48 107 119 18 90 57 6 0 51 88 139 121 60 65 180 42 54 0 5 2 87 57 0 62 30 164 15 97 36 8 0 24 55 16 6 65 48 107 18 52 0 42 18 28 30 10 20 0 83 41 31 0 39 36 49 80 43 39 30 66 5 127 45 6 110 119 65 71 35 7 107 0 63 0 21 7 6 43 18 78 54 0 56 132 88 48 93 40 24 3 139 120 7 104 0 72 60 6 0 8 96 4 63 12 87 54 63 2 115 84 135 114
32 93 113 210 32 127 94 69 94 8 84 8 161 77 53 45 81 132 136 81 17 40 139 171 35 150 12 29 56 202 115 155 70 41 84 138 92 49 40 23 66 119 9 8 9 122 135 34 35 80 28 45 135 77 44 44 45 29 32 43 36 94 68 123 134 67 78 102 146 33 54 67 113 118 30 184 24 105 109 51 42 7 77 0 39 137 0 81 113 45 12 27 106 57 172 30 116 142 214 88 107 151 19 98 92 129 9 67 27 127 76 19 68 89 117 82 116 72 183 85 15 66 226 96 58 83 33 28 92 57 79 71 98 155 75 132 168 12 57 86 90 0 164 192 76 59 43 124 54 64 39 106 121 20 115 103 66 128 120 153 47 72 105 108 75 71 59 49 239 135 157 82 64 26 127 0 96 87 151 36 227 46 93 45 109 14 6 110 91 143 71 210 79 150 77 65 53 121 40 63 27 112 162 61 26 10 104 3 6 303 166 259 179 158 124 138 9 165 18 187 205 70 165 152 43 175 124 195 92 106 179 69 204 170 66 79 165 38 67 19 0 71 112 116 0 16 45 180 136 124 18 149 119 67 81 106
81 124 54 59 60 9 116 17 24 15 67 78 0 54 161 96 159 227 64 112 87 29 47 169 140 80 132 117 97 94 64 165 133 75 70 118 50 150 40 184 227 107 177 32 115 30 41 80 166 70 20 121 52 0 82 125 49 59 72 54 53 112 99 110 85 8 72 109 92 25 77 162 84 98 18 107 0 178 122 49 69 8 55 32 0 45 30 7 100 76 178 46 72 77 47 129 27 68 113 54 167 0 77 76 44 12 67 52 268 140 29 154 84 141 21 40 104 80 54 106 84 64 194 102 84 163 20 123 51 79 61 117 188 108 110 40 10 40 34 44 42 32 116 123 51 82 0 85 42 65 16 72 0 47 84 118 25 192 120 96 75 0 36 63 12 84 18 68 97 158 101 111 51 155 100 71 84 65 164 165 120 114 32 15 33 16 73 60 140 28 31 176 137 114 213 16 0 130 12 90 53 36 143 48 87 20 45 32 55 68 114 20 77 78 75 18 186 110 75 36 195 42 43 111 113 178 16 120 143 120 53 125 99 10 49 72 32 74 24 101 50 127 227 8 78 56 75 44 140 106 30 199 56 31 99 18
126 26 82 0 17 0 42 29 263 151 0 196 21 119 0 77 149 0 176 80 2 125 10 126 55 45 92 72 135 9 165 42 102 81 59 16 104 140 0 72 85 87 64 124 129 33 39 4 102 12 0 59 113 35 60 20 96 151 55 0 124 87 147 67 0 90 7 184 14 0 48 26 72 126 60 123 123 38 63 52 6 62 75 70 36 126 7 0 100 72 42 156 21 14 77 6 25 42 41 36 64 4 46 69 21 208 36 0 72 8 50 203 6 67 12 46 137 68 75 0 138 89 83 69 151 82 94 54 30 4 66 102 91 54 6 90 28 143 18 95 50 131 0 45 2 148 134 208 163 60 93 24 0 15 111 10 81 72 40 18 88 117 139 125 42 14 52 105 33 4 2 47 143 90 52 43 155 72 1 213 35 123 3 3 122 26 12 141 48 165 15 34 54 86 81 75 26 33 39 92 14 63 21 120 90 82 25 0 44 179 12 68 14 26 130 6 48 32 72 18 40 0 73 84 146 108 20 27 87 37 32 30 151 42 0 96 49 91 91 130 173 8 133 26 0 126 15 63 98 80 49 10 44 29 104 174
0 42 70 60 32 126 21 123 84 93 104 63 64 137 123 24 49 130 70 93 27 15 32 65 65 216 66 112 126 233 200 125 34 24 76 162 111 144 96 18 67 14 20 0 75 15 206 30 121 128 116 21 131 0 4 119 39 3 167 12 81 183 104 30 62 83 54 16 76 73 139 210 48 104 175 190 18 95 87 0 44 7 121 12 77 99 33 108 101 80 32 107 107 115 60 80 21 45 137 54 60 115 35 73 102 43 128 91 73 20 64 60 117 59 23 27 163 128 127 0 18 30 200 83 118 137 41 101 106 174 114 112 130 39 158 129 125 30 64 64 82 70 19 159 0 35 99 74 63 123 28 66 18 0 136 61 49 169 12 84 0 136 77 66 15 64 67 120 56 134 56 111 65 99 24 58 77 66 105 57 26 94 77 62 41 16 89 81 189 122 86 210 43 134 138 88 0 27 8 103 73 115 132 152 18 66 118 94 118 72 117 204 18 52 80 18 129 99 118 178 250 108 140 282 59 109 9 80 150 200 76 92 216 126 12 56 106 0 98 136 42 63 148 28 15 164 72 119 219 116 21 76 30 15 190 129
24 35 60 6 84 120 0 48 72 21 34 36 50 50 6 10 71 18 107 103 60 0 76 8 19 140 41 0 11 69 25 71 10 21 87 62 72 40 16 41 14 31 136 50 12 113 28 68 2 56 0 0 68 14 47 66 89 76 106 0 38 55 0 0 32 172 59 16 100 96 36 57 78 21 33 30 8 71 63 46 11 8 26 63 20 16 40 54 12 3 59 45 15 28 4 122 26 38 90 51 95 60 0 55 79 36 63 46 27 8 70 121 79 55 13 31 56 98 23 8 73 69 55 10 0 62 8 14 2 113 16 23 68 18 6 103 138 10 70 62 74 117 18 48 62 15 119 47 51 10 54 78 0 28 81 104 122 40 45 110 84 25 71 27 84 42 38 55 20 84 108 14 22 6 54 74 21 72 94 94 9 113 119 26 118 0 66 62 0 8 0 110 35 55 85 69 63 10 47 57 54 7 134 18 9 79 72 19 14 24 65 54 45 67 69 49 20 116 75 2 145 0 34 78 12 44 27 41 119 159 28 5 10 70 76 117 0 34 35 45 28 0 0 0 66 81 26 121 74 60 0 2 81 66 79 78
30 0 67 0 92 12 0 36 63 40 77 36 82 117 15 35 133 78 113 75 3 42 157 95 80 103 94 188 168 7 45 161 8 0 0 215 156 32 42 87 129 145 72 0 129 131 72 131 6 131 45 82 80 48 0 166 92 47 180 81 72 107 83 183 18 80 95 33 0 56 112 41 12 30 120 83 78 128 45 149 81 21 48 82 30 47 127 159 134 6 24 0 33 177 188 253 125 43 45 50 134 57 133 30 52 38 104 78 111 83 48 153 54 0 25 94 221 162 51 44 159 81 47 31 105 56 20 35 26 62 171 63 180 58 16 28 73 90 45 83 36 133 24 15 12 8 24 91 19 80 28 105 28 84 149 111 24 104 84 97 116 48 120 57 77 45 32 57 76 180 97 68 45 48 27 81 0 32 28 0 35 126 110 38 67 64 36 176 161 112 42 51 93 70 47 28 56 64 18 42 36 76 44 66 0 54 3 26 207 92 153 44 87 118 54 61 32 39 45 199 108 18 30 60 0 133 188 0 80 129 49 51 142 149 80 23 140 139 62 86 130 47 26 67 37 8 178 0 125 149 0 110 36 89 59 82
16 24 128 65 25 36 0 16 0 72 12 36 73 81 0 36 45 0 126 116 28 0 133 161 84 0 48 0 12 0 95 90 28 12 0 6 0 40 72 48 8 18 66 21 21 58 162 71 0 141 24 0 147 0 117 91 63 54 0 97 63 127 0 54 10 179 63 0 12 24 0 0 12 109 54 114 96 28 64 162 9 0 84 27 0 0 127 0 0 4 0 20 8 72 124 47 36 58 51 0 2 27 0 116 0 48 124 18 32 48 0 54 21 97 15 49 72 72 16 36 24 0 42 93 34 24 36 9 9 93 160 63 45 0 66 106 76 36 126 37 61 75 44 79 0 97 95 72 78 18 0 60 90 0 9 77 0 0 54 0 36 0 209 111 63 75 0 167 56 81 45 45 81 0 61 20 37 28 36 54 0 84 159 18 0 42 15 48 75 122 69 42 8 30 149 0 32 101 36 18 64 12 0 52 0 0 0 84 53 123 0 24 32 46 31 24 142 70 45 9 64 0 0 0 0 72 40 96 54 159 0 34 123 66 117 75 4 81 64 36 24 4 36 65 53 0 0 68 69 60 55 24 63 72 77 185
40 3 40 77 29 119 115 147 39 24 78 0 117 49 0 0 15 0 42 7 66 83 48 36 47 24 0 0 90 28 66 185 0 56 19 0 127 43 80 89 67 134 60 21 0 123 58 12 59 40 45 0 136 24 0 119 0 25 7 3 21 107 0 102 33 122 0 8 79 87 17 54 13 28 3 56 0 61 32 16 18 24 93 64 12 20 33 44 20 26 9 0 101 79 32 118 125 98 0 0 33 0 21 16 119 4 8 5 16 109 0 102 0 74 7 26 25 20 100 0 70 33 20 0 4 15 3 40 21 8 13 90 87 42 42 30 42 23 33 42 1 36 52 51 32 20 8 0 48 75 56 30 113 0 57 40 99 79 118 75 111 0 103 12 32 36 75 2 0 118 110 9 32 56 40 4 68 25 60 164 24 132 8 21 49 24 72 15 20 49 83 145 0 46 87 70 0 66 20 48 1 39 121 48 28 16 34 52 20 77 18 20 35 1 117 14 16 42 0 114 150 0 56 51 92 38 2 48 0 82 0 62 30 64 56 0 127 31 92 4 33 43 21 65 27 27 56 64 3 15 28 82 12 0 47 64
36 54 63 43 56 74 21 0 48 57 36 0 0 74 21 106 0 72 97 40 0 0 49 108 7 145 0 45 60 46 27 7 21 0 30 0 78 0 98 119 105 6 0 38 0 0 117 123 67 0 33 6 18 22 0 35 77 56 0 4 36 71 25 20 8 49 50 57 32 52 0 104 81 75 0 12 0 12 78 0 158 2 63 72 8 63 30 0 46 37 104 108 12 84 0 0 6 63 0 18 15 86 5 0 41 0 21 39 0 5 82 2 59 94 20 1 99 18 86 72 62 0 0 59 0 44 20 76 48 59 0 19 72 85 0 104 5 92 24 64 0 110 9 36 84 14 56 69 90 0 0 40 0 0 78 39 37 0 40 8 0 101 0 4 18 12 0 9 0 129 0 6 90 97 2 117 63 35 81 43 19 87 30 6 0 14 0 0 81 0 0 78 67 72 2 2 159 6 34 60 12 44 187 5 14 107 0 49 72 10 145 26 13 25 39 0 47 0 72 18 64 78 73 54 27 31 20 130 127 35 33 21 0 6 114 111 35 50 54 24 63 0 57 0 178 39 0 32 5 50 4 0 56 79 49 52
10 46 45 155 33 96 60 0 0 128 20 106 14 0 8 0 0 43 55 12 4 28 6 231 28 3 54 146 20 115 179 102 40 57 0 151 78 20 42 58 9 31 27 120 55 76 53 58 86 155 0 28 67 24 35 33 117 25 66 16 57 191 35 86 72 118 48 117 31 2 8 74 109 124 44 49 0 65 4 114 0 72 36 46 80 0 24 38 9 163 20 33 65 9 59 28 52 42 21 46 40 136 59 51 4 30 100 164 74 158 16 40 48 172 57 87 37 77 60 40 85 123 80 134 45 72 52 0 100 21 20 59 29 16 119 63 124 44 76 143 35 98 81 0 44 131 2 25 67 113 22 67 143 16 192 171 36 32 44 95 20 105 126 54 0 74 70 45 182 9 31 176 75 36 68 36 54 24 12 49 82 48 67 150 70 76 90 134 5 131 78 8 16 71 92 52 61 94 74 16 37 26 91 21 116 42 20 8 33 60 38 100 40 0 6 73 0 196 54 85 9 0 73 0 42 48 27 58 26 52 65 47 67 126 20 98 150 169 83 176 20 54 52 121 15 30 108 40 111 113 0 12 28 80 31 104
22 60 0 71 8 121 86 24 18 66 16 101 9 55 85 146 22 54 184 43 0 0 10 56 32 58 62 54 51 36 16 118 44 82 114 141 13 14 0 129 100 27 16 0 0 18 44 0 49 80 24 0 204 70 208 12 42 111 40 0 52 141 57 8 45 42 103 5 30 44 65 52 42 73 28 128 45 62 72 90 146 58 235 46 0 0 9 0 67 61 64 48 84 52 30 0 0 42 78 0 24 54 191 21 0 76 115 48 36 79 27 128 16 55 42 0 18 101 67 14 0 4 188 139 45 61 3 50 127 76 38 0 25 107 6 27 44 5 64 15 21 18 92 50 43 35 90 40 230 71 0 34 0 66 54 21 39 127 174 18 128 39 120 40 3 14 76 71 105 5 143 27 56 74 45 121 114 30 112 32 32 231 66 76 39 38 118 23 127 56 103 68 5 125 104 0 75 83 30 0 29 40 55 34 8 9 63 17 61 219 200 3 75 96 54 42 122 28 143 12 71 91 36 102 8 98 49 86 170 27 43 63 66 12 53 64 30 37 12 33 67 119 109 36 27 144 94 74 164 12 36 116 21 6 36 105
50 15 115 36 99 70 43 0 111 20 16 3 50 98 16 42 0 136 83 0 18 10 30 81 4 251 66 142 99 110 7 49 10 7 5 94 142 144 80 34 76 62 84 36 66 58 165 47 9 9 32 64 114 52 16 101 56 60 1 35 16 84 137 72 33 43 59 56 118 2 146 50 64 24 24 12 32 36 80 67 74 58 115 18 78 96 55 110 15 14 3 63 61 88 66 18 12 56 182 60 93 65 68 18 26 1 62 14 51 35 0 94 24 160 51 60 47 36 48 43 0 18 50 52 13 154 48 30 28 16 24 11 137 35 53 48 179 51 28 78 4 41 79 96 94 8 36 43 69 162 45 126 50 160 219 56 27 105 30 48 0 103 107 0 2 19 51 48 43 150 75 28 44 49 8 0 48 6 24 24 76 220 31 94 146 47 36 103 81 0 84 35 52 20 104 27 96 155 24 79 58 69 24 20 12 87 62 0 100 98 64 80 124 80 66 63 51 8 142 192 88 55 73 24 28 78 20 65 130 68 31 41 185 154 92 81 105 37 111 20 63 16 0 58 55 21 99 45 78 80 54 46 64 21 101 44
64 59 51 32 11 30 126 10 0 72 21 0 31 3 98 40 53 37 130 21 46 12 8 59 55 148 0 104 63 25 154 24 0 40 93 37 6 81 0 0 32 6 145 0 14 55 61 4 2 43 36 6 53 0 67 36 12 14 37 37 120 105 0 44 142 41 51 18 65 63 166 9 134 128 0 74 10 0 74 59 25 15 27 24 12 54 0 68 83 46 70 0 25 54 82 29 73 27 102 29 0 27 57 48 56 34 30 22 51 8 42 12 18 62 90 28 84 74 144 32 38 0 128 22 28 12 0 78 30 98 105 6 27 8 79 27 158 64 39 24 48 32 110 78 46 42 171 53 67 39 60 66 45 26 57 24 80 45 6 14 2 12 0 61 0 51 7 0 72 12 74 0 33 25 12 30 89 114 49 35 27 87 28 60 32 8 7 96 57 182 56 8 24 58 51 28 170 145 21 33 108 48 97 27 42 27 92 0 0 18 28 95 20 0 21 13 101 0 70 91 152 49 0 54 39 203 42 53 107 37 94 6 147 34 0 48 64 84 68 72 77 80 34 117 28 30 60 0 101 100 20 103 3 42 19 84
11 115 106 4 5 56 100 68 70 125 14 57 54 133 98 102 48 0 72 0 20 32 0 80 69 96 66 100 0 0 0 92 79 92 6 77 237 99 68 20 103 80 189 20 64 65 205 53 170 20 16 0 112 152 0 80 125 25 63 0 53 60 50 40 110 98 118 66 124 81 112 25 37 67 80 27 73 99 116 35 15 91 6 52 88 36 163 0 42 142 175 63 62 43 99 138 14 35 82 4 69 0 10 77 0 46 66 59 144 123 34 44 162 78 10 48 74 40 182 8 72 110 6 53 111 64 4 30 14 43 30 48 46 2 150 64 0 82 52 92 16 75 102 178 0 68 66 118 16 46 14 7 24 82 77 18 126 164 44 78 94 57 12 92 61 7 48 66 49 16 0 106 24 41 42 30 59 4 45 161 32 253 0 92 120 85 56 146 0 0 6 134 18 18 92 20 53 0 0 167 43 42 153 111 20 22 27 108 65 50 0 133 27 80 47 68 81 87 86 7 12 22 80 72 0 182 9 102 16 107 104 28 28 115 10 70 102 5 41 72 99 125 135 51 62 118 82 129 18 143 0 110 103 48 144 145
97 0 63 38 30 16 14 0 0 72 111 123 16 72 0 42 4 0 72 12 82 56 107 40 6 81 0 32 18 0 36 103 68 19 126 76 45 0 45 49 40 126 130 32 173 99 81 36 67 77 102 12 0 72 91 48 0 30 80 6 30 12 0 42 69 159 76 32 162 135 119 8 63 15 14 72 40 54 63 63 0 54 0 203 12 52 0 97 6 45 0 45 63 81 72 111 30 0 53 36 111 30 6 99 18 58 8 60 0 44 161 6 0 36 38 0 44 0 36 80 117 48 13 36 16 40 5 45 0 0 0 0 0 72 56 30 110 82 48 0 74 28 12 0 17 119 72 0 81 24 0 120 105 0 162 32 18 130 51 55 58 0 51 0 0 0 128 0 83 9 76 0 0 40 102 0 36 0 0 18 17 36 74 18 0 24 0 28 181 39 25 0 35 30 175 0 16 20 0 48 81 20 0 75 35 63 8 18 86 81 10 28 30 84 54 17 109 36 57 54 94 0 25 9 42 0 177 40 71 36 39 0 128 63 36 0 4 72 34 0 9 19 0 102 28 4 82 0 24 118 48 59 2 79 54 36
63 42 9 48 0 73 67 29 37 33 18 107 113 108 72 105 72 78 66 0 6 9 32 153 96 111 0 137 51 35 63 10 29 45 8 18 142 24 91 106 66 134 74 50 42 36 119 130 94 148 12 1 90 21 35 35 71 144 3 72 88 84 86 86 139 62 159 63 66 0 62 87 7 101 0 106 33 71 76 100 0 3 87 67 0 46 39 63 98 125 0 27 46 0 8 145 180 78 84 54 15 0 42 81 55 14 232 57 45 106 52 12 28 85 0 30 56 86 45 56 42 12 35 121 87 20 107 54 144 72 36 121 91 54 78 74 29 9 16 156 70 48 88 15 100 22 36 91 0 133 117 21 183 0 164 38 132 70 100 129 6 88 29 98 16 99 67 27 8 57 141 34 48 76 146 72 61 50 30 64 46 96 38 116 161 53 73 6 18 87 75 124 97 12 146 0 41 124 33 90 87 34 140 60 40 72 5 0 0 126 20 103 15 128 94 141 68 126 12 60 111 0 186 31 78 41 36 79 134 50 187 44 6 207 59 49 7 21 33 30 89 43 64 150 24 114 102 42 108 24 30 107 0 37 15 28
42 30 6 27 83 6 110 0 0 62 4 42 12 12 38 99 12 54 5 0 68 119 54 216 16 86 40 18 8 89 17 48 18 6 157 30 231 5 72 53 88 18 59 48 72 49 118 39 0 17 60 115 101 102 66 100 174 15 84 55 27 27 115 27 22 75 0 2 24 15 60 26 33 51 32 24 81 55 57 54 63 0 81 32 73 111 111 205 6 72 4 63 27 2 81 80 56 16 27 0 8 30 60 114 37 0 50 20 99 48 19 54 6 40 0 52 18 1 153 12 91 42 66 54 45 55 12 87 20 63 137 122 81 0 68 16 0 108 114 12 0 132 0 0 64 108 6 120 30 95 26 46 8 108 197 48 122 48 99 2 40 85 38 119 87 14 0 61 42 42 2 154 30 227 24 110 84 96 99 64 9 68 21 73 62 26 35 93 62 28 57 4 64 44 43 21 0 8 64 13 108 21 140 0 0 8 39 54 119 42 79 1 9 8 4 0 58 34 9 0 186 54 19 163 18 67 56 3 111 20 18 45 57 22 22 38 64 0 57 170 35 7 16 66 63 42 10 99 0 150 0 204 24 32 36 18
14 42 97 0 14 36 20 35 109 0 18 0 12 30 71 97 72 59 154 0 16 0 0 87 15 63 100 18 51 6 13 95 2 71 9 42 21 28 6 132 106 25 5 28 0 20 109 114 13 28 32 135 42 18 90 87 61 5 22 36 21 78 30 134 48 132 117 11 8 73 52 126 41 41 86 4 0 168 58 20 86 127 37 20 148 26 44 0 9 4 44 82 184 163 119 64 18 42 60 30 0 42 24 3 25 26 62 71 42 173 0 47 54 162 46 45 20 40 36 0 37 36 64 42 94 60 72 3 71 53 16 59 148 92 101 58 12 0 73 25 67 82 33 34 36 33 41 69 93 76 4 8 72 65 84 36 47 4 102 107 28 82 24 174 0 16 77 24 85 28 88 57 68 0 12 48 68 45 6 121 59 82 0 16 78 63 84 73 76 8 19 12 27 119 120 0 39 108 21 54 6 0 21 16 41 18 49 0 92 70 48 45 0 33 22 97 50 25 2 50 120 123 9 149 21 43 45 36 42 30 69 165 30 33 55 5 25 0 12 9 12 75 0 44 0 90 5 104 89 36 9 31 5 0 0 138
12 24 46 94 20 25 76 24 52 15 75 18 65 21 0 18 50 53 176 12 72 54 78 88 6 0 149 54 36 28 70 48 0 0 95 0 63 0 110 106 0 14 85 63 66 12 36 70 124 57 25 2 5 35 78 0 9 69 137 155 9 78 81 36 94 30 107 31 61 25 18 68 71 44 79 110 111 168 31 91 12 60 0 83 0 95 14 81 18 132 16 0 34 0 46 29 54 0 60 19 41 0 0 124 4 150 25 37 49 25 108 8 8 82 0 40 44 84 106 49 38 91 86 0 42 57 149 2 79 14 18 47 53 42 32 93 37 59 44 40 41 78 46 18 128 103 59 83 117 80 27 4 45 32 184 35 49 56 122 85 57 0 8 103 8 38 112 87 12 42 91 18 0 117 71 51 100 14 0 38 62 40 87 84 128 19 107 230 9 86 0 90 91 22 30 30 61 101 64 8 85 42 58 37 26 54 0 40 5 156 80 50 45 99 91 146 48 63 72 99 61 15 113 50 27 51 28 59 196 0 94 18 65 56 36 9 0 60 40 0 16 33 203 14 63 12 30 8 107 8 36 85 35 36 0 90
42 68 0 105 37 0 40 134 24 96 54 10 246 102 72 37 106 12 0 0 56 45 0 77 115 141 32 149 119 0 171 12 25 122 9 67 125 104 30 68 57 27 35 119 158 0 69 28 40 0 40 56 55 48 0 137 72 20 72 35 129 204 0 74 45 72 84 9 133 84 91 72 0 70 167 36 36 54 0 8 36 99 58 42 0 26 24 48 121 28 130 0 36 0 119 27 59 0 68 0 29 0 46 0 15 56 54 18 24 36 61 101 6 3 0 30 66 112 54 0 0 0 40 64 18 138 0 68 66 18 90 54 24 48 6 20 6 64 11 32 0 0 99 64 32 64 0 32 0 89 24 0 87 160 48 82 3 45 56 66 35 0 64 24 0 105 14 0 111 30 88 110 24 5 69 0 12 31 24 36 43 112 0 68 72 96 0 24 108 187 58 45 47 103 43 0 0 65 18 16 27 153 20 6 0 0 0 41 67 0 0 64 59 69 137 0 86 9 8 132 48 48 85 64 72 78 0 3 0 112 45 0 111 63 34 6 34 59 47 96 37 72 0 128 0 0 155 9 199 135 29 23 77 35 109 168
9 65 46 113 101 32 30 164 4 85 54 79 177 78 71 157 38 49 22 61 72 14 32 128 81 115 24 69 65 21 115 70 72 34 53 36 201 60 0 68 34 141 30 69 58 88 2 2 58 33 4 82 111 63 29 55 123 133 80 0 33 139 31 100 90 57 148 100 139 45 61 25 30 72 38 62 97 67 15 14 0 45 15 158 39 0 45 89 76 8 3 27 38 71 26 102 92 121 36 30 66 134 0 12 71 61 80 44 38 0 65 40 30 114 60 14 29 16 205 5 67 48 67 104 40 10 34 63 18 18 46 50 50 82 25 47 40 15 9 62 54 57 80 54 84 24 65 39 7 107 79 70 113 85 149 114 8 56 77 45 33 17 57 72 63 54 7 42 112 117 73 72 0 12 113 53 64 22 48 162 0 65 10 119 13 31 83 30 10 50 66 61 59 81 38 45 0 97 70 52 114 99 84 0 36 56 41 6 74 14 61 85 78 78 105 16 99 48 5 34 57 63 67 30 48 108 31 99 65 78 144 37 39 22 137 121 29 34 49 37 39 92 14 72 56 0 28 103 27 132 6 199 55 10 87 153
14 115 3 0 9 0 60 90 41 21 45 36 32 63 52 2 82 92 31 39 18 105 12 113 130 36 86 103 47 25 50 136 14 51 0 55 87 76 18 29 49 77 131 0 227 18 36 44 96 126 0 48 35 32 32 18 10 78 18 8 0 72 45 120 20 57 2 0 116 23 0 69 54 30 0 73 6 39 42 20 177 33 21 0 30 45 0 12 6 24 83 41 30 64 0 24 42 18 0 18 84 6 121 24 0 149 27 8 26 91 19 107 168 59 15 63 66 177 155 36 21 94 146 61 15 78 12 16 0 0 36 90 59 27 102 87 142 19 37 71 30 39 40 41 6 53 63 35 29 0 123 28 96 6 143 66 6 130 36 63 58 2 42 15 24 86 42 56 54 0 48 75 61 0 0 32 15 13 31 87 72 53 71 6 52 48 18 183 46 0 47 27 0 138 57 44 26 16 42 132 0 30 55 27 6 0 36 4 0 76 5 84 0 76 18 9 28 45 75 30 28 0 58 67 66 176 52 38 100 61 35 9 30 28 0 19 7 6 15 115 109 73 228 33 17 6 28 59 49 60 48 0 75 42 70 33
99 7 40 60 7 4 40 14 59 18 26 14 8 90 11 6 53 21 109 18 15 36 58 72 114 115 25 64 32 8 30 92 8 74 54 65 92 4 43 8 12 58 99 55 9 41 109 52 38 64 0 0 73 38 74 22 44 0 24 52 46 4 72 56 101 36 23 39 63 45 0 109 59 0 86 56 54 135 64 32 90 0 92 12 0 21 2 2 0 64 51 0 9 56 12 3 6 30 0 26 64 36 0 10 84 101 56 6 0 128 20 6 66 22 55 80 38 98 44 12 0 27 0 56 8 99 32 24 12 86 18 16 82 79 0 63 77 14 105 35 16 20 42 40 55 19 2 21 73 80 46 36 35 70 156 74 0 61 56 36 44 14 0 22 9 105 0 10 201 97 81 54 0 4 42 31 49 4 0 172 167 136 47 5 64 13 6 77 4 42 56 36 12 94 38 28 36 101 0 58 8 48 55 19 25 100 37 1 5 47 33 32 38 73 18 3 12 10 27 43 107 6 76 100 96 32 5 83 21 98 64 80 4 91 72 37 52 28 12 12 30 69 79 24 14 28 51 25 108 25 35 21 60 9 36 24
61 98 117 63 79 73 256 99 57 64 50 0 107 82 45 74 90 10 95 33 28 38 175 88 36 127 44 73 39 104 98 200 16 109 77 50 76 150 93 115 32 6 131 78 66 88 50 30 97 94 25 98 138 71 47 89 112 20 126 17 59 24 62 155 173 93 54 35 54 113 32 49 140 59 27 97 0 79 21 12 12 72 36 88 36 91 64 88 72 139 136 5 92 133 169 61 176 83 170 112 79 2 106 85 48 116 99 116 78 103 51 38 171 213 30 30 90 125 181 0 122 51 70 138 55 87 57 94 75 133 104 52 192 63 42 106 137 72 89 32 118 73 75 99 22 169 169 55 40 77 123 117 179 35 127 225 43 199 57 51 93 97 196 18 104 71 40 19 87 32 22 64 56 56 60 36 0 144 105 41 15 48 46 64 61 119 215 91 140 216 74 39 45 104 117 62 148 278 74 29 33 106 53 74 52 0 267 15 39 177 35 152 18 84 69 54 106 100 32 42 132 30 164 109 115 93 50 122 36 177 169 104 177 34 63 58 35 180 180 40 160 71 36 34 9 40 0 127 103 31 0 226 54 12 4 123
45 46 95 122 22 49 9 44 121 234 131 55 54 161 45 166 69 65 25 134 7 0 76 196 155 158 63 140 20 107 156 220 52 97 41 42 191 38 31 163 49 0 107 93 103 95 25 57 170 54 128 45 161 304 8 68 50 15 56 10 47 196 173 146 20 109 138 58 252 142 58 56 2 151 153 135 270 117 131 9 107 82 87 114 76 120 18 73 126 12 83 137 49 77 159 65 14 115 117 32 154 12 84 3 56 30 92 93 100 85 47 133 85 182 24 82 160 24 180 86 80 153 85 120 42 184 146 51 47 117 141 55 98 103 6 58 51 59 105 44 70 18 164 81 86 100 48 152 121 48 17 139 130 124 268 12 108 85 142 80 18 18 15 11 48 83 42 44 137 104 185 98 198 39 62 72 161 2 12 61 75 61 10 69 92 116 30 70 167 95 67 76 30 124 118 33 50 6 114 109 194 21 180 69 93 22 19 32 146 135 15 96 85 107 101 108 109 29 123 23 0 54 46 112 5 82 27 57 125 72 12 1 276 33 136 111 36 171 3 102 111 37 105 54 99 47 81 194 387 320 86 134 24 29 29 7
85 4 16 129 53 66 40 9 25 183 33 21 14 37 0 95 82 28 104 81 69 18 92 62 60 110 45 178 219 63 155 85 92 108 172 23 7 164 32 128 34 3 56 49 178 66 101 20 35 132 48 29 76 38 239 52 122 112 51 56 106 19 7 56 81 58 18 29 68 22 120 140 100 27 30 36 77 53 6 24 36 34 54 144 29 88 0 110 142 10 89 25 35 88 109 47 9 73 64 30 120 0 101 2 86 30 106 24 99 72 145 37 72 10 52 0 47 132 85 35 68 0 160 72 53 20 25 78 37 77 167 37 92 134 86 53 63 85 24 0 22 47 64 151 56 180 63 73 51 60 104 28 99 0 152 87 31 133 150 73 82 36 19 77 4 26 0 101 12 60 52 94 25 0 6 23 46 0 93 40 17 0 77 75 26 10 186 47 149 160 66 96 43 32 113 8 0 194 10 90 96 49 14 78 68 0 69 32 74 214 293 70 94 6 114 54 222 0 94 1 219 25 144 42 12 42 44 113 134 159 34 14 165 129 33 86 38 32 44 92 109 48 4 61 141 54 7 39 126 177 0 95 11 20 152 85
53 153 105 66 114 0 24 0 0 56 6 51 72 71 0 81 16 64 18 72 4 35 2 0 171 99 24 135 129 15 63 15 56 83 35 87 201 120 14 118 163 15 58 0 64 35 14 94 113 125 0 18 0 21 50 0 118 131 54 0 89 126 0 40 111 49 43 30 99 25 70 82 8 140 129 40 40 0 35 77 108 28 63 81 128 35 7 89 71 56 76 8 0 34 114 147 42 48 100 4 158 0 70 0 77 43 79 63 97 51 83 21 18 167 56 14 113 83 39 40 48 30 117 78 56 68 63 64 144 61 112 96 134 130 96 55 159 56 11 70 0 29 105 112 54 84 63 34 135 12 24 32 38 124 91 94 8 187 204 84 75 67 45 49 9 26 16 40 48 81 42 0 0 36 54 8 77 5 111 7 109 79 3 46 0 0 6 14 124 188 88 163 77 80 125 65 32 117 18 95 0 127 70 68 33 72 0 0 8 35 86 8 98 81 34 0 100 34 12 62 168 0 152 103 7 36 42 0 124 125 60 6 77 156 113 42 25 15 5 95 28 101 3 9 173 66 105 0 191 110 25 99 63 0 21 149
55 60 120 162 51 153 22 27 67 161 73 0 46 0 56 27 126 64 27 159 83 0 72 78 94 61 31 71 57 54 125 72 100 86 42 99 36 66 74 24 32 96 66 7 80 21 121 76 148 45 21 0 40 136 103 74 48 21 128 54 164 63 59 64 21 112 152 103 87 40 30 44 158 163 46 122 42 29 34 41 98 55 10 32 69 0 0 33 114 40 8 50 0 28 113 152 59 61 0 96 81 8 147 58 21 111 8 208 124 69 0 34 41 101 0 23 25 24 138 34 134 51 146 71 51 99 98 5 19 157 29 60 101 87 153 36 85 14 77 68 100 8 170 83 27 98 4 11 0 53 73 177 98 14 11 47 70 184 27 93 6 23 127 54 7 68 77 18 40 54 199 83 83 0 117 15 36 119 77 185 78 48 24 102 7 93 111 21 0 0 77 75 34 46 34 94 81 21 86 28 115 43 52 57 30 0 153 59 20 18 68 120 72 105 96 22 83 99 87 125 177 0 42 72 1 39 0 13 61 178 18 87 10 5 8 85 76 0 32 125 10 30 96 38 26 27 46 0 149 31 36 7 0 45 37 36
2 83 36 84 0 97 7 18 12 56 104 12 26 36 48 8 104 36 113 2 31 39 38 86 0 44 18 165 73 37 81 124 21 35 26 48 56 10 6 92 72 75 66 6 63 46 7 106 42 6 0 0 24 91 99 41 0 6 74 48 56 115 62 34 48 88 67 21 78 78 36 0 18 42 78 122 54 129 61 54 34 66 83 84 70 24 0 30 24 24 9 0 114 40 82 111 86 0 54 0 98 0 51 50 0 63 0 74 12 94 34 1 0 16 5 35 112 54 21 32 53 99 80 2 1 30 144 7 0 52 10 0 96 77 0 74 80 41 76 6 76 48 7 28 20 57 32 29 96 156 18 142 28 25 117 3 51 71 76 32 10 6 64 103 6 14 100 50 0 99 117 57 40 99 59 30 54 219 55 56 18 66 68 16 18 28 0 18 22 36 42 93 0 29 109 24 32 40 111 42 81 129 0 42 42 165 74 67 14 108 32 97 63 170 34 23 5 15 78 0 41 0 66 54 16 21 38 37 100 61 0 42 16 54 0 29 0 6 113 48 22 27 36 33 49 36 0 13 51 18 36 37 0 5 0 0
26 66 28 196 39 36 70 0 20 0 54 0 81 73 66 15 63 89 45 24 72 0 28 106 70 45 113 49 29 48 108 113 32 30 60 56 4 21 12 12 15 65 6 2 61 6 105 102 83 69 78 27 92 80 20 51 2 111 45 51 68 193 64 93 71 0 87 58 123 66 78 0 6 124 65 54 93 197 100 52 36 24 0 63 10 36 35 71 79 12 57 0 0 64 64 82 48 64 154 11 29 40 107 9 24 12 82 91 24 79 32 46 7 114 35 48 67 78 38 6 0 14 57 26 12 134 104 18 0 82 42 29 48 112 0 122 117 54 46 73 8 3 30 42 107 0 14 34 118 3 43 46 89 0 64 47 0 44 136 30 16 1 83 70 14 66 16 60 100 0 48 19 51 72 0 52 84 46 30 0 65 56 46 112 35 65 12 175 75 32 21 0 15 20 6 22 16 56 43 56 153 21 88 116 0 0 18 0 78 57 28 88 0 82 33 36 28 28 27 16 6 12 12 114 0 149 8 70 115 104 0 8 80 75 0 39 35 0 38 47 52 49 81 0 84 12 8 56 57 56 0 32 28 0 72 77
83 0 0 95 79 123 25 25 12 125 87 0 38 15 139 89 83 59 108 14 56 81 107 219 72 54 74 106 126 72 85 73 0 59 20 106 52 56 42 92 105 0 41 117 64 40 16 62 4 77 0 84 5 0 4 144 58 0 0 78 136 67 16 30 94 14 57 25 0 81 76 109 16 34 8 32 174 65 15 35 9 21 31 12 126 0 103 60 103 21 52 0 12 32 204 113 60 33 20 15 18 0 21 9 27 0 39 74 44 289 0 32 82 38 0 80 93 126 46 45 49 16 81 56 34 38 153 6 84 171 56 103 15 66 42 47 70 89 59 161 45 0 42 0 32 46 13 83 25 121 73 148 57 0 74 84 28 86 69 121 6 15 91 57 9 26 54 72 189 48 178 34 0 119 56 0 37 44 0 214 49 87 20 36 40 16 0 12 56 153 38 31 104 78 48 84 61 235 88 0 99 4 77 0 0 6 140 10 140 179 8 78 34 128 137 107 18 45 21 127 99 5 48 2 126 40 33 43 126 0 45 0 51 113 72 73 125 84 28 122 30 87 41 114 0 0 133 40 88 31 0 23 0 39 0 55
24 84 0 40 65 102 0 49 0 0 206 8 42 132 6 48 0 65 110 14 6 48 32 48 84 31 50 30 0 1 78 129 5 144 60 92 72 32 6 176 126 20 77 53 14 52 40 44 86 174 87 61 29 30 140 0 55 30 77 12 115 29 62 148 70 94 21 8 21 131 120 50 16 24 25 0 0 78 74 33 32 43 0 40 80 31 4 82 20 16 121 0 121 16 108 120 26 2 54 54 66 96 98 10 95 0 0 48 0 103 0 47 0 33 0 42 27 38 18 176 55 62 22 25 74 115 56 16 98 24 92 35 88 30 36 82 29 72 74 54 0 48 15 0 96 35 26 25 28 84 30 7 31 24 88 48 18 90 178 59 0 0 30 32 62 0 18 27 130 90 0 99 42 0 7 0 81 60 73 184 0 62 41 56 58 24 64 52 113 60 60 0 0 96 126 0 37 65 0 12 76 43 37 90 6 77 56 24 57 112 48 34 58 35 16 57 64 57 45 45 39 40 45 150 108 48 0 46 0 60 79 30 59 13 76 0 7 5 57 112 20 1 28 0 75 82 40 108 68 0 48 184 18 25 78 60
84 68 27 30 7 40 0 0 137 4 46 64 18 139 45 30 0 0 77 14 25 0 6 40 145 66 40 70 59 0 7 6 73 0 30 27 37 24 82 54 48 0 24 51 64 64 63 18 81 151 68 57 35 25 132 0 22 24 46 81 35 48 28 7 98 112 129 91 130 90 6 160 48 95 48 7 0 30 48 17 0 64 0 18 6 120 32 4 79 9 69 3 90 91 29 67 0 70 159 36 56 81 79 18 66 68 46 89 42 48 3 8 0 81 0 25 123 63 35 32 126 15 32 23 134 58 117 19 47 61 9 51 133 70 15 47 36 1 9 58 95 0 116 197 46 111 33 39 93 6 32 86 11 62 52 0 91 56 124 69 6 30 59 36 22 8 92 0 10 3 64 42 147 72 20 27 18 0 72 24 17 72 12 9 32 67 0 0 85 202 53 38 28 17 126 36 0 45 69 14 36 75 232 54 14 69 9 21 65 28 13 32 95 9 102 105 189 4 23 231 200 117 87 81 34 63 12 0 59 72 80 96 12 31 0 216 110 64 6 4 3 45 49 10 76 56 61 40 99 0 40 40 18 46 82 27
172 30 42 8 10 65 0 0 83 25 101 28 24 36 61 81 114 36 153 2 0 63 0 150 114 95 75 81 48 21 22 54 0 53 46 98 66 72 52 59 140 78 86 118 54 7 131 17 0 32 52 65 0 8 61 59 0 54 0 63 4 97 81 105 16 131 45 21 146 54 82 24 91 24 36 78 36 60 85 45 25 72 11 37 62 70 12 32 78 19 40 72 64 38 20 48 27 52 77 42 0 71 18 83 24 18 136 41 50 114 12 66 30 66 35 143 165 154 70 52 18 105 69 135 0 137 0 12 24 27 28 0 55 117 25 62 60 169 28 45 63 105 0 34 10 40 30 24 9 106 78 64 0 72 197 41 92 110 26 61 52 109 80 48 4 36 88 12 25 5 125 27 26 30 106 78 60 49 24 13 0 131 71 77 176 27 15 0 63 64 30 89 37 27 32 6 27 40 26 40 105 30 81 75 20 0 33 21 60 43 37 87 83 27 14 46 69 29 124 78 262 4 19 85 133 66 0 87 54 75 67 21 110 53 35 55 11 60 67 132 64 5 3 28 98 118 10 156 145 216 54 32 4 45 48 0
63 6 90 105 25 138 48 68 26 8 70 0 32 80 47 15 93 65 88 101 11 0 25 136 33 5 66 41 82 55 131 121 0 22 27 55 2 80 48 135 128 25 20 85 38 93 201 55 42 124 66 45 132 144 57 24 124 75 15 82 0 129 26 194 100 114 87 12 36 20 81 0 0 59 60 33 0 165 37 56 99 0 20 86 82 45 92 63 86 22 24 177 89 60 50 80 42 124 27 0 131 39 108 97 40 9 223 111 36 91 6 43 52 86 108 111 96 60 18 14 92 30 126 31 45 69 64 124 0 0 69 76 58 50 76 42 80 3 54 35 84 89 103 88 37 167 5 77 18 48 101 79 54 25 46 88 80 48 144 90 12 24 24 139 54 138 52 86 198 80 78 72 18 36 63 107 18 39 0 197 44 58 88 69 33 21 43 133 38 44 102 25 92 36 54 14 0 163 55 26 55 36 41 10 62 24 6 64 156 65 120 48 4 90 85 5 89 0 104 38 63 35 82 27 27 42 45 158 6 84 101 55 89 12 0 136 61 50 0 184 43 96 30 35 54 16 36 45 199 54 43 51 35 93 41 89
38 125 70 24 61 131 18 30 132 43 39 65 30 117 0 0 151 84 127 76 7 69 12 7 11 66 133 84 146 0 37 39 106 73 27 168 109 60 76 90 54 24 48 1 101 57 58 57 63 42 72 0 72 99 79 49 70 78 60 12 37 42 40 68 0 146 87 20 18 32 81 45 134 121 28 88 0 24 87 88 164 0 86 28 0 81 0 89 135 14 33 45 9 7 49 83 51 81 64 93 9 73 119 123 0 151 40 72 68 14 37 80 27 24 6 25 93 135 117 80 59 39 98 46 85 198 16 91 69 66 40 62 78 21 19 94 65 113 108 48 83 7 56 63 67 89 54 96 186 108 132 70 51 30 155 30 56 114 24 50 36 31 174 87 18 38 157 54 123 99 239 0 80 72 52 146 81 71 6 174 6 176 46 59 7 107 30 30 139 0 43 101 12 38 39 84 120 35 99 46 118 18 78 91 13 28 64 14 76 166 87 55 0 68 121 55 117 47 122 126 154 15 77 46 15 51 27 175 84 100 12 84 66 22 42 56 94 52 92 57 57 35 175 22 81 66 24 40 145 81 27 6 0 93 20 101
107 107 64 0 11 14 3 15 33 5 26 99 0 86 11 53 43 19 76 17 86 91 98 74 0 30 86 85 28 150 0 15 3 19 46 68 25 29 18 48 74 111 174 36 95 68 52 93 15 25 23 0 19 11 98 33 77 82 51 18 91 78 138 97 18 67 6 9 146 18 28 84 57 35 77 121 22 20 44 81 0 56 57 45 0 37 28 69 56 74 13 0 62 91 22 62 85 70 63 8 49 84 34 75 0 71 198 52 56 75 26 92 0 123 44 40 58 86 83 3 78 10 74 105 113 29 8 68 50 82 32 165 77 2 155 17 22 10 108 18 56 20 45 80 69 0 46 81 90 86 89 78 38 28 61 40 230 108 86 51 22 2 103 51 29 60 27 64 15 94 8 111 48 183 56 100 23 45 32 128 35 111 140 10 7 7 21 45 106 7 0 175 47 99 170 67 10 16 35 30 40 94 46 95 21 127 7 49 18 32 115 90 15 13 130 27 99 56 71 0 54 42 8 2 30 16 9 63 51 7 137 7 54 48 11 92 116 35 77 90 12 14 48 40 47 158 11 66 100 38 50 130 25 4 34 132
