72 136 150 0 0 29 151 180 18 24 97 21 64 3 87 55 113 40 75 21 110 40 74 0 72 16 42 113 110 12 80 67 125 73 45 0 0 135 25 144 72 159 66 74 32 44 75 120 93 27 25 59 61 21 78 22 75 64 60 0 35 94 48 61 137 56 113 89 148 49 54 127 56 102 43 132 12 35 21 79 42 60 42 94 47 103 36 28 33 79 53 0 49 48 47 32 2 50 33 20 72 10 7 21 64 105 6 5 42 60 32 17 12 35 162 20 45 65 84 48 7 19 51 56 131 7 29 125 25 46 42 109 57 149 72 4 24 38 39 0 39 81 37 72 76 124 141 51 31 122 14 30 60 51 2 123 152 50 64 38 36 34 20 135 61 52 18 104 10 171 13 109 117 40 136 119 16 32 196 64 35 6 38 28 127 47 0 158 187 34 108 88 5 55 84 35 159 45 183 18 136 28 66 21 57 47 20 33 13 78 48 63 58 57 66 63 58 10 15 92 78 72 79 47 179 48 36 4 121 31 60 100 14 97 41 2 168 13 122 79 69 31 45 42 62 42 26 18 54 73 40 16 32 0 142 56
28 15 40 6 47 104 0 12 42 8 2 58 8 72 8 16 52 77 36 40 81 107 113 61 34 28 0 100 53 83 112 37 90 0 7 17 78 182 59 81 99 241 49 99 55 0 52 34 115 129 179 72 11 47 100 24 77 20 31 64 85 14 133 65 136 48 49 55 74 20 47 30 118 94 108 37 17 134 218 22 90 161 0 0 101 114 24 43 63 5 40 25 58 112 171 134 214 5 48 119 126 72 85 67 135 48 93 79 69 45 65 121 27 45 97 43 92 67 22 24 5 3 101 36 35 31 0 83 149 128 71 22 72 103 30 56 20 41 42 119 24 121 146 9 38 143 61 7 54 68 39 62 69 189 48 170 55 64 140 214 61 154 132 49 61 140 120 15 47 39 65 181 55 78 99 88 79 104 113 106 44 42 82 32 24 63 12 52 67 101 36 16 38 64 48 51 69 73 147 64 36 90 30 144 143 32 133 60 130 128 64 14 51 63 59 72 61 71 81 44 62 115 14 62 17 99 56 68 179 7 111 64 112 24 117 64 108 29 30 11 32 96 87 53 171 69 91 40 39 31 130 155 59 120 56 79
21 78 50 49 87 102 8 18 0 52 75 20 119 43 0 0 42 43 81 2 102 48 14 0 124 90 0 18 24 81 106 42 48 12 80 0 53 9 4 18 56 50 12 146 81 74 62 12 25 56 0 74 72 39 55 150 48 18 0 0 21 67 29 18 51 30 84 108 54 0 5 64 37 48 32 60 26 35 108 30 40 132 19 40 127 40 16 72 35 54 6 0 49 27 17 159 7 0 92 93 89 76 16 21 0 43 5 0 63 54 52 2 64 35 118 48 96 62 44 64 63 40 91 64 97 41 42 67 84 0 16 102 0 40 0 10 0 32 99 18 29 0 14 64 38 282 84 9 14 0 67 28 40 2 16 103 56 12 64 27 48 6 86 70 9 36 84 174 77 121 15 31 0 6 122 4 90 95 64 25 40 35 122 0 25 38 80 48 104 48 63 30 0 63 4 32 30 202 30 0 36 19 12 0 94 46 209 111 30 10 31 59 69 0 27 27 62 24 3 36 163 126 97 97 80 93 15 52 23 45 112 52 75 39 62 12 96 36 9 20 0 48 51 24 54 122 77 0 0 123 50 8 116 8 16 73
1 78 84 15 83 17 0 54 78 49 30 12 7 7 5 90 10 0 115 0 45 99 100 18 115 10 5 35 91 24 27 19 60 30 42 20 122 105 20 18 58 108 79 46 35 70 0 64 131 153 62 106 0 4 56 18 13 81 71 45 167 111 94 107 64 120 0 50 112 60 10 0 94 143 118 78 28 101 111 0 29 78 24 36 135 82 101 33 31 9 15 60 140 0 40 47 145 72 100 77 113 20 32 35 6 42 96 25 61 153 0 0 50 122 72 0 8 30 0 13 30 210 24 60 62 0 27 196 63 53 62 34 32 87 91 107 0 75 95 40 6 22 0 58 18 112 73 90 26 125 35 0 58 18 14 96 20 115 53 19 54 30 62 163 30 56 72 33 18 0 60 29 28 9 118 93 0 106 80 180 49 63 10 33 54 0 45 5 88 54 0 161 72 94 27 14 43 125 82 10 25 126 48 84 13 10 34 59 42 135 63 0 196 64 40 91 95 74 18 51 2 35 18 78 30 100 70 3 0 53 213 33 8 60 36 10 113 22 0 75 65 165 36 7 26 19 61 0 0 42 77 145 0 16 15 6
79 47 85 64 0 124 27 89 78 43 74 11 55 42 58 77 39 29 9 254 75 43 70 52 23 62 20 9 60 42 16 16 0 67 135 23 71 60 73 51 21 2 74 20 54 0 12 0 42 40 81 99 89 1 97 6 23 42 24 140 0 0 20 84 48 75 56 44 51 81 102 0 0 30 168 102 43 74 121 133 82 65 116 151 60 58 90 178 60 57 7 79 13 118 40 126 110 0 66 4 153 43 23 19 14 0 25 28 45 12 46 13 100 81 86 72 49 82 7 106 47 12 16 77 37 74 28 78 60 61 86 218 18 0 26 34 75 80 12 77 14 102 55 146 51 48 85 6 0 98 16 45 5 14 76 42 25 81 135 68 6 35 87 56 9 69 88 45 111 20 60 40 87 78 29 35 30 79 28 0 93 13 53 0 4 66 17 3 118 69 97 14 0 18 39 81 154 133 17 208 18 4 111 84 38 134 151 74 40 21 54 43 112 18 8 108 193 30 88 41 6 128 18 122 57 45 23 74 8 0 139 102 21 106 175 125 8 45 14 40 41 11 68 99 85 119 153 7 54 40 0 33 37 27 71 53
5 24 16 0 8 63 63 52 123 34 41 0 67 72 11 132 36 4 73 83 81 9 0 48 75 36 0 135 16 20 80 125 157 24 0 0 88 62 68 0 42 64 9 20 84 30 52 0 84 50 0 28 189 58 86 0 140 113 66 0 36 0 0 0 88 24 0 18 53 0 36 15 90 40 64 46 96 0 81 46 106 0 20 0 42 57 12 152 56 7 32 103 24 36 85 70 109 45 57 13 43 0 35 103 99 32 45 20 74 12 6 12 12 0 60 127 0 73 42 32 10 0 30 61 45 93 105 43 72 50 0 73 4 0 41 55 28 4 60 21 56 50 153 92 36 12 40 0 80 59 51 0 76 131 25 55 48 0 100 105 14 33 65 43 108 12 42 66 117 59 0 48 17 183 120 24 63 86 48 26 0 15 48 99 24 42 32 81 171 20 124 43 0 16 18 16 27 104 0 54 40 18 0 90 125 95 24 35 0 32 20 53 16 36 0 102 32 0 72 9 110 90 20 25 53 83 170 31 0 62 78 4 166 21 0 33 99 72 12 28 12 32 120 48 180 95 69 67 0 45 32 107 10 29 42 112
54 63 76 8 57 97 18 45 0 72 60 80 24 70 32 153 39 33 53 4 36 51 28 114 40 59 39 15 121 86 39 9 3 72 33 36 31 0 0 19 15 3 99 15 24 54 12 0 24 12 0 66 92 5 48 75 99 103 46 142 72 13 19 55 138 70 104 104 35 84 89 8 0 9 12 0 4 0 0 110 76 20 3 0 149 37 184 65 157 0 44 52 28 132 16 39 112 93 145 84 52 57 32 9 0 8 114 29 23 0 80 64 47 0 0 6 107 72 24 51 42 94 18 12 111 48 187 60 16 85 64 11 45 64 0 75 18 48 6 78 59 10 0 78 0 9 68 45 0 40 17 24 30 66 64 101 4 32 4 69 78 42 158 66 65 94 68 0 54 139 89 145 92 165 40 65 111 47 51 13 64 110 40 40 49 44 112 94 91 67 87 65 54 75 33 17 24 37 3 106 111 98 66 133 0 26 77 82 153 146 136 0 16 5 92 36 74 0 93 12 0 126 92 104 169 116 4 4 40 0 40 80 25 0 28 0 189 6 97 3 8 45 104 87 18 6 0 47 92 0 72 79 59 0 54 72
14 127 67 109 146 211 129 0 88 107 0 26 9 114 236 40 9 167 76 3 78 108 101 62 185 146 61 45 146 128 72 60 7 59 86 0 42 115 17 125 53 72 16 128 136 56 88 225 123 107 125 22 9 126 251 102 86 93 44 110 103 110 86 22 114 159 90 54 118 50 116 64 7 52 72 54 42 21 4 223 17 128 18 48 275 48 101 45 59 107 83 90 56 88 103 48 91 8 33 68 124 149 153 7 241 52 113 157 121 64 113 144 178 256 18 0 189 71 66 87 14 129 12 14 30 149 51 194 109 185 40 99 68 98 32 100 18 121 118 5 108 93 52 166 87 141 258 49 115 94 0 48 117 125 128 292 92 26 20 138 41 110 169 181 127 12 101 68 0 139 123 225 118 42 96 108 97 78 125 42 140 79 15 86 97 99 85 18 132 116 0 134 172 65 105 48 22 128 59 172 0 74 155 161 197 6 23 90 178 94 96 136 100 48 8 118 164 90 161 118 144 181 170 140 66 116 164 7 92 54 33 25 60 272 21 95 85 70 174 231 38 84 57 120 162 62 28 11 33 64 175 144 100 130 74 140
0 82 28 54 101 113 0 120 12 84 42 48 0 42 20 0 0 8 6 10 0 102 71 0 118 9 44 63 123 77 0 25 24 87 0 8 54 58 63 52 44 160 102 145 32 67 89 54 2 21 0 80 16 6 79 48 59 0 42 57 90 78 36 4 27 20 112 36 141 9 4 60 80 95 148 0 14 126 88 112 34 106 0 58 122 11 41 54 69 0 36 57 8 51 72 50 0 22 57 83 58 36 44 33 0 60 54 26 48 37 110 63 72 135 119 70 65 146 66 114 74 43 12 96 20 114 124 45 78 19 82 54 132 2 0 12 45 116 60 0 48 12 52 0 0 78 30 17 54 21 69 32 0 0 0 66 91 24 6 60 35 74 15 125 46 18 0 16 18 131 18 60 66 84 92 66 78 69 12 3 32 0 9 0 36 27 39 74 61 67 81 30 0 108 47 110 0 46 27 10 56 22 57 9 30 97 123 140 135 0 1 78 51 24 35 63 83 4 0 8 44 32 15 24 107 158 124 98 56 0 100 112 26 0 10 0 105 66 108 58 3 40 80 0 26 40 68 0 81 59 12 86 87 0 30 54
18 127 12 12 41 10 2 122 103 48 24 8 0 25 27 51 32 0 101 0 33 37 0 78 36 0 0 85 0 64 1 81 15 121 0 4 12 22 37 74 90 0 32 8 149 47 0 0 120 0 54 89 134 3 21 20 0 72 116 172 91 72 71 64 0 108 40 54 72 90 0 106 64 178 83 8 15 22 83 44 28 0 40 42 130 160 99 27 59 30 0 99 70 70 30 56 3 0 0 36 0 69 49 20 86 8 24 0 16 0 74 64 0 21 96 92 44 21 97 91 72 64 80 74 17 23 35 54 12 36 44 72 63 16 41 70 0 23 47 75 0 9 65 72 12 100 32 8 54 80 18 30 30 0 0 0 42 162 71 91 0 48 54 82 89 21 32 104 18 135 81 24 27 24 48 54 0 0 0 96 18 0 93 0 62 6 125 69 17 0 3 60 42 8 56 36 90 169 21 0 121 0 90 75 21 97 116 88 16 49 7 0 0 70 6 36 3 184 0 32 16 91 7 103 114 78 48 0 36 0 91 14 12 68 114 12 48 0 40 54 0 51 57 0 63 63 107 48 18 50 36 12 0 60 24 0
15 82 0 0 75 70 9 0 0 16 109 0 96 56 0 0 0 53 180 39 65 46 109 48 67 9 15 76 8 89 16 0 18 96 6 24 0 72 59 7 40 92 185 63 92 112 79 0 6 74 17 180 56 28 24 31 51 24 163 141 24 84 152 24 89 45 38 40 66 77 86 57 60 183 200 18 0 0 50 0 84 52 0 77 78 118 136 183 63 21 18 3 131 0 80 25 51 79 67 103 111 0 48 74 45 37 30 50 76 0 126 25 0 42 48 7 161 84 85 28 56 127 48 112 15 63 0 166 0 0 83 97 120 35 34 21 73 48 59 78 76 107 0 31 36 58 163 75 0 48 0 167 23 147 21 53 0 84 49 107 108 35 36 91 28 52 83 72 0 0 32 36 18 82 75 63 8 8 36 86 169 32 111 20 16 9 63 49 99 45 105 103 30 0 63 111 3 104 20 218 99 114 60 89 3 18 40 19 116 50 155 24 77 5 62 30 119 103 32 0 34 81 78 24 54 25 53 51 8 3 68 102 6 71 35 45 26 12 42 36 32 63 64 9 56 46 0 40 0 5 22 141 37 61 63 12
30 44 0 72 21 50 48 54 23 16 61 39 8 0 0 43 16 0 10 0 45 0 128 4 165 72 0 15 55 5 0 69 0 41 0 111 8 42 18 103 2 24 112 0 91 9 98 24 64 10 4 31 81 20 24 118 38 14 190 107 30 128 64 194 16 25 0 23 36 0 12 64 20 0 42 45 70 44 0 60 55 54 6 111 60 70 24 0 32 138 27 36 91 4 23 124 36 62 0 9 12 32 60 0 30 78 159 18 0 72 6 80 6 15 0 6 0 24 0 4 45 68 57 56 12 96 101 126 28 0 33 0 34 66 26 20 27 8 0 48 102 0 10 7 0 62 90 0 36 80 54 2 0 47 16 8 168 64 18 45 9 1 14 42 96 36 106 48 48 0 78 34 25 34 122 24 28 0 73 71 48 114 32 54 127 7 80 20 74 16 45 94 41 0 138 36 48 142 86 87 127 9 48 5 36 46 31 7 48 64 7 21 26 28 76 72 79 48 36 48 51 0 0 0 0 5 109 14 74 59 88 32 82 15 12 84 36 0 0 20 28 10 7 0 6 0 0 8 1 80 66 7 28 0 84 64
31 225 12 63 19 134 90 99 44 64 15 51 35 80 28 24 0 35 96 0 63 127 135 132 118 73 0 80 60 109 32 56 80 79 2 18 23 32 190 106 105 92 12 4 77 90 0 0 0 115 81 18 66 72 56 0 55 23 122 104 34 98 123 62 144 35 49 39 24 17 4 42 0 44 90 85 0 115 29 141 136 12 55 62 78 98 52 19 114 34 62 118 166 87 77 12 26 12 13 112 53 81 105 74 44 54 0 138 25 28 142 143 94 88 93 122 82 28 115 74 62 74 21 130 36 64 81 56 63 28 105 48 129 0 80 0 92 29 79 113 0 94 36 78 65 21 58 48 22 62 33 21 45 44 54 51 148 67 87 32 75 73 51 124 46 0 10 80 80 129 84 114 93 67 30 39 12 28 0 109 107 2 82 0 40 28 186 53 4 17 72 30 34 0 31 85 41 8 36 72 27 63 149 82 19 34 53 0 88 74 36 25 17 75 25 0 116 28 14 46 56 80 44 92 55 152 112 36 100 20 36 112 63 73 39 23 51 31 52 102 24 100 56 4 21 139 72 12 69 16 40 80 36 28 104 5
46 49 28 0 25 28 5 0 12 0 0 0 57 0 27 5 0 0 83 39 90 56 18 81 4 12 93 14 12 0 62 210 0 27 0 64 0 2 0 42 24 56 36 132 134 0 0 14 13 0 59 86 181 69 35 42 71 6 16 35 58 60 19 12 40 64 121 31 86 57 24 10 3 15 26 0 5 0 42 46 59 0 29 14 49 17 45 66 15 1 0 9 63 38 11 0 0 0 98 54 39 56 99 117 32 125 46 18 45 53 72 5 138 30 73 77 44 87 2 90 24 64 47 14 31 14 0 120 127 51 32 57 63 10 18 62 3 18 0 63 6 20 15 180 40 55 39 0 72 0 8 0 51 126 57 52 72 40 49 9 10 16 20 66 5 9 75 104 0 83 80 4 65 48 0 43 0 88 24 100 35 45 96 0 30 12 45 37 107 4 50 102 54 0 14 27 0 20 19 34 56 40 91 2 47 89 12 12 6 4 110 153 4 82 14 69 62 82 140 24 0 5 51 70 19 5 0 0 103 124 44 10 44 18 30 27 96 0 2 7 70 64 120 64 5 101 70 72 0 79 92 8 49 75 0 9
68 38 18 25 40 91 115 0 73 92 20 23 66 58 29 106 20 12 45 71 30 7 0 56 129 104 21 27 135 14 116 204 42 20 0 32 54 97 83 105 28 73 3 74 84 0 79 125 81 36 63 14 146 14 0 57 130 6 130 24 23 98 0 0 55 16 24 51 2 37 12 107 95 36 32 54 128 56 175 60 177 49 9 26 41 18 35 142 124 27 112 170 34 91 96 84 28 40 56 88 103 78 16 57 4 91 57 0 57 3 2 32 62 3 27 81 71 30 0 65 81 66 52 7 10 181 44 12 104 50 39 51 18 62 0 63 10 120 59 77 87 165 22 108 36 120 146 0 84 52 121 30 27 149 82 2 169 46 86 40 63 95 118 62 33 8 49 65 103 163 32 94 0 126 153 0 46 14 16 83 71 0 24 91 29 60 59 59 95 71 102 54 48 26 3 20 14 56 96 22 16 111 58 87 164 8 24 32 110 29 80 128 24 30 90 155 126 26 92 54 62 64 72 63 19 45 135 85 120 14 72 28 104 0 0 165 43 72 34 23 15 0 166 46 118 20 107 22 88 75 104 144 14 49 3 149
41 59 53 65 62 81 88 43 32 28 8 30 0 204 48 9 142 72 34 81 4 116 95 48 40 56 160 0 89 0 110 53 8 68 27 25 46 30 92 30 0 61 21 54 87 36 0 93 65 28 63 78 0 64 93 28 29 42 114 147 42 195 232 62 93 76 97 0 16 50 108 57 6 25 10 116 0 12 32 57 28 12 75 22 160 0 97 91 37 9 0 58 71 12 47 136 104 0 56 18 18 64 117 69 0 49 65 129 8 34 14 0 113 45 16 31 36 80 29 55 28 124 62 113 91 109 27 12 63 49 40 34 40 74 7 148 16 58 6 84 90 64 9 48 0 0 59 133 70 120 26 18 30 137 24 0 4 86 22 159 50 91 56 104 74 0 110 93 92 16 58 49 77 125 27 34 129 53 93 0 119 134 64 0 21 27 76 0 114 61 38 37 74 46 40 47 12 77 157 54 124 42 87 52 39 100 103 25 137 42 106 36 33 36 40 105 100 110 75 85 2 24 48 25 144 0 12 68 25 57 23 40 86 24 26 108 51 145 40 15 54 9 7 49 0 16 42 32 170 123 126 102 0 0 169 168
13 80 58 0 25 74 4 0 49 30 0 74 52 54 14 66 36 35 65 7 35 85 56 3 60 56 72 50 0 0 4 2 72 12 8 18 70 10 0 43 34 90 81 16 100 14 0 0 28 110 50 88 58 59 3 0 40 154 0 18 0 74 47 121 24 0 0 16 31 99 8 28 12 46 128 42 0 7 72 24 0 32 0 9 131 10 18 12 56 7 0 72 81 14 6 46 42 51 0 0 9 8 0 4 47 27 27 28 48 63 97 90 45 0 48 51 3 28 0 18 0 0 0 28 52 0 14 51 10 30 42 29 18 37 107 22 20 0 35 30 0 83 27 17 0 125 20 53 54 10 45 15 65 0 30 115 12 72 37 42 15 1 21 93 100 100 9 0 36 40 56 32 82 30 99 0 0 13 12 150 16 7 24 40 117 57 48 34 72 71 39 130 94 10 58 78 0 10 97 63 78 56 58 92 17 0 56 64 18 62 41 10 73 70 0 24 71 12 5 69 25 76 91 45 6 10 64 15 51 0 24 6 37 0 45 38 75 80 50 82 72 44 0 40 52 139 48 97 30 0 71 52 0 12 22 10
12 86 68 10 60 44 44 0 64 12 20 109 131 53 34 27 18 28 121 27 27 0 55 62 46 14 27 4 4 101 5 100 83 55 17 1 53 0 47 128 62 39 86 101 0 18 0 109 24 30 30 72 65 0 45 109 49 75 48 13 110 12 46 90 57 107 153 90 90 123 88 58 36 170 68 2 54 63 12 54 78 21 27 76 71 75 110 0 22 34 72 35 126 44 14 47 39 2 24 105 0 38 120 105 37 62 0 27 87 54 74 38 50 53 108 86 36 28 0 10 41 89 96 117 38 90 54 68 101 102 51 102 9 54 39 21 42 60 9 33 44 6 74 145 70 21 10 31 36 83 3 24 83 0 88 52 21 46 8 96 79 48 56 72 57 43 66 77 57 85 42 32 71 76 94 27 40 39 96 47 105 75 85 16 109 10 108 11 63 23 161 18 14 0 95 90 106 79 9 22 75 34 23 10 28 108 72 0 79 168 65 92 5 26 12 135 89 94 95 14 66 85 23 66 4 48 82 110 24 16 18 61 7 62 87 56 28 56 63 68 0 38 59 105 62 99 72 4 0 19 8 157 0 36 28 38
28 54 97 23 56 30 223 49 0 130 48 35 115 54 161 21 23 130 132 95 50 43 109 104 130 75 24 45 81 45 123 131 0 95 16 82 112 3 9 9 88 178 48 88 18 80 0 172 45 88 92 36 64 88 35 6 75 48 0 86 102 68 120 0 148 23 214 44 111 0 107 158 28 107 34 94 4 83 147 123 152 0 40 60 110 44 148 91 75 51 93 60 13 56 126 115 31 20 74 108 91 98 6 77 87 17 63 77 64 67 115 263 109 67 174 14 66 129 94 40 122 120 16 32 50 97 93 33 32 0 21 257 15 72 40 72 51 147 25 64 113 36 34 108 35 120 142 27 61 97 57 56 234 119 56 107 98 104 36 113 63 103 52 157 18 60 36 214 66 111 31 53 137 36 59 108 116 80 88 59 77 26 97 0 137 72 109 99 146 71 123 7 79 130 21 165 19 117 81 42 73 60 117 24 76 42 87 45 89 41 243 82 4 30 44 35 73 99 22 9 139 63 44 23 113 61 46 61 70 70 107 89 76 4 41 86 83 95 138 60 0 63 297 101 197 112 114 22 81 36 114 32 73 72 146 138
75 117 66 35 94 28 39 72 108 8 54 130 90 0 128 165 108 37 58 21 18 126 80 50 76 162 3 96 71 114 12 143 78 66 48 14 33 125 25 171 6 76 94 12 59 50 61 104 0 30 39 98 201 64 32 35 48 42 106 0 27 118 4 0 167 184 123 30 108 98 63 36 48 95 166 74 45 68 18 171 72 46 8 175 253 29 134 10 0 31 27 34 68 56 39 12 26 16 129 171 174 54 124 0 84 119 130 38 46 117 18 82 8 22 0 144 126 65 100 94 6 56 21 42 36 134 184 177 40 197 123 0 97 18 156 49 71 20 35 32 90 160 214 55 0 52 90 35 12 135 49 110 41 0 0 212 30 18 42 18 69 57 18 165 60 134 28 49 0 189 80 102 137 77 81 207 126 69 64 103 34 104 18 45 36 0 105 0 239 99 0 72 73 21 66 75 8 45 137 0 72 187 159 185 109 54 30 54 183 166 70 0 55 0 133 137 135 92 89 70 18 60 120 0 63 0 32 7 4 35 36 79 88 12 21 42 48 62 94 43 40 45 138 13 93 27 54 101 45 112 31 134 63 7 51 0
0 43 86 7 52 77 70 73 26 5 8 87 62 0 60 0 44 47 42 6 12 48 49 71 63 70 15 64 119 32 36 16 14 33 4 0 46 43 81 7 10 0 8 0 0 40 76 95 76 42 124 47 49 68 22 128 22 0 108 74 40 14 72 35 52 66 30 30 0 5 7 146 20 14 25 91 0 24 14 54 0 16 0 72 4 23 9 8 12 147 101 127 42 24 0 0 32 0 136 49 59 35 54 18 0 56 28 4 0 22 0 66 61 24 32 28 49 44 49 93 0 32 8 42 10 88 33 76 70 64 45 8 86 107 8 34 0 110 62 66 59 72 0 29 0 86 68 34 91 83 45 14 96 56 42 84 72 16 4 90 57 79 0 80 80 32 66 0 35 65 101 85 33 50 64 69 20 47 54 85 64 36 27 46 20 35 127 102 80 4 93 90 52 46 72 0 80 40 0 0 130 62 70 68 122 24 27 33 62 72 56 42 10 4 6 56 36 36 57 50 36 40 67 50 103 55 85 14 123 13 44 56 28 24 30 54 40 28 86 52 18 34 69 78 40 0 108 31 105 0 112 139 190 20 44 61
17 25 0 8 82 28 3 20 34 0 148 4 68 51 56 0 0 0 10 69 101 2 117 0 68 44 0 66 0 8 0 59 68 0 4 51 12 55 24 58 0 0 0 8 0 16 36 0 3 26 0 116 177 0 49 79 49 12 54 57 21 49 21 63 8 0 0 0 0 3 59 94 24 64 55 36 55 0 28 0 0 36 16 12 29 125 48 86 0 0 0 52 28 0 8 0 29 98 0 5 24 16 90 87 62 4 139 21 92 49 24 56 21 0 18 0 16 62 66 8 7 8 21 16 0 46 74 87 20 21 36 64 49 111 40 28 24 22 0 0 18 6 123 24 20 2 85 8 42 28 38 104 81 96 34 66 7 0 28 90 6 16 24 61 48 16 56 56 24 18 39 72 22 14 96 79 0 63 0 0 0 35 0 63 0 53 9 12 6 7 120 35 55 35 38 41 16 18 71 53 118 0 24 36 12 25 54 14 34 45 92 18 48 32 13 66 85 85 0 0 8 26 29 24 109 102 72 28 42 0 28 0 24 88 63 27 42 24 45 0 0 3 3 57 0 17 74 24 70 44 64 81 58 18 24 87
62 170 48 138 71 121 56 111 82 44 44 22 166 9 102 0 3 20 47 114 54 0 90 8 132 93 55 38 81 78 41 96 135 0 20 0 0 17 120 44 72 9 2 88 52 181 66 46 30 14 83 146 20 71 50 142 42 59 82 89 74 16 0 6 150 0 130 0 61 47 52 42 15 32 137 30 12 76 27 118 104 63 48 58 89 49 84 114 63 118 91 47 1 74 36 42 179 4 144 27 13 94 5 72 85 64 59 96 35 0 5 70 83 104 165 33 88 14 0 48 8 110 117 90 83 108 85 40 88 62 52 86 172 88 50 146 31 186 123 71 6 79 163 22 50 127 92 79 84 149 38 0 16 117 60 33 64 82 103 63 9 118 155 139 60 127 142 50 45 132 54 209 165 140 73 106 79 72 48 183 91 70 36 8 106 30 60 114 63 103 36 102 78 10 81 147 144 114 48 130 126 155 105 74 32 189 137 69 18 40 22 24 14 17 119 50 85 12 44 18 67 59 120 62 73 155 124 128 137 0 11 0 112 125 83 135 117 18 150 112 0 30 128 58 152 62 110 18 1 81 46 124 134 103 69 161
16 226 80 60 12 1 72 0 48 105 82 76 157 0 14 16 0 7 174 0 13 24 50 0 110 8 0 38 32 165 26 57 21 159 65 17 45 30 61 61 113 20 28 95 0 98 14 81 99 69 122 77 54 0 35 69 12 33 8 123 49 79 55 53 8 40 35 65 107 119 0 18 0 159 35 0 44 115 54 81 0 112 150 63 98 85 62 72 60 18 19 36 1 50 2 0 134 30 0 65 65 90 54 96 108 34 63 6 24 70 0 7 71 52 168 71 64 18 13 9 35 57 88 66 50 91 65 31 59 0 50 72 44 0 57 135 7 29 113 26 18 49 39 21 48 0 52 42 219 101 29 65 19 0 45 54 79 44 42 84 62 100 15 125 183 107 60 89 142 29 72 50 114 32 109 48 0 0 24 113 131 8 63 0 88 54 54 114 10 115 52 197 81 8 53 142 75 214 52 12 32 86 15 64 107 19 101 5 74 187 0 0 87 83 17 68 0 151 33 1 44 21 67 68 25 120 88 48 6 0 90 82 71 50 65 103 31 128 78 32 0 36 25 70 75 146 40 150 27 0 60 179 27 0 48 64
40 99 32 24 51 85 85 16 60 149 44 21 132 0 40 2 6 66 56 88 126 30 92 88 16 0 56 0 8 112 42 161 54 18 41 0 62 76 151 90 69 142 72 93 24 30 0 131 141 99 55 64 44 137 22 36 75 56 177 9 139 9 84 56 30 21 0 22 4 4 100 0 34 51 120 0 151 54 40 32 85 37 8 29 32 38 54 50 78 0 73 8 0 0 0 49 64 44 0 93 0 74 38 44 2 23 67 38 151 6 136 14 110 75 54 73 26 54 10 22 104 141 127 117 4 129 138 104 84 0 19 60 103 36 46 70 80 0 78 16 4 76 43 30 4 63 88 31 123 42 32 58 80 49 72 58 180 56 6 10 14 32 4 112 141 56 0 70 42 47 54 84 12 14 256 28 20 6 76 16 23 0 48 0 151 84 138 31 86 81 141 72 12 0 42 9 65 0 79 91 127 48 31 45 31 33 48 32 62 32 164 51 111 120 40 27 44 69 23 63 42 20 71 58 51 38 50 57 161 2 54 58 117 14 80 93 35 90 0 27 56 16 24 136 48 84 104 38 68 0 139 67 36 18 6 74
15 90 94 29 96 91 70 72 21 52 60 18 56 18 12 92 36 21 0 35 51 30 32 0 25 64 0 72 72 94 39 0 3 116 40 10 86 34 122 0 51 59 127 12 46 0 31 24 105 12 98 158 80 20 0 21 55 39 118 0 27 8 67 8 84 75 42 40 48 24 33 70 143 105 85 22 96 60 85 69 63 0 25 56 111 107 14 0 110 18 110 0 16 54 65 6 48 0 0 116 83 8 44 0 40 58 142 59 35 0 18 40 21 1 12 92 90 83 0 44 0 0 47 56 6 119 27 48 13 15 117 77 54 0 64 0 0 10 76 24 51 89 72 42 18 48 40 16 0 24 35 40 75 83 39 0 42 0 75 32 61 30 9 40 40 55 7 64 20 100 32 128 14 24 0 116 27 20 48 124 8 8 70 0 10 34 72 28 149 17 0 62 9 67 3 153 120 46 30 6 0 24 53 20 22 32 121 80 21 34 16 27 6 5 24 72 89 120 92 25 62 76 82 65 96 9 20 0 76 8 45 73 29 74 0 4 99 27 57 68 32 80 0 66 107 30 77 12 36 0 18 114 0 20 22 72
48 104 2 75 49 179 24 54 135 16 49 44 80 5 48 35 0 14 45 98 17 0 56 26 122 96 104 35 0 26 51 126 18 127 78 126 105 105 30 33 40 7 118 0 104 108 7 78 61 0 57 84 143 62 162 106 63 40 116 78 21 13 8 202 139 75 50 65 166 28 68 10 45 0 84 151 0 66 42 121 128 120 79 143 78 32 29 142 89 63 54 135 110 33 135 124 132 48 40 163 180 63 102 34 59 41 63 62 83 81 112 161 111 166 71 168 40 14 28 24 81 73 116 72 86 4 75 133 114 0 101 92 63 16 83 35 154 100 144 42 123 59 33 71 0 152 71 9 71 77 24 16 111 20 65 31 84 37 58 90 74 7 49 19 4 111 55 70 60 46 95 64 6 35 86 216 85 0 0 13 127 163 56 0 88 160 0 46 193 8 84 39 104 0 142 170 93 58 0 115 45 49 66 81 0 83 233 186 30 30 49 9 61 91 110 9 123 90 186 64 40 122 63 80 63 0 8 117 84 30 163 128 125 80 76 42 90 0 8 34 61 144 21 77 126 5 193 24 19 74 24 27 40 18 140 0
24 93 7 80 36 124 10 35 0 114 66 64 107 5 0 9 24 17 45 27 42 13 60 57 92 0 3 66 56 85 14 21 0 126 7 34 45 45 42 45 80 78 85 79 10 109 14 48 24 62 0 153 192 99 40 28 86 25 45 12 90 33 114 35 76 5 62 6 9 72 25 114 0 6 118 37 21 28 12 86 31 61 66 48 64 174 200 72 21 63 66 89 38 15 0 16 4 97 61 46 34 105 91 0 45 82 38 104 46 26 62 31 12 75 82 40 77 37 50 26 85 60 44 202 90 71 91 38 0 0 49 30 128 48 6 115 0 87 48 39 57 63 62 5 36 45 58 40 60 0 27 128 36 15 91 117 8 0 44 42 81 76 54 63 64 30 106 105 88 56 91 97 142 68 105 27 46 14 12 52 51 40 20 0 24 60 27 31 75 5 158 58 76 0 0 104 0 207 42 121 103 69 33 45 21 35 53 49 122 34 63 0 94 0 41 54 48 135 0 0 0 48 129 80 48 149 12 12 0 65 0 9 64 54 15 86 45 92 72 67 3 16 59 140 48 106 40 54 4 0 16 115 122 60 109 0
24 0 68 21 65 132 80 0 50 64 53 21 63 24 46 10 72 4 0 123 0 0 0 109 21 119 91 18 57 4 92 159 76 0 0 64 0 61 32 13 0 0 24 45 0 0 63 61 0 35 56 41 91 0 3 0 0 0 114 27 72 16 12 9 18 12 57 0 0 80 45 65 72 0 87 32 27 45 16 0 47 16 64 30 4 9 0 87 1 29 71 0 25 0 64 0 103 0 0 38 64 92 15 12 35 10 0 56 24 0 6 6 173 20 18 20 84 32 0 38 63 116 6 40 0 0 57 14 3 6 24 0 31 56 63 42 0 58 20 40 5 72 105 55 0 12 84 56 0 0 52 54 0 36 63 83 49 44 27 33 72 45 63 66 84 0 18 146 12 117 0 18 47 92 72 28 6 24 0 78 44 0 8 0 35 25 49 48 16 42 19 8 15 30 16 61 0 9 64 27 72 106 18 6 93 12 35 20 9 0 106 45 14 24 0 24 72 48 12 73 0 20 41 16 43 99 46 88 76 21 6 14 85 0 25 72 21 9 8 8 48 6 64 64 0 5 36 0 38 117 6 47 40 65 36 29
85 18 182 69 0 103 0 74 161 16 103 26 105 92 88 144 167 14 74 0 69 49 72 78 58 59 58 18 70 128 8 36 28 21 25 39 128 37 38 83 68 130 126 197 0 6 70 142 57 131 50 80 90 56 62 18 66 74 72 44 161 150 32 212 34 113 16 160 113 49 42 0 49 200 50 99 14 88 89 40 5 67 31 99 81 65 36 112 0 49 20 114 99 73 7 40 6 42 102 77 133 87 40 68 14 45 168 84 63 125 28 46 116 48 11 40 9 60 36 6 130 18 141 40 98 62 81 187 109 49 178 96 66 75 36 146 12 49 93 87 18 49 61 250 125 133 115 0 8 88 59 56 95 30 40 34 92 12 0 60 22 21 80 169 0 48 42 57 48 191 6 116 48 0 61 124 46 71 56 144 0 44 109 45 76 32 76 52 134 38 14 78 46 81 57 124 56 45 74 68 71 2 61 4 8 61 48 73 61 88 54 80 28 86 82 21 115 109 72 31 21 0 0 93 39 7 86 0 60 77 92 88 9 0 146 31 126 64 120 96 128 127 101 63 63 36 66 18 149 110 77 80 65 58 36 31
48 83 15 0 46 57 18 24 4 48 27 0 52 32 54 0 81 50 49 24 6 48 66 48 123 48 42 0 22 19 86 48 36 14 46 0 0 108 126 36 38 18 104 36 12 113 0 0 38 28 46 95 0 0 20 52 0 0 114 22 34 40 97 0 86 0 63 143 78 6 0 58 99 65 33 12 0 35 10 2 16 96 24 35 41 26 0 200 38 6 34 0 67 26 103 30 32 12 40 52 78 18 20 4 23 35 0 45 106 12 8 16 12 9 18 24 194 100 0 32 40 35 6 75 50 26 64 40 62 20 68 59 0 86 10 4 10 40 0 60 134 114 2 117 0 18 56 36 0 30 106 0 80 8 28 45 0 8 0 88 253 27 18 58 69 0 36 85 0 81 22 66 35 0 174 46 24 8 0 84 90 26 50 50 4 2 12 123 118 12 12 83 24 51 50 195 0 46 42 18 27 83 40 7 34 37 55 26 6 10 70 24 57 0 18 0 120 83 0 41 20 0 16 23 54 36 53 132 22 14 38 31 12 60 0 72 88 0 9 6 38 17 91 0 0 0 12 30 90 80 20 74 82 66 12 26
49 45 59 0 9 10 36 36 45 40 76 13 53 84 8 42 45 8 101 21 18 100 144 63 124 162 15 175 59 50 58 72 47 13 2 0 61 43 56 62 29 137 36 141 14 81 36 161 76 38 162 37 0 32 31 50 74 42 77 64 0 168 17 25 103 126 125 90 41 36 29 16 84 98 90 45 0 99 0 91 79 22 0 7 75 0 72 81 36 3 14 128 48 138 66 10 36 0 126 78 122 34 62 5 14 31 92 28 0 28 30 90 148 48 39 62 12 108 9 18 49 18 112 72 36 29 0 190 28 81 87 2 52 55 0 72 109 12 143 30 18 4 42 137 158 172 193 0 16 25 42 28 0 155 54 118 211 20 18 62 14 30 128 24 5 36 63 73 0 142 90 142 123 36 29 77 67 77 104 181 117 53 108 0 26 4 49 0 112 7 99 40 56 122 28 168 72 62 36 105 112 11 9 39 94 82 129 116 105 70 59 21 0 4 105 40 79 88 64 86 91 63 73 56 79 94 117 0 56 0 45 137 16 0 6 51 170 57 76 78 0 80 39 175 0 0 72 0 63 54 180 149 184 36 157 0
45 64 9 21 52 104 90 0 0 4 42 22 56 0 77 12 25 37 98 75 116 73 81 58 155 4 34 17 57 73 68 140 45 62 17 42 4 108 49 61 123 125 82 144 40 87 0 45 3 58 37 97 109 91 72 50 106 14 106 102 127 78 64 22 89 20 62 30 55 0 56 90 3 100 114 95 45 0 33 57 140 126 0 108 227 74 92 180 12 72 69 56 70 34 109 92 53 0 73 58 127 30 78 14 141 28 73 78 71 24 89 110 16 38 133 136 139 139 50 97 18 45 34 42 83 47 35 36 117 46 64 24 0 57 118 0 23 77 86 96 107 119 113 43 40 79 116 23 78 31 51 0 124 100 69 43 80 45 50 18 118 93 101 76 54 37 105 105 7 54 126 30 26 0 80 90 35 0 56 72 145 1 86 0 66 52 45 7 193 105 84 105 55 16 42 48 26 18 88 91 33 32 113 78 136 35 111 0 93 0 65 93 13 41 13 65 92 185 19 35 118 55 55 66 72 133 84 54 70 47 38 68 63 56 0 42 41 19 28 13 46 75 120 24 168 75 48 15 39 25 43 92 97 98 42 43
16 103 46 0 31 27 48 12 102 52 42 17 40 56 8 31 0 44 170 18 0 75 155 117 126 8 0 45 127 78 81 35 4 124 0 56 54 72 36 15 21 56 92 63 72 6 100 117 81 64 168 29 56 32 21 60 51 60 64 32 24 0 64 0 40 41 95 12 53 75 64 91 77 64 42 69 72 108 164 72 93 71 9 4 30 0 54 49 116 0 39 230 60 45 28 98 0 24 78 132 90 61 21 32 31 105 69 81 16 0 48 0 208 28 89 60 82 32 41 74 0 111 18 72 27 35 50 149 10 69 24 87 30 84 42 1 107 80 188 24 64 21 36 127 0 107 107 0 76 24 21 115 0 156 171 54 76 77 0 88 32 60 156 9 74 0 63 70 0 72 80 196 116 56 48 57 116 6 12 39 69 24 71 44 28 0 24 35 125 193 54 74 47 25 84 54 58 105 83 76 73 2 106 54 117 36 80 46 48 0 134 127 69 24 0 54 6 36 116 55 94 0 43 100 54 104 178 34 0 0 35 158 69 32 42 80 90 8 87 102 0 111 80 160 66 24 99 16 49 10 80 16 106 40 96 130
65 159 91 0 43 50 0 24 28 16 5 4 51 27 1 4 4 34 76 78 0 121 57 26 50 52 163 3 64 62 5 163 150 96 74 0 15 4 68 99 21 111 92 25 65 0 0 24 53 54 65 42 93 17 79 12 6 136 66 16 57 90 14 118 26 124 100 125 73 133 25 48 0 90 116 0 55 68 36 53 3 51 17 52 112 75 21 50 45 9 17 39 34 45 56 14 34 9 12 92 9 51 36 154 91 23 120 6 65 92 231 20 36 22 75 80 124 119 88 29 6 20 91 4 62 88 31 168 84 6 36 131 73 81 163 22 48 13 50 39 52 82 96 54 42 60 36 110 0 73 9 5 71 87 22 34 4 174 22 88 28 89 92 45 100 21 16 40 0 126 43 75 57 69 93 191 64 44 52 55 63 36 95 17 28 173 10 51 28 32 90 126 22 95 96 76 24 127 147 50 21 34 26 137 45 80 37 132 81 108 90 27 6 72 121 0 73 125 100 59 49 0 40 121 28 63 12 66 33 16 59 68 0 0 142 52 75 10 19 8 85 98 100 54 73 83 11 36 23 41 121 59 20 18 6 44
27 0 24 0 42 27 58 12 79 69 29 7 24 9 15 54 2 2 62 24 0 0 15 112 12 0 21 48 141 22 0 28 21 6 36 4 0 52 29 7 48 6 12 33 18 14 28 75 0 12 27 62 109 0 64 37 37 61 168 39 72 23 27 56 29 127 22 138 26 32 7 49 57 123 3 42 0 28 17 68 0 88 0 27 80 4 3 32 66 52 8 123 76 68 2 6 0 6 38 60 59 46 42 27 3 21 88 8 38 22 24 27 35 6 0 60 16 18 14 6 27 21 76 0 54 38 0 75 18 21 21 9 49 94 27 7 24 70 31 87 92 23 53 125 12 24 32 0 78 20 16 16 33 86 28 55 8 58 0 4 32 28 124 27 18 14 18 78 0 17 72 0 6 6 30 6 48 35 8 32 104 0 94 12 12 39 24 12 48 2 0 27 35 53 32 88 24 64 6 18 65 12 78 15 9 0 0 48 12 36 20 60 6 31 72 99 45 105 27 3 0 0 48 60 43 10 51 35 32 9 15 19 0 9 88 0 5 20 36 0 36 12 138 27 14 0 37 18 21 26 101 139 35 54 68 49
56 92 127 16 99 162 45 24 54 48 30 26 152 72 83 27 47 45 0 47 81 114 83 36 0 40 103 56 98 123 6 104 0 3 35 64 81 91 128 63 129 84 8 78 104 80 42 63 82 117 80 81 50 17 143 21 226 16 55 66 18 117 133 88 72 72 60 53 40 19 41 36 45 36 181 47 0 0 71 78 54 52 56 54 48 68 80 109 18 30 73 60 1 55 105 93 40 20 2 15 18 24 279 65 10 16 7 101 99 59 147 32 88 94 44 9 84 68 77 81 57 207 67 178 53 172 134 153 118 59 50 0 89 144 1 27 1 79 0 87 136 98 0 118 0 29 27 41 182 78 0 8 85 17 120 32 63 28 45 150 14 16 89 0 124 37 62 81 72 84 40 136 56 18 107 142 16 70 0 25 38 63 4 87 30 72 96 93 18 6 0 154 48 31 101 57 151 24 37 44 95 41 72 108 9 61 28 0 54 54 53 38 20 136 17 49 0 94 95 0 197 121 24 90 104 59 24 9 0 79 57 66 101 97 78 96 114 15 32 0 196 81 96 59 10 39 89 17 87 84 91 140 14 74 35 96
81 49 212 136 87 155 22 0 54 80 114 65 56 128 40 145 167 77 40 0 124 23 191 59 163 156 118 93 159 68 60 101 101 26 8 35 0 148 53 40 35 104 131 48 125 72 33 73 62 16 49 67 99 70 111 80 86 141 108 93 12 43 0 88 131 56 191 159 177 32 48 55 38 82 68 18 21 56 99 98 139 172 49 114 155 24 136 222 5 60 54 63 54 53 43 84 208 67 28 18 136 121 20 77 36 52 66 25 34 41 86 159 0 27 136 30 100 135 24 73 33 16 27 99 87 72 205 72 149 38 119 60 139 232 31 54 58 199 119 16 36 156 51 22 45 117 146 151 99 148 90 36 42 56 48 36 18 68 75 94 108 131 114 141 67 93 225 102 0 71 21 327 125 81 144 117 89 88 6 108 216 35 55 114 0 67 90 198 145 174 90 148 35 95 58 40 105 27 237 66 32 132 65 60 142 63 25 90 114 145 88 140 66 123 89 45 125 32 143 58 129 0 61 158 16 72 60 149 0 28 0 120 128 60 0 127 87 65 155 28 138 62 77 14 123 42 0 38 166 18 124 36 44 20 156 18
18 77 44 6 6 31 36 16 70 60 54 0 4 16 28 96 44 40 0 60 0 0 48 63 90 53 49 46 0 0 0 44 38 40 56 56 66 2 36 0 21 64 24 35 100 0 20 36 146 18 51 31 104 30 54 20 101 28 42 94 12 4 133 52 42 28 107 32 10 5 50 0 0 36 66 16 72 39 59 36 176 0 9 39 79 20 104 69 117 18 24 31 95 12 15 8 79 0 0 65 40 56 0 98 32 0 61 32 60 8 32 44 108 6 24 37 0 56 21 3 78 56 67 10 0 30 16 72 96 0 34 63 169 51 72 45 38 39 32 12 0 43 4 35 66 39 85 9 72 11 100 54 16 16 24 24 28 35 80 65 0 22 0 35 90 40 33 135 42 20 0 127 30 90 20 67 0 57 8 0 46 67 7 0 5 62 12 28 164 4 81 24 36 32 0 36 1 4 58 73 0 68 44 16 16 0 40 89 24 87 100 62 24 0 25 57 20 36 46 6 20 9 15 94 3 45 8 53 4 0 99 58 49 30 0 6 0 54 55 7 28 6 83 149 148 0 45 24 6 40 20 95 0 0 59 72
43 77 16 126 101 97 174 144 162 195 95 18 84 0 48 108 14 99 184 39 0 0 113 8 63 65 108 139 147 34 120 66 68 76 0 0 42 0 61 70 49 174 37 44 0 38 58 81 98 2 18 124 9 102 21 27 9 104 102 12 99 15 90 145 216 48 14 78 76 109 76 59 119 180 176 28 134 80 71 78 115 34 150 32 6 92 28 44 102 39 114 6 108 0 0 8 108 12 84 49 0 63 22 90 67 28 9 0 16 61 54 147 124 29 123 45 104 69 62 65 0 36 51 97 140 126 0 74 18 18 27 136 192 68 56 24 47 44 95 0 25 190 190 12 4 39 96 54 71 118 0 48 92 69 78 157 0 100 54 69 126 77 65 105 179 0 48 51 82 235 37 166 92 161 202 132 72 66 32 132 84 9 36 16 132 83 48 95 189 112 76 81 67 0 99 16 108 56 105 63 70 45 79 0 87 6 36 20 1 90 95 21 74 105 30 36 63 0 153 75 0 72 82 206 203 136 47 40 72 0 44 137 53 86 5 165 58 151 99 31 105 0 131 153 56 117 187 45 0 114 114 129 63 0 169 139
0 188 111 28 0 55 84 106 109 0 6 14 78 35 92 133 20 10 0 64 0 72 0 135 33 36 0 25 27 111 72 32 24 109 56 52 51 59 121 0 3 118 48 44 18 30 25 93 0 18 63 57 72 0 43 15 21 14 51 14 9 35 41 64 6 79 78 50 15 24 0 45 22 80 63 99 0 66 76 67 116 45 31 101 72 55 117 122 0 27 61 15 36 21 2 30 49 0 20 18 44 46 59 18 16 21 27 66 8 0 26 0 55 7 21 9 50 70 0 32 18 48 6 0 12 78 0 87 162 63 141 130 152 52 72 0 50 53 10 135 0 41 38 128 114 0 51 25 51 33 15 94 24 9 59 99 42 30 80 84 0 77 72 60 35 49 0 129 21 99 126 162 90 24 123 86 15 45 136 12 4 42 97 45 18 18 36 6 77 48 81 15 8 52 15 100 183 83 108 84 60 29 96 14 6 56 123 61 46 45 48 70 0 3 63 130 102 45 123 112 113 42 117 78 113 69 40 0 108 50 81 2 54 57 35 0 101 36 0 64 0 48 48 195 54 48 50 27 70 75 6 142 24 0 18 0
0 64 48 111 177 148 108 114 75 135 121 103 146 138 214 24 14 104 76 50 153 79 27 44 277 24 35 79 172 38 51 214 22 87 25 23 73 85 103 33 85 12 129 24 58 74 80 234 5 71 24 175 327 0 114 68 74 138 65 138 109 121 54 45 144 56 153 67 99 85 144 57 185 82 76 81 59 35 174 136 134 139 36 0 200 10 144 79 179 72 64 50 74 85 69 12 40 132 10 13 228 78 46 10 52 90 191 52 63 171 149 130 28 52 176 48 99 160 96 68 190 42 60 92 10 20 251 106 21 122 248 100 94 9 92 45 117 171 96 45 40 105 104 109 68 107 301 67 121 151 186 130 163 51 64 78 49 76 8 101 10 23 51 278 53 108 76 236 40 77 65 106 103 166 56 107 46 51 182 105 97 42 24 120 71 4 166 24 222 60 117 75 101 225 41 143 97 83 93 98 72 51 181 109 82 84 103 15 120 64 127 55 36 45 3 7 129 35 46 3 38 136 95 123 147 24 35 72 107 164 113 33 172 83 160 20 27 211 72 0 87 109 84 153 42 83 208 68 63 42 75 103 158 8 188 89
0 20 0 83 15 81 16 8 35 78 0 0 24 48 91 0 0 25 32 16 95 127 83 54 92 0 24 48 24 16 8 2 4 21 27 49 48 0 18 74 0 101 0 154 12 72 56 74 9 63 28 25 12 101 166 0 42 24 59 46 70 47 40 73 21 40 0 0 30 6 14 28 21 88 16 35 18 12 34 63 36 168 0 8 201 0 8 0 0 55 0 22 17 32 63 50 54 20 28 4 0 43 42 16 72 22 95 111 4 56 32 56 72 33 109 40 10 15 4 0 24 53 2 8 0 4 40 28 14 49 24 0 68 0 9 63 0 0 110 12 0 18 18 10 38 118 4 28 70 94 35 16 94 0 0 54 16 50 26 0 56 16 113 9 100 0 92 53 10 57 64 28 60 38 71 20 38 20 24 82 116 57 8 0 64 0 58 0 56 140 36 74 39 24 48 59 12 50 8 27 0 27 56 0 77 56 24 6 72 0 15 12 42 22 38 32 0 0 25 14 4 0 20 8 70 51 12 0 5 63 28 53 31 36 52 12 102 28 8 11 42 63 12 30 86 83 8 9 10 16 21 60 9 0 43 0
55 32 77 12 0 80 96 8 12 80 10 6 69 48 53 6 63 15 15 88 43 16 42 85 0 0 54 0 45 0 18 113 6 0 0 0 3 57 52 4 0 111 57 28 30 6 6 86 15 10 100 48 27 75 10 37 0 5 0 0 18 93 59 72 106 54 42 46 40 0 0 0 15 0 50 30 0 0 0 36 21 27 48 0 1 15 0 137 10 0 5 36 0 69 5 51 139 32 0 42 9 63 55 0 62 27 8 57 64 4 45 38 69 37 12 12 56 106 0 62 63 60 120 6 23 58 128 60 37 18 8 0 40 90 0 72 5 0 20 0 54 28 45 42 57 7 49 42 59 5 36 42 18 0 78 121 85 3 0 79 60 23 40 34 83 27 18 107 0 54 30 35 60 0 0 52 27 0 0 0 48 81 0 0 43 0 49 20 46 28 40 83 9 10 72 12 53 0 44 0 102 42 5 12 8 0 11 25 9 0 106 0 12 72 27 86 8 36 75 1 89 0 30 70 96 87 83 33 58 0 45 85 11 57 0 120 45 9 6 75 62 6 24 66 10 0 48 8 117 139 60 71 66 64 144 42
45 88 60 114 0 149 30 114 111 36 126 46 33 123 80 81 21 96 161 64 9 73 59 70 117 83 24 48 105 105 87 89 28 95 27 41 30 55 135 137 81 66 113 105 89 40 33 52 58 335 41 72 83 19 75 23 243 106 60 0 161 47 66 54 83 50 94 0 141 93 97 201 84 60 6 66 0 125 140 47 64 103 121 35 118 69 36 3 80 27 33 111 5 16 102 132 179 32 23 36 87 110 96 107 71 89 72 111 0 0 132 57 78 77 260 87 158 117 0 110 0 99 72 36 69 115 147 159 142 161 48 89 235 55 68 66 48 114 77 102 72 32 68 130 47 11 24 13 269 131 124 42 73 58 109 176 79 96 40 226 36 156 109 148 136 96 136 0 155 167 43 156 265 265 39 58 135 33 79 110 84 139 11 99 106 22 22 18 6 184 16 147 147 54 187 110 162 53 39 76 0 209 127 64 162 18 178 26 162 92 88 157 61 75 59 37 78 102 171 4 43 28 107 70 49 28 146 36 189 0 66 84 35 121 223 62 96 110 96 147 0 32 95 75 11 192 54 82 110 53 106 121 5 66 77 114
4 92 138 79 84 91 0 4 22 40 69 79 66 0 25 169 0 16 25 36 0 24 76 14 108 21 111 43 58 102 96 24 0 45 32 12 0 82 118 56 8 56 88 71 120 84 42 0 76 101 0 108 9 0 111 66 16 10 41 106 3 66 65 68 90 42 28 48 41 48 45 83 15 66 49 12 10 45 95 8 90 82 0 72 31 163 90 0 19 70 104 133 157 90 47 35 81 30 89 0 18 64 101 60 45 38 24 0 12 50 66 50 93 35 63 0 123 100 24 0 87 86 88 90 75 54 55 93 110 33 75 28 87 68 32 63 15 57 20 121 12 81 84 92 44 88 0 41 48 90 52 108 47 43 18 63 0 0 30 0 96 54 0 9 6 48 130 112 32 90 22 87 41 14 141 106 80 57 104 5 135 60 99 0 51 58 74 47 133 54 54 8 31 118 20 42 110 94 66 74 24 200 95 19 42 20 109 63 24 99 115 0 87 72 44 127 33 27 104 0 69 42 90 37 52 135 8 110 27 23 100 48 126 30 39 44 63 25 22 14 50 22 0 18 69 18 0 32 69 103 14 36 107 16 61 61
42 172 52 64 73 12 32 0 56 57 0 24 45 0 126 0 0 24 32 25 0 12 58 4 92 0 0 15 50 0 4 64 24 36 44 40 12 7 16 19 192 45 103 10 112 75 0 24 35 17 81 66 56 8 72 0 54 0 87 81 0 61 10 70 140 32 122 112 203 0 72 81 7 72 111 0 12 24 59 17 45 36 17 93 232 16 95 0 113 0 0 36 55 28 92 3 13 0 16 84 125 83 0 51 34 32 0 63 0 96 79 0 76 93 174 0 60 129 8 69 4 84 0 79 38 48 158 59 40 118 52 64 49 68 39 109 8 149 64 0 155 9 39 56 43 56 44 17 117 17 0 101 0 0 42 52 83 14 36 40 36 98 21 200 17 63 40 14 0 66 76 57 172 85 0 38 129 38 0 20 42 12 13 0 45 6 40 54 9 56 28 122 184 36 0 106 9 12 39 54 27 73 128 108 100 0 191 63 27 65 51 71 38 36 5 84 171 158 36 72 68 58 64 79 54 18 62 0 8 8 53 143 14 81 81 84 58 48 0 63 36 36 107 3 117 126 63 84 112 12 98 115 77 56 51 59
21 12 101 40 0 98 54 51 75 42 2 22 36 158 42 156 0 12 24 0 16 24 182 54 75 0 0 60 24 104 0 0 16 78 3 21 2 34 74 114 72 0 42 24 6 14 49 36 64 27 0 43 156 0 46 16 12 15 71 87 20 104 78 0 41 89 14 25 29 6 0 63 4 31 0 7 20 60 57 119 63 0 54 57 28 102 23 42 84 105 90 6 122 32 66 0 54 43 54 44 124 7 72 0 16 58 24 0 9 6 21 6 0 19 79 53 54 13 15 96 0 7 18 12 65 72 39 137 47 18 114 70 102 18 61 12 48 0 34 36 56 78 36 56 0 0 2 30 0 24 24 82 48 86 42 129 63 9 0 68 4 0 23 61 57 14 0 92 78 12 57 18 31 0 58 150 45 6 72 24 54 42 46 64 133 0 40 42 108 54 0 120 9 34 91 74 177 49 54 153 24 130 147 31 0 71 20 30 120 170 16 12 68 70 30 126 36 24 123 18 62 60 152 12 59 36 44 40 52 39 149 74 57 106 25 54 8 0 9 30 0 6 0 57 40 0 18 10 54 44 65 211 44 30 48 120
50 73 117 35 21 96 199 81 76 3 100 5 118 38 62 129 39 5 25 12 42 18 16 98 63 62 8 96 125 88 2 71 4 40 48 8 49 100 20 39 73 63 27 56 93 92 97 59 7 24 10 73 84 16 77 72 95 26 130 40 63 179 35 30 68 82 45 42 0 15 5 116 143 181 80 36 30 69 79 96 33 90 18 8 124 83 3 56 95 21 6 107 119 53 37 24 88 36 17 72 119 66 63 0 0 7 166 22 22 129 21 84 104 29 61 96 126 80 12 18 55 36 156 148 38 151 191 84 32 20 152 0 9 0 56 54 0 108 36 24 105 32 122 152 3 175 77 54 35 86 63 32 107 58 20 22 7 56 0 17 112 42 118 125 111 74 94 36 90 102 12 106 0 18 65 128 4 46 0 145 120 63 98 36 0 36 28 141 124 44 15 116 25 103 106 72 105 83 111 33 65 46 95 18 29 56 50 145 81 37 55 114 24 76 30 33 0 81 77 31 6 61 41 172 155 9 47 110 55 52 42 28 108 120 68 6 158 60 54 11 68 68 107 0 76 117 148 3 64 0 96 50 15 56 3 35
56 16 10 0 48 92 29 5 93 100 5 80 0 24 37 51 45 12 0 16 32 27 16 2 70 120 34 61 10 72 28 129 125 0 0 0 56 93 97 38 0 211 45 168 41 20 88 0 124 108 34 54 9 6 112 16 29 115 6 32 87 15 0 6 36 0 0 84 40 9 16 48 81 86 24 6 60 72 30 0 104 134 6 0 15 0 41 123 48 0 31 10 88 28 127 52 179 12 30 70 127 14 0 0 19 0 8 20 139 68 60 52 24 46 196 40 89 32 0 8 36 26 104 71 55 20 161 32 108 16 52 88 112 25 14 7 0 99 69 45 0 112 30 64 44 56 65 56 36 34 116 8 0 0 12 46 40 0 0 54 262 81 40 30 162 63 0 84 26 30 6 173 0 48 213 0 20 24 7 48 48 9 32 6 1 12 50 33 72 24 0 9 32 40 12 53 140 69 95 14 16 72 91 38 75 77 112 7 0 70 36 58 68 60 56 0 95 40 0 54 68 118 43 83 89 96 16 205 0 20 48 89 37 10 88 122 141 25 14 25 80 0 12 66 102 184 74 15 54 41 16 38 0 63 17 112
43 168 160 0 97 52 33 0 8 19 103 53 41 6 21 18 7 0 95 121 100 81 55 2 81 54 0 2 0 42 59 144 72 149 127 0 45 45 26 79 13 14 74 109 24 64 52 35 68 77 182 77 49 4 116 80 79 14 177 105 0 90 40 56 60 91 56 75 115 160 52 90 40 69 138 37 70 9 14 134 32 69 140 2 28 40 40 53 81 8 67 72 9 93 4 30 101 108 54 133 6 21 30 35 0 20 18 12 49 62 57 44 81 8 37 36 66 87 77 112 137 52 50 0 73 64 0 174 8 0 18 7 59 42 66 63 9 84 178 24 45 91 58 154 151 135 33 42 99 84 0 55 72 18 100 27 114 30 64 160 0 34 4 98 14 93 65 63 0 164 28 80 64 47 81 15 38 21 117 112 129 28 34 0 0 129 0 25 4 148 168 71 42 53 10 104 0 154 26 57 105 5 35 68 118 39 41 45 6 171 111 0 29 40 90 51 35 21 235 116 119 66 50 86 91 35 124 50 42 0 100 99 57 49 20 0 132 14 66 110 27 39 43 24 8 0 0 61 89 53 49 184 83 0 29 0
84 112 224 66 47 310 117 95 80 46 99 80 180 0 148 56 270 40 140 99 36 78 121 0 142 108 145 32 0 185 25 45 165 120 18 0 3 82 76 134 81 82 0 141 177 36 112 143 58 189 100 57 0 132 125 84 121 20 0 119 0 41 96 117 152 77 156 0 84 113 19 105 28 129 133 122 0 28 141 184 210 80 96 4 81 28 134 106 94 100 18 28 43 63 81 93 120 78 214 21 100 63 24 42 65 50 87 168 62 54 236 99 85 167 8 32 176 72 85 50 187 38 38 86 74 52 136 96 62 63 72 57 174 56 48 148 34 89 139 108 28 134 107 52 143 46 351 140 10 55 84 68 33 0 0 184 77 25 2 176 36 89 46 115 71 79 132 225 74 82 39 104 166 33 80 145 30 139 144 80 155 45 66 0 117 113 88 45 64 102 77 104 28 47 142 32 73 269 201 193 108 96 119 128 24 15 90 170 127 169 259 101 85 18 28 118 63 86 0 71 137 114 59 196 89 56 20 36 109 15 145 241 108 80 104 56 36 22 152 15 57 136 84 72 94 121 188 1 46 266 0 22 39 24 58 40
15 86 69 204 12 37 0 130 54 84 0 50 15 67 109 21 112 117 75 77 57 208 114 108 166 98 56 235 14 64 176 118 78 75 29 46 83 63 125 34 87 115 104 67 87 102 85 112 99 14 36 26 97 6 136 10 44 34 156 64 73 81 13 10 179 108 85 171 34 37 0 78 108 57 20 32 56 114 109 99 142 74 49 83 96 96 0 27 102 15 35 154 30 20 67 42 6 6 58 75 89 90 16 90 42 77 5 42 32 94 42 63 208 137 81 100 9 16 21 47 0 123 82 126 43 21 134 141 55 109 48 60 32 119 74 45 127 40 107 149 63 239 36 63 0 55 203 7 99 45 78 0 85 87 62 24 93 15 0 92 0 95 73 120 9 0 69 113 0 16 48 79 12 18 66 33 135 47 128 45 36 54 64 54 46 56 68 99 174 15 21 111 12 58 86 148 53 21 32 126 63 135 60 20 76 42 117 0 21 0 92 59 108 2 33 35 114 57 30 82 165 39 150 79 27 59 35 112 42 8 0 109 77 52 79 59 35 26 21 49 36 92 44 73 36 50 71 76 66 21 63 75 95 120 113 56
43 163 76 81 30 83 115 36 74 3 45 88 164 88 109 14 10 66 235 28 39 24 99 129 57 151 0 76 56 104 0 232 96 42 0 100 96 25 73 45 51 143 134 94 90 121 66 97 2 125 40 98 235 70 96 12 124 158 36 56 15 18 41 35 116 56 123 42 145 186 10 110 24 51 4 6 0 82 51 0 180 0 102 14 51 89 121 61 9 21 51 31 20 0 0 64 0 100 174 41 105 129 12 175 30 8 32 28 103 89 130 155 158 3 12 143 114 36 52 21 58 74 51 91 62 24 72 114 6 42 0 113 161 15 12 4 24 8 86 87 91 60 62 177 48 81 185 81 201 12 70 120 64 38 118 80 16 45 22 177 86 82 24 4 141 117 18 190 48 84 82 41 34 74 108 76 86 108 28 50 40 89 103 30 64 86 57 46 74 64 93 48 60 0 76 188 0 160 0 101 66 52 239 9 40 9 0 52 35 96 169 194 60 0 18 7 128 71 130 0 134 155 78 66 121 92 58 0 3 68 20 129 113 21 25 20 91 0 189 18 54 66 193 72 69 308 8 39 18 37 89 59 0 39 81 27
126 159 107 103 58 151 78 82 0 22 66 66 42 0 0 64 63 42 28 40 21 47 31 0 177 12 0 64 18 55 28 55 57 124 73 32 6 43 45 0 45 48 13 30 81 42 0 54 50 140 12 122 114 7 126 22 90 63 156 59 21 19 82 75 127 38 70 78 101 123 63 89 16 95 59 0 0 19 214 0 56 0 21 70 129 210 107 6 267 80 67 126 50 43 45 0 177 56 0 60 86 32 42 61 80 39 34 4 52 56 85 147 93 68 6 31 54 20 7 89 0 51 10 54 5 135 196 80 48 114 136 86 24 59 159 71 137 10 88 105 0 30 8 86 5 31 24 42 0 122 123 56 95 0 91 98 18 44 48 8 82 63 40 135 112 133 0 100 29 56 170 86 132 12 69 173 64 17 40 50 57 5 95 0 41 43 91 69 75 24 16 89 49 55 80 68 140 95 91 0 12 0 136 28 125 78 48 91 56 39 76 18 50 62 45 101 130 91 93 42 166 27 112 107 85 169 52 82 36 7 135 71 126 51 116 42 86 107 10 24 0 32 15 81 24 34 55 82 56 68 49 26 198 113 179 79
18 20 12 0 103 26 52 45 82 110 45 12 42 36 56 58 18 66 79 24 41 30 16 18 16 0 56 111 18 8 82 4 0 44 0 0 37 0 10 39 86 97 0 74 0 128 0 0 66 93 24 187 47 54 54 96 4 28 0 77 64 96 130 10 128 64 14 0 45 6 25 86 61 5 104 78 48 66 100 0 10 116 16 6 46 40 33 86 35 16 58 22 132 33 69 113 18 35 126 0 125 51 12 15 43 0 48 40 65 135 88 55 90 57 51 78 116 106 65 106 69 72 0 138 94 48 4 59 60 45 62 54 36 16 36 79 0 43 0 4 58 32 56 32 59 60 164 45 56 47 24 49 50 20 76 89 6 37 15 94 126 0 72 127 23 46 116 67 78 18 4 0 51 0 103 0 54 43 30 36 8 112 18 12 90 18 81 8 78 30 98 70 68 0 30 8 48 56 102 18 40 129 40 0 18 24 156 58 81 194 188 2 120 0 0 66 81 46 54 0 75 82 22 15 36 85 0 72 46 38 30 0 60 105 97 58 18 102 38 20 0 56 0 180 10 52 124 15 44 54 89 136 111 84 79 0
43 91 39 4 42 37 28 35 57 42 28 44 20 40 24 27 27 39 14 90 115 25 7 78 6 30 32 7 12 18 56 31 5 34 11 13 0 129 51 132 24 63 36 17 68 7 30 21 31 92 98 48 64 28 21 139 79 9 78 92 15 9 61 24 63 12 10 4 50 0 6 80 2 10 120 22 0 15 45 108 101 59 24 44 2 4 128 119 103 34 42 8 2 21 19 42 45 3 63 40 16 66 24 27 35 42 26 37 58 14 67 99 12 30 90 47 56 21 56 92 73 21 67 66 27 25 7 73 72 43 8 79 68 57 3 27 6 52 112 24 66 150 0 36 33 57 52 21 124 4 0 5 15 33 52 95 41 20 16 72 66 12 6 63 41 46 68 31 73 45 43 6 80 0 68 27 41 26 8 0 88 71 61 44 38 0 74 65 100 70 0 39 35 7 50 2 131 11 45 82 58 36 50 103 22 23 19 0 76 115 20 52 20 0 35 2 14 46 6 10 64 9 55 37 29 2 12 0 40 0 30 56 4 15 55 50 30 0 102 18 36 45 51 0 55 86 125 22 66 76 12 73 6 0 31 9
89 124 116 36 47 114 181 0 49 26 90 12 74 58 56 71 27 52 73 137 27 34 56 85 101 83 82 12 96 4 8 157 160 62 38 72 46 58 26 101 20 156 42 48 114 63 63 182 0 118 2 34 0 31 45 52 98 158 97 81 24 100 125 80 178 118 172 170 66 91 29 70 31 44 99 63 0 52 131 63 116 61 98 14 107 12 56 42 84 56 18 27 92 102 110 59 71 18 21 34 146 84 54 49 76 34 62 40 77 26 60 165 24 80 110 186 143 45 4 56 86 104 68 32 83 46 48 84 34 104 36 44 28 10 24 55 8 51 8 17 20 100 27 110 100 96 160 140 0 78 88 60 32 95 12 63 108 112 27 39 37 51 94 40 66 24 127 83 123 3 98 140 87 93 63 68 16 111 38 77 110 96 19 16 151 151 68 8 106 101 143 72 74 13 103 38 0 64 219 81 86 83 49 60 46 24 21 137 0 104 160 15 98 139 0 6 81 59 65 51 75 80 35 109 60 112 78 177 83 36 31 143 52 28 12 92 45 28 203 18 113 24 24 76 0 135 75 0 52 33 87 36 21 7 200 44
18 205 40 84 133 217 72 5 55 28 27 27 119 84 92 5 0 10 9 61 15 0 48 28 116 100 46 0 105 10 52 241 89 40 0 52 18 96 150 188 56 21 39 18 29 56 32 126 0 117 22 152 82 12 0 98 184 36 87 50 48 38 0 81 124 46 153 55 54 105 0 0 100 31 95 13 108 106 116 15 143 12 56 99 146 58 90 26 114 4 35 26 5 92 47 0 76 61 55 56 45 74 27 69 45 25 185 27 36 37 123 137 51 79 115 48 20 10 33 61 130 66 24 61 48 151 102 99 198 13 62 0 14 0 125 26 9 193 117 32 83 7 114 24 12 23 234 61 8 112 159 52 68 0 72 127 131 128 120 6 23 82 9 0 31 45 63 58 60 38 27 14 83 105 162 105 33 57 25 66 126 24 34 74 35 32 146 74 41 61 190 7 57 48 63 137 66 32 114 39 23 122 173 91 7 76 52 35 101 0 42 58 48 0 14 102 69 9 76 60 159 24 75 135 35 0 104 88 56 4 12 88 63 27 143 0 54 150 20 70 50 32 51 0 24 57 53 45 10 28 51 63 12 24 69 63
2 36 0 72 49 144 0 40 131 42 0 56 24 0 106 13 0 74 73 9 0 14 14 14 72 60 0 21 14 51 0 25 0 37 17 0 36 0 0 32 24 118 0 52 0 0 21 54 0 20 0 0 26 65 21 2 22 45 0 15 6 61 42 12 80 40 30 0 63 4 40 22 42 46 6 78 0 16 113 40 30 100 66 78 5 0 27 88 50 0 44 62 14 23 47 26 19 5 0 21 126 89 0 57 44 0 5 48 20 35 109 62 69 21 48 18 33 92 10 22 16 23 18 16 14 40 50 21 13 78 78 60 56 0 12 0 0 40 0 0 0 24 25 75 4 21 86 27 0 25 5 7 16 12 4 81 25 8 8 0 97 61 4 40 117 8 27 25 52 29 24 18 7 43 87 7 0 24 0 6 75 55 12 12 94 12 35 20 34 23 21 18 53 4 105 0 0 6 21 5 23 42 110 43 8 21 48 18 42 41 67 35 87 10 35 6 64 0 10 15 33 84 20 44 66 60 40 44 32 0 63 56 35 43 72 80 56 66 41 82 0 2 53 128 18 70 64 7 79 49 55 8 31 0 0 35
73 197 15 91 159 96 78 35 27 67 0 122 151 0 72 0 12 50 106 40 173 86 55 112 160 32 36 0 0 28 2 85 56 32 51 38 30 185 146 150 35 53 72 110 105 107 49 72 16 203 28 126 73 82 105 128 168 54 96 38 83 144 50 113 173 77 118 30 136 133 109 69 9 25 63 18 11 109 82 67 107 84 21 21 139 112 98 160 72 18 12 51 42 79 18 29 133 9 30 28 39 142 90 42 129 113 98 68 153 56 149 92 83 17 39 50 110 0 100 64 102 53 183 14 32 103 121 104 59 140 125 24 79 15 52 145 59 48 76 49 87 46 0 132 96 142 156 59 55 201 189 121 61 63 56 204 128 62 61 54 72 59 55 114 63 137 182 48 56 99 0 153 125 82 179 66 32 21 24 131 223 20 63 0 68 81 90 60 124 67 6 44 80 8 30 164 64 101 26 18 0 30 171 154 94 57 81 51 152 153 86 66 118 14 70 36 57 104 67 24 78 137 83 49 46 112 28 30 109 54 55 80 21 72 167 77 108 123 66 18 30 126 87 94 51 9 90 40 107 49 70 63 63 49 42 87
39 23 156 21 10 108 20 0 0 72 20 1 0 6 0 37 103 76 12 32 28 116 0 0 56 0 127 72 132 28 8 54 0 0 18 44 27 45 0 10 14 78 17 6 109 0 5 18 0 27 98 71 87 23 0 0 89 0 36 45 27 8 103 42 40 128 99 0 6 2 60 7 36 24 8 32 42 0 33 114 45 5 64 0 128 72 51 0 49 6 20 22 9 5 37 32 97 54 63 12 36 57 80 67 22 9 45 111 0 0 91 15 118 29 28 0 103 155 0 53 0 13 25 8 2 58 28 123 194 27 40 30 56 64 0 72 0 2 45 89 20 64 59 114 3 117 4 112 17 41 0 0 44 71 16 24 36 6 22 75 10 24 87 0 103 0 16 41 1 18 16 112 92 0 48 38 27 0 12 18 98 0 56 4 29 0 72 4 26 53 66 35 39 8 43 6 12 7 68 0 72 0 81 0 5 40 99 101 62 21 39 19 12 77 35 24 10 106 41 59 138 63 54 81 4 66 76 20 59 27 34 42 120 0 3 8 39 9 8 22 124 42 16 2 55 37 104 0 35 72 14 6 0 15 94 0
96 69 63 6 17 0 0 87 102 14 0 4 30 0 8 21 7 22 6 35 0 44 78 81 120 2 0 42 27 0 80 54 84 0 29 12 6 49 0 21 40 82 67 64 90 0 0 76 4 69 0 28 73 0 113 6 15 18 51 39 95 61 16 9 12 36 78 0 30 154 0 68 9 21 63 28 15 81 183 0 47 0 7 42 78 153 145 4 64 6 24 109 36 0 40 60 0 78 0 52 80 0 41 27 0 15 24 33 20 7 0 8 10 88 88 10 139 28 6 0 0 0 4 42 57 15 25 130 12 54 68 72 35 16 98 0 64 1 8 81 0 126 27 81 47 81 36 84 118 42 14 36 116 51 26 45 0 18 0 32 54 27 154 46 68 0 15 136 2 80 126 114 81 72 117 120 62 102 96 28 63 36 81 82 59 68 126 0 124 97 137 63 4 74 47 70 96 63 103 126 36 126 39 65 16 68 117 136 36 0 88 0 72 0 53 85 69 0 0 56 40 24 50 121 81 154 92 84 32 0 135 97 67 72 23 8 300 1 10 0 0 0 6 153 0 75 6 0 0 7 6 81 70 18 64 94
111 117 166 64 34 144 168 4 68 108 65 68 196 8 198 70 88 5 52 79 72 139 49 53 38 20 40 21 36 79 12 81 67 47 52 0 50 113 60 12 29 54 24 78 10 63 31 290 46 80 92 29 0 29 69 142 25 0 60 0 68 48 142 174 86 54 42 18 167 77 21 33 0 78 49 23 28 24 22 4 104 149 36 9 24 0 166 96 6 64 15 35 6 90 4 150 206 3 9 7 92 19 99 62 86 48 128 104 51 0 108 8 72 30 54 70 66 119 56 96 146 136 48 48 9 77 96 22 76 88 86 102 45 138 48 56 0 76 73 33 49 30 24 73 46 33 139 48 16 176 99 98 0 28 68 30 63 36 8 33 56 87 0 11 42 161 98 107 29 37 71 98 159 48 6 43 101 33 49 20 152 60 37 16 113 11 67 109 94 44 9 25 0 69 29 106 50 33 146 0 79 132 45 78 74 18 34 39 64 90 85 32 31 45 72 61 128 84 102 29 49 22 5 74 15 95 28 39 92 88 83 154 14 0 66 89 52 18 15 42 128 158 24 42 74 0 16 58 93 71 0 19 33 3 31 40
81 50 12 33 47 71 127 41 119 45 52 15 163 56 40 3 42 80 133 77 6 8 14 88 74 44 20 10 91 63 0 137 44 91 1 7 0 19 20 63 60 99 16 108 84 82 0 95 6 16 66 24 27 0 28 11 38 96 14 106 69 5 63 8 27 88 81 0 132 64 39 56 0 114 45 8 6 105 184 52 101 6 17 60 63 131 82 42 28 43 11 127 0 40 65 36 29 16 56 24 4 12 61 71 22 12 73 10 9 0 16 48 22 144 36 6 36 98 71 32 171 49 0 22 16 54 150 15 4 14 26 133 46 8 0 104 25 27 0 30 28 75 14 0 16 40 101 70 175 50 32 68 112 40 0 112 110 100 15 99 63 13 41 51 58 2 82 51 42 89 99 60 100 62 9 72 7 73 8 10 32 65 41 42 123 9 120 24 15 49 3 51 42 90 105 77 83 123 47 18 12 106 98 35 24 36 49 126 0 12 86 3 78 62 27 7 43 89 0 8 36 11 34 54 45 58 28 93 64 26 119 34 16 85 21 44 168 0 48 16 32 62 54 63 2 118 23 44 84 9 43 45 8 0 116 93
40 161 126 12 30 96 6 53 100 83 0 101 84 0 36 74 18 71 129 16 122 144 173 139 22 0 110 2 16 74 78 21 101 4 42 4 43 122 128 71 64 87 159 171 41 9 6 34 38 89 101 79 0 157 64 111 79 106 155 49 170 131 122 51 91 112 126 105 128 124 102 42 27 58 77 127 45 98 42 70 43 135 50 30 111 27 30 71 5 55 48 43 179 116 2 56 79 0 65 147 62 40 141 67 30 73 77 89 86 125 159 0 141 65 119 0 156 100 14 8 78 48 234 53 69 6 94 165 159 15 95 15 60 59 77 58 44 69 60 123 84 32 20 163 47 124 52 28 58 87 77 62 81 93 72 73 132 57 24 54 119 85 120 213 142 44 134 65 41 104 174 126 96 73 117 57 135 0 88 112 177 13 124 0 129 10 94 13 206 119 199 91 96 6 26 65 48 57 60 36 78 8 136 14 55 64 152 33 27 32 80 82 94 66 32 34 91 117 167 72 51 0 73 40 76 21 64 49 95 65 53 101 69 12 128 53 118 89 29 104 93 88 53 115 35 6 22 37 92 76 132 109 84 42 37 23
16 97 88 36 21 0 53 30 27 57 18 10 52 61 121 63 35 45 28 0 0 44 107 82 187 0 0 43 79 34 14 19 19 65 2 35 7 2 144 37 26 0 5 45 63 66 9 49 5 0 74 75 56 103 4 28 4 42 62 109 168 1 56 37 6 101 49 6 5 1 83 77 29 99 28 54 0 0 7 155 0 74 3 54 110 27 44 3 26 0 74 46 55 40 41 76 0 7 0 56 15 0 22 31 107 70 0 42 0 3 0 74 0 34 4 1 30 47 36 5 0 24 0 99 87 0 0 84 67 0 0 29 56 54 0 23 69 70 6 36 12 84 0 112 0 140 58 54 95 60 18 22 183 132 89 0 12 0 0 2 21 8 14 87 81 0 0 0 36 75 45 69 88 63 115 11 9 6 103 0 157 0 12 63 133 0 45 121 49 9 157 57 75 2 0 60 72 28 27 7 42 10 78 70 78 81 8 0 154 28 65 12 7 10 44 40 0 81 44 30 54 0 15 33 68 9 83 0 6 1 6 37 56 27 0 79 52 13 4 81 27 16 35 6 68 18 5 28 43 8 26 85 64 2 78 92
156 216 44 210 41 104 93 54 19 15 165 26 33 69 34 52 74 64 26 142 68 67 59 8 81 153 45 99 18 19 8 12 0 102 119 0 21 18 117 102 143 8 60 27 70 193 72 50 1 66 117 131 41 39 107 0 111 135 0 216 32 0 104 132 175 59 168 81 54 112 87 108 48 48 63 44 0 72 21 206 120 18 79 77 76 123 99 126 2 68 45 12 0 7 24 42 144 28 56 0 24 84 6 115 18 9 44 13 0 72 0 89 27 9 0 33 44 19 33 8 126 0 27 0 33 21 91 47 39 28 18 59 18 21 0 114 16 20 45 54 113 75 31 0 5 36 103 0 54 27 28 30 16 50 64 72 36 54 56 146 36 50 18 79 27 117 28 69 0 88 66 85 20 72 72 54 42 161 24 56 0 56 0 0 30 90 45 124 32 63 12 7 55 0 8 183 83 44 18 207 18 45 62 45 9 36 6 36 18 32 119 12 109 63 112 73 65 36 105 0 12 54 57 51 107 20 18 42 36 4 118 100 28 115 0 70 36 3 40 25 90 24 72 21 10 84 0 48 72 48 100 6 42 24 118 35
37 215 112 3 32 244 25 111 51 28 0 45 55 21 63 54 52 105 0 0 4 81 0 46 78 48 0 20 67 45 72 28 36 21 63 21 0 220 78 54 154 138 0 68 24 63 113 135 36 56 86 1 61 40 57 96 24 0 126 153 0 94 24 0 80 44 72 0 5 36 3 113 0 158 156 36 0 60 69 27 91 0 9 132 27 41 96 24 7 33 65 50 0 60 81 0 25 0 21 59 90 10 81 55 71 1 11 99 3 15 25 48 32 150 15 35 59 36 14 173 84 48 24 195 18 51 71 37 37 24 36 6 35 66 6 123 0 110 37 62 8 194 9 206 103 69 75 21 149 26 0 45 74 0 8 65 91 43 14 63 30 60 76 15 54 27 17 59 12 0 24 112 25 3 156 40 36 20 108 22 60 0 31 143 60 76 48 218 54 59 1 176 90 54 96 18 86 3 143 76 42 111 26 171 32 8 11 143 47 47 77 10 64 3 59 243 27 6 67 150 136 170 64 85 36 96 64 24 38 0 35 83 104 198 7 60 77 36 108 12 78 108 106 66 78 136 61 81 76 0 54 137 25 64 134 39
28 0 0 36 48 66 14 74 38 64 0 24 96 145 54 0 0 70 56 18 0 94 49 6 24 0 0 6 0 16 102 14 36 80 0 0 51 39 44 73 0 42 44 59 32 42 80 46 7 89 70 78 0 56 0 48 0 0 52 48 78 119 55 58 178 0 9 52 48 57 30 36 0 41 157 0 18 54 0 0 52 0 24 14 116 0 24 100 82 0 24 0 32 18 8 15 135 24 164 9 64 45 50 38 102 56 0 16 4 12 89 76 55 20 32 0 69 24 48 48 62 0 29 50 2 63 42 30 148 75 57 70 0 2 46 60 0 6 88 24 118 69 54 0 17 16 117 35 0 11 30 64 54 27 114 95 0 25 0 168 69 0 54 216 78 12 0 64 8 80 15 0 2 48 48 3 30 0 0 106 106 68 40 63 55 18 43 40 86 0 59 61 20 24 88 57 0 72 21 113 64 0 40 2 7 5 45 119 165 35 128 0 72 68 15 9 16 18 0 26 81 21 16 56 99 0 6 0 88 0 1 108 6 0 0 140 0 0 72 0 8 7 29 48 40 0 102 24 63 35 28 165 92 24 42 49
30 58 186 8 123 119 114 59 83 65 94 51 109 40 117 51 144 88 158 163 146 131 122 124 56 94 77 106 10 60 86 290 96 10 27 97 9 166 57 56 41 68 131 109 72 24 0 176 76 144 53 71 72 37 99 80 157 97 26 37 108 89 80 40 146 147 229 149 180 139 97 109 155 214 128 39 4 99 170 56 75 48 31 67 31 0 60 106 32 0 56 49 72 101 115 46 100 39 7 116 22 105 24 0 75 121 36 102 44 116 104 94 111 74 73 52 92 97 3 47 81 217 63 32 92 0 109 56 97 101 110 84 157 113 33 5 37 43 20 0 48 185 49 87 56 86 63 154 81 159 189 64 243 2 32 94 103 187 0 134 0 135 104 204 152 79 93 255 0 109 45 155 30 126 69 155 72 50 111 40 105 68 13 152 45 107 137 50 122 136 64 136 67 84 117 65 57 72 125 24 27 54 21 152 111 79 88 83 96 155 285 45 102 92 15 88 35 129 85 43 52 75 61 68 68 90 208 79 78 63 79 220 135 95 171 47 105 120 278 85 78 6 245 153 25 29 114 40 131 55 28 48 75 18 31 12
14 49 65 88 40 10 150 0 10 14 24 0 54 23 77 114 36 8 9 53 12 0 56 40 57 37 9 0 90 34 7 102 56 84 0 17 10 49 25 207 30 226 10 104 202 72 62 167 4 63 30 54 178 73 164 64 40 18 48 20 3 14 8 39 14 33 106 0 0 83 6 147 0 50 51 14 63 0 66 136 119 52 70 28 174 70 55 100 104 45 27 103 115 4 0 66 49 33 62 3 75 18 47 0 66 84 61 41 32 48 41 18 66 92 70 39 78 87 41 55 15 55 102 72 197 15 34 150 36 32 52 0 76 75 25 74 46 83 142 40 26 164 110 195 55 135 79 76 129 84 29 0 101 25 97 54 52 24 8 72 0 94 17 71 85 3 7 64 17 61 102 1 28 66 48 24 153 43 0 30 63 46 28 91 81 75 20 5 105 48 62 58 48 33 70 51 105 182 88 0 0 9 63 49 48 49 82 81 0 253 42 72 47 0 43 0 124 117 101 161 72 199 49 108 97 32 64 72 32 66 106 98 6 30 0 30 84 98 88 66 92 0 4 104 73 93 136 15 0 112 0 107 34 35 39 72
53 15 72 115 2 23 44 70 19 4 20 99 15 55 16 7 13 36 209 99 0 30 120 20 156 114 4 52 183 104 116 0 82 54 98 63 93 104 0 0 8 95 94 103 0 92 0 149 16 41 146 44 132 59 79 84 13 66 111 32 12 163 28 0 77 135 125 72 36 54 48 21 0 72 178 115 35 68 128 212 83 104 63 44 115 75 31 126 24 86 47 117 0 6 81 95 36 0 55 32 28 52 36 0 28 61 59 73 32 45 10 157 178 241 94 132 87 108 12 67 24 30 32 64 38 51 78 110 53 58 71 52 20 56 4 80 136 145 131 146 0 42 41 120 74 171 157 0 16 71 67 66 93 231 79 104 64 79 97 79 0 64 95 76 115 195 17 58 6 9 217 28 179 52 70 15 48 9 36 149 164 0 16 28 33 2 35 48 128 35 24 120 73 125 18 237 19 70 86 155 96 45 38 96 83 64 14 40 4 64 72 52 54 90 45 42 77 27 81 116 92 117 52 36 85 155 128 162 54 82 116 96 48 12 0 101 110 81 8 86 28 98 64 41 94 56 124 42 14 0 99 193 76 59 179 85
8 72 87 114 128 24 24 39 0 91 100 38 30 18 22 0 10 10 12 74 145 115 32 64 52 9 30 4 59 14 10 23 54 52 45 20 62 45 127 36 5 33 112 78 126 14 7 6 40 33 0 84 57 64 76 0 0 20 107 109 120 142 56 30 8 125 28 27 2 0 84 74 0 74 66 0 5 72 0 28 24 8 4 54 220 51 6 41 54 26 59 13 39 35 9 45 0 80 6 76 8 128 0 81 72 30 15 6 207 7 173 9 89 74 7 0 48 76 116 27 0 82 90 95 4 0 101 67 0 0 34 19 0 87 93 76 122 11 1 36 0 0 0 10 0 61 4 3 36 38 40 35 69 0 3 98 28 94 6 35 7 131 4 179 9 40 20 87 12 94 3 32 0 72 4 20 56 25 56 10 15 30 21 0 92 100 35 62 65 10 121 0 0 87 24 23 33 47 16 6 109 0 29 83 53 50 33 89 64 97 55 0 0 30 53 0 128 45 0 40 0 3 65 21 103 105 43 88 4 19 90 110 13 49 65 24 34 0 48 7 0 107 36 113 10 10 0 75 72 73 0 48 26 0 54 35
49 167 53 24 60 170 95 5 109 88 66 0 30 72 58 27 64 5 18 40 90 25 0 104 73 78 70 71 12 46 59 49 106 64 93 83 14 0 63 5 13 52 0 86 69 0 6 96 0 145 97 125 44 0 83 60 102 93 53 40 113 120 3 132 168 0 57 20 92 154 88 48 81 145 82 83 15 91 203 63 27 14 49 58 78 66 102 129 87 74 92 66 101 32 162 24 145 36 0 7 149 207 24 82 131 61 82 35 21 61 108 109 150 106 101 108 122 113 28 100 0 76 0 140 28 128 112 36 96 56 90 105 0 115 177 33 52 93 180 53 0 87 138 60 68 99 58 35 38 4 117 36 171 2 89 129 15 87 70 8 112 67 184 178 99 0 87 25 30 129 218 113 158 64 86 55 24 77 56 65 77 71 36 0 109 12 57 43 105 48 147 101 63 114 64 32 97 27 69 63 115 56 54 58 151 84 105 20 37 20 165 18 42 111 0 117 125 81 139 81 126 0 97 168 235 182 36 132 87 38 111 84 93 42 91 150 54 159 29 151 36 24 147 105 76 6 106 51 75 164 20 127 95 142 150 18
0 35 32 45 30 7 63 6 16 106 0 12 55 64 0 3 0 70 81 15 0 67 112 4 38 39 0 86 0 40 64 8 8 0 4 24 21 56 14 0 46 20 0 88 66 9 26 8 63 36 94 25 0 54 8 44 8 0 50 0 121 105 143 0 113 0 0 9 0 10 72 0 0 24 34 28 0 173 5 56 59 30 38 21 0 91 40 56 66 9 76 55 7 0 49 3 36 0 37 83 0 49 48 32 0 28 0 47 0 0 0 45 156 34 61 36 72 75 42 41 3 0 112 98 9 56 0 17 113 48 0 56 77 12 0 22 102 0 48 0 76 26 24 74 0 76 44 21 8 38 2 0 77 35 0 61 68 0 2 64 27 34 70 104 68 24 25 8 0 61 13 54 42 3 69 71 7 4 64 20 45 96 14 0 90 20 94 83 79 14 68 25 2 49 37 105 28 0 0 46 64 25 8 32 0 14 24 26 0 16 70 0 68 63 0 0 38 24 13 10 80 0 46 0 107 12 0 0 24 14 51 62 42 6 46 96 28 48 4 18 0 81 39 50 63 5 60 0 72 8 89 76 33 0 92 71
48 108 45 0 24 15 0 15 0 30 24 2 0 0 0 30 63 14 30 83 27 112 123 9 77 28 0 134 36 28 22 78 28 93 14 21 8 85 71 60 0 49 87 62 0 0 0 64 62 72 4 42 103 0 47 55 7 0 30 16 33 14 8 53 18 0 0 16 41 12 43 30 64 63 43 0 0 31 55 24 15 36 27 46 0 110 36 80 36 11 0 126 0 60 27 62 36 58 0 44 66 24 44 108 0 21 51 16 115 59 22 0 80 35 15 54 12 134 0 66 0 0 41 70 34 15 59 102 50 116 44 64 110 57 53 77 77 25 40 20 0 125 29 105 5 3 29 56 6 197 22 0 68 131 30 0 53 45 73 16 0 0 101 48 9 6 0 3 35 24 0 25 99 12 12 20 3 0 104 61 47 6 113 91 0 24 0 10 41 36 131 39 29 0 10 45 35 18 52 28 0 56 128 36 58 96 31 16 74 105 48 45 36 0 7 0 106 57 18 21 20 30 62 0 19 31 0 34 25 64 88 47 83 21 97 36 53 56 69 42 27 48 51 4 0 45 25 0 18 26 39 40 0 17 52 0
170 46 113 138 36 86 48 40 76 18 12 99 244 84 20 89 27 36 45 125 129 27 40 8 0 0 15 6 49 122 40 0 106 124 41 40 0 5 56 195 128 73 27 87 133 48 78 77 18 224 91 109 52 32 88 104 54 102 15 0 74 63 99 0 42 38 165 49 35 21 0 87 7 117 2 54 0 18 146 83 92 92 29 90 35 49 30 81 59 57 143 136 48 10 11 114 16 30 210 36 65 45 94 38 7 128 2 12 119 0 93 64 5 0 37 110 105 115 2 82 6 0 8 4 136 120 36 125 170 116 28 27 91 120 4 47 0 31 44 80 46 67 30 182 25 141 103 12 4 115 36 78 66 40 78 128 118 24 110 92 120 30 83 84 34 48 42 99 20 114 23 56 85 73 36 113 47 39 136 56 80 0 68 94 52 18 6 75 94 101 141 79 56 50 94 0 94 134 65 35 64 0 182 117 158 8 0 6 78 70 114 163 121 2 65 204 92 36 101 0 215 57 96 20 20 87 72 151 56 21 128 168 12 71 10 80 164 61 27 17 29 0 88 28 27 82 152 18 33 25 56 39 110 110 18 180
83 49 54 2 34 103 22 28 37 85 22 20 9 0 91 19 20 107 70 67 0 66 74 24 54 50 70 2 21 128 63 9 77 19 62 16 0 65 7 67 28 54 7 8 7 21 57 33 1 15 144 135 106 58 24 30 6 0 25 53 23 40 39 54 170 88 45 49 4 10 12 3 22 51 54 6 0 156 34 94 0 30 0 89 54 50 5 8 9 5 32 63 35 139 102 98 124 0 31 151 177 67 102 36 217 58 97 34 21 15 6 62 137 41 171 163 56 58 21 32 15 16 39 0 60 85 0 156 59 67 127 92 9 13 12 18 10 29 111 81 69 154 130 52 2 20 18 21 25 71 25 69 84 81 101 29 32 13 51 107 84 31 56 71 73 8 154 138 44 166 0 75 42 5 99 93 14 165 4 93 27 23 45 0 79 57 61 2 149 29 63 72 0 91 9 184 56 94 0 20 17 41 96 181 61 52 62 22 125 0 55 37 73 54 99 41 97 36 39 24 30 37 16 81 9 159 188 30 1 41 54 89 131 38 61 163 114 70 23 70 72 57 216 42 115 9 52 28 56 156 54 65 115 27 129 73
61 115 24 0 56 2 126 25 0 9 9 10 88 0 20 33 5 4 51 21 27 0 111 0 119 41 22 126 45 14 0 90 16 68 21 35 50 10 0 24 0 0 0 16 28 0 42 6 5 14 0 72 10 5 20 35 88 0 0 32 6 40 3 63 4 72 117 18 43 36 0 42 52 85 85 75 20 4 4 14 61 0 12 0 117 0 57 20 16 79 6 72 27 2 45 27 16 0 21 39 22 8 64 21 0 0 56 72 16 69 0 47 24 45 6 45 38 81 28 86 12 18 0 0 8 51 22 30 16 36 19 0 109 8 130 23 51 40 0 67 63 54 36 8 29 16 52 36 63 23 93 20 65 14 75 0 135 0 2 46 0 11 33 33 6 6 70 56 0 95 29 42 36 35 25 110 0 5 36 0 49 0 0 2 0 12 136 8 44 46 72 18 102 19 33 0 10 21 74 0 28 36 0 8 57 40 45 9 0 47 42 0 0 9 0 90 63 7 0 48 35 0 56 32 2 70 63 39 0 25 40 74 0 27 21 55 69 9 101 0 68 68 112 0 8 12 25 0 35 27 0 40 0 37 104 10
94 60 46 108 28 73 125 40 77 76 22 17 9 42 103 4 56 49 56 15 32 49 145 11 111 32 33 122 4 51 38 119 141 195 18 11 79 0 55 86 11 135 24 47 7 0 5 108 62 8 91 102 45 32 32 80 139 97 248 135 78 105 61 130 10 86 49 101 106 22 15 71 78 52 62 50 45 52 101 204 99 75 185 75 102 163 138 148 116 191 26 95 36 70 54 21 125 6 98 56 86 67 18 56 35 95 83 44 18 42 77 56 30 54 73 45 137 58 18 77 0 88 57 15 56 102 87 169 54 42 49 46 98 88 78 18 5 94 39 121 84 232 32 92 74 6 135 24 184 57 100 0 25 91 104 105 72 57 28 49 105 84 19 85 218 18 19 51 57 106 248 2 195 111 105 2 78 0 88 35 195 75 123 17 134 40 99 10 53 128 82 140 55 0 69 85 75 95 63 125 102 134 31 52 20 10 38 77 69 121 16 51 24 75 24 43 49 88 24 52 76 0 101 72 91 56 70 85 135 15 78 66 44 75 41 53 126 40 60 198 72 0 77 146 33 111 67 44 46 110 105 209 183 64 170 149
46 68 10 48 48 100 12 21 35 40 15 32 193 90 58 40 46 7 25 6 6 96 32 36 137 16 0 51 8 0 4 10 86 57 84 0 64 0 16 31 11 0 32 24 0 0 12 0 8 70 10 77 82 46 8 8 44 77 20 54 30 121 16 70 0 0 9 28 85 13 0 100 18 30 93 75 0 108 0 0 7 10 36 96 244 0 9 24 40 38 16 12 97 4 9 8 0 5 63 13 77 14 33 0 48 42 0 32 7 47 7 74 0 0 66 87 27 0 5 44 64 0 0 68 26 81 115 30 57 23 59 108 0 26 111 15 0 6 48 55 72 10 81 139 42 54 47 0 10 41 30 10 48 12 72 20 24 0 20 57 22 0 15 139 145 24 31 0 8 46 0 0 94 49 21 13 81 16 8 74 48 5 0 93 118 18 59 96 128 25 0 133 68 52 73 10 63 45 14 92 0 101 54 4 56 59 0 48 223 6 7 0 0 54 20 9 119 15 0 15 8 8 58 36 30 25 15 0 54 4 9 54 19 72 0 18 44 18 29 108 0 0 37 62 122 0 16 85 12 10 31 36 0 28 3 36
0 24 40 82 70 72 33 9 2 6 11 78 0 77 21 2 2 36 30 54 27 15 42 0 107 0 88 8 0 0 27 8 0 39 79 0 35 29 0 96 30 15 43 84 234 0 0 0 21 36 0 48 71 21 56 0 114 77 24 0 15 63 3 86 51 0 0 0 52 87 33 5 29 97 0 30 0 30 87 65 111 54 18 19 80 79 64 0 62 3 0 155 37 24 17 57 0 66 24 48 0 0 43 0 110 0 48 30 98 63 122 109 77 0 42 14 46 27 62 14 0 7 0 2 56 1 135 0 12 42 2 24 0 0 72 0 0 48 12 96 32 0 31 0 6 76 44 125 21 64 36 40 113 15 0 105 15 35 0 127 0 0 3 0 53 78 63 14 78 36 90 59 0 36 4 4 0 0 56 39 40 0 0 112 26 79 0 168 58 0 24 64 0 18 0 122 9 63 0 65 36 5 87 87 28 0 76 135 99 5 18 0 79 48 16 18 0 183 0 32 9 139 66 64 64 0 88 90 30 15 70 27 6 119 0 6 46 0 108 0 11 54 66 0 72 0 64 0 69 0 0 14 0 18 104 12
45 37 7 127 108 104 0 0 53 53 36 71 103 76 32 0 114 27 8 58 72 19 107 0 207 54 24 79 45 46 65 0 5 151 95 48 35 12 10 15 54 134 81 20 0 64 63 2 118 96 15 163 0 0 84 119 22 81 114 86 131 122 71 24 14 53 32 78 118 0 0 130 27 75 8 16 3 81 16 66 0 21 44 11 198 87 67 174 92 81 57 8 51 1 37 90 91 18 8 34 58 94 27 4 56 58 0 34 16 8 77 45 118 80 50 14 110 100 24 29 0 66 94 40 150 108 39 10 115 7 0 39 184 137 76 39 41 12 13 81 85 18 1 16 4 24 189 63 71 18 63 23 78 1 105 107 10 0 28 72 193 120 35 214 144 12 131 67 126 81 73 154 48 73 12 14 99 8 15 55 153 0 91 24 2 58 128 99 56 12 114 105 106 32 0 21 95 176 61 0 8 0 72 52 79 7 67 66 140 16 92 40 66 40 30 66 119 113 24 49 0 64 76 38 92 126 0 16 96 16 40 84 63 45 67 14 119 69 52 40 0 0 25 35 0 62 9 12 130 121 0 44 202 48 109 88
34 70 24 50 55 108 23 35 24 202 70 62 20 80 8 99 10 99 62 91 177 107 36 44 180 224 69 85 22 58 52 72 144 109 20 37 84 30 120 56 31 152 0 23 0 13 76 170 34 130 60 111 88 48 15 77 151 76 52 63 74 93 102 123 90 87 105 0 46 28 66 126 103 44 170 99 36 46 16 106 95 80 0 67 113 52 0 91 70 11 8 71 0 30 136 34 54 59 102 31 80 14 74 97 72 0 229 68 75 34 64 129 109 67 8 30 63 0 70 137 66 28 72 8 89 18 214 71 65 88 34 79 32 55 0 164 14 88 40 53 48 120 82 135 38 59 199 30 72 68 155 18 40 137 52 152 43 72 56 274 158 12 65 81 111 98 143 0 103 18 107 41 96 119 210 60 2 113 12 103 51 10 0 45 123 30 92 24 127 24 9 209 27 66 122 111 27 61 92 97 96 193 21 63 37 39 76 28 124 133 87 12 50 72 62 93 126 42 92 132 135 53 28 4 26 186 50 147 40 72 30 0 87 36 38 88 125 134 73 39 99 96 104 89 28 44 51 128 44 69 125 145 56 177 109 64
71 152 91 90 93 132 157 36 52 48 92 40 144 0 157 10 111 81 172 56 89 77 234 113 206 108 0 63 25 100 14 212 18 136 0 0 30 0 81 63 89 36 24 96 114 139 83 145 20 36 120 54 53 81 49 143 136 150 161 36 79 72 99 63 7 56 9 58 123 111 14 146 54 158 49 144 82 126 41 54 49 12 14 103 102 35 9 28 39 74 8 120 85 53 0 36 8 78 64 54 72 10 101 8 35 45 179 0 26 14 70 21 115 74 0 0 104 42 137 68 144 109 101 0 92 142 222 49 68 161 116 57 100 23 158 46 21 16 49 54 60 79 97 34 34 118 248 99 52 121 179 100 81 107 8 43 120 0 0 137 16 68 0 27 41 77 187 106 137 132 111 54 28 54 56 135 56 84 96 146 123 89 84 12 143 18 143 43 56 67 81 140 50 21 97 97 76 151 99 146 101 147 124 45 42 97 21 0 140 2 60 57 54 62 38 34 27 78 56 101 84 70 56 130 137 47 151 15 152 30 36 36 87 53 72 38 38 18 107 136 72 53 197 72 39 263 0 80 106 31 82 89 62 0 85 14
48 0 8 29 33 115 8 20 0 26 0 8 118 0 45 16 1 61 36 27 48 40 31 30 28 28 0 6 56 88 45 25 64 74 18 72 32 21 20 16 56 30 36 18 54 39 0 40 8 24 4 114 133 60 18 8 57 28 18 0 0 26 11 76 103 20 86 35 118 41 32 0 66 122 0 90 10 45 20 52 7 48 28 0 81 43 34 32 12 15 32 27 6 63 94 56 87 4 18 96 103 106 20 0 35 45 106 25 40 15 50 21 9 45 24 84 31 6 0 10 0 58 39 0 50 0 18 18 16 68 105 32 0 50 22 55 0 23 69 6 41 40 101 29 33 120 2 6 0 0 0 72 74 0 52 58 56 8 70 44 4 20 45 114 84 72 25 77 24 25 24 27 0 0 17 3 74 0 64 30 12 82 0 10 7 24 45 40 85 45 30 65 105 32 26 100 0 46 8 16 12 0 18 20 59 5 85 68 63 9 38 77 64 44 72 15 40 48 111 24 32 62 16 30 8 2 32 9 14 0 1 47 5 32 0 28 32 89 60 51 65 16 18 36 63 15 56 33 0 12 66 77 71 0 0 0
20 111 0 86 39 102 71 48 4 23 6 86 87 73 61 4 42 45 123 36 8 38 0 4 57 86 255 144 54 71 60 173 44 48 0 4 23 10 36 130 69 151 15 113 143 63 27 72 74 0 93 102 54 45 67 16 53 98 84 161 42 45 30 92 30 60 0 27 28 6 43 84 61 52 85 66 1 69 0 174 42 36 59 35 101 81 96 51 94 118 32 54 36 11 99 36 68 9 95 0 97 33 32 86 27 4 56 60 40 201 78 19 78 98 9 83 77 8 32 39 73 56 0 94 54 117 132 89 15 44 0 94 87 10 0 168 0 65 81 118 54 35 51 4 3 78 141 21 155 12 80 45 48 105 117 114 54 67 5 129 40 62 26 58 227 35 80 82 44 134 97 10 67 69 39 93 36 69 170 12 32 46 73 0 165 37 122 84 28 20 0 60 139 14 72 63 18 64 65 181 76 64 54 98 33 0 121 100 127 0 41 108 57 80 44 46 73 0 6 59 51 20 90 108 110 67 32 72 28 0 70 36 20 106 82 80 22 36 54 21 82 36 35 54 133 148 8 80 111 89 153 32 109 57 91 93
23 174 78 5 86 142 22 28 48 53 70 56 154 38 36 15 63 56 24 69 18 14 157 72 87 81 38 24 12 53 10 107 42 92 56 12 29 63 70 59 14 66 32 60 35 10 29 28 0 30 31 42 94 75 60 13 33 67 53 87 3 12 106 137 41 12 103 79 30 54 74 54 8 116 16 98 0 144 21 30 121 24 33 131 16 73 155 57 20 42 79 58 54 98 63 28 133 39 0 35 47 87 21 53 35 8 56 33 46 0 66 38 24 0 121 33 95 90 29 24 120 58 34 98 59 67 45 81 66 86 29 175 90 71 78 27 4 57 16 102 20 19 102 157 111 34 79 72 148 113 37 56 12 0 15 93 26 16 48 4 83 58 7 82 252 24 34 52 60 63 101 36 121 35 41 8 31 24 74 66 65 76 32 92 25 13 34 106 27 29 198 71 87 14 120 242 90 14 51 103 64 49 178 45 42 77 14 0 77 58 12 82 22 20 5 72 155 18 54 114 26 93 164 158 60 99 98 42 7 8 12 88 17 108 45 162 33 57 117 91 18 27 18 42 76 117 20 10 42 61 24 72 0 0 90 9
0 55 39 69 27 89 8 58 11 40 16 17 14 8 5 36 72 22 160 82 99 105 0 44 24 108 109 42 110 40 26 49 24 24 52 155 102 4 59 32 44 35 102 54 50 81 81 82 10 97 112 44 90 19 53 94 0 2 0 48 83 153 41 189 54 80 0 24 11 17 34 0 0 32 34 112 21 96 50 73 38 39 111 129 64 78 14 1 15 19 43 49 16 13 98 0 112 2 96 7 0 14 66 5 27 0 144 140 0 113 21 63 139 95 22 0 34 47 4 43 54 107 32 6 39 0 9 23 91 89 0 20 0 42 18 153 27 12 54 157 84 20 43 63 91 43 76 140 174 72 24 48 13 0 9 38 22 3 51 58 69 19 45 25 122 51 82 58 31 19 76 39 60 10 3 43 62 31 0 0 70 134 10 16 5 0 103 21 80 74 0 88 20 0 120 174 25 49 97 47 119 69 30 12 8 32 0 14 0 135 69 0 60 25 11 9 6 53 63 125 69 10 49 24 26 25 32 40 48 118 76 17 3 41 106 26 57 76 34 17 126 129 5 9 7 15 24 52 43 89 0 136 11 48 39 6
39 69 58 124 126 158 99 64 77 161 62 11 139 119 43 15 0 81 235 69 57 68 61 82 176 88 171 40 87 68 144 78 9 63 18 75 14 20 76 0 121 72 84 41 195 131 141 228 123 62 120 214 60 91 14 121 78 137 70 77 76 58 275 193 132 161 129 70 73 8 119 147 183 109 74 32 7 127 106 88 94 134 54 124 86 53 133 21 139 58 126 111 141 8 7 166 109 47 61 77 82 35 8 23 66 123 21 19 24 144 49 66 282 36 57 0 154 105 27 22 39 186 97 32 53 49 97 149 159 61 38 77 93 129 4 66 31 83 92 112 104 32 71 112 0 244 166 33 102 77 68 0 62 88 252 86 48 35 16 4 264 8 63 27 119 39 173 56 109 47 151 23 8 63 138 12 183 60 2 12 66 210 81 74 146 54 141 69 77 89 62 54 52 64 100 102 16 55 126 95 47 106 86 9 126 76 86 104 36 89 238 104 130 36 69 79 30 95 128 75 64 6 50 78 30 103 103 136 32 33 121 106 169 42 80 139 83 82 31 39 62 137 116 237 138 0 10 62 88 35 70 78 127 52 24 39
116 180 68 48 39 75 68 0 40 104 49 56 117 99 85 3 3 64 104 8 48 155 133 48 257 151 0 96 44 70 50 123 42 68 88 0 43 68 142 113 93 78 121 9 12 112 0 127 6 44 115 174 64 49 33 37 133 100 36 103 63 21 65 144 8 45 152 40 23 56 95 161 86 175 39 63 7 35 131 31 16 49 63 100 91 14 53 24 0 21 87 51 60 14 91 108 107 74 52 20 24 83 21 91 77 21 48 50 47 57 42 162 114 38 45 20 57 193 0 51 24 46 77 24 64 9 0 83 29 74 48 176 42 66 24 78 50 15 0 30 83 77 42 188 51 97 10 71 123 75 0 49 160 105 203 89 48 29 0 149 21 2 100 154 142 88 38 38 45 129 155 58 83 63 83 72 4 49 98 88 106 32 93 94 116 54 6 127 61 93 69 126 204 56 92 229 15 114 123 23 101 128 80 166 73 77 10 54 81 203 93 75 101 39 28 90 147 199 32 18 7 55 87 47 50 104 138 95 62 110 126 97 66 118 150 78 201 77 160 58 0 97 212 6 88 63 24 192 27 33 111 138 5 30 63 24
145 238 0 173 62 122 30 30 190 16 97 96 20 0 56 175 0 14 66 243 108 53 22 6 32 91 0 38 49 24 0 29 0 72 91 0 68 20 56 40 69 33 123 70 13 35 45 64 70 131 84 85 91 6 91 105 163 71 96 139 21 81 45 2 97 46 63 20 75 18 0 16 37 40 182 60 6 102 90 182 205 56 60 106 163 92 51 151 197 59 10 198 46 61 111 28 45 36 27 62 40 74 42 108 10 12 98 58 76 45 3 195 61 69 84 33 38 74 9 73 0 71 58 28 93 185 98 59 86 119 10 36 108 0 59 88 0 144 36 110 106 142 12 148 0 47 86 48 183 42 30 0 28 14 64 181 55 18 173 63 8 104 90 96 115 192 33 0 188 0 116 55 227 48 8 27 72 7 0 49 86 7 8 21 51 24 68 90 63 149 75 90 121 21 9 54 27 4 45 72 73 121 117 101 83 0 112 111 81 158 30 88 28 10 30 54 242 46 76 59 32 117 16 74 33 19 84 0 0 7 156 83 28 74 20 70 219 140 100 205 85 0 58 67 51 79 121 61 93 30 60 127 13 58 97 78
75 140 36 0 23 93 105 67 96 59 42 61 56 0 50 0 75 51 75 45 41 84 30 64 24 32 85 24 81 35 120 171 4 68 0 0 40 0 85 11 72 101 135 64 0 35 3 30 81 51 45 33 42 72 57 67 78 0 96 50 114 60 16 16 81 53 21 60 63 62 57 71 45 20 53 53 81 9 58 72 0 72 56 45 0 0 9 192 19 9 48 61 26 21 3 40 25 57 48 21 41 112 34 46 55 15 0 48 126 0 87 11 30 72 111 57 34 178 66 120 9 0 114 68 44 81 77 78 90 37 36 9 102 84 42 107 6 60 0 68 14 75 107 89 21 0 4 39 200 86 56 36 0 126 60 213 102 42 32 80 56 88 108 110 27 0 24 28 89 174 32 134 0 126 126 125 97 41 18 62 0 3 72 63 49 48 20 230 99 39 152 82 81 30 72 26 72 72 73 0 75 38 100 30 60 78 58 30 0 34 0 66 89 0 17 0 66 162 55 93 157 56 25 8 161 139 72 32 113 8 82 91 75 0 42 33 179 131 131 18 36 20 57 97 101 109 23 40 124 0 57 36 42 49 108 0
0 72 49 32 27 40 0 0 50 0 14 0 30 48 0 63 10 16 93 9 54 107 58 43 48 0 27 32 18 120 14 30 36 36 18 0 0 28 117 66 50 66 56 6 17 0 8 169 44 0 30 69 72 56 15 0 34 24 54 123 0 100 37 35 18 113 99 0 15 0 0 31 15 4 16 0 0 15 66 0 0 6 61 0 45 104 0 9 9 18 0 0 30 81 18 42 100 0 0 6 141 0 0 0 86 97 0 85 0 0 108 10 0 0 171 54 55 63 81 61 0 56 0 0 0 0 49 16 30 8 83 27 0 0 16 64 0 45 0 40 0 70 2 18 68 0 18 0 117 41 15 0 0 58 80 48 42 120 0 35 12 154 48 42 18 4 134 0 27 0 0 35 0 178 24 25 40 72 32 0 0 21 3 0 27 8 24 36 105 119 126 118 29 0 21 14 21 0 10 112 0 67 21 105 25 27 0 0 42 126 0 45 8 6 8 97 0 18 0 0 9 40 0 49 11 0 0 137 2 0 12 35 14 0 123 81 7 105 30 56 8 81 50 8 10 0 18 35 49 0 0 105 48 16 0 0
148 30 16 9 50 72 146 4 79 62 18 35 111 24 144 36 75 6 27 10 56 15 18 86 55 0 0 94 30 50 42 134 104 35 71 31 2 14 80 12 0 64 90 15 6 28 3 54 51 36 149 78 37 85 0 140 81 30 50 44 48 65 72 160 66 96 5 3 78 15 27 69 10 51 51 16 0 54 11 62 0 0 49 6 84 41 9 46 35 27 30 31 56 22 46 36 14 4 84 34 144 64 27 64 24 63 87 28 100 66 36 23 72 0 137 81 18 4 18 47 48 48 83 122 42 72 56 34 111 63 0 12 48 21 19 48 26 52 130 18 99 86 0 100 20 39 94 70 95 15 48 4 125 45 72 118 0 50 29 2 32 17 96 137 60 0 54 12 12 136 0 97 97 18 29 81 0 43 92 108 121 42 8 37 22 26 10 132 107 4 70 66 85 39 52 0 122 0 97 14 84 58 77 43 30 0 56 30 66 77 23 20 4 3 72 0 8 9 132 52 30 32 70 24 146 87 52 113 54 30 61 168 54 54 0 42 93 17 43 57 43 0 127 61 66 38 95 6 138 63 24 28 143 30 37 49
38 18 61 39 78 207 15 0 45 8 86 51 59 101 39 8 38 30 77 40 119 51 101 112 103 28 24 58 20 45 80 113 40 55 35 38 50 80 30 53 96 60 43 72 97 114 45 48 15 114 96 94 51 64 45 69 68 16 114 148 87 66 43 130 137 115 102 18 72 0 12 100 10 172 63 63 12 61 55 106 74 68 63 14 144 44 56 73 53 124 0 119 98 6 57 118 133 0 24 88 106 78 30 48 0 91 54 76 12 33 9 31 109 28 89 88 0 5 5 154 9 71 36 141 36 0 33 67 10 42 86 2 0 92 4 48 72 64 150 27 30 22 38 42 54 92 37 69 170 67 27 24 67 55 37 125 108 121 177 60 23 13 193 62 49 114 75 63 24 118 66 65 114 82 0 65 47 0 60 85 154 71 93 41 60 0 24 128 105 112 97 133 55 101 72 148 19 22 20 112 77 38 54 43 86 10 159 0 40 36 21 42 6 117 46 0 21 66 64 28 30 14 30 77 137 141 36 49 36 110 83 185 0 28 74 26 110 33 47 36 100 118 98 72 17 47 71 91 0 116 70 63 83 39 137 16
0 33 16 26 176 175 0 108 56 85 81 49 55 112 72 12 27 15 80 43 54 100 117 28 176 132 68 38 20 100 0 77 41 109 49 18 76 56 0 38 46 131 32 41 65 40 99 160 2 149 33 75 138 26 70 6 66 58 91 74 78 72 15 70 24 101 16 48 70 90 12 100 78 8 40 16 12 41 32 183 21 16 84 24 18 10 16 64 64 15 40 71 57 26 40 69 0 115 27 54 175 144 44 70 43 118 77 78 14 0 79 8 178 40 141 139 12 24 78 12 0 18 0 184 0 8 28 126 56 50 56 76 42 8 56 72 199 9 103 69 0 80 43 64 34 68 27 67 80 66 6 36 10 15 121 194 62 60 50 15 56 61 78 95 79 0 46 85 48 125 48 26 59 56 84 96 90 84 32 8 28 103 15 0 37 101 7 90 148 42 52 105 31 94 85 124 109 150 107 73 3 8 126 27 112 96 104 27 21 7 27 91 84 35 29 28 123 72 72 57 24 80 99 0 84 157 56 31 32 66 88 141 40 0 61 46 62 70 77 19 108 114 25 56 0 238 32 8 3 159 12 40 116 9 137 33
27 99 0 51 111 131 0 41 111 48 0 70 38 0 68 35 8 46 10 68 87 56 77 32 99 90 15 3 30 45 36 0 52 49 62 54 0 63 49 90 9 26 0 84 67 0 150 25 0 56 0 74 94 18 0 77 40 0 113 0 0 188 24 40 46 105 80 28 5 0 3 55 2 0 62 45 0 98 35 72 10 45 20 83 135 12 97 54 5 0 63 40 4 6 12 54 0 0 42 100 35 8 129 36 72 0 0 47 74 0 160 0 48 81 57 64 48 16 77 119 15 30 71 24 30 79 140 49 65 0 66 52 83 76 38 6 32 87 36 9 52 28 24 118 78 32 132 4 72 0 112 42 12 0 62 78 35 62 0 64 65 131 30 21 0 0 83 21 56 0 0 0 45 81 40 93 60 0 64 91 61 0 0 11 9 106 0 19 9 52 35 45 21 5 15 91 32 138 20 0 15 18 49 63 35 49 66 60 80 94 20 25 17 0 20 72 113 39 42 20 24 64 142 76 15 56 38 135 57 0 12 4 0 144 144 25 27 45 45 20 0 63 46 102 68 48 86 39 99 57 0 136 15 0 24 0
36 0 55 0 0 12 61 0 0 0 20 5 93 54 47 9 109 0 48 26 45 63 54 0 6 32 0 195 0 71 108 63 78 63 8 0 12 10 16 16 53 135 0 8 96 36 6 24 16 16 63 69 101 21 6 29 38 19 7 49 46 32 32 36 20 82 15 5 40 8 0 108 27 81 0 18 0 0 72 24 8 110 0 71 36 3 0 76 18 0 52 0 27 8 21 140 6 16 31 0 0 0 23 4 76 74 0 0 35 30 32 45 20 16 81 91 31 70 0 56 0 0 2 0 18 8 145 63 35 65 65 0 62 143 0 0 34 0 24 0 32 56 8 35 11 180 82 0 105 52 101 0 9 162 36 4 21 20 22 7 61 7 64 27 145 0 6 97 4 17 34 60 54 33 68 24 24 44 81 133 36 0 0 36 81 0 40 36 14 45 100 60 73 0 23 82 65 3 145 0 0 0 16 0 64 50 20 0 9 0 36 30 16 52 0 54 4 80 5 4 61 0 99 0 27 104 58 45 1 21 9 24 49 60 23 122 31 4 19 6 62 0 25 27 69 30 0 24 0 128 24 36 0 18 56 8
22 56 42 24 0 103 90 15 55 0 1 20 143 24 100 55 0 64 162 110 0 27 128 121 100 16 5 121 150 28 0 71 32 68 0 81 0 36 0 89 55 81 7 177 83 64 173 93 104 136 0 60 203 39 145 42 31 48 92 67 69 80 13 16 57 69 72 54 10 6 7 107 29 164 38 42 30 25 82 89 83 146 20 0 67 60 36 59 143 103 15 212 147 51 95 36 133 57 81 38 113 142 40 124 46 0 42 10 90 173 0 70 214 21 88 80 92 64 0 19 7 94 48 161 0 86 87 30 24 80 74 110 128 5 37 126 106 58 154 85 42 12 87 155 20 111 81 27 65 55 0 72 64 145 59 0 40 49 96 134 109 55 223 102 117 106 88 150 63 62 47 98 14 39 123 82 8 42 4 72 41 63 142 0 47 35 36 38 81 141 104 137 85 52 122 61 65 151 90 35 35 11 204 10 82 109 26 83 29 118 257 190 70 76 54 77 105 49 71 4 49 95 62 78 107 42 38 95 40 30 72 59 180 44 133 0 109 0 62 56 24 72 167 118 56 133 60 12 0 44 104 45 54 71 70 81
15 61 0 45 103 126 117 50 96 106 70 12 143 72 117 10 9 21 81 53 18 64 48 102 25 0 72 68 63 12 7 68 36 33 0 36 24 59 43 45 39 130 51 8 14 62 62 162 0 0 39 41 30 21 70 37 102 72 31 0 0 6 3 100 102 39 28 30 0 49 40 44 109 188 74 50 28 27 31 45 56 54 34 49 65 72 122 82 86 0 10 72 76 72 60 19 6 52 88 75 185 21 0 49 8 57 78 24 54 28 124 116 81 18 90 112 33 70 15 36 18 71 56 0 67 51 161 114 20 24 124 157 16 0 72 18 91 152 92 57 36 107 45 109 18 119 77 106 36 84 110 109 15 21 54 74 38 135 49 0 163 19 56 24 99 48 71 17 68 48 78 95 108 12 162 87 137 77 107 122 121 40 90 0 46 45 66 64 112 66 222 72 75 37 66 57 0 86 125 172 28 55 86 64 82 122 85 0 132 14 58 0 67 155 20 48 7 0 44 70 28 75 89 83 108 100 57 72 24 0 40 78 28 0 30 126 106 32 0 166 80 27 72 135 30 116 36 36 8 81 7 12 29 14 21 45
50 56 0 78 45 142 42 121 81 0 11 45 87 0 91 0 16 29 44 15 0 81 0 31 42 25 81 33 189 16 0 68 32 7 64 20 30 57 6 34 4 74 44 24 0 0 18 89 0 0 70 68 99 12 6 28 22 1 40 79 34 40 0 54 5 32 0 9 18 0 39 101 0 37 65 114 25 117 74 65 2 102 32 28 89 9 3 116 9 0 58 81 0 10 49 0 12 1 72 24 109 23 54 54 43 0 75 14 0 69 48 0 29 6 0 0 64 94 10 35 64 4 46 64 4 39 46 29 86 49 124 79 134 64 40 0 0 101 65 6 86 30 114 169 16 0 146 42 89 0 25 0 53 173 34 33 6 13 12 21 58 92 15 73 81 0 43 0 12 161 3 91 0 81 5 192 44 24 0 49 67 4 91 48 36 22 30 75 106 0 0 78 69 96 159 42 40 9 49 1 78 56 93 20 7 88 84 66 73 2 18 57 0 0 64 35 41 128 23 37 0 5 12 32 186 99 94 3 120 12 69 49 44 77 80 5 87 0 116 4 0 18 18 72 21 15 120 0 109 30 63 102 127 9 0 83
0 126 73 9 45 107 117 0 71 42 83 22 88 18 14 72 1 53 81 188 66 37 152 78 32 16 0 89 84 8 7 89 83 197 169 72 92 92 30 90 113 99 64 12 18 7 22 36 54 149 144 152 10 36 2 64 102 117 118 102 0 137 41 0 68 181 50 42 179 50 0 96 36 144 144 192 51 57 87 168 162 125 21 56 129 151 198 151 60 99 31 105 159 0 77 8 45 0 94 40 100 63 93 23 51 73 36 69 61 191 21 27 0 131 74 128 32 23 39 57 32 112 0 32 97 63 18 84 0 69 0 57 0 68 105 32 0 0 129 63 36 116 8 145 77 142 82 20 87 36 75 5 24 7 12 72 139 66 114 69 68 40 106 144 187 56 22 32 56 1 160 53 63 54 24 0 36 10 109 88 76 9 68 42 140 0 42 46 113 160 30 129 157 29 68 84 103 93 34 114 39 82 80 37 70 6 41 0 54 125 6 123 112 120 24 60 130 76 66 8 88 63 0 131 48 117 56 46 46 18 211 90 0 140 14 56 38 86 62 45 85 55 101 44 27 123 56 8 3 71 64 60 24 27 56 88
0 87 0 80 26 0 0 32 102 0 72 35 18 48 146 89 0 58 0 0 0 64 0 0 119 35 0 42 35 0 152 8 2 9 6 0 0 24 0 0 47 72 61 0 8 24 36 0 9 81 56 10 135 0 0 0 63 0 0 16 27 0 8 0 165 0 0 56 30 19 0 18 3 0 73 0 9 40 74 4 116 40 35 4 0 10 0 72 18 88 51 48 0 25 24 56 2 0 0 0 0 59 31 88 39 18 70 36 0 16 6 55 0 4 122 27 18 45 0 20 0 0 15 0 0 60 71 28 76 12 56 0 64 80 12 0 18 78 0 0 58 82 22 16 12 96 116 0 109 9 72 0 82 85 32 8 78 0 72 140 12 10 80 77 27 7 18 88 135 0 41 44 46 115 6 20 8 8 0 61 0 19 10 32 0 20 84 32 94 78 0 42 65 0 114 66 6 0 85 0 6 106 16 5 157 18 71 0 0 0 55 23 55 0 0 118 77 30 51 9 36 9 0 0 18 38 75 0 0 35 72 0 52 52 18 126 23 72 27 61 0 10 8 16 79 10 18 32 0 45 25 98 60 64 64 15
13 28 166 16 129 32 117 27 6 14 63 99 28 87 13 16 12 0 94 24 2 0 12 4 36 6 10 24 101 18 64 81 0 12 3 44 81 52 37 60 24 35 81 96 49 35 22 81 113 58 43 28 110 12 30 0 90 78 54 34 112 32 0 0 71 56 32 54 53 96 116 78 60 21 5 82 87 0 8 71 63 15 6 62 12 45 27 0 0 13 77 56 0 122 14 46 0 66 0 0 29 0 53 15 44 48 124 27 90 0 0 78 0 11 92 10 68 59 59 10 28 7 0 62 72 185 45 48 28 0 88 32 62 44 0 10 86 97 26 39 56 101 72 20 0 108 18 38 188 91 32 20 177 176 40 61 56 19 5 118 0 36 15 56 91 69 16 13 94 55 2 45 43 0 118 22 0 0 217 63 0 20 4 46 93 45 14 110 63 35 131 65 45 29 40 201 35 108 33 90 28 6 87 47 73 52 29 18 72 19 43 55 55 5 0 45 14 48 51 0 83 39 106 0 53 0 148 10 0 0 25 47 63 117 59 8 42 40 104 137 0 66 55 74 50 64 41 0 0 0 99 79 33 0 98 63
2 18 148 12 0 121 63 5 28 15 9 6 0 83 108 26 72 7 17 53 0 28 43 20 0 30 88 0 63 72 68 7 0 1 35 9 3 87 9 4 0 64 0 0 32 63 21 0 8 0 112 47 21 0 26 90 22 0 8 30 3 20 5 0 78 0 5 0 12 2 0 23 12 0 0 45 0 18 88 32 19 52 64 0 4 14 8 2 4 138 40 47 0 24 9 109 107 2 23 8 82 72 0 0 0 20 12 92 12 16 0 0 88 21 81 24 12 0 0 17 9 0 2 36 18 80 0 0 35 4 45 30 0 210 18 18 0 0 0 34 18 5 0 34 0 72 7 83 2 36 23 12 1 74 67 48 0 24 1 0 23 46 116 81 73 63 68 84 1 27 27 145 44 32 27 67 33 48 8 0 43 0 9 78 66 20 9 34 41 77 37 14 7 108 16 0 0 43 143 61 80 70 0 4 61 4 7 30 0 80 0 107 22 135 0 0 59 66 49 22 12 0 17 26 0 6 18 21 2 4 16 43 0 0 59 100 0 0 47 36 48 0 64 70 130 2 42 1 10 86 63 22 22 0 27 27
0 62 87 148 177 135 72 10 47 52 95 70 40 113 19 23 0 78 90 48 89 10 27 4 2 57 31 57 55 16 64 7 34 8 14 0 63 0 8 72 10 89 124 106 42 18 14 9 40 117 12 21 62 27 112 54 122 76 36 40 64 102 92 0 94 16 94 10 23 27 35 94 11 29 84 46 6 9 20 8 57 18 0 0 133 7 27 64 95 38 4 44 42 47 41 55 20 28 82 74 31 72 45 37 19 25 138 39 67 22 26 116 150 124 67 21 24 49 64 16 72 98 6 81 24 0 165 6 0 15 17 35 181 44 22 189 43 69 27 30 37 16 16 51 73 137 27 60 44 66 20 0 27 58 34 195 87 0 24 79 16 66 30 75 71 96 80 20 96 173 0 36 34 30 40 53 73 30 48 164 0 36 18 9 94 40 76 204 96 30 21 40 30 93 12 109 56 28 0 55 0 36 58 46 122 46 63 44 65 78 29 23 76 6 49 0 85 5 77 37 16 50 53 14 126 123 47 46 18 49 9 0 77 23 18 12 138 24 167 8 7 102 72 33 52 65 18 5 58 163 40 33 78 0 239 9
15 0 86 108 70 120 93 64 74 17 44 100 133 166 77 0 0 6 77 57 4 44 21 74 65 96 71 23 213 35 0 70 56 0 21 28 57 40 53 91 100 110 16 16 78 62 13 97 0 99 63 78 14 14 61 66 68 85 59 75 94 142 3 18 54 120 24 64 0 15 9 183 0 70 32 93 0 63 0 38 108 36 0 46 111 0 16 0 145 64 58 98 94 51 63 48 115 12 123 56 62 4 72 1 14 51 21 22 75 50 103 14 163 76 169 60 72 15 20 15 0 44 53 16 0 18 218 46 64 12 129 0 141 30 0 93 6 82 10 90 64 28 0 32 64 23 7 38 150 0 85 19 110 102 57 109 0 31 1 24 82 138 79 183 76 98 36 81 56 66 47 85 75 192 0 61 83 48 0 75 50 2 36 0 58 24 25 113 28 37 21 74 61 83 164 63 114 32 16 63 138 57 181 7 99 70 84 32 179 31 18 89 67 65 25 45 123 116 49 47 46 88 24 81 61 87 32 136 98 34 36 140 106 32 173 44 21 48 95 55 24 0 58 156 121 114 63 0 30 10 91 48 89 24 49 127
49 141 26 14 144 115 0 79 58 90 53 29 76 114 36 93 74 52 79 105 0 0 35 16 44 24 83 48 36 41 149 78 7 204 78 64 74 100 133 27 203 51 76 102 131 0 86 0 67 76 25 56 61 92 213 92 62 141 69 125 108 110 143 86 32 42 0 60 80 168 239 60 151 205 134 4 0 27 86 76 64 0 26 53 99 148 145 16 90 0 48 158 141 68 95 47 9 0 16 58 31 36 131 5 107 122 30 50 122 29 90 82 116 66 0 0 101 163 103 147 97 77 72 42 75 6 75 139 123 177 18 131 62 81 27 30 122 0 0 126 61 179 84 128 56 18 98 72 190 95 0 77 145 22 30 183 20 72 16 110 86 81 36 111 56 28 8 58 9 124 72 74 37 87 112 88 170 83 68 43 53 12 0 52 115 157 116 51 126 34 78 136 59 18 0 99 54 171 69 201 24 85 47 289 0 0 71 92 126 31 79 60 92 148 0 56 62 146 144 72 64 115 0 67 130 58 73 0 136 64 191 58 118 151 0 52 115 196 60 15 81 120 94 122 42 106 98 137 45 58 92 48 6 79 34 105
18 43 4 55 59 124 14 54 87 118 63 99 18 152 104 8 20 96 47 89 47 167 49 40 189 93 49 41 12 126 59 95 50 113 3 18 4 78 19 121 40 24 36 87 102 34 85 117 93 96 17 204 175 81 92 32 67 130 96 274 123 44 27 58 60 128 68 54 48 0 35 35 133 53 87 34 45 115 85 204 54 72 6 76 250 57 120 129 70 109 18 60 75 84 83 29 135 0 54 99 135 0 126 14 126 141 126 153 59 9 31 69 107 213 116 71 0 35 82 14 0 20 54 32 14 125 178 70 166 14 119 36 39 72 100 25 18 23 70 108 16 38 211 74 94 168 211 8 91 38 93 73 65 27 10 72 67 51 5 56 114 117 87 129 93 50 56 17 0 13 141 89 40 129 104 107 187 55 65 72 91 19 58 10 55 58 107 9 138 77 1 68 60 73 48 102 54 14 77 146 54 80 87 147 172 118 120 181 149 31 15 17 80 21 49 32 63 130 21 112 18 105 21 173 119 114 133 64 0 4 22 66 61 129 76 84 57 56 18 42 0 0 93 24 163 103 158 37 0 115 48 171 81 0 38 63
24 124 0 20 44 75 12 0 163 28 8 74 56 67 99 40 0 0 6 0 63 8 28 118 18 0 49 8 10 18 37 108 0 35 5 18 0 16 0 2 76 66 32 121 151 0 35 40 24 24 12 83 103 76 121 154 24 12 107 0 116 77 35 40 114 111 0 78 66 84 0 9 16 109 48 0 28 0 36 64 5 102 0 49 45 61 64 110 9 43 16 74 156 95 4 55 84 20 55 0 0 85 104 56 69 118 42 97 75 7 74 24 36 77 15 95 54 71 28 134 63 2 148 0 45 80 9 105 93 36 36 0 40 20 24 90 0 116 3 27 24 32 32 76 43 16 67 27 51 63 43 78 12 10 20 200 59 21 0 40 42 7 110 0 69 16 93 63 0 24 143 36 67 9 38 38 15 84 36 6 77 50 142 45 52 0 21 0 65 50 64 80 89 0 60 40 1 119 15 78 79 64 43 12 6 0 100 43 0 0 0 63 24 95 0 72 96 148 97 23 88 14 82 210 92 45 38 32 65 70 91 88 73 102 119 76 44 15 10 43 0 80 141 46 24 12 41 40 36 119 76 58 34 160 76 28
48 40 134 138 87 15 24 0 9 36 23 102 28 111 68 3 7 82 0 73 46 66 0 44 88 39 24 0 56 56 100 86 95 79 80 27 147 83 55 190 0 48 54 79 93 49 81 105 6 127 27 151 126 49 142 82 42 30 72 193 159 144 11 14 252 41 63 0 25 112 40 40 21 115 144 6 0 182 48 141 60 10 0 40 194 44 113 60 15 75 24 5 7 74 27 87 40 20 26 135 161 205 71 46 77 121 78 46 49 7 73 4 20 118 39 56 153 3 15 83 59 48 87 78 77 55 63 88 43 137 99 7 80 98 0 36 0 48 45 75 76 125 102 60 61 27 223 68 169 115 140 56 40 63 0 196 26 91 88 18 42 34 42 182 44 78 42 102 54 115 66 0 150 121 9 0 63 96 135 62 230 54 72 3 155 123 45 6 117 104 151 109 52 179 40 174 40 143 0 144 30 159 85 195 24 48 56 72 333 55 167 78 16 98 40 0 102 60 43 10 60 150 38 98 112 32 42 0 90 49 66 169 53 6 35 24 93 53 86 25 16 39 99 39 54 106 92 63 8 50 77 280 29 0 75 63
53 40 54 93 64 22 70 23 0 89 3 44 45 0 66 0 66 17 34 63 7 40 113 27 184 87 33 144 72 82 42 55 11 9 8 16 63 36 33 20 84 123 95 32 27 0 0 117 150 0 18 64 69 18 3 21 17 31 60 116 94 103 16 10 59 66 138 56 92 108 68 71 45 65 77 41 15 253 45 6 124 20 48 21 132 10 153 98 0 0 37 129 12 30 47 12 0 15 63 162 161 21 116 18 0 16 54 18 33 71 0 48 96 81 60 54 91 16 14 68 54 0 24 72 49 15 128 99 40 99 93 62 56 200 33 9 136 117 100 39 12 55 151 124 17 81 221 7 96 39 121 66 3 0 99 60 72 0 0 83 0 34 9 137 64 55 23 24 37 119 98 74 87 9 6 45 18 48 27 0 66 6 0 0 20 39 71 35 40 5 18 117 0 149 47 141 63 46 78 87 33 114 58 20 55 35 50 91 133 153 7 72 176 0 4 126 96 140 0 46 45 27 36 89 82 80 48 24 2 36 7 204 19 107 0 15 153 39 32 24 63 135 7 9 85 41 85 14 108 66 72 293 76 33 68 0
0 108 8 50 142 9 146 53 42 65 133 132 115 14 47 0 6 14 183 35 15 56 37 56 85 80 46 72 135 26 84 86 40 34 85 0 8 83 42 198 88 187 36 213 113 92 30 278 49 72 96 35 66 30 96 29 38 12 47 147 54 81 102 18 119 3 34 54 58 27 26 0 103 166 52 32 0 9 55 94 51 50 0 0 93 50 60 34 154 25 52 67 77 72 118 35 9 48 183 49 164 107 12 80 80 55 75 8 111 24 23 68 48 14 107 37 52 35 38 61 101 105 15 79 16 50 246 48 44 44 27 139 111 60 59 172 138 48 42 54 31 58 21 203 54 151 196 72 128 154 122 71 48 20 24 200 160 56 28 132 171 18 103 58 45 70 78 163 70 89 156 20 77 40 89 133 80 16 80 179 116 0 72 28 186 24 155 84 164 142 29 55 97 18 133 121 96 27 9 13 119 149 45 142 119 68 100 55 14 89 67 21 42 7 81 81 72 21 147 0 153 129 121 18 54 93 49 130 79 0 107 64 101 137 9 66 124 18 166 37 28 80 110 4 48 104 0 144 33 124 124 55 60 104 263 72
15 84 136 29 72 57 43 0 30 76 27 39 0 119 21 36 0 28 51 5 63 145 69 58 122 104 50 20 34 74 40 77 84 60 12 9 160 5 132 83 8 42 103 12 8 48 6 202 81 105 76 48 0 14 22 35 0 60 0 77 49 74 27 35 102 260 100 0 72 21 68 3 72 97 14 0 86 36 65 0 127 16 9 12 48 80 26 43 88 4 0 24 27 4 40 48 52 0 64 27 112 0 100 29 92 49 105 78 76 48 78 42 91 75 0 0 61 46 81 66 4 98 2 0 35 54 82 52 67 129 44 54 0 21 30 118 22 46 109 140 43 95 8 6 38 22 105 40 79 114 18 8 72 34 18 137 0 97 4 51 113 64 0 70 39 84 78 10 70 6 0 99 138 64 69 13 45 32 36 68 61 48 16 12 35 14 0 14 176 9 55 47 0 31 56 77 74 10 30 112 0 136 92 90 86 28 5 24 61 143 56 37 6 0 5 0 52 16 0 114 51 0 0 73 9 40 79 56 0 79 45 0 20 9 56 61 7 54 56 29 82 209 64 5 45 0 69 0 105 3 0 45 90 48 26 80
7 96 31 13 112 54 43 37 36 32 4 6 25 6 167 90 51 18 8 46 14 125 38 6 163 156 154 67 19 115 147 68 24 42 39 18 34 20 97 6 58 101 42 129 78 26 120 115 18 0 0 28 64 5 217 51 19 49 104 166 9 76 25 21 56 236 78 12 44 16 18 38 8 90 26 14 30 7 57 56 26 96 2 64 60 63 24 15 90 43 49 28 0 1 81 109 16 68 44 64 62 23 48 77 56 8 33 36 32 65 80 7 0 65 60 30 31 63 121 59 36 63 81 0 188 140 93 163 44 14 27 77 69 63 113 28 168 0 61 84 9 162 13 70 44 76 73 36 62 75 12 36 15 30 25 16 12 73 8 24 85 61 3 84 139 14 59 112 151 64 56 54 60 82 81 103 125 31 73 5 47 92 15 0 28 52 50 29 73 63 72 68 46 6 3 59 76 50 45 109 0 69 106 77 26 112 101 6 24 95 29 18 59 17 59 87 58 50 28 43 28 37 20 17 50 11 16 85 47 18 131 18 72 7 105 67 93 203 15 45 120 63 28 72 85 59 74 48 95 57 0 54 47 12 164 52
22 82 94 126 84 87 60 203 85 39 72 70 12 76 121 36 19 35 24 15 0 65 105 35 90 35 33 120 36 30 48 162 57 148 27 85 76 66 10 55 31 123 139 45 0 90 11 98 36 83 42 63 99 144 105 29 3 32 174 36 43 103 18 7 150 54 67 74 54 45 34 80 70 14 86 158 60 62 74 146 14 63 163 38 125 167 48 64 81 66 38 61 18 81 83 33 41 0 82 69 83 120 20 22 70 91 80 108 58 11 34 104 123 135 19 76 56 51 11 74 0 163 67 50 51 43 85 69 29 0 117 8 43 26 104 147 0 110 73 54 24 140 123 104 88 33 99 20 32 3 0 16 163 105 133 148 30 21 10 40 24 98 65 117 63 69 35 19 56 259 92 54 102 103 132 87 89 12 109 123 59 36 24 0 95 29 20 72 63 15 10 113 156 59 77 84 76 0 91 105 110 131 53 12 127 24 102 13 106 114 62 18 106 93 82 113 91 32 98 148 42 9 15 0 226 108 110 100 83 13 4 29 25 122 57 15 99 66 104 121 9 49 0 131 86 15 83 0 20 86 114 74 207 44 154 35
15 133 35 16 142 49 28 0 46 13 45 13 57 72 0 32 0 0 9 58 17 96 91 32 52 72 46 7 0 25 56 61 12 92 0 34 52 34 78 16 59 38 22 50 44 112 19 0 9 89 21 130 24 8 0 17 2 24 48 21 141 239 144 31 1 126 68 58 25 56 41 118 0 26 130 16 21 18 7 34 19 0 2 10 36 81 34 91 12 24 90 72 10 87 0 40 23 2 0 21 3 59 60 0 73 10 21 18 17 0 84 7 43 35 23 15 71 73 96 57 0 27 102 71 72 76 19 27 4 43 21 68 21 16 67 65 18 55 0 0 99 39 75 76 50 26 66 36 4 47 25 40 36 28 141 124 76 128 35 84 81 68 53 67 9 0 114 71 0 133 9 7 74 128 111 42 8 40 8 49 10 70 102 0 0 46 45 33 49 45 47 50 6 42 39 4 41 87 33 26 109 0 47 107 64 83 45 16 16 80 71 5 30 21 4 9 15 79 9 39 119 56 28 1 123 123 41 21 6 49 0 14 44 0 98 107 31 0 38 30 24 111 44 61 8 90 33 2 90 45 80 89 143 54 97 74
0 80 16 25 24 18 66 63 74 28 2 70 16 18 5 21 0 10 68 53 37 56 106 34 90 0 3 75 45 0 17 73 0 39 0 0 20 74 32 173 2 160 118 95 103 0 56 82 0 20 0 68 35 40 52 27 93 17 54 38 33 57 6 2 50 60 0 45 104 16 10 90 54 14 48 28 6 24 92 118 120 0 22 48 16 72 34 88 53 99 17 76 109 33 44 30 58 32 6 12 45 32 27 35 38 76 20 109 51 36 35 105 37 15 109 76 60 81 0 76 0 0 38 4 20 100 166 83 8 20 55 18 107 72 24 30 15 52 16 31 38 39 54 85 2 0 87 3 166 81 72 0 6 25 39 46 145 48 0 102 0 59 136 39 63 24 61 43 24 16 33 240 59 123 80 80 64 0 164 26 72 25 24 0 64 4 72 20 101 109 26 66 20 8 93 18 125 9 173 46 0 64 48 54 104 0 45 0 49 77 110 55 32 10 108 141 66 0 93 56 73 57 56 6 40 124 111 65 7 23 76 74 20 141 48 66 10 8 89 70 62 20 107 21 10 45 16 0 36 187 0 32 0 98 53 53
56 40 66 79 43 29 126 0 54 27 18 80 81 81 51 0 0 31 185 184 75 93 42 36 74 32 35 51 109 61 18 179 60 65 0 0 28 64 35 151 6 45 86 72 0 5 21 217 42 141 12 57 49 0 72 30 145 84 56 98 39 19 57 110 24 0 78 3 94 102 27 123 64 56 80 54 6 81 173 72 45 0 111 134 88 147 176 36 101 70 18 190 36 12 55 5 101 0 48 0 124 0 40 56 0 54 36 77 64 14 35 0 43 18 138 75 40 40 0 46 127 74 0 16 64 135 192 107 9 84 0 32 84 0 16 77 20 174 71 81 108 101 9 105 72 24 172 80 198 147 96 54 24 97 164 65 75 100 7 109 35 60 120 30 239 18 30 113 0 18 164 73 70 107 39 70 48 23 129 24 54 35 71 40 99 72 131 2 39 238 90 132 63 48 54 81 6 134 100 117 14 142 60 42 117 0 54 35 126 102 108 161 50 114 10 141 56 72 122 57 87 7 24 124 70 63 36 56 76 72 83 194 51 130 71 0 44 35 70 57 105 27 44 59 69 127 12 52 6 0 63 109 63 58 51 87
75 64 73 89 63 57 35 68 37 17 7 45 98 15 111 33 0 15 91 81 37 134 72 49 110 71 30 148 78 58 50 72 48 72 119 107 57 62 109 20 6 228 189 138 35 79 171 88 8 0 81 9 165 71 169 165 55 53 18 86 43 128 20 56 56 112 34 108 32 69 30 40 50 125 170 54 30 83 44 87 26 138 27 114 107 135 24 70 0 74 21 32 61 41 73 66 0 1 19 12 19 0 65 29 11 72 98 46 30 139 52 93 24 51 100 63 87 242 0 111 106 14 94 79 16 72 85 71 100 0 127 13 151 44 12 92 114 28 24 27 152 68 74 80 76 119 50 93 88 54 112 50 104 72 32 48 33 30 102 114 96 0 10 82 102 91 87 85 81 21 37 96 26 50 83 44 25 61 27 35 106 78 87 29 32 24 99 0 89 71 118 144 140 32 98 141 5 118 74 83 35 33 90 2 3 167 10 33 126 70 42 0 24 68 43 67 42 98 153 38 60 40 58 0 63 15 28 49 45 50 172 48 49 46 68 0 177 61 96 118 0 58 22 165 56 98 52 21 27 33 24 103 87 9 87 54
47 63 0 40 4 0 0 0 15 12 8 0 107 96 8 0 0 0 15 40 138 52 44 32 141 18 0 90 0 60 10 125 143 42 21 0 20 0 69 36 42 94 21 18 0 15 104 49 42 0 35 42 64 0 47 48 31 27 103 81 0 82 0 0 0 0 14 9 40 0 21 0 57 42 36 16 58 56 0 0 0 7 0 0 128 66 18 24 0 27 0 4 45 0 44 64 35 20 86 9 55 0 18 56 84 6 48 0 3 15 17 5 0 0 77 72 0 63 12 7 0 49 123 0 16 98 69 14 38 16 100 32 0 16 103 0 0 10 15 24 114 0 204 42 14 0 110 0 75 42 56 0 6 162 56 13 73 0 32 56 16 25 0 87 21 0 104 23 96 6 0 0 54 0 55 48 84 79 8 40 66 0 104 40 10 11 37 57 86 0 66 55 21 0 34 14 0 144 57 81 12 0 7 21 21 109 52 0 99 36 0 0 8 0 0 0 6 56 0 21 80 28 0 0 0 87 84 8 45 15 18 0 72 0 35 34 91 0 0 8 0 0 9 0 16 42 0 44 0 0 32 49 15 44 0 64
0 200 80 85 16 139 43 0 68 0 12 31 111 63 9 29 16 96 69 15 48 39 96 16 134 14 7 30 0 33 29 34 52 5 63 0 0 18 52 41 156 57 0 2 76 91 21 2 15 16 79 80 4 1 48 45 126 146 133 169 120 0 21 64 78 163 105 98 220 96 62 10 51 183 28 48 84 119 5 0 7 127 47 102 41 0 48 70 16 16 23 10 60 15 20 65 112 84 44 9 15 18 21 16 69 61 35 3 6 144 77 10 20 62 66 33 96 94 36 15 42 108 17 63 120 93 48 12 116 74 48 64 130 80 0 77 5 0 104 6 0 77 121 40 56 112 154 126 118 15 85 43 0 71 14 98 106 0 55 35 76 14 22 132 95 5 0 84 45 0 9 47 10 107 99 17 36 14 176 5 41 121 24 81 176 18 3 73 86 58 3 36 56 20 43 182 117 101 46 225 46 89 144 56 40 101 28 45 42 45 107 107 8 26 12 57 56 54 41 70 72 131 8 86 21 43 55 40 23 0 56 24 44 37 51 40 56 27 103 82 38 64 149 99 57 216 65 80 24 68 48 117 7 27 149 0
10 110 54 6 84 76 78 34 18 48 125 36 111 136 70 45 76 78 127 83 38 18 144 18 152 129 85 16 84 168 98 81 24 42 155 12 117 42 0 106 68 143 6 78 122 105 0 18 7 72 56 146 77 15 81 75 24 76 32 204 104 63 153 106 156 100 43 179 45 0 51 65 16 20 36 2 52 0 84 13 162 62 62 77 64 44 90 150 81 84 89 0 78 185 0 232 119 29 73 64 56 156 152 57 114 63 105 76 63 24 165 78 96 88 172 0 169 116 67 36 163 0 37 36 120 241 48 87 74 155 30 191 65 216 240 23 39 7 28 219 77 55 139 0 33 72 51 72 167 13 48 50 37 127 144 59 7 62 0 127 63 71 214 145 118 4 105 139 60 107 23 147 89 72 145 103 76 111 130 12 63 107 111 138 0 131 21 118 86 172 71 208 24 150 46 103 81 218 161 102 52 4 136 45 47 9 41 179 54 219 228 26 32 15 101 0 166 119 30 3 90 230 221 46 96 132 2 82 153 79 74 37 36 66 63 130 87 57 101 96 72 52 111 124 88 177 88 60 105 63 82 139 63 42 121 67
6 111 118 26 0 89 0 47 18 51 72 11 84 0 63 60 40 57 12 16 52 111 74 42 14 56 18 0 0 0 159 78 52 27 74 18 0 18 47 12 45 4 32 18 90 52 0 83 6 18 49 78 33 140 12 69 64 45 16 48 12 4 69 12 102 24 21 58 13 28 87 54 14 101 21 0 3 6 30 64 70 19 27 18 59 0 6 34 8 21 8 14 0 56 13 32 25 39 18 83 11 53 9 33 34 72 24 42 52 12 94 30 45 18 0 12 99 40 0 99 71 21 46 68 21 18 115 65 10 63 24 6 18 43 18 58 16 28 32 42 30 66 60 127 60 16 24 0 94 20 56 0 54 28 94 81 14 4 4 94 72 26 18 79 74 21 16 110 37 73 0 136 42 0 0 88 88 55 28 36 27 37 5 48 0 30 21 85 106 52 4 147 8 63 64 63 10 27 54 0 9 65 24 32 0 0 79 128 27 78 98 0 34 89 43 24 35 64 90 46 24 0 41 32 66 15 74 28 30 63 49 72 85 104 16 20 101 21 91 69 11 144 27 115 29 0 21 146 38 41 75 27 83 9 24 0
54 0 72 138 76 108 135 18 36 126 52 68 83 0 72 14 0 0 73 0 24 46 0 70 8 116 148 30 90 0 42 117 40 12 9 86 36 56 28 44 48 56 72 124 42 0 0 81 93 0 0 21 56 25 118 68 3 44 64 90 64 54 66 168 122 0 62 12 115 28 40 0 36 73 80 20 24 86 71 44 77 77 0 42 112 0 146 89 28 16 42 69 29 64 34 85 202 0 16 3 121 108 0 21 53 48 102 0 32 68 38 42 91 43 30 43 60 2 30 18 94 121 6 36 8 58 105 103 45 0 136 54 18 7 40 20 18 30 22 20 88 131 15 107 24 40 14 12 12 93 74 0 12 81 36 35 10 94 16 48 100 52 5 201 57 95 12 73 32 127 49 133 27 124 60 97 97 0 32 0 54 105 35 32 15 62 20 153 91 76 0 82 0 93 88 72 20 0 104 154 42 68 72 0 107 8 8 48 93 56 160 107 84 100 92 106 143 4 66 69 0 84 24 25 89 108 48 40 36 15 36 92 48 68 59 82 52 0 40 80 81 48 131 134 120 28 0 24 28 28 56 83 14 40 51 38
0 95 20 1 32 159 0 54 91 0 7 0 0 63 27 78 76 4 117 55 0 36 46 63 7 56 69 8 61 28 42 112 130 8 36 4 69 121 127 92 97 83 7 30 110 81 24 115 5 107 46 132 40 2 114 28 36 107 0 13 1 128 46 20 24 32 45 7 4 25 36 24 0 36 198 72 12 9 62 55 7 4 39 4 178 71 35 17 19 27 0 0 98 115 80 0 43 0 0 3 135 63 59 32 57 0 30 86 37 98 87 16 36 60 166 61 63 9 0 22 20 32 0 90 7 44 36 28 49 60 18 31 36 28 100 30 5 52 40 20 0 75 44 72 16 94 89 49 18 18 18 0 4 6 24 93 0 20 29 12 46 113 88 88 32 19 89 68 18 9 33 16 67 66 21 8 36 161 24 78 40 9 0 0 114 38 135 4 109 93 101 49 119 42 8 35 45 51 38 48 56 48 92 80 1 0 100 45 90 12 21 74 30 0 14 136 170 43 57 20 26 169 16 84 12 0 0 81 20 0 15 7 112 27 18 88 0 133 104 65 48 32 69 111 59 36 126 29 6 74 12 38 0 26 24 35
117 69 75 64 1 118 73 35 40 34 14 80 84 62 187 18 74 83 91 8 6 11 10 54 79 49 28 32 33 90 96 129 56 49 16 34 3 0 66 38 2 174 67 28 107 0 19 22 46 64 77 54 23 73 85 130 60 65 43 21 122 40 67 98 59 80 0 61 131 57 56 36 3 94 16 0 0 13 97 64 7 45 18 80 5 66 72 26 9 71 101 10 16 108 123 98 71 7 32 4 56 49 131 105 22 74 49 73 51 7 0 12 27 220 50 41 57 13 31 45 89 115 64 81 8 76 27 23 20 73 71 93 126 108 30 91 0 112 7 14 18 39 41 30 62 135 96 48 104 69 62 38 81 80 46 84 52 85 57 54 35 43 86 78 110 49 108 68 18 110 48 81 198 34 14 134 1 115 108 5 144 117 36 38 90 0 19 48 4 64 19 152 53 33 122 60 31 79 137 159 4 123 48 38 84 56 71 87 74 35 10 123 40 62 12 0 82 38 121 1 12 35 74 173 52 112 142 0 31 28 50 119 38 139 92 174 76 20 70 187 0 0 11 172 163 147 10 40 18 104 38 41 7 0 48 34
121 87 53 47 128 3 21 17 42 39 20 43 184 0 24 12 25 21 33 74 74 151 111 87 114 77 52 118 76 15 12 28 86 50 0 39 51 126 43 3 60 113 104 68 119 3 9 9 0 0 48 0 15 27 0 21 8 0 95 79 35 100 93 111 65 15 31 54 5 115 96 32 90 128 71 60 0 147 38 21 36 50 4 72 173 16 21 114 80 0 0 85 50 6 91 27 72 78 39 0 70 49 9 0 0 16 102 14 28 18 16 46 56 51 6 2 119 208 54 99 0 0 40 20 48 48 57 130 56 32 100 145 56 56 40 40 168 60 0 54 46 150 0 145 48 32 65 78 34 41 56 63 33 72 0 32 2 9 64 21 139 0 16 59 0 0 71 13 17 40 50 50 46 0 66 44 4 0 32 144 126 29 179 11 24 21 76 12 142 79 127 46 81 28 12 8 81 71 48 123 50 56 49 167 61 132 77 123 96 24 48 21 120 50 0 48 148 82 0 117 114 0 64 31 49 104 49 115 91 4 64 128 0 32 7 43 88 6 114 44 8 54 3 46 32 128 1 4 19 18 102 160 20 84 79 17
38 84 46 7 55 84 68 1 0 24 30 45 101 36 61 0 63 18 79 13 19 12 35 72 30 12 9 27 30 14 52 213 70 76 26 32 28 0 40 7 28 37 121 67 42 16 27 42 50 57 38 35 105 0 63 63 133 26 66 0 5 75 8 0 83 64 123 119 183 9 78 24 65 75 51 36 55 72 44 0 71 38 6 106 92 56 12 73 63 19 8 28 0 84 28 43 8 122 93 60 58 20 14 49 4 45 42 12 31 78 92 80 96 12 32 72 74 88 18 54 9 46 74 25 92 128 199 36 95 81 30 8 5 35 105 27 57 42 72 81 101 42 154 29 103 17 87 0 0 60 4 17 12 23 6 186 103 34 6 108 32 42 8 105 99 140 42 38 150 110 14 70 145 34 56 0 138 0 62 82 24 9 36 40 59 8 7 109 72 33 143 21 5 14 0 111 27 59 22 21 88 33 84 30 46 29 46 0 91 52 80 20 68 58 36 42 24 40 30 36 49 64 0 12 41 36 76 0 65 11 84 28 121 12 62 38 98 94 41 62 26 74 103 113 16 8 110 87 123 28 59 98 68 0 149 0
104 36 10 57 34 121 0 0 111 67 18 12 96 60 22 18 50 80 162 60 36 99 22 9 53 0 40 43 41 173 61 24 21 88 0 77 74 67 48 55 21 52 0 72 67 0 47 0 62 55 35 80 88 39 92 34 117 108 49 60 63 118 126 174 4 44 63 4 121 98 85 45 88 91 71 18 24 108 151 30 50 66 66 23 121 86 87 45 36 45 0 88 20 78 68 83 192 0 64 107 103 2 93 60 55 57 88 81 66 61 32 0 64 77 141 36 3 35 88 38 72 56 33 15 15 34 83 189 95 14 66 81 24 17 12 72 40 28 109 45 45 56 70 53 60 16 63 7 158 13 66 81 56 18 123 4 24 118 0 141 0 68 83 40 100 81 137 20 30 126 75 93 42 184 63 126 135 14 24 0 20 130 0 0 21 0 63 49 72 160 0 132 51 33 15 123 34 196 19 69 23 70 44 131 91 47 26 30 111 133 3 21 115 48 81 28 26 92 87 9 47 23 63 65 69 46 61 44 4 8 109 173 12 22 103 18 124 21 18 56 63 100 68 39 102 140 131 45 25 0 30 193 31 24 83 60
43 46 72 33 153 162 47 35 0 136 88 0 0 40 87 27 90 15 66 54 10 0 63 46 122 109 87 27 6 92 6 50 34 28 63 0 3 12 20 12 22 78 30 30 15 3 0 152 8 71 83 64 150 56 42 0 36 24 55 119 0 88 0 36 44 15 63 25 81 15 24 114 60 77 76 44 0 15 35 27 5 10 72 78 87 41 97 50 49 36 24 22 65 89 116 0 101 9 48 18 182 164 12 75 28 146 22 103 51 35 58 74 105 10 295 126 122 52 74 126 64 44 0 171 28 46 69 30 21 24 90 193 0 195 106 64 39 84 35 31 57 87 83 47 67 9 104 63 20 25 76 0 0 9 56 154 0 7 46 56 101 81 32 179 134 0 93 103 0 166 83 5 208 0 114 20 94 72 40 110 96 61 0 0 83 21 70 72 93 28 63 163 87 61 42 97 15 0 116 42 93 40 0 23 79 20 126 20 9 3 4 9 9 60 1 0 133 131 63 35 29 15 73 35 137 165 110 103 63 20 6 53 69 15 0 192 28 24 70 204 74 0 77 0 93 9 99 18 40 216 22 77 133 47 42 9
24 138 49 61 22 159 76 99 15 28 44 76 9 6 13 52 9 76 54 66 72 64 73 87 74 57 21 36 92 23 38 35 6 42 16 4 101 28 4 21 0 73 8 51 38 60 5 76 32 77 66 70 9 31 16 23 46 27 131 74 125 50 3 75 88 83 108 94 65 126 32 2 9 43 13 68 14 34 53 76 119 72 11 176 80 32 175 78 38 66 32 56 118 82 28 57 109 12 130 98 66 46 72 9 50 8 76 53 38 28 16 66 61 111 96 71 64 36 66 89 54 24 48 0 217 53 29 35 16 194 138 133 151 16 32 70 2 36 109 79 16 41 2 32 32 92 21 39 14 103 104 34 67 41 16 92 24 6 31 9 57 69 73 32 71 38 93 50 30 190 130 154 109 74 72 131 31 125 91 50 61 65 193 0 54 24 118 40 237 54 94 84 7 77 95 67 26 108 62 145 149 48 81 37 38 118 78 36 65 39 32 16 27 20 35 100 43 67 155 59 88 78 55 190 139 178 63 28 59 108 28 41 113 82 53 121 120 58 134 72 54 132 72 151 53 87 26 33 24 127 14 24 98 6 166 9
5 76 6 42 0 63 22 53 0 20 9 72 101 2 3 6 9 5 18 63 80 18 0 0 65 6 38 23 28 78 18 40 24 7 24 0 6 28 114 1 60 32 41 72 4 12 23 64 72 64 40 85 7 61 85 148 23 0 44 0 15 13 24 56 53 0 8 59 56 56 7 0 0 1 36 20 0 6 48 37 12 89 20 24 37 16 82 87 34 26 9 63 0 56 7 110 18 12 18 0 23 0 118 67 0 32 0 81 115 56 51 0 14 28 21 58 72 71 17 82 100 88 80 95 23 96 12 19 93 63 32 1 36 5 3 84 0 94 56 3 0 0 0 61 3 18 30 0 72 102 57 45 0 31 64 15 74 0 0 13 0 0 62 8 47 19 72 7 14 13 21 104 39 12 24 0 0 0 16 0 72 0 5 0 0 0 90 27 44 30 49 13 0 24 31 0 0 55 33 63 28 35 11 54 42 14 32 50 44 21 9 35 10 10 117 14 103 0 46 16 65 8 50 30 31 9 8 48 37 0 66 41 1 7 72 35 9 9 3 28 42 0 119 0 22 35 0 3 51 72 0 60 0 3 38 15
46 33 20 30 101 78 22 4 26 65 20 24 119 40 0 50 18 17 15 50 53 42 99 93 58 24 61 0 45 0 0 5 48 36 54 2 18 28 66 0 0 44 122 14 106 0 12 83 12 1 62 18 164 124 38 60 16 24 80 122 21 45 50 152 12 97 48 67 73 27 7 21 16 0 72 30 40 63 17 86 68 21 0 73 60 65 22 71 0 0 0 32 24 63 2 54 143 63 0 8 38 74 60 9 0 63 180 50 92 0 8 42 0 16 28 12 36 66 4 60 46 1 80 26 72 119 73 123 79 15 34 80 101 46 9 148 56 58 0 30 48 10 30 59 119 32 4 77 131 53 0 30 21 44 68 102 14 18 62 82 0 16 18 28 72 105 64 0 0 16 59 119 22 0 67 40 49 0 52 58 62 99 8 28 0 17 72 47 10 36 54 82 68 0 22 90 94 10 26 77 48 15 102 109 9 79 4 0 76 52 32 48 36 32 108 53 79 11 128 17 34 5 111 0 94 34 0 75 56 9 102 57 0 16 14 66 0 26 78 104 73 61 49 55 36 8 2 6 108 40 153 128 82 16 102 56
28 111 54 75 8 170 82 60 191 72 30 62 105 88 37 68 75 60 175 3 32 104 98 124 221 66 80 87 99 114 0 106 72 20 8 45 64 8 56 44 130 17 2 83 86 139 5 0 52 24 63 77 100 32 162 26 104 144 166 84 114 146 84 111 74 239 125 74 61 14 30 75 43 198 48 5 30 42 117 150 43 128 28 138 171 24 63 64 0 60 80 177 195 42 0 39 34 24 215 6 62 65 75 14 109 56 70 152 14 46 14 98 42 120 157 109 4 56 20 58 114 0 136 56 78 98 190 58 145 88 76 12 173 8 19 77 10 101 12 122 90 72 113 88 35 70 74 59 58 59 131 37 131 88 8 97 72 84 0 96 54 91 158 17 33 29 87 171 64 80 125 216 16 179 68 154 132 72 112 24 175 132 196 49 148 36 54 42 151 72 34 64 83 186 169 150 49 165 93 10 148 53 139 90 72 0 59 42 81 26 66 28 54 25 61 218 38 113 167 8 129 126 41 178 142 124 48 117 74 0 28 104 144 113 147 89 28 37 72 16 111 108 60 87 110 177 102 81 102 87 104 174 28 125 233 74
218 20 48 56 100 109 179 70 64 96 80 0 40 127 136 0 108 5 93 36 69 121 53 24 77 184 65 27 0 36 66 115 63 30 18 24 62 20 119 54 54 119 100 39 109 96 94 132 129 66 30 113 34 35 112 75 135 98 36 60 24 100 135 176 72 154 164 116 169 23 27 125 135 98 20 9 56 127 142 99 73 37 82 111 50 17 5 132 89 8 69 0 79 69 16 65 64 46 66 89 43 0 116 32 56 193 0 86 43 8 30 65 36 35 124 43 37 37 15 168 0 71 72 19 40 53 54 109 106 0 31 81 56 144 48 29 45 18 43 76 56 17 24 68 71 56 190 16 99 49 39 0 27 37 125 218 54 72 22 40 59 57 72 43 90 0 72 56 72 132 105 224 119 82 6 133 149 166 92 23 100 16 4 35 31 20 15 34 63 84 39 96 39 40 0 206 71 2 93 35 84 14 64 0 83 46 0 0 52 78 42 101 109 104 1 75 101 72 8 68 29 16 34 91 11 37 74 64 37 91 51 272 13 153 94 42 156 53 18 75 139 0 140 104 26 45 89 40 73 173 96 48 10 24 163 77
62 54 55 56 120 225 36 0 69 52 66 52 41 56 140 26 33 123 62 0 6 46 75 74 145 53 3 0 27 77 0 39 2 0 0 12 48 112 53 54 33 25 0 36 61 5 3 15 72 40 12 14 83 68 153 35 75 63 141 157 63 24 21 32 138 61 33 24 105 73 40 78 39 105 0 0 64 27 40 99 97 51 8 39 108 62 115 96 160 42 27 89 77 24 6 57 79 108 73 105 46 81 8 21 48 50 58 40 45 6 97 91 127 106 51 64 59 79 73 17 101 43 32 81 74 36 162 36 20 42 71 40 30 62 27 41 49 121 48 12 52 137 70 83 10 28 139 63 59 16 88 53 48 31 32 125 12 0 21 9 125 56 28 172 6 93 26 15 48 151 0 63 19 64 134 25 120 12 24 60 131 78 61 50 14 24 13 215 129 57 33 34 18 67 16 25 61 19 15 198 34 7 202 77 119 20 31 19 207 13 118 64 72 48 89 36 59 52 48 40 47 136 0 152 85 142 68 59 17 7 61 57 22 0 32 26 55 16 67 24 84 0 152 16 102 57 78 0 6 96 14 32 38 24 77 68
0 117 93 143 132 156 0 124 72 35 28 115 87 51 99 23 90 73 123 196 169 27 0 14 270 24 62 123 159 68 10 46 82 97 126 132 36 56 79 38 66 205 93 126 93 163 249 81 72 114 76 177 173 78 110 147 112 120 87 189 72 152 132 0 171 190 68 27 0 3 7 198 56 115 189 16 5 56 53 105 18 90 78 127 169 92 80 8 0 123 54 0 39 44 70 36 150 43 110 92 6 86 173 222 8 0 15 113 104 63 168 74 16 60 117 53 81 128 9 42 81 131 106 179 130 201 124 80 139 0 47 0 226 227 81 90 72 69 92 18 99 138 55 0 52 135 202 154 154 32 56 84 84 9 99 0 0 18 40 129 224 24 20 63 266 49 187 71 218 83 63 163 139 155 108 67 0 61 96 127 218 162 43 46 177 72 49 144 0 94 81 114 81 124 118 63 146 250 32 90 71 105 110 28 92 63 32 65 178 130 193 0 66 51 139 0 63 105 59 13 132 0 63 11 111 70 0 159 24 72 86 73 215 73 42 25 148 96 119 53 42 18 7 150 78 63 88 54 78 36 74 89 128 72 172 32
24 132 8 0 16 149 108 93 2 0 46 125 96 32 79 10 51 46 46 144 35 77 18 12 103 147 67 30 140 15 86 103 61 16 118 35 10 95 20 94 131 24 98 54 65 8 27 78 20 64 1 46 78 6 22 95 18 20 108 56 39 129 18 60 82 100 113 93 26 49 24 179 0 25 73 53 0 66 57 89 77 48 0 150 77 24 32 16 121 45 68 150 33 160 85 117 18 43 84 160 114 37 62 120 0 44 90 60 192 47 111 118 30 29 101 29 26 46 20 28 172 8 140 86 51 17 95 19 2 90 44 14 135 99 126 120 105 85 1 27 100 156 19 162 147 56 62 0 94 31 0 36 26 77 27 190 138 8 44 7 23 88 149 57 118 98 93 52 49 153 136 50 63 135 25 72 86 8 55 81 52 65 22 74 28 100 0 151 149 32 175 108 48 21 177 69 36 17 27 119 261 165 160 160 68 6 170 0 59 86 31 82 6 0 88 127 130 90 98 50 34 96 25 44 56 64 8 97 52 0 42 41 58 120 127 63 120 56 67 20 30 0 146 147 53 85 88 129 34 30 105 15 44 22 186 42
72 6 12 72 30 10 21 42 16 48 72 6 5 54 99 0 0 112 24 12 144 91 180 10 147 4 32 140 12 38 128 55 35 0 0 49 8 52 10 112 16 72 0 74 40 24 0 2 0 30 42 58 4 7 94 57 0 186 207 6 72 24 16 121 120 0 63 77 100 104 38 30 64 72 50 16 37 39 47 36 0 48 18 72 50 57 18 0 0 30 16 99 56 30 56 18 12 86 144 79 48 54 0 1 90 0 135 42 0 40 98 8 76 0 71 42 36 8 32 18 0 18 0 56 112 24 90 153 9 102 32 15 30 93 34 30 63 0 56 0 56 64 88 42 42 0 120 92 0 6 18 0 72 0 82 118 105 15 27 32 0 15 53 60 46 0 48 171 18 87 156 44 36 32 34 15 0 51 0 43 132 34 0 81 16 0 0 1 120 0 0 47 24 0 16 156 40 42 10 102 30 0 48 12 3 0 144 0 54 57 70 15 95 23 25 144 0 6 42 0 60 0 69 75 0 24 88 99 99 40 36 135 4 75 21 0 36 0 81 66 0 120 112 18 31 0 28 32 0 11 102 41 128 86 140 85
48 92 68 72 86 24 177 56 140 34 83 77 43 63 79 24 9 0 70 45 72 63 63 66 12 6 13 24 63 16 64 27 12 0 0 0 49 39 36 15 42 143 126 0 51 96 0 57 40 42 116 57 135 60 95 62 72 70 60 73 0 0 110 20 237 54 42 10 36 6 35 35 21 0 62 132 0 63 170 0 108 72 32 20 80 0 158 166 99 48 26 79 27 62 0 21 65 0 126 1 106 0 109 0 16 61 101 93 53 2 44 62 42 35 166 5 92 54 56 9 96 100 2 18 20 10 58 8 3 79 72 12 118 88 0 81 20 81 79 69 6 48 54 48 3 17 120 128 123 110 45 26 27 40 0 56 27 73 57 7 84 73 64 63 87 42 115 53 89 20 28 97 94 171 10 41 135 27 35 164 3 54 60 30 68 38 51 86 100 182 46 0 47 23 24 100 148 0 80 99 12 97 78 29 46 31 58 48 26 76 144 5 24 0 0 9 63 0 21 61 28 42 45 16 98 0 98 19 88 58 53 67 78 40 119 15 0 44 84 1 0 70 40 78 90 96 99 6 97 96 16 24 78 45 161 0
18 68 92 36 64 81 85 40 43 58 45 21 30 127 96 24 14 0 5 15 59 0 96 40 93 100 36 51 42 20 33 20 14 43 12 0 49 151 26 24 91 21 72 35 124 121 0 0 9 144 2 102 54 28 48 0 49 55 230 178 71 33 149 38 40 40 12 42 86 19 0 77 16 0 35 9 0 77 45 54 102 129 32 72 26 44 123 48 57 24 34 92 140 70 0 69 72 36 40 71 9 44 24 31 17 0 14 57 99 0 76 126 72 56 129 68 51 58 56 64 135 40 30 86 153 18 64 131 60 0 134 68 72 0 40 12 81 10 112 48 81 0 36 62 58 51 141 3 72 24 48 55 51 51 35 16 97 0 54 72 77 8 0 145 0 42 102 0 66 8 67 138 26 0 16 25 0 108 8 69 92 24 93 0 35 30 68 126 80 0 89 9 32 0 3 267 20 10 30 117 0 24 128 24 13 0 33 27 24 8 63 18 68 0 0 72 124 63 110 12 0 21 99 69 17 97 28 0 10 39 40 112 72 48 7 6 2 2 100 8 96 194 25 89 39 65 131 0 20 95 36 2 48 60 132 18
111 56 6 179 8 21 45 14 13 12 38 53 117 24 122 33 9 1 54 42 16 59 10 32 57 48 102 50 96 24 118 109 101 68 48 0 60 8 1 70 6 82 101 9 94 56 2 99 18 36 69 66 145 60 18 0 65 146 105 62 99 53 56 78 16 116 44 0 52 3 20 66 51 5 171 12 11 18 115 74 7 12 18 59 89 75 8 21 135 50 42 33 30 22 36 45 34 9 88 9 40 3 58 2 15 64 30 59 28 14 78 55 36 115 7 107 100 39 38 80 25 62 10 31 35 37 131 9 31 45 17 20 91 43 24 33 12 1 0 24 66 113 125 0 4 127 81 85 96 33 40 0 2 32 8 20 8 56 48 138 16 101 27 65 21 139 12 26 84 67 4 74 35 52 69 62 99 43 75 56 45 63 0 48 58 59 10 41 105 54 0 200 35 39 61 127 28 46 145 128 20 96 35 40 20 21 39 115 16 30 18 30 101 158 50 30 15 16 42 71 17 46 0 55 83 35 54 30 7 121 70 23 178 14 0 25 84 31 24 78 56 14 36 31 85 156 53 104 32 32 98 83 17 0 77 6
78 65 77 45 39 16 60 0 16 40 81 0 54 126 68 54 6 66 38 0 90 2 40 50 124 40 15 39 28 61 72 35 40 87 0 7 0 82 31 71 18 72 4 0 34 53 149 10 9 161 71 18 26 32 28 54 81 21 34 0 14 98 0 81 76 28 35 0 10 15 6 0 45 27 42 14 0 94 81 1 81 55 0 8 117 9 60 54 0 42 45 59 54 9 46 84 44 38 87 107 97 6 60 59 8 0 0 75 47 4 14 6 58 22 72 51 65 108 14 6 0 28 81 40 22 36 73 27 0 3 34 47 59 114 65 0 65 53 126 80 144 78 33 21 41 81 163 10 145 25 126 137 58 72 90 65 85 33 0 141 72 2 57 48 26 54 87 57 130 91 27 0 71 0 105 0 37 0 16 105 92 0 49 36 42 0 51 38 0 47 14 94 72 35 191 141 29 151 103 0 16 201 40 8 147 36 26 8 70 9 108 9 50 53 0 9 55 9 18 48 32 0 87 57 15 47 18 59 35 0 19 171 0 54 0 117 81 23 45 21 0 40 110 18 113 12 21 6 40 18 0 18 7 81 51 0
22 148 124 114 52 120 24 55 69 21 0 25 232 64 219 0 78 95 48 108 102 212 12 0 123 0 74 88 38 6 111 67 64 0 56 88 36 27 56 28 72 82 24 88 65 27 56 14 0 86 49 0 42 50 202 0 131 99 40 42 32 127 25 104 81 52 46 163 155 54 0 52 0 91 72 77 27 103 106 7 64 163 118 98 230 12 2 88 134 0 32 24 0 39 92 40 130 15 0 24 18 17 0 72 143 63 33 103 36 151 94 51 171 98 143 36 88 134 20 52 0 105 0 72 42 104 214 30 55 78 139 110 0 170 120 116 10 74 146 18 63 128 2 169 75 96 59 73 88 72 84 0 150 2 96 18 23 8 6 36 56 125 0 272 128 72 1 144 32 78 26 96 106 62 101 54 80 27 8 32 76 66 3 56 4 18 45 120 97 48 0 156 12 56 23 64 148 40 42 62 63 34 66 152 197 181 63 48 153 42 52 71 36 41 104 0 122 60 54 55 146 32 90 81 78 37 0 31 99 33 21 68 100 0 91 0 119 79 43 123 66 0 118 27 130 110 60 72 36 136 12 55 63 0 27 24
5 48 182 10 58 106 18 30 58 111 40 55 141 40 0 72 46 0 115 72 12 160 24 120 68 61 24 66 108 110 0 172 180 90 7 30 0 77 75 71 102 122 0 151 35 177 62 41 67 135 0 106 40 3 225 12 70 45 217 77 138 25 160 128 52 89 54 15 97 109 18 138 28 107 81 0 0 56 117 26 92 142 63 59 107 91 64 63 45 34 54 98 5 12 0 50 32 30 204 12 52 20 78 21 0 30 81 149 42 0 64 28 18 156 48 53 161 75 30 3 101 152 82 109 172 104 177 188 3 26 39 12 171 50 15 38 0 73 63 87 141 137 84 111 87 36 105 74 72 89 117 0 160 0 69 129 23 123 0 49 234 24 66 36 14 56 192 111 16 45 157 105 106 63 37 57 130 54 28 102 234 64 41 70 0 81 72 19 157 54 99 124 73 57 73 117 10 289 65 3 128 104 78 105 39 22 16 78 105 148 145 21 72 0 59 93 30 54 78 80 36 30 0 93 81 147 12 92 6 9 57 141 0 30 87 32 123 40 22 18 81 98 40 30 35 41 12 98 54 72 0 81 87 54 63 30
36 42 42 15 172 99 27 0 38 29 101 63 79 0 160 0 63 0 123 36 39 52 32 9 0 33 66 68 30 0 103 52 34 48 7 4 54 12 56 26 27 149 28 38 68 36 0 72 31 77 36 49 35 0 115 100 6 117 72 10 46 18 0 61 30 17 4 27 63 107 25 168 34 36 141 0 61 27 10 0 31 25 23 53 34 45 9 83 25 9 27 2 18 55 0 0 31 15 16 29 2 72 87 73 0 46 43 0 0 44 96 27 106 18 3 35 100 19 8 0 42 38 56 86 56 87 61 103 42 91 23 37 70 56 107 39 76 50 46 60 0 124 74 0 30 119 59 59 87 97 0 28 24 33 39 81 6 72 18 117 33 110 47 54 197 82 87 21 70 283 25 18 76 41 96 96 72 6 74 130 108 12 12 0 12 35 14 72 18 60 9 56 0 54 70 31 65 31 63 52 24 21 0 0 78 36 94 0 0 20 23 18 2 119 33 12 9 0 46 44 11 21 82 21 147 92 14 14 82 6 76 53 83 35 28 36 31 66 21 81 56 60 72 0 51 74 104 30 36 144 32 89 88 12 38 40
21 87 59 88 3 76 66 54 47 61 35 29 79 49 39 9 53 72 171 0 42 52 104 68 51 103 12 63 32 100 18 134 73 2 21 0 7 42 102 74 97 112 8 211 60 126 24 9 35 83 43 5 27 12 72 8 113 63 42 8 119 109 4 10 106 36 88 51 35 95 0 36 44 103 12 14 0 135 35 74 124 42 87 50 44 58 108 24 68 36 18 75 90 30 49 0 79 48 193 60 59 67 3 81 12 3 39 0 0 46 31 162 75 120 88 18 4 13 52 17 129 2 101 109 26 10 151 52 59 18 20 69 80 134 0 51 0 148 63 12 57 103 48 102 55 127 133 27 84 11 0 0 45 15 72 46 103 58 0 8 7 105 45 22 72 66 77 11 26 94 64 39 81 27 82 23 66 51 8 52 29 40 52 63 71 54 72 113 32 24 12 61 18 25 48 66 127 44 45 101 31 54 114 12 14 0 106 0 92 28 44 0 62 110 35 21 93 79 66 0 128 24 27 96 78 55 39 35 24 20 42 24 0 20 95 52 50 35 45 18 71 60 93 48 121 104 47 22 7 42 62 32 22 100 54 5
34 59 48 154 61 116 0 20 81 38 14 51 19 60 60 90 81 91 20 54 88 105 35 78 40 0 194 17 36 31 118 18 0 49 16 62 118 163 27 7 81 72 26 41 87 0 75 90 0 136 129 26 125 49 21 37 0 24 79 83 81 151 26 85 18 104 17 0 0 21 16 40 0 92 132 18 18 108 66 48 69 132 19 45 98 49 0 66 0 54 54 69 15 74 93 114 8 16 11 3 48 73 90 60 6 14 120 115 0 103 16 50 217 27 30 4 88 27 42 42 0 6 1 63 132 43 35 91 87 140 47 3 48 132 35 65 0 71 99 187 38 126 24 84 20 72 29 24 147 160 70 36 0 108 24 103 24 0 21 29 64 48 84 95 63 42 124 3 67 68 12 0 84 0 81 66 111 52 67 35 75 12 82 88 21 51 75 130 197 75 38 77 31 77 3 45 120 42 112 36 44 9 82 139 42 0 72 46 89 75 15 36 96 0 34 104 12 0 72 34 95 99 85 12 17 45 39 96 38 81 83 79 78 0 18 130 53 123 33 0 99 87 119 36 75 6 73 5 165 0 79 117 55 49 66 36
13 102 10 18 42 37 51 0 45 45 20 9 9 24 54 40 38 54 3 48 6 59 27 16 58 32 24 86 18 0 84 20 40 30 0 0 15 36 48 0 63 141 0 4 71 60 0 0 54 76 28 87 50 7 4 21 40 66 90 54 45 18 24 8 82 40 0 45 59 39 0 33 9 35 92 6 0 26 61 137 30 38 30 10 18 101 27 56 51 141 65 32 6 58 36 35 104 32 15 2 18 71 21 0 0 28 6 106 8 39 0 8 99 11 32 25 119 27 47 80 0 0 4 0 91 137 82 14 83 98 12 24 56 129 50 0 37 82 0 155 15 45 28 62 5 48 74 30 78 64 36 0 16 105 37 45 14 0 0 10 72 71 147 58 218 14 39 27 0 74 141 115 103 41 0 37 0 59 12 10 12 0 81 18 15 16 121 16 0 32 9 69 54 0 55 24 69 6 42 31 12 27 18 93 25 0 6 53 14 16 43 4 52 29 56 128 0 15 44 9 97 32 73 64 6 60 15 44 90 3 0 9 42 121 0 32 9 7 39 48 50 0 190 27 56 22 22 27 59 128 25 93 116 123 86 25
0 52 38 2 56 112 0 29 134 32 0 8 93 28 65 126 69 0 73 28 0 83 148 0 113 18 41 45 80 28 6 12 0 47 32 0 36 81 30 68 64 6 22 57 36 35 45 4 32 141 46 98 0 0 54 32 61 93 133 82 77 81 64 24 39 20 16 6 24 16 0 84 21 46 146 79 20 66 41 22 27 11 36 0 132 16 78 8 23 9 121 96 85 84 123 28 32 0 2 36 38 40 0 2 2 32 30 126 24 97 84 26 88 0 63 56 42 12 68 18 104 44 54 164 58 16 97 6 4 12 9 20 0 32 106 0 81 126 72 24 20 65 53 84 0 58 141 28 18 46 75 0 16 0 28 36 72 56 0 36 36 48 91 107 114 41 64 46 64 0 27 45 16 59 16 28 65 3 8 84 67 9 0 24 54 20 79 42 30 89 12 91 121 82 43 54 56 50 77 29 80 29 12 63 27 54 18 6 27 48 28 12 9 80 0 88 74 44 16 4 0 104 30 133 18 20 5 4 28 36 12 109 107 80 31 24 4 30 49 45 141 72 43 9 61 0 102 18 2 66 64 6 57 56 54 27
0 129 52 25 135 68 11 34 65 94 85 94 24 41 71 30 5 127 90 63 0 42 0 64 34 30 28 20 102 80 9 16 18 48 0 42 107 35 27 112 34 108 0 155 93 30 30 18 26 36 0 40 94 84 64 10 46 61 71 135 70 76 95 69 60 36 4 27 72 0 113 20 0 24 72 70 0 12 65 160 113 40 21 95 121 31 147 102 0 70 96 44 86 76 90 41 50 0 43 21 16 80 36 39 35 0 68 81 21 8 114 0 116 141 97 51 96 94 20 42 75 48 12 139 43 94 109 92 61 49 76 73 127 30 9 5 48 63 8 135 24 35 60 6 5 76 15 5 87 0 15 84 78 50 0 80 24 9 12 72 12 35 71 132 27 9 0 110 57 47 152 54 48 24 169 44 38 25 223 3 102 24 93 71 115 66 60 81 45 77 146 20 33 45 0 70 94 109 35 188 106 25 72 30 15 54 123 91 51 24 112 0 91 32 20 67 52 38 45 47 96 165 126 124 64 60 0 0 0 65 66 11 101 102 23 81 46 96 36 13 15 33 52 147 15 50 55 0 72 7 75 159 14 24 41 40
33 105 0 78 11 76 76 0 60 56 22 123 182 0 62 16 22 17 81 0 63 0 40 0 103 34 8 107 43 52 38 138 9 0 21 14 24 39 63 40 164 0 126 64 0 28 12 53 204 25 91 111 135 0 44 93 27 72 155 131 24 84 32 56 123 152 110 122 88 155 0 68 0 28 66 8 9 176 32 16 53 7 64 116 74 0 0 0 84 45 17 48 4 128 28 89 36 35 24 70 162 42 122 87 15 54 39 10 25 24 15 114 71 17 59 54 50 67 0 30 78 51 158 144 0 63 82 104 56 27 33 56 42 112 14 37 45 53 77 21 22 42 65 44 160 114 96 63 195 36 32 36 0 21 72 108 169 0 0 50 36 11 43 45 86 21 109 3 114 36 52 56 69 153 29 0 5 0 88 71 101 90 17 0 81 21 34 5 36 3 61 130 40 35 81 65 79 84 33 8 99 110 111 24 78 49 106 56 85 64 3 0 83 18 12 59 160 170 68 8 27 44 93 3 123 20 82 75 4 42 15 139 64 48 116 20 29 0 8 67 52 52 35 64 37 111 141 0 21 32 120 328 63 12 144 0
108 68 14 164 0 142 34 15 75 38 35 51 48 51 83 114 49 81 48 45 27 0 54 54 50 0 0 21 56 58 24 84 0 49 72 3 12 45 60 45 103 69 40 82 6 86 72 18 54 18 82 99 129 0 102 48 63 117 201 99 3 34 15 54 91 32 32 111 54 137 0 63 32 70 86 37 0 0 43 176 85 135 68 110 93 50 42 123 206 156 8 46 63 68 45 66 196 33 77 103 36 14 55 0 83 8 0 50 32 0 81 108 86 193 18 101 18 63 58 48 126 61 22 0 231 92 154 66 57 57 35 20 97 10 0 62 15 47 62 129 97 163 16 157 28 30 69 60 51 29 44 0 82 60 63 43 24 84 21 4 123 132 56 65 109 10 28 14 0 117 125 30 103 88 24 54 67 77 0 64 51 29 186 0 23 89 91 0 7 0 0 44 71 8 33 24 28 23 18 153 0 0 92 70 49 0 26 87 0 84 42 0 47 103 45 40 176 85 137 89 36 40 0 205 81 24 98 98 99 43 44 72 198 54 84 112 42 0 77 81 8 46 140 45 98 77 44 18 30 162 20 87 150 12 263 0
41 63 28 149 35 72 141 0 58 14 27 28 45 133 126 0 11 62 6 12 57 37 72 76 46 0 12 21 160 0 36 9 7 128 11 14 53 36 0 178 0 3 43 5 26 0 4 41 4 81 25 22 36 0 132 18 0 30 32 97 39 161 20 32 159 32 60 94 5 42 47 73 14 21 99 0 16 14 17 129 90 0 66 101 107 50 76 96 189 85 16 18 155 123 6 22 37 10 56 0 26 168 137 8 35 75 51 127 2 36 16 18 167 157 12 46 32 49 18 18 35 40 7 83 4 143 20 88 37 28 1 30 20 0 51 51 0 63 36 54 3 11 60 6 77 17 48 6 56 9 0 0 30 0 73 123 116 60 32 25 0 123 211 166 45 14 20 20 42 51 11 24 87 92 55 11 142 25 4 70 51 75 38 0 118 93 22 17 55 53 42 9 97 47 103 0 82 69 93 80 24 0 73 5 45 19 12 137 45 90 55 0 62 49 83 99 119 72 75 44 2 30 109 84 40 119 69 89 18 117 102 85 92 163 0 13 10 57 110 33 10 17 101 79 42 54 34 0 0 41 62 7 21 56 59 84
10 17 15 0 41 113 72 100 105 80 50 56 100 56 53 41 8 70 63 33 0 45 209 32 129 64 36 117 113 18 96 17 90 11 21 0 102 27 56 33 37 36 8 14 85 80 59 50 145 38 48 48 56 18 43 82 52 110 131 109 63 73 86 21 24 74 64 89 98 111 33 51 54 114 78 8 96 12 100 202 65 22 61 44 19 99 20 65 143 48 58 9 36 73 0 9 64 56 91 61 81 0 42 40 2 14 69 27 45 3 50 94 141 60 132 54 274 103 48 189 24 33 21 0 144 170 112 152 103 57 36 100 137 54 40 110 26 39 61 0 110 77 45 111 12 177 94 54 8 12 4 53 39 66 56 115 0 37 53 144 95 60 80 85 138 63 128 115 100 112 95 237 152 185 59 128 123 212 100 90 137 96 39 16 86 0 92 59 170 139 172 22 64 32 97 56 0 69 44 111 78 28 123 37 99 0 39 24 0 0 34 63 43 59 10 74 36 5 87 39 101 0 94 158 127 105 52 82 102 1 101 93 82 6 0 144 49 64 158 0 64 28 74 7 63 51 126 0 63 38 136 215 160 6 164 192
12 45 167 108 86 188 99 0 220 91 62 78 100 72 63 35 91 89 78 118 38 42 35 108 0 32 24 97 28 63 41 24 78 126 5 64 117 54 20 38 140 88 64 28 88 36 35 156 0 217 21 0 61 45 85 32 60 44 78 0 81 176 46 8 7 131 36 78 5 94 52 70 69 169 55 20 0 0 10 52 79 0 32 98 5 49 81 0 49 27 0 66 68 22 56 36 24 16 24 23 47 9 111 28 0 7 0 139 140 12 79 95 82 108 31 36 98 106 38 50 0 5 86 15 58 8 94 245 53 106 12 95 122 53 35 0 32 5 27 51 48 109 2 148 93 12 64 78 29 186 0 69 49 12 8 131 47 24 5 41 125 80 62 0 39 52 26 46 80 17 26 64 63 0 75 98 59 24 0 94 230 0 141 0 83 123 36 16 3 42 119 59 0 2 62 118 21 91 18 128 90 0 132 209 56 8 39 10 28 75 61 35 119 0 0 16 0 141 47 5 150 97 124 243 39 202 68 0 36 0 0 177 69 112 79 97 39 40 93 63 50 48 50 40 24 170 56 28 14 27 55 87 12 70 18 59
91 44 32 99 98 102 94 35 77 12 0 98 145 27 136 24 25 52 64 80 30 35 39 34 143 0 0 31 8 90 0 146 30 74 90 45 109 49 115 8 118 28 58 29 0 78 104 159 3 56 0 106 18 33 12 0 111 114 18 12 84 95 80 36 101 12 107 81 115 146 62 56 105 95 84 110 0 36 47 28 24 45 20 51 81 32 4 48 49 58 72 76 14 18 72 0 9 12 5 26 77 42 30 12 34 24 12 103 21 57 101 62 0 37 5 35 100 124 18 51 139 91 26 18 100 33 158 18 3 62 98 5 60 25 15 14 22 37 0 33 163 130 18 36 5 60 198 91 27 55 55 55 68 7 86 65 147 54 30 58 128 79 30 114 40 48 70 92 7 56 0 25 40 0 45 53 21 63 109 0 99 0 7 32 40 51 121 8 83 32 24 26 69 37 22 16 24 39 56 102 0 48 155 38 124 6 30 58 71 7 104 70 85 93 12 51 32 40 68 24 48 89 32 60 36 94 54 0 76 43 36 143 49 0 35 52 83 85 78 63 0 29 90 45 56 51 67 0 40 61 16 24 141 75 64 0
109 72 82 61 39 68 134 45 23 28 55 2 36 6 0 77 109 20 18 0 70 54 14 84 0 12 128 85 55 38 14 141 0 153 75 25 8 96 55 32 10 178 149 77 56 152 55 107 42 41 39 107 20 94 23 51 49 0 174 60 73 72 72 93 37 172 113 84 122 0 8 54 46 80 0 26 2 3 177 20 80 78 73 66 104 56 56 162 109 27 29 4 0 45 81 20 54 26 139 1 77 111 99 132 21 12 33 28 56 72 19 28 5 76 50 31 52 124 0 34 0 77 150 36 99 57 74 111 155 99 49 0 49 35 3 86 24 132 231 92 64 174 44 39 51 80 109 149 70 56 19 32 72 18 2 95 63 60 60 76 86 4 26 28 0 0 97 0 32 77 56 106 45 8 33 82 36 57 8 50 132 37 85 0 77 0 73 50 122 131 18 80 52 40 62 0 66 83 67 0 72 35 147 2 5 58 27 104 8 101 71 52 118 6 99 9 45 16 92 51 79 27 122 21 187 47 66 72 49 33 98 31 105 35 6 12 157 8 73 121 91 33 25 65 21 75 54 0 235 2 48 52 21 12 179 28
64 131 28 24 54 123 0 40 18 0 4 67 206 9 0 30 0 4 33 30 45 0 101 0 32 24 56 64 38 129 16 8 0 135 95 102 26 68 17 48 89 115 8 133 174 0 0 45 98 149 66 61 0 8 53 0 63 76 18 40 123 54 97 0 82 0 16 54 45 48 54 32 32 209 99 42 0 88 133 60 48 54 30 9 74 136 131 0 129 15 41 88 30 62 90 27 113 6 0 79 23 129 58 68 0 17 96 39 57 7 100 108 83 173 6 59 92 129 0 20 45 130 54 148 2 171 68 38 133 62 0 8 281 24 53 160 112 24 14 101 4 20 26 120 0 47 24 75 18 91 0 3 93 2 0 51 45 56 143 19 52 74 36 79 48 180 64 65 6 48 107 32 165 48 52 68 38 32 56 82 30 0 68 32 98 6 59 51 0 81 134 91 158 29 0 23 71 88 32 65 65 32 81 54 24 2 54 34 82 138 63 51 84 157 36 54 69 117 15 0 80 54 96 52 49 39 36 76 62 3 135 47 101 0 81 32 88 0 76 72 1 65 32 0 50 64 41 6 12 40 80 31 0 78 88 98
8 106 162 80 50 27 79 16 52 108 74 22 33 0 34 101 20 37 126 20 35 0 28 36 61 4 89 54 154 98 17 86 76 49 0 25 9 121 173 46 30 105 0 84 87 28 42 137 0 36 56 78 32 89 52 0 24 84 12 84 15 13 156 135 43 40 24 0 6 36 18 37 72 125 112 28 0 0 35 39 36 16 53 32 31 10 53 0 2 44 68 85 49 0 0 15 49 0 36 0 27 27 54 33 21 4 18 5 0 0 91 12 108 54 26 47 60 155 16 47 0 10 40 0 116 109 75 45 49 0 17 63 56 0 0 28 36 0 52 24 0 252 27 20 54 77 18 156 105 206 12 28 39 0 14 0 63 91 0 136 49 12 45 54 117 14 15 2 98 39 94 56 40 18 90 138 36 0 145 16 149 0 35 96 60 81 76 34 107 148 95 190 28 34 111 22 65 76 135 36 12 0 60 66 69 0 44 89 25 63 73 0 33 117 58 126 14 8 113 81 162 28 77 85 34 171 102 54 10 87 40 86 131 44 3 114 28 192 72 9 117 40 15 32 41 119 96 110 37 0 52 107 0 90 92 41
5 113 42 63 37 0 102 33 36 46 0 86 121 49 87 54 36 18 112 97 20 34 48 74 104 32 64 87 80 13 34 218 2 119 14 37 15 7 27 35 27 0 40 24 1 57 63 104 14 5 8 62 207 8 43 127 49 52 35 87 42 40 10 2 8 58 80 32 102 0 16 33 0 39 50 45 6 6 27 60 55 18 27 16 88 44 61 27 36 94 3 52 0 55 67 3 0 11 15 42 66 13 25 78 11 12 0 24 0 56 47 53 56 102 78 132 38 2 29 119 90 62 12 12 45 34 177 135 12 47 9 43 70 17 48 25 14 20 17 40 0 20 6 108 22 38 185 0 42 71 87 82 5 33 44 8 155 44 27 44 16 22 22 29 1 18 72 69 15 56 20 38 138 143 33 99 46 48 40 53 116 35 31 9 49 30 161 38 144 53 69 53 77 0 17 42 36 24 25 7 0 54 28 85 69 59 16 28 78 61 87 42 40 12 8 0 84 3 95 40 0 8 32 4 59 51 55 28 112 55 8 99 107 9 62 138 0 8 62 23 36 50 70 18 98 63 7 12 4 39 10 75 12 18 119 63
123 84 78 56 75 63 6 0 49 17 16 41 47 69 72 6 0 99 64 39 56 68 48 3 56 67 79 52 45 24 60 60 8 0 4 0 12 0 104 58 48 81 45 78 56 28 63 32 12 76 140 55 39 6 122 88 99 148 24 55 15 28 32 96 70 63 151 0 89 87 64 36 36 90 85 0 0 62 42 86 25 97 9 101 87 0 31 0 0 51 34 66 30 45 50 97 27 16 61 156 133 60 87 72 0 0 140 3 25 66 40 25 156 49 88 36 99 22 72 0 0 52 25 63 66 11 117 163 50 128 21 53 35 97 0 52 30 69 76 54 80 63 0 87 10 89 37 114 73 35 0 35 15 0 180 169 0 0 0 71 139 3 35 0 196 71 72 59 15 190 28 23 123 21 122 47 98 116 12 46 16 36 7 63 18 0 93 112 85 79 45 69 48 56 0 113 151 70 18 54 36 81 76 90 12 79 75 19 67 44 29 57 61 0 72 63 53 2 166 8 64 12 70 61 71 24 132 67 3 22 77 153 56 55 34 0 231 40 95 81 96 128 210 93 46 93 3 60 56 35 60 10 102 0 63 21
78 57 21 4 72 84 0 22 18 38 63 0 40 27 137 1 12 31 48 0 119 38 6 0 19 76 30 8 0 62 62 33 8 23 72 66 25 49 38 0 30 104 36 81 104 30 59 57 3 12 37 130 121 0 12 0 66 48 72 80 30 18 43 68 48 43 0 43 55 44 27 96 45 111 82 14 11 56 33 55 2 38 25 22 50 80 52 24 8 23 73 10 45 14 134 7 0 87 0 82 71 73 72 108 21 27 14 24 49 35 113 5 0 50 24 52 100 48 68 49 30 130 0 96 0 64 4 57 27 0 4 55 54 72 6 0 35 48 66 32 73 57 55 24 28 93 104 102 100 8 0 35 29 8 28 49 30 72 76 82 18 75 6 75 32 70 18 58 0 158 103 16 21 3 15 186 27 19 0 0 86 42 18 8 41 40 14 26 55 25 57 2 48 60 0 68 4 9 13 0 110 15 0 0 35 30 5 28 36 0 25 1 36 13 16 30 75 64 15 2 0 32 121 27 130 22 63 0 44 45 64 42 67 65 0 8 86 22 0 73 0 90 62 16 45 36 71 25 48 37 8 173 20 42 75 0
8 22 0 90 24 32 75 9 10 0 18 5 116 40 22 3 8 27 43 60 0 67 39 0 95 0 96 24 72 0 14 8 49 26 36 36 24 52 20 51 30 66 68 53 87 48 12 124 72 82 97 100 0 0 84 36 10 39 73 158 48 57 51 120 104 0 14 15 27 127 50 97 15 118 15 52 0 21 20 16 55 42 5 27 62 54 88 60 2 29 36 51 31 0 60 12 108 115 48 5 111 72 0 75 49 42 42 28 26 113 28 50 57 1 72 0 100 83 12 6 63 30 6 99 96 8 0 121 96 80 72 0 18 75 22 0 6 84 74 103 69 24 12 27 10 102 101 114 95 13 28 0 39 55 62 38 14 53 51 68 54 32 0 171 68 14 84 8 12 14 40 24 19 72 17 60 0 0 108 93 101 16 10 0 28 27 46 64 8 80 52 29 53 32 0 40 10 67 17 153 76 8 83 79 90 9 25 24 51 28 153 30 110 2 49 44 34 57 17 8 7 81 103 18 80 30 23 56 103 6 110 60 36 6 0 0 0 12 64 50 24 0 33 0 10 74 68 0 83 0 144 176 136 36 66 35
0 161 39 128 90 83 166 8 117 54 78 45 199 56 141 28 48 124 106 0 103 38 32 18 54 80 0 48 55 62 1 54 4 33 14 20 70 0 26 27 24 51 96 48 100 117 86 117 30 197 76 71 48 115 0 104 40 34 81 50 142 102 97 137 99 89 16 73 33 20 19 49 0 0 86 14 17 84 66 73 80 51 3 133 75 25 52 0 38 83 12 13 105 42 3 33 46 36 167 78 10 66 34 21 7 42 116 170 32 88 42 101 164 223 81 115 23 35 34 28 95 4 99 40 85 152 141 30 78 103 18 50 113 2 27 92 24 93 56 76 62 4 39 88 50 93 138 4 90 91 128 36 12 34 63 6 28 0 8 79 29 8 106 117 91 33 98 0 130 56 146 64 20 39 123 65 0 120 24 124 85 113 128 0 83 72 98 38 71 18 36 110 101 54 155 133 48 111 20 42 68 61 64 6 54 59 17 175 74 67 136 56 229 0 0 94 161 91 98 21 16 0 17 60 17 118 16 74 105 144 9 0 214 123 0 36 146 78 103 30 126 123 54 86 97 66 63 5 17 74 72 20 87 102 100 0
0 56 10 11 30 33 153 38 0 64 95 42 219 33 53 0 12 72 32 83 58 4 56 148 42 72 48 0 19 0 8 99 48 25 32 72 7 0 79 44 78 27 8 13 112 94 21 72 2 78 0 19 83 126 8 61 57 70 36 74 8 42 108 114 2 36 57 28 5 39 6 33 0 57 24 68 4 28 59 60 101 0 4 28 23 51 38 29 0 2 4 54 48 37 0 12 0 70 0 0 0 22 42 0 2 0 15 4 21 0 52 4 70 0 36 27 40 68 26 71 113 70 0 34 14 42 108 29 32 32 27 34 16 26 0 0 8 8 0 51 0 24 9 90 31 64 72 31 59 56 72 80 39 27 0 29 77 71 19 33 0 0 0 12 100 16 0 92 83 28 119 61 27 3 84 29 7 74 16 33 48 24 7 31 92 17 155 52 8 55 86 88 23 32 110 71 43 48 32 43 16 118 52 64 48 36 8 12 25 1 100 24 88 51 5 0 38 46 10 81 40 0 20 56 73 32 4 0 80 0 63 97 48 53 8 24 35 64 50 23 96 14 29 64 16 67 0 6 41 7 42 48 0 0 57 12
57 3 8 42 72 42 30 118 8 56 12 16 7 49 76 8 44 45 54 0 54 81 18 18 134 138 4 68 27 117 0 81 0 37 32 0 105 12 0 51 0 45 40 0 47 30 89 76 87 135 78 36 54 8 33 0 4 57 1 36 135 36 0 40 61 129 45 42 24 63 84 20 125 36 24 0 12 18 45 152 47 14 32 48 86 32 124 0 7 37 98 20 4 9 63 15 4 27 0 48 67 108 68 0 71 72 75 30 23 54 35 109 37 82 121 102 53 36 75 18 24 38 0 0 10 75 23 150 60 222 45 63 0 55 4 57 72 45 60 56 0 45 61 82 17 121 62 0 42 140 85 4 24 0 0 57 40 19 42 86 0 0 47 90 144 69 10 66 0 139 57 43 89 21 84 51 63 84 105 82 27 121 4 0 36 0 134 17 68 4 7 111 139 136 96 45 45 54 20 16 4 7 36 45 118 67 25 81 45 35 30 0 99 18 0 45 47 0 0 10 34 45 36 47 33 187 186 3 40 60 41 9 8 73 10 75 207 0 75 36 100 102 30 9 49 0 62 0 0 93 110 63 60 86 11 72
201 96 37 84 122 143 117 6 139 0 146 25 72 105 31 36 46 51 44 20 72 106 39 106 97 41 83 10 0 34 24 238 64 48 72 39 18 94 43 75 36 20 0 45 40 84 81 2 66 57 62 135 12 0 81 123 160 181 246 90 66 107 120 37 20 124 167 153 27 153 21 165 55 54 18 29 49 27 168 32 12 0 90 144 127 117 156 47 123 123 12 58 78 82 9 0 124 93 90 20 44 89 36 23 15 102 66 138 16 25 14 18 20 0 187 30 27 10 0 0 87 20 130 114 15 225 64 169 16 54 30 21 58 79 10 60 24 68 32 114 105 86 14 106 95 70 59 206 65 74 91 58 39 6 18 227 99 114 26 51 105 90 214 21 212 12 104 109 72 79 129 179 80 125 118 79 84 102 23 24 25 76 176 27 18 45 171 47 6 121 135 21 35 78 54 56 68 39 162 96 209 74 49 4 96 0 176 120 54 47 0 10 121 70 52 81 0 117 36 24 95 16 90 167 169 141 126 182 38 0 63 155 76 63 102 30 75 24 86 44 61 27 25 156 40 131 110 9 57 156 91 68 200 36 169 146
0 127 25 100 15 85 89 0 17 102 16 0 134 0 42 0 57 30 28 42 51 76 7 84 4 38 151 62 0 35 78 115 66 62 31 32 65 0 100 0 67 101 73 16 83 16 35 136 80 2 111 56 118 90 114 45 25 10 24 137 15 134 141 20 108 107 35 12 40 18 66 4 72 45 120 47 2 83 0 59 3 0 68 53 61 65 196 80 148 4 5 24 0 38 78 45 88 20 56 44 129 56 30 48 40 54 11 165 53 0 86 43 38 42 30 77 44 104 69 33 123 70 157 59 36 45 115 128 0 10 0 42 189 35 24 87 0 46 28 43 92 108 75 0 96 56 16 124 102 32 0 42 36 22 49 131 25 107 59 25 47 122 9 96 64 21 65 29 32 83 0 20 44 104 20 153 126 10 20 0 141 100 12 40 0 28 14 49 108 64 74 111 62 47 10 72 0 53 52 139 94 58 58 53 0 33 51 10 66 107 72 0 80 0 28 58 14 40 67 22 8 66 55 53 109 10 2 29 0 10 95 8 14 39 66 27 25 69 11 144 34 76 43 74 134 16 32 48 69 45 24 96 36 0 109 0
0 42 63 25 0 140 0 0 0 64 26 78 146 54 0 9 57 38 88 30 30 40 0 0 45 110 0 0 36 105 108 51 0 165 116 165 63 21 0 8 45 78 0 163 58 45 91 81 0 32 63 126 36 28 45 117 78 0 18 0 63 189 18 0 117 63 45 108 54 0 1 64 0 108 17 135 0 35 180 81 105 174 6 123 35 0 17 81 18 78 45 32 0 64 107 225 8 20 100 81 72 152 80 88 4 12 0 4 72 48 35 113 24 136 63 118 29 120 40 116 77 75 63 44 10 74 48 12 110 64 54 72 63 96 27 24 0 53 38 24 25 27 43 84 0 153 108 0 50 15 107 48 162 72 36 81 0 80 36 92 0 0 135 33 25 64 140 66 49 49 137 0 83 84 88 46 31 45 0 25 94 40 92 36 127 29 0 37 101 81 81 155 81 51 81 24 0 211 81 42 113 152 23 102 54 36 71 20 143 52 99 9 78 54 50 0 44 51 72 0 206 87 25 40 72 49 36 99 24 45 45 27 99 36 57 72 48 63 18 99 0 0 153 99 61 120 72 120 0 18 12 54 0 12 54 18
14 83 93 64 112 117 0 0 38 78 44 81 57 54 32 10 34 16 51 5 72 0 63 0 45 12 24 54 68 34 14 57 57 112 7 12 97 41 56 49 31 51 48 151 148 14 42 90 103 96 104 101 63 14 53 144 159 36 42 102 82 24 22 21 82 0 46 53 54 64 29 69 62 44 34 93 0 78 161 20 30 16 0 93 23 30 47 36 44 33 0 148 56 30 36 103 3 76 48 33 105 133 72 4 79 0 56 40 87 9 190 102 60 73 59 2 116 126 60 144 46 61 0 74 68 9 36 43 106 97 30 0 61 45 36 56 16 39 57 36 70 60 69 22 73 108 113 64 85 108 30 26 67 0 0 127 52 35 77 194 40 0 6 78 95 104 157 24 93 77 75 88 9 120 7 25 42 59 183 91 135 87 9 116 152 66 0 62 80 47 63 33 84 116 6 209 77 78 72 100 46 126 18 114 109 0 38 27 95 73 71 78 40 64 36 48 4 73 63 87 98 37 110 85 38 58 116 34 78 72 55 96 38 85 102 12 13 29 127 0 7 185 138 0 10 138 2 80 34 89 151 192 78 76 100 37
84 76 130 0 41 85 37 130 61 64 27 15 7 93 145 9 0 40 72 35 18 66 4 54 105 56 63 14 89 92 72 120 90 0 54 4 35 139 94 30 66 101 121 8 16 45 30 36 36 98 0 0 66 54 73 15 169 109 118 12 18 18 50 175 197 8 96 60 21 135 36 20 91 6 122 67 49 18 79 0 18 131 40 36 54 4 72 233 62 18 23 107 64 16 92 15 8 71 36 18 146 0 51 27 140 0 58 93 56 24 200 26 42 61 14 16 238 24 0 39 56 68 35 157 44 133 63 91 61 4 119 93 110 64 110 63 53 77 30 50 163 132 26 91 28 54 91 78 59 50 39 30 91 0 84 6 42 0 0 91 135 7 57 56 98 51 9 144 48 95 51 36 0 0 147 83 4 16 28 41 108 30 45 60 73 88 19 67 215 0 95 129 54 27 69 189 106 37 29 102 30 104 44 48 49 50 139 196 63 5 87 31 62 15 0 49 112 36 130 42 138 18 60 34 28 132 76 59 42 10 48 126 89 53 67 112 93 21 70 21 9 93 78 63 6 0 56 45 39 66 36 14 84 105 131 0
0 19 120 32 4 106 40 0 0 61 65 16 112 0 38 42 152 20 35 64 78 95 111 26 218 42 120 6 99 34 57 71 122 100 11 0 75 9 4 0 51 42 30 24 63 0 32 140 57 54 91 59 99 65 3 0 96 30 45 137 76 18 19 56 58 40 110 123 45 69 26 0 0 134 0 78 19 8 77 75 27 65 142 21 16 112 146 52 101 142 12 110 2 86 21 140 153 54 36 17 34 152 18 0 65 109 72 132 16 24 0 17 100 20 108 0 36 13 38 32 66 44 4 26 140 116 60 46 0 40 55 53 0 278 18 68 2 66 28 90 0 0 63 8 65 140 115 63 34 87 58 24 30 91 22 124 141 92 66 47 21 121 95 171 230 14 69 160 86 36 125 52 177 17 45 78 182 51 140 60 48 17 27 0 69 54 119 0 163 16 39 71 27 52 26 36 0 174 132 12 109 24 15 63 96 46 75 149 0 75 36 79 36 83 81 24 113 315 0 3 46 0 88 49 94 14 107 39 50 36 110 57 0 21 0 165 28 129 132 51 78 36 120 42 75 18 83 21 50 93 144 109 86 0 134 28
28 105 134 112 48 136 142 40 157 167 201 136 208 93 65 97 35 32 107 163 34 41 62 38 36 49 35 19 36 28 56 88 8 165 14 60 172 56 64 60 55 27 132 36 114 0 72 169 57 145 36 121 62 44 78 113 154 87 58 124 30 138 120 28 45 88 83 45 95 63 20 56 2 117 111 93 32 67 32 108 142 48 151 65 124 9 145 157 104 59 0 22 9 63 12 41 45 7 39 28 5 81 115 125 53 36 36 56 111 9 0 73 24 0 72 74 72 58 0 142 90 38 144 24 20 32 72 209 87 48 42 147 183 24 35 53 0 51 84 152 8 34 39 116 9 70 59 0 38 104 95 122 47 8 54 142 63 0 46 108 65 66 3 93 15 75 156 131 228 31 81 56 42 93 32 151 39 41 0 62 251 95 36 5 127 90 64 18 140 69 27 64 40 24 18 113 67 150 18 187 0 108 133 94 103 0 51 111 57 65 38 58 14 0 37 50 8 130 138 0 73 2 120 92 0 66 42 12 32 15 40 247 0 59 58 133 18 75 224 5 40 54 49 63 61 94 100 97 0 6 18 154 0 32 87 119
47 46 116 72 12 95 6 87 45 48 24 86 0 28 40 72 106 56 145 120 0 66 0 16 26 0 163 40 237 113 92 63 22 79 15 143 133 63 63 101 20 150 122 95 46 0 117 99 102 10 175 97 108 24 66 64 18 74 66 62 0 136 76 52 62 0 140 24 38 229 129 48 12 104 104 109 41 69 36 16 56 68 56 78 141 54 112 0 46 47 72 90 40 26 137 142 126 15 59 96 161 83 241 51 117 0 119 133 56 49 126 108 116 88 49 0 138 59 62 48 54 20 30 31 139 143 91 118 129 265 42 142 20 132 65 8 96 24 95 144 9 97 42 90 2 121 87 90 64 116 36 113 19 56 30 40 18 26 0 162 102 69 0 106 249 0 72 44 120 72 57 99 81 20 108 186 125 0 267 65 73 19 41 36 8 54 102 12 116 55 27 63 28 168 46 48 144 256 131 93 63 25 45 137 89 125 145 103 60 14 24 0 133 24 79 189 51 96 145 62 124 135 72 31 91 24 60 48 23 65 97 86 81 0 38 45 79 137 106 6 82 80 9 63 4 149 106 34 117 78 88 140 94 0 130 0
2 21 0 98 0 0 8 80 0 82 0 56 10 0 6 18 6 64 0 0 49 25 0 32 39 21 0 44 72 0 36 48 0 83 0 4 30 36 42 0 59 101 64 24 30 0 14 40 36 47 30 42 88 92 0 0 18 3 32 45 35 42 72 25 62 0 86 0 127 30 50 54 0 49 85 0 10 56 107 74 47 30 21 60 55 9 23 44 63 40 9 6 0 27 24 0 0 12 30 0 36 21 40 100 0 50 85 61 0 30 38 175 25 50 0 0 16 64 75 124 95 0 9 77 55 59 48 8 0 35 0 97 40 0 0 148 0 30 42 6 16 53 0 40 10 58 62 10 56 40 0 0 57 38 8 0 24 59 0 137 32 6 4 93 48 0 10 0 38 0 12 51 73 40 0 8 8 0 0 40 32 0 28 0 6 12 52 0 76 25 0 80 40 30 0 28 0 9 24 67 0 51 8 8 6 0 0 49 24 40 42 12 56 60 8 28 61 9 4 0 8 12 60 0 53 5 0 42 0 143 78 4 64 24 0 35 24 66 36 6 30 61 76 4 6 26 117 48 72 0 81 78 12 0 133 40
36 118 131 114 68 164 48 55 99 108 27 76 181 0 70 99 30 84 61 63 42 139 96 15 51 0 0 41 129 84 143 7 46 139 75 78 30 67 70 25 161 22 45 38 84 77 30 77 44 47 35 267 110 36 75 39 162 0 126 64 260 119 114 59 71 76 115 83 75 92 53 266 45 124 122 144 27 120 156 6 41 38 9 110 93 92 122 8 61 91 166 167 12 38 64 94 176 6 0 50 66 23 123 8 39 65 5 124 0 20 10 0 95 123 131 6 112 136 0 54 73 36 0 80 93 161 44 41 55 51 96 98 30 117 63 69 9 132 16 126 162 56 161 113 26 74 62 61 176 103 71 26 162 73 186 11 69 44 50 127 125 148 146 179 185 54 114 121 15 196 60 148 72 265 3 202 257 67 135 108 12 56 79 110 55 23 79 120 148 69 21 191 53 200 124 181 100 101 99 21 0 191 170 81 115 40 35 149 160 9 97 97 100 0 162 127 66 84 191 116 139 0 91 64 18 130 92 21 40 27 63 135 12 125 94 57 168 86 50 42 42 37 96 45 80 5 18 99 0 53 56 42 173 98 32 85
41 116 131 0 54 71 162 25 0 48 65 5 54 81 56 121 93 72 58 37 28 81 126 25 97 77 0 99 75 74 34 102 0 144 69 11 66 36 38 51 0 8 17 57 0 36 0 101 33 35 0 74 51 0 36 6 10 0 44 46 0 102 125 8 45 0 63 2 12 9 56 141 69 36 54 57 0 6 54 12 12 0 68 34 106 10 0 67 137 6 3 122 119 26 36 81 70 0 16 0 128 110 44 51 0 10 88 0 0 69 8 23 132 10 6 45 68 96 71 133 82 50 0 132 0 72 155 127 0 83 65 54 27 0 54 93 15 53 68 0 42 90 13 44 0 31 72 49 41 132 16 24 62 58 164 45 28 4 36 97 23 20 117 81 81 0 47 58 43 73 4 25 0 0 53 88 8 8 27 45 54 81 10 24 74 63 50 39 27 91 0 12 33 65 27 0 24 73 75 88 76 24 57 0 71 0 37 77 63 39 33 75 0 90 10 26 81 0 91 64 54 15 135 66 115 54 34 80 32 78 86 18 125 18 63 0 54 21 105 21 2 81 52 54 45 37 67 0 64 48 79 0 58 27 108 52
16 54 79 36 32 114 148 25 10 96 69 28 111 48 178 0 36 32 96 143 9 25 0 100 39 64 64 81 84 96 6 187 24 134 0 48 0 42 78 54 60 128 85 0 10 64 3 56 2 133 67 190 107 4 8 70 110 42 82 46 80 28 120 32 36 144 29 66 98 26 0 144 41 96 38 76 0 77 32 35 140 80 98 142 66 69 103 61 73 41 63 60 35 125 188 36 160 8 0 64 131 58 140 150 28 15 0 35 100 54 0 36 24 0 168 192 141 101 7 115 87 140 46 21 104 182 71 194 36 66 68 53 45 27 53 49 10 158 49 120 134 86 15 161 0 16 148 86 204 51 176 74 62 0 126 54 67 137 57 142 123 18 109 38 204 15 123 123 141 87 34 179 204 178 113 132 46 8 36 77 129 33 24 1 127 21 92 60 9 102 75 68 3 66 105 130 12 30 38 19 17 225 90 41 132 20 96 50 8 50 120 92 28 19 111 63 220 107 88 26 14 0 64 35 56 265 112 28 56 36 88 48 47 30 8 45 57 76 71 187 149 15 210 151 146 70 60 64 4 73 50 12 104 118 52 20
53 177 152 45 53 18 36 15 11 36 0 31 72 63 116 72 0 4 57 35 72 91 0 32 93 0 0 51 22 86 73 38 64 239 127 0 38 9 119 0 40 83 30 26 153 0 28 0 0 21 85 133 136 3 0 36 0 120 45 36 60 76 85 18 76 152 28 54 157 0 0 48 31 36 61 24 27 0 98 77 26 81 80 24 251 85 45 40 91 90 72 34 11 0 39 16 18 0 80 23 70 36 54 20 84 25 0 32 6 81 82 27 0 12 79 75 100 46 99 24 0 36 4 0 8 94 56 50 12 0 25 4 42 0 48 0 0 0 72 57 70 32 77 69 12 192 153 9 20 64 0 1 44 0 18 35 96 48 127 130 88 133 14 97 0 109 14 51 26 56 9 63 27 154 15 124 90 16 72 76 45 0 97 40 6 24 108 16 218 24 30 14 56 36 13 45 72 148 20 0 0 16 64 144 28 24 139 81 63 57 8 5 1 0 56 81 96 70 80 36 84 71 74 63 104 23 43 0 64 0 101 18 44 12 56 46 58 54 32 0 0 86 58 43 67 55 84 40 36 0 36 0 33 65 19 152
34 101 25 0 65 229 80 36 150 61 72 60 36 21 91 81 45 28 69 59 0 0 99 98 42 46 69 43 22 104 49 67 69 24 0 28 42 77 146 40 0 41 42 82 14 48 58 16 15 221 67 36 6 81 87 123 77 74 48 117 42 50 72 81 112 128 74 16 0 148 53 32 75 54 36 87 3 24 98 0 0 10 68 4 47 116 65 35 65 96 40 89 100 24 46 18 105 5 64 72 129 63 63 0 39 4 43 35 64 18 91 18 129 1 134 31 98 58 90 10 0 84 104 22 54 65 39 128 45 28 46 87 78 108 61 84 76 52 145 112 0 174 9 54 38 14 21 116 71 72 148 139 38 30 49 169 24 1 0 124 185 15 7 29 158 21 76 59 212 44 63 56 20 87 187 70 36 94 24 69 35 101 14 0 67 0 148 14 60 11 89 11 9 12 131 74 69 51 50 96 77 243 219 107 100 16 11 0 47 110 76 54 94 23 6 0 45 46 35 79 62 64 102 83 97 93 22 128 9 6 56 138 9 6 79 81 58 119 64 33 111 76 81 76 95 137 101 62 78 59 69 69 24 59 50 48
6 107 16 98 25 6 18 36 54 48 56 74 87 0 14 6 0 2 17 8 33 54 20 0 136 24 25 48 31 12 3 18 24 46 5 55 60 45 12 54 51 2 41 53 58 74 0 97 12 9 28 20 72 10 197 134 0 24 8 0 35 23 12 42 2 0 81 104 113 145 12 48 0 42 21 9 0 0 93 128 77 36 14 12 88 233 132 52 118 0 27 92 21 84 54 40 0 90 20 136 72 18 96 65 25 46 81 78 72 4 103 51 100 175 47 63 64 40 0 62 48 41 89 18 51 0 90 74 118 45 16 105 56 82 72 103 82 57 9 8 24 0 0 89 6 34 18 0 8 56 58 108 19 12 72 57 51 66 68 14 12 76 54 96 77 8 121 139 20 69 138 46 95 0 105 162 74 101 16 41 114 12 44 54 60 74 93 14 69 0 36 33 4 7 53 74 99 152 4 20 32 52 24 22 50 109 59 45 3 27 49 60 60 66 11 45 221 102 85 42 125 55 42 73 33 58 16 65 104 58 151 43 103 0 53 2 33 16 19 18 0 24 17 23 36 36 25 6 6 43 24 35 44 18 99 15
8 16 48 114 67 40 16 0 35 23 30 3 78 96 90 135 24 0 0 92 99 0 37 44 171 174 24 11 157 57 43 87 4 0 80 30 100 70 169 20 53 94 0 120 40 76 76 218 31 97 58 146 210 42 50 18 79 52 65 93 49 150 13 32 83 151 35 12 16 8 0 6 152 48 3 0 56 27 35 132 16 23 8 92 32 30 37 8 84 93 0 132 91 6 7 86 63 48 8 29 44 0 89 27 60 61 82 100 99 0 88 64 55 47 10 78 0 56 7 12 0 33 83 4 157 153 0 6 72 84 22 54 56 80 36 95 14 0 57 0 16 115 36 137 54 2 130 96 63 30 5 34 76 43 83 57 162 14 8 55 16 78 83 37 126 62 48 70 63 0 72 49 59 60 107 10 24 60 16 36 113 0 34 32 48 32 182 49 100 49 117 142 18 97 6 116 31 73 0 58 36 56 0 10 72 0 30 28 111 59 32 35 53 47 30 6 209 61 57 46 114 31 74 48 36 2 130 5 34 60 74 14 146 0 59 60 4 176 16 157 75 96 92 92 96 68 93 18 39 5 0 125 89 48 71 0
63 74 32 48 31 5 144 8 0 46 88 9 17 25 16 18 105 0 80 48 57 0 68 30 28 54 64 0 119 24 40 6 4 0 21 2 9 42 30 20 68 2 88 0 122 61 24 81 100 20 18 75 107 32 3 30 58 36 6 12 0 72 16 20 45 18 42 112 76 60 30 63 0 11 0 104 0 24 42 50 78 48 0 45 0 12 72 48 14 5 0 140 12 19 0 14 48 89 0 15 51 24 18 0 0 24 10 48 55 62 7 15 78 2 102 0 34 90 81 24 24 8 0 12 77 88 58 59 41 16 40 31 6 103 0 18 16 105 3 148 97 25 58 6 6 42 18 52 153 143 38 39 10 112 36 60 16 26 27 82 6 66 11 27 28 32 80 75 18 49 24 179 74 30 0 11 94 75 27 23 6 20 0 0 0 15 8 95 45 6 67 7 45 33 16 54 12 20 78 30 88 72 68 48 45 0 2 9 52 9 0 81 128 48 64 45 53 0 92 74 8 0 24 76 37 0 18 70 34 0 48 53 24 49 0 30 72 84 18 16 40 0 116 0 85 25 0 33 136 97 114 65 15 56 79 72
20 0 157 82 76 6 20 44 26 114 0 43 38 102 35 0 24 33 21 98 16 198 74 0 103 16 6 62 20 15 7 32 194 61 5 36 75 27 8 16 0 2 52 46 156 50 119 78 60 95 42 41 76 33 55 14 2 39 85 105 73 168 117 94 15 15 117 57 16 169 15 45 98 159 91 32 0 134 110 129 64 56 8 107 130 153 66 72 47 17 10 114 11 34 49 94 44 42 16 66 55 36 68 60 104 63 15 71 16 0 80 10 62 5 35 24 171 84 15 25 8 70 98 74 146 86 56 149 105 36 78 56 36 15 15 36 44 112 116 102 36 38 151 102 129 150 18 65 32 96 46 0 27 114 54 36 32 93 36 188 23 18 45 40 98 0 78 46 36 80 137 107 66 0 40 16 45 93 41 36 115 42 9 0 21 113 49 4 101 0 72 0 0 80 33 52 48 320 44 0 30 21 21 75 20 187 69 162 94 0 98 0 22 93 5 60 64 121 0 79 94 35 87 104 107 90 127 42 0 0 138 190 50 23 26 90 126 0 32 139 7 102 0 27 57 0 72 7 60 57 27 90 61 41 72 120
70 48 35 12 40 92 143 0 43 96 132 0 0 56 41 9 67 0 18 0 158 56 44 6 64 64 16 143 81 28 62 15 56 42 18 14 63 82 14 81 48 218 8 72 178 120 36 81 17 93 59 114 133 36 193 33 216 138 78 6 0 36 27 196 49 0 34 4 18 71 24 60 67 72 84 14 0 0 134 136 124 94 0 21 144 44 96 72 75 51 27 72 21 24 21 29 115 88 109 13 81 0 36 36 177 23 73 2 88 51 58 91 0 36 50 5 74 59 40 0 8 26 2 0 0 54 164 175 8 85 66 28 35 42 55 24 0 30 161 0 60 98 39 145 38 110 125 0 44 74 68 40 131 24 78 83 0 32 16 38 93 21 36 12 19 16 37 204 7 86 87 72 38 62 73 62 72 111 30 61 73 7 35 60 58 2 57 7 11 140 56 31 40 30 14 122 2 65 8 26 64 32 66 28 61 49 8 0 0 15 28 53 68 31 0 62 78 20 18 1 71 81 84 129 71 34 58 43 13 9 118 116 55 78 102 65 120 92 97 13 100 72 126 24 79 99 81 67 0 70 0 62 34 18 135 55
14 0 12 124 142 0 48 0 5 36 0 66 60 102 90 0 0 16 33 85 103 95 20 24 95 38 21 57 20 8 60 84 0 90 30 26 107 0 57 28 14 145 66 78 0 16 70 88 24 69 38 40 14 10 34 78 14 66 45 63 156 146 16 67 0 14 14 35 44 9 25 26 28 122 112 14 16 144 56 40 18 32 6 40 226 84 45 24 27 0 16 28 24 12 114 12 0 0 46 24 64 0 15 73 25 21 65 32 1 36 0 13 48 9 68 16 86 8 27 4 54 75 66 27 65 44 132 32 42 39 67 2 0 18 0 38 0 67 25 12 55 33 9 48 10 77 210 57 21 49 118 44 28 14 24 40 42 54 103 28 69 0 0 74 31 32 103 82 56 36 14 0 28 97 59 54 16 77 16 60 143 12 32 21 43 45 102 27 183 58 6 54 27 57 10 39 24 59 6 2 18 68 6 66 17 21 52 93 207 12 61 12 16 0 15 18 33 10 77 0 43 12 6 45 66 30 0 12 69 47 78 92 12 30 6 0 73 39 36 52 39 45 3 27 11 39 0 14 0 15 54 66 53 32 18 126
21 30 76 3 4 76 20 0 34 0 144 15 10 45 0 60 54 12 124 48 84 21 84 18 37 48 0 66 17 112 30 10 21 27 6 5 39 41 18 9 55 116 205 0 0 16 4 50 12 30 38 85 72 50 0 0 117 50 17 60 0 12 75 57 36 24 40 0 36 112 85 6 29 54 77 8 0 0 33 6 63 2 63 5 0 48 95 16 0 0 22 0 0 60 136 50 72 83 74 7 66 0 30 12 0 5 43 36 97 12 93 59 0 30 157 45 63 0 40 18 25 54 15 40 28 81 0 91 24 0 12 87 116 15 12 0 56 72 29 45 63 157 4 24 36 0 38 6 180 0 52 75 24 30 16 16 32 0 16 80 0 43 16 12 41 54 54 98 44 0 0 78 63 16 22 54 20 78 36 52 6 0 0 0 48 31 8 15 120 166 98 89 0 0 8 63 0 52 0 124 89 48 0 98 6 0 113 69 68 134 12 45 68 0 11 47 45 24 50 2 58 38 5 24 0 16 74 24 4 0 36 80 54 56 10 60 9 16 92 81 0 30 28 6 43 81 16 69 7 10 64 142 12 28 44 9
18 60 0 111 109 56 24 0 22 45 54 93 7 100 14 6 9 4 23 6 18 14 4 0 109 76 47 42 0 6 75 67 33 3 4 0 32 25 28 81 18 84 4 102 61 15 21 8 66 67 71 29 22 7 108 96 90 23 96 104 56 52 4 10 49 4 0 12 42 21 34 58 79 2 8 12 0 34 134 144 0 40 0 10 21 0 15 37 0 41 31 0 52 13 92 75 0 0 26 12 75 95 36 7 35 76 48 18 94 20 38 42 5 80 122 16 102 29 22 48 6 80 35 48 46 12 81 22 32 50 66 76 64 108 48 48 12 45 4 25 27 102 11 3 49 120 91 10 29 51 82 9 20 79 27 208 0 22 12 112 56 20 57 117 8 51 40 101 64 61 12 54 76 16 67 20 25 79 205 15 33 80 32 32 112 49 0 117 9 52 0 91 22 59 10 88 40 115 114 186 18 177 0 58 145 2 83 14 87 35 25 110 47 15 0 8 107 56 13 30 47 49 66 56 102 66 12 35 119 32 40 27 33 120 80 93 7 9 16 53 0 75 12 21 41 118 30 12 17 166 52 110 82 51 14 6
14 54 0 32 24 84 56 70 46 56 45 12 48 35 106 21 0 14 14 0 41 36 0 0 12 0 22 61 102 63 0 9 0 19 0 0 0 10 0 56 59 27 0 0 16 14 18 0 72 74 15 45 43 26 36 54 72 0 6 12 0 1 6 18 32 0 16 0 2 0 16 0 0 5 57 18 24 64 14 28 46 26 15 1 44 0 34 24 21 48 81 10 24 40 54 0 37 41 113 0 84 24 6 20 4 3 5 40 53 36 66 9 28 62 20 1 2 12 55 26 5 32 0 68 0 69 30 15 43 12 30 17 63 24 24 16 0 50 32 6 20 71 40 12 0 0 54 25 3 0 5 41 8 0 28 35 0 2 8 30 0 68 12 28 0 14 0 51 55 72 0 90 32 62 45 54 68 8 0 0 0 0 10 45 33 0 0 1 28 32 35 74 52 4 54 0 42 38 15 23 81 72 10 0 20 30 40 27 58 160 18 0 84 54 5 98 53 12 40 41 30 104 0 39 63 62 0 4 48 28 6 20 54 119 14 0 14 8 90 24 1 0 24 98 61 39 52 15 4 11 18 116 48 38 33 18
103 69 99 71 76 240 12 56 31 42 0 4 185 211 0 0 135 16 8 74 72 81 136 49 91 0 152 117 90 14 78 67 119 67 63 68 50 40 195 74 95 0 18 103 67 72 72 154 17 3 62 54 207 18 158 0 57 114 85 81 6 176 87 0 22 30 28 109 59 116 16 18 135 75 34 42 0 26 25 79 62 84 133 68 136 49 6 80 56 72 27 42 45 12 52 81 115 57 81 15 151 69 48 28 12 21 42 101 0 14 48 25 106 46 54 113 12 180 0 84 69 0 24 71 91 60 84 41 56 97 108 60 18 87 111 16 88 10 94 72 261 166 99 60 12 0 19 144 60 189 8 0 30 27 21 32 8 96 32 64 58 27 99 233 94 0 120 135 138 70 37 30 94 0 18 130 223 79 117 81 167 56 36 99 42 27 65 57 114 72 93 118 0 42 38 81 75 35 169 201 80 0 16 105 27 79 135 4 71 60 10 54 78 117 10 72 58 66 23 32 106 21 54 8 93 31 12 67 40 64 108 48 116 106 14 141 0 180 75 0 56 32 55 16 0 24 42 44 138 115 88 151 23 42 159 86
31 63 0 30 16 16 15 10 0 59 10 24 64 14 0 0 6 42 118 33 36 0 0 55 32 40 71 44 45 36 36 107 72 8 12 16 50 29 20 63 58 61 81 54 103 89 12 27 12 42 83 32 66 0 28 0 0 66 0 73 0 46 29 0 91 0 84 4 52 89 0 12 63 33 85 14 30 15 40 32 94 40 0 0 73 20 32 86 70 28 28 15 48 40 54 0 50 0 63 84 144 101 18 24 44 8 127 36 47 45 80 18 147 28 55 54 201 10 77 22 26 24 27 0 0 37 52 56 38 70 15 82 0 35 56 109 0 30 32 136 36 51 102 69 20 36 98 15 58 26 53 91 30 87 0 108 42 10 28 124 97 43 20 18 126 56 57 92 0 42 0 36 20 12 63 48 52 121 84 92 35 0 86 50 63 0 74 62 63 36 21 35 49 54 28 133 0 36 58 32 41 104 6 93 39 0 23 37 27 8 48 46 52 0 25 0 106 0 72 36 19 116 93 56 11 6 10 87 39 0 40 71 54 0 0 111 56 0 35 5 12 58 79 16 72 121 14 76 51 28 123 61 26 59 23 24
20 76 114 36 54 0 9 16 72 40 6 27 24 117 84 40 36 58 42 75 85 74 95 72 81 6 3 51 68 25 9 19 20 18 24 15 44 30 72 123 6 15 122 33 48 24 40 20 36 82 27 21 0 18 64 129 92 45 119 43 37 20 17 45 33 105 48 39 40 43 15 63 24 46 90 20 15 15 70 27 124 40 0 45 53 74 102 39 16 21 41 68 12 16 44 74 15 56 20 48 9 0 84 27 3 0 38 33 59 10 84 20 24 46 9 18 115 71 24 32 43 32 0 103 36 8 41 65 40 27 4 0 121 80 11 12 27 97 56 71 5 115 102 0 54 18 34 4 144 20 56 76 69 20 36 165 24 36 24 87 0 0 0 26 27 96 36 54 102 40 77 71 87 24 129 93 33 0 64 25 57 38 6 63 53 19 35 123 19 69 18 52 0 61 78 188 148 56 65 116 18 77 82 0 0 47 7 24 12 110 83 25 65 60 13 124 0 15 69 30 54 50 82 51 40 18 26 19 27 16 86 31 56 18 63 0 36 4 133 0 56 134 33 13 28 36 28 4 109 42 36 133 18 8 75 0
0 35 0 120 59 77 0 154 49 12 35 74 15 105 36 14 14 0 78 33 36 45 43 0 39 48 39 143 160 46 36 9 0 100 9 0 0 40 0 46 36 89 166 139 20 40 95 28 6 30 56 40 72 9 156 32 1 52 116 73 60 65 44 8 39 0 96 0 20 70 0 122 56 103 89 0 5 42 0 50 0 72 43 2 113 125 24 27 91 61 122 29 140 10 36 36 9 0 92 118 110 0 68 30 21 7 83 10 4 63 107 32 94 56 105 37 91 19 16 91 30 49 26 0 25 7 88 0 0 49 74 77 127 0 44 46 0 5 159 0 33 18 28 34 20 79 46 36 0 62 0 47 20 21 116 0 36 0 0 94 108 142 0 133 235 0 75 3 0 169 42 164 82 127 40 81 100 0 0 133 0 0 38 8 90 40 40 71 60 27 50 32 40 29 45 62 119 28 0 132 60 24 0 36 70 63 36 31 150 48 59 3 32 49 42 27 64 31 80 47 0 32 112 0 204 127 28 1 122 89 49 42 66 49 18 28 145 0 84 1 0 48 20 60 89 63 10 0 100 10 56 69 154 54 86 0
76 109 24 0 84 124 28 134 154 0 68 27 14 176 17 33 31 0 18 25 107 124 119 81 66 0 139 90 138 10 56 8 143 38 6 27 17 56 155 70 60 105 8 58 42 0 45 24 26 0 84 16 86 118 92 0 54 173 75 0 34 152 132 129 0 98 10 66 44 18 26 0 0 22 93 102 18 56 4 84 128 36 24 54 43 73 56 160 126 0 97 87 128 167 74 81 29 48 168 49 64 31 75 20 175 43 133 36 0 0 97 29 0 51 42 35 111 127 90 63 42 21 34 8 150 134 111 120 0 34 30 48 105 50 55 24 44 0 132 114 48 238 99 49 38 55 24 39 148 102 47 40 51 87 147 67 18 128 32 99 0 127 62 59 93 10 58 41 121 165 86 63 42 145 84 131 184 40 109 0 11 70 54 88 157 49 63 9 44 104 95 84 0 18 103 70 36 15 116 104 62 48 75 148 74 135 116 112 56 68 48 14 0 89 58 44 78 40 60 84 36 46 114 36 213 129 86 26 97 4 32 16 108 100 56 93 182 81 104 120 56 104 121 116 95 100 14 0 159 48 68 176 113 15 149 96
32 43 12 19 57 26 16 28 0 110 0 15 208 0 0 0 0 88 118 107 111 0 67 109 39 38 54 48 71 32 18 49 184 56 0 155 31 0 101 51 47 95 35 42 188 64 132 42 0 112 31 117 201 173 0 38 54 20 40 76 57 137 153 113 115 98 0 108 104 0 0 24 23 30 50 49 6 18 18 63 64 32 80 35 83 4 58 7 69 77 9 82 111 68 42 42 127 54 220 20 54 6 114 97 106 25 39 0 76 25 134 70 120 49 9 137 116 81 14 13 15 86 55 18 0 41 47 47 89 94 4 24 57 20 14 93 18 82 43 89 136 10 63 138 21 71 91 67 64 73 22 78 8 105 37 9 36 58 28 40 155 0 38 27 109 0 82 50 35 36 178 24 147 106 120 66 110 67 12 11 70 197 76 35 82 8 99 0 111 24 175 87 24 36 99 51 18 179 12 82 23 63 95 51 77 48 22 22 17 81 183 72 99 37 0 21 49 36 81 48 173 14 75 92 41 51 6 36 19 47 70 88 56 12 50 96 42 64 24 11 18 50 78 78 68 109 3 35 35 42 45 125 0 60 159 60
63 64 93 0 10 76 0 40 161 51 45 18 7 208 0 127 25 23 58 36 16 36 112 108 95 99 0 60 113 44 38 8 0 3 0 24 44 98 112 189 10 81 8 137 71 0 36 113 41 32 12 51 110 58 54 70 96 27 66 28 107 151 93 4 28 118 0 45 39 49 20 0 3 55 32 0 12 65 12 48 127 128 72 75 75 60 0 237 19 0 16 35 0 52 24 96 12 4 10 0 81 24 158 48 103 88 40 36 49 0 16 10 62 4 91 83 60 74 4 188 0 0 37 1 32 63 19 30 157 69 74 36 90 24 76 52 0 0 15 14 70 70 60 105 0 38 133 9 139 27 148 0 150 38 28 116 0 37 103 72 53 15 64 79 79 0 4 70 128 52 9 52 148 112 48 46 8 65 12 72 113 63 28 14 83 0 89 5 94 0 4 143 0 48 139 58 16 8 0 9 8 42 50 0 0 60 10 105 153 56 72 12 52 45 0 48 109 83 71 8 97 101 63 6 106 73 71 32 85 7 88 35 14 152 45 121 67 144 130 130 36 9 34 206 47 20 9 8 102 48 58 162 7 28 39 63
100 108 0 50 77 82 62 47 0 77 25 153 98 0 32 20 37 73 52 69 0 0 104 42 173 0 32 114 136 22 92 38 80 0 35 40 84 99 30 12 72 131 66 57 54 67 15 54 43 0 6 158 191 23 201 184 12 111 178 30 0 40 106 126 16 62 53 109 130 148 96 18 52 8 78 36 0 51 187 56 0 120 24 0 184 127 36 98 124 76 34 128 5 56 81 49 38 54 67 49 81 63 89 74 0 32 84 103 0 24 55 31 97 59 84 122 203 0 0 58 48 15 70 56 49 62 46 93 33 117 22 147 106 65 63 18 206 60 97 113 16 87 64 96 19 147 49 52 77 93 77 136 79 91 41 0 74 32 76 12 118 67 44 51 87 26 164 241 35 38 139 92 86 38 105 110 96 104 113 81 254 0 104 5 36 20 102 10 81 123 0 70 25 84 40 175 159 156 113 89 10 44 8 179 30 70 123 91 30 8 0 12 118 28 72 71 77 13 147 81 0 146 21 88 12 56 30 16 36 33 135 204 126 66 80 0 85 21 40 22 56 185 106 37 19 135 83 20 10 209 40 89 77 12 256 95
48 278 21 60 15 214 207 54 18 51 57 40 8 8 55 18 94 83 149 120 73 15 92 38 78 16 59 21 103 109 74 8 72 75 0 7 18 140 32 89 130 237 50 39 36 0 54 147 40 69 78 40 150 68 45 0 151 108 100 71 57 62 16 71 166 66 45 0 153 97 15 63 33 141 84 146 6 39 95 135 210 12 30 122 69 76 133 79 58 78 79 154 23 108 75 27 185 64 105 109 53 141 6 86 113 77 93 121 71 56 16 83 96 45 120 170 0 159 129 29 0 10 77 4 102 59 114 12 21 93 91 28 51 56 76 47 4 144 131 129 114 221 152 14 21 6 80 138 173 91 16 25 37 193 36 214 78 12 52 101 8 77 46 36 214 66 54 126 93 120 35 34 47 66 102 23 116 137 56 56 44 0 25 32 59 32 76 152 132 85 48 43 63 17 14 62 23 28 157 150 27 20 177 173 41 36 43 0 161 25 6 59 14 16 137 187 81 18 72 132 56 120 23 100 100 165 208 21 64 27 144 47 110 41 0 98 106 95 101 13 44 27 346 72 202 52 78 0 167 27 107 26 9 106 137 188
70 129 35 54 112 95 117 97 88 123 57 14 14 78 133 52 24 55 69 0 85 70 48 59 44 21 48 86 92 0 175 138 83 86 80 0 0 72 146 142 24 89 89 16 73 9 15 0 113 54 0 116 36 64 42 29 10 111 123 131 68 18 74 178 218 39 21 61 64 0 42 161 40 24 94 47 0 18 24 95 24 48 28 88 79 91 25 60 87 52 42 12 91 90 37 73 20 3 40 30 4 210 5 17 97 68 0 99 63 78 100 67 40 81 201 54 8 151 124 70 96 72 133 56 112 33 63 40 114 114 36 117 8 7 118 42 53 89 65 139 15 88 71 47 73 9 82 108 78 118 28 40 27 108 0 149 58 56 48 132 10 109 85 178 75 16 69 69 32 196 25 79 0 18 0 6 20 44 0 66 42 21 154 64 54 0 129 168 148 18 28 64 126 0 78 98 141 65 40 3 59 36 35 85 86 98 110 91 62 32 16 0 30 30 104 81 34 128 92 20 36 15 47 44 168 53 59 97 159 12 80 12 76 179 0 62 60 10 113 12 18 32 123 65 74 0 85 47 201 134 58 72 36 72 193 134
118 105 26 21 64 92 127 25 163 3 91 88 157 0 86 55 64 13 40 30 8 48 67 19 28 90 30 74 19 84 24 8 0 52 18 70 21 4 98 0 38 141 144 74 120 137 30 36 58 82 114 28 54 4 78 163 57 65 48 42 8 122 0 82 35 90 12 125 126 117 42 16 47 120 82 48 0 145 15 153 41 56 45 89 164 66 32 60 0 85 3 89 84 107 136 15 89 49 33 113 181 54 75 109 60 40 85 0 24 30 37 27 28 28 77 91 90 90 54 91 56 85 84 50 60 96 70 189 49 49 67 122 98 54 54 30 100 107 143 28 26 107 15 111 30 81 48 109 100 53 15 139 42 32 63 110 0 93 56 110 16 42 71 73 90 9 213 55 77 98 42 176 57 84 55 123 30 62 9 127 168 2 28 24 59 0 107 30 30 146 32 117 76 35 62 119 102 71 21 53 0 117 42 120 42 61 118 64 39 106 72 18 119 58 0 24 105 78 104 12 42 0 138 0 36 39 106 30 0 8 73 157 31 122 78 0 194 19 80 164 96 90 34 128 164 106 12 7 103 13 40 143 115 31 74 30
0 88 12 52 74 24 0 0 8 49 18 27 54 17 12 0 39 15 0 40 54 25 59 18 76 114 15 27 20 47 45 87 5 12 57 84 18 155 40 4 157 74 52 75 70 0 20 144 72 49 20 48 173 75 80 40 112 41 122 32 70 131 24 0 28 111 40 48 10 17 32 12 46 30 62 2 63 77 6 0 56 30 6 113 50 45 24 18 0 0 0 32 35 47 78 63 54 45 35 20 72 0 93 9 47 113 0 70 114 14 53 38 71 90 0 0 68 146 59 67 0 12 30 83 16 121 63 80 60 48 21 0 40 42 15 90 16 26 5 64 34 61 61 97 59 0 112 40 179 123 63 0 48 0 93 86 104 18 0 52 65 64 47 5 24 36 15 16 8 0 69 64 24 58 143 72 62 5 18 56 0 0 0 21 0 112 6 28 40 0 81 228 48 6 0 88 59 77 48 121 0 103 8 190 7 16 87 0 81 73 3 0 75 35 3 52 120 149 56 112 161 76 44 0 36 2 72 63 42 27 104 30 100 88 127 0 8 107 3 105 33 83 83 11 15 5 22 0 0 42 0 60 54 90 28 18
47 22 118 40 18 28 63 0 0 100 54 64 35 42 69 74 46 28 54 34 18 65 54 0 149 156 92 0 28 38 76 104 105 68 30 20 0 8 89 8 4 95 25 29 84 14 16 46 14 18 132 66 21 66 8 126 123 66 30 59 36 12 56 20 44 88 54 0 18 44 0 44 81 60 58 4 0 55 117 36 95 54 19 0 48 65 134 67 59 31 66 33 0 0 133 0 53 45 141 40 72 14 80 37 0 50 30 4 61 14 9 63 28 2 44 18 233 49 18 0 0 0 41 0 44 19 32 167 142 16 40 56 76 25 0 0 0 54 45 126 28 168 0 116 45 176 50 59 10 28 113 0 69 0 23 59 0 0 0 45 186 48 0 57 12 125 32 106 35 84 48 64 58 69 137 186 68 62 52 110 97 47 51 0 27 18 66 43 152 120 31 21 30 65 0 103 67 51 53 23 102 114 78 143 62 20 0 68 62 84 29 32 76 0 46 36 86 31 63 54 92 18 38 14 102 8 4 111 30 35 112 84 76 21 56 87 119 0 48 9 56 77 15 0 84 72 45 42 23 73 40 56 75 63 18 102
114 107 14 1 24 93 0 45 154 20 59 7 96 53 36 42 29 26 124 9 0 14 81 140 58 21 5 32 0 15 24 67 18 16 42 24 30 10 125 85 24 3 10 47 89 3 48 0 85 72 49 53 32 109 24 8 63 106 51 61 48 7 89 117 54 115 66 114 9 60 0 33 44 57 41 65 70 119 31 91 58 10 60 69 43 42 19 47 100 18 0 105 145 58 24 36 29 64 11 60 28 57 28 0 3 32 12 0 0 30 63 36 24 15 79 37 99 172 36 35 66 45 32 45 21 70 25 131 53 0 15 115 105 0 0 20 45 18 93 88 58 113 120 123 78 0 39 18 172 69 45 42 32 8 136 47 0 51 40 73 32 0 36 32 81 6 0 44 171 77 68 50 51 56 52 0 0 52 0 31 8 89 47 16 138 18 36 11 80 0 144 56 34 18 126 24 87 29 24 105 28 110 159 17 57 75 9 64 103 50 122 30 21 150 3 72 63 36 0 54 24 71 9 97 73 5 56 64 25 28 63 0 33 71 32 6 141 18 18 143 10 0 40 167 104 46 65 32 45 42 32 139 42 24 24 40
0 69 63 58 115 77 38 66 2 0 50 116 108 26 74 21 24 16 71 45 48 55 0 8 242 173 7 0 146 82 72 42 0 10 11 44 91 91 134 21 70 52 95 23 96 46 106 85 10 47 0 7 56 54 90 93 51 42 34 39 35 155 47 0 74 50 56 48 44 127 3 45 25 15 76 18 42 83 5 72 83 62 19 2 113 10 4 2 101 59 21 102 53 58 41 46 4 88 22 31 65 51 60 37 10 38 67 38 6 57 62 64 72 66 44 0 70 161 48 10 72 18 133 182 16 56 78 43 56 112 59 111 9 27 49 63 160 93 21 78 82 58 57 48 6 32 118 10 49 44 79 38 41 53 33 140 78 4 6 146 10 76 0 84 102 99 117 146 112 150 77 28 68 4 101 111 9 58 6 45 138 59 53 0 68 27 99 64 223 14 51 120 27 42 18 55 71 159 0 128 96 73 61 123 53 54 55 153 159 102 18 18 24 54 20 15 99 18 93 10 94 173 52 0 44 108 103 53 140 35 95 56 62 6 20 105 100 16 18 0 7 40 2 77 16 109 81 80 48 75 49 155 43 10 80 45
75 94 68 78 63 99 30 44 33 56 91 0 0 96 0 22 8 32 8 18 67 60 14 84 88 21 87 21 14 16 0 10 21 27 0 26 0 72 24 38 0 16 24 64 27 79 78 24 0 49 0 22 16 18 46 0 10 65 116 45 64 32 92 10 53 88 111 46 4 3 92 66 54 29 36 35 0 9 61 74 48 80 0 47 40 24 0 103 40 42 76 60 32 0 21 0 25 1 40 20 30 66 91 20 16 68 27 30 8 21 12 14 40 25 24 22 42 43 22 39 0 30 10 88 5 18 84 128 101 31 9 13 34 0 9 45 48 7 15 120 32 6 0 16 16 70 47 54 12 22 18 6 84 21 0 93 56 10 14 61 64 5 39 64 18 4 43 47 30 63 53 14 0 21 0 69 54 33 64 8 83 0 42 0 56 14 65 45 96 8 74 81 0 54 48 7 7 0 37 0 54 15 96 12 103 57 51 54 10 0 91 52 61 0 19 94 42 3 50 10 66 7 17 10 59 109 92 68 16 27 20 57 54 63 0 41 0 4 0 10 72 0 32 28 28 32 15 8 39 81 4 35 78 56 73 22
52 105 7 36 39 79 91 54 100 66 83 30 59 45 9 90 51 8 69 6 0 61 52 0 107 27 98 42 96 59 205 135 68 116 93 63 88 88 45 156 12 77 8 127 119 52 54 99 34 91 0 102 54 21 107 26 85 49 96 126 78 16 24 24 139 45 20 45 42 4 0 56 68 137 129 88 59 57 79 142 13 84 54 50 48 73 18 24 40 66 48 84 49 8 100 174 47 50 87 51 38 177 47 74 45 116 25 61 64 31 0 0 49 73 142 149 130 16 19 91 27 95 120 105 180 115 106 157 84 5 34 70 54 3 63 9 36 65 202 27 0 144 72 108 26 220 14 17 12 130 4 6 79 125 72 9 90 24 38 51 96 52 68 55 185 7 94 102 137 154 103 76 84 125 155 166 193 70 86 0 94 15 86 0 194 0 114 15 43 76 83 54 72 6 92 46 89 86 81 56 55 27 47 88 82 95 175 0 136 24 27 0 82 82 64 108 0 91 69 0 147 0 98 40 84 153 56 87 48 8 120 120 119 75 8 199 95 126 48 68 105 104 87 72 72 80 145 75 74 48 8 33 95 96 269 142
57 42 60 67 15 154 72 30 32 72 20 44 66 21 105 86 44 62 60 30 0 170 57 96 151 103 36 1 18 40 30 79 32 9 21 112 64 173 56 96 118 115 51 172 95 94 27 70 80 36 16 52 126 56 96 117 63 49 70 0 44 120 15 80 69 54 75 88 27 16 95 14 32 137 96 36 73 18 66 203 147 186 23 130 200 24 82 138 69 32 90 12 36 83 183 45 57 31 0 8 75 92 18 64 126 68 18 55 60 86 62 88 40 34 78 99 39 156 16 101 27 156 35 0 113 160 85 54 117 120 78 119 38 24 40 18 0 125 136 30 39 131 53 186 30 80 106 48 22 53 93 0 100 121 24 61 0 118 52 94 52 76 101 163 196 28 43 145 56 49 47 123 56 64 36 88 33 57 96 92 157 86 88 0 94 32 46 0 138 91 35 157 126 47 59 85 16 21 42 102 0 135 74 171 78 92 35 18 145 24 55 138 33 26 5 119 136 59 19 38 103 109 51 140 3 62 121 81 41 0 116 36 81 109 5 69 35 119 75 108 60 24 108 49 175 59 131 17 6 50 27 76 41 0 67 96
89 36 138 24 36 172 54 4 110 4 20 20 79 22 118 28 29 0 27 60 24 117 38 37 155 14 0 28 122 9 171 36 21 27 73 0 14 95 26 85 12 82 84 24 77 43 12 66 22 81 4 95 28 54 23 36 93 42 113 13 114 9 24 30 98 109 39 42 51 96 82 6 51 62 112 0 27 10 145 7 39 42 12 117 52 45 4 3 35 62 68 163 69 55 116 84 36 22 74 38 36 110 8 48 56 0 64 39 42 18 42 94 67 49 150 52 74 42 26 19 57 18 51 107 66 60 83 119 88 0 113 19 99 36 63 27 42 102 69 6 86 33 101 146 20 115 56 0 81 59 57 28 205 63 63 53 55 0 16 45 78 3 83 128 18 96 0 122 139 158 28 76 103 147 54 54 32 55 12 76 95 35 184 72 106 3 116 40 30 130 15 42 21 111 59 42 74 16 52 54 14 57 113 45 52 100 81 14 162 59 21 126 54 149 10 27 21 128 99 21 12 62 39 30 21 0 168 74 53 23 80 96 183 99 78 10 124 3 37 137 5 108 53 68 96 41 53 0 0 105 82 12 46 16 92 84
67 5 28 108 26 100 0 40 24 0 64 23 22 0 23 90 14 19 40 24 54 0 0 8 103 58 49 0 16 7 12 60 22 6 38 25 9 15 52 41 24 8 0 78 128 16 75 24 56 99 65 22 27 11 59 0 86 48 169 144 134 20 86 77 69 35 0 0 26 2 10 15 0 50 29 4 0 54 24 38 55 104 33 99 54 25 71 18 42 5 51 41 49 25 21 123 8 30 30 59 27 34 18 24 35 61 45 20 0 14 18 64 43 104 54 54 0 15 4 18 72 151 64 49 117 61 85 182 53 4 6 0 70 52 16 25 6 87 12 116 27 87 0 172 22 63 112 2 24 145 142 0 6 81 60 23 17 74 89 24 42 9 8 9 85 83 44 48 24 64 0 9 114 15 0 21 52 2 85 82 47 97 102 45 105 15 32 11 0 0 21 63 56 72 27 143 0 71 45 59 43 99 0 17 51 62 17 0 8 0 0 50 19 0 23 9 48 87 69 28 39 26 21 97 0 16 52 16 68 0 21 6 54 73 34 87 102 40 21 45 135 24 8 12 75 147 36 24 29 90 56 114 30 80 127 72
95 201 93 60 23 121 64 0 25 7 4 34 73 30 82 11 54 23 84 66 45 71 55 3 170 36 120 0 126 18 111 135 8 82 74 9 32 116 5 63 95 118 40 48 48 0 28 157 1 61 98 38 6 78 47 95 129 93 83 12 70 0 45 121 89 72 66 75 208 70 197 96 8 87 80 55 31 0 41 0 0 97 85 112 193 63 36 8 54 0 26 24 0 25 33 77 93 0 8 1 120 13 6 76 89 158 52 92 0 121 18 46 105 37 76 13 92 54 7 109 14 91 8 50 28 45 216 215 15 145 31 98 40 113 116 35 63 37 76 0 114 77 0 100 34 75 118 42 56 155 25 39 45 80 120 35 0 27 0 6 80 41 30 168 99 77 9 39 36 131 65 31 168 125 0 75 93 0 40 5 79 94 40 26 71 0 8 53 54 57 51 158 89 2 50 60 6 98 89 98 54 129 188 41 113 0 74 10 144 54 0 49 83 69 36 20 48 132 107 1 12 63 49 24 50 74 14 42 75 73 12 136 56 9 85 100 73 65 101 56 139 113 64 82 141 131 24 64 49 56 60 54 63 0 5 28
0 60 85 78 114 137 84 105 35 130 69 68 145 0 79 47 21 16 10 10 155 35 20 105 81 29 23 102 174 6 24 15 80 35 18 8 30 120 80 25 22 92 94 87 32 27 63 96 7 92 65 33 84 120 157 128 90 35 135 43 88 58 58 74 1 52 6 62 108 33 34 134 48 4 55 0 43 42 65 48 148 241 8 67 160 63 112 98 26 7 53 67 89 79 42 98 54 3 269 50 48 143 78 45 47 65 80 46 166 30 53 108 81 121 58 132 54 125 48 101 74 49 171 101 112 35 109 38 71 57 58 35 116 0 41 98 10 25 70 53 121 95 169 137 10 101 83 5 59 127 104 24 35 69 72 151 12 5 63 122 26 63 8 106 40 25 130 100 57 166 149 189 19 54 34 82 143 94 12 79 172 1 74 40 83 83 21 82 185 78 26 41 0 44 47 168 36 187 19 22 54 26 41 84 36 32 75 52 38 120 54 87 29 54 0 117 161 184 117 8 75 95 40 46 171 238 58 81 116 77 63 50 114 130 37 48 116 9 79 8 30 101 32 134 81 80 63 60 87 116 34 103 87 16 155 42
0 76 0 77 70 125 6 45 49 73 35 33 36 52 10 3 21 13 14 45 0 59 30 33 32 27 66 49 0 4 7 3 54 41 0 10 39 30 61 46 91 54 22 8 63 15 15 126 72 0 0 37 158 72 21 41 35 15 12 146 13 16 0 32 6 0 55 0 50 44 0 59 21 45 40 16 6 115 92 30 31 12 45 32 102 95 50 55 28 33 0 85 6 21 0 8 81 0 28 16 80 0 0 23 0 116 54 133 2 38 70 32 61 53 66 27 8 52 37 168 36 0 26 25 76 45 14 0 124 0 23 56 63 0 0 117 72 47 80 86 86 53 65 0 45 63 21 151 65 0 31 0 15 0 50 105 16 104 5 52 36 28 63 46 70 0 107 29 93 13 70 49 53 56 5 62 160 2 0 0 164 0 0 68 0 6 103 10 43 119 72 119 49 8 0 12 24 71 77 68 0 63 9 20 35 21 16 51 58 89 0 0 56 30 25 49 0 45 49 96 95 29 73 25 37 0 0 45 44 0 114 126 0 72 42 30 0 130 121 78 0 70 8 16 0 6 90 0 24 5 0 165 54 64 125 0
21 47 32 96 18 0 0 18 72 94 0 47 136 18 32 64 0 5 56 51 168 45 16 80 49 21 30 6 76 71 10 0 48 42 15 20 0 0 85 60 52 27 199 8 33 36 61 18 6 96 7 45 18 78 31 68 54 60 42 40 24 24 15 0 83 128 102 21 65 93 0 10 8 42 0 30 15 45 31 2 30 0 21 48 65 10 9 32 12 21 87 27 0 89 121 0 18 25 87 24 6 111 54 76 0 41 48 10 141 12 162 27 27 3 76 0 97 20 51 36 24 48 168 32 41 75 77 60 8 27 14 10 120 67 27 121 24 84 0 0 63 0 0 21 15 42 45 30 104 31 21 64 0 0 14 191 54 0 30 48 36 6 18 50 96 4 81 35 72 32 15 99 56 0 8 73 24 73 64 20 65 66 9 0 0 36 35 17 35 108 29 53 6 42 8 0 66 52 3 12 20 61 71 15 43 30 88 21 39 87 48 96 21 56 28 60 69 9 141 5 41 48 153 30 61 25 48 41 29 24 54 67 70 21 16 24 45 6 18 92 9 0 45 59 0 15 25 18 81 0 86 50 28 0 0 22
14 66 0 0 29 70 0 20 131 62 0 54 121 22 108 109 14 7 81 23 56 56 98 64 96 21 8 43 4 15 0 0 22 56 74 98 48 9 96 28 91 74 88 84 117 3 73 12 6 115 58 71 40 97 88 118 118 78 63 16 24 73 6 70 76 43 0 76 108 183 0 97 42 44 94 104 35 23 83 21 109 56 8 10 72 12 3 72 136 8 0 9 120 72 119 64 58 95 48 8 2 120 40 72 66 91 74 61 81 121 151 66 9 56 121 61 54 80 18 0 58 63 126 93 0 0 168 2 88 9 78 28 4 0 156 81 24 30 78 21 18 39 85 23 32 112 10 95 97 51 94 44 12 0 36 120 0 50 40 0 49 32 78 158 187 8 79 0 43 14 74 140 3 152 71 25 40 20 0 94 140 29 0 32 55 15 40 62 16 114 32 80 157 18 18 63 11 46 71 95 90 6 100 9 31 49 24 58 0 27 107 38 69 115 28 113 80 80 42 10 30 8 124 18 105 60 0 47 97 0 109 89 30 0 194 80 64 96 27 41 20 0 17 40 43 157 68 30 84 67 63 82 70 0 32 0
41 43 35 68 4 153 7 12 108 42 32 22 53 129 36 64 27 64 46 0 120 79 40 28 98 0 104 74 81 84 131 83 112 33 30 78 63 60 28 120 20 153 5 24 85 9 56 124 8 72 30 83 60 42 103 25 80 149 64 141 58 102 26 21 102 72 16 149 18 29 11 12 33 30 110 89 41 56 0 71 66 32 54 45 176 63 32 64 58 127 0 32 111 118 83 152 9 72 73 154 178 38 70 0 117 92 177 99 27 88 80 32 36 108 85 23 85 80 20 16 31 57 37 16 74 74 145 49 46 32 150 2 60 31 155 76 0 93 70 8 72 39 101 94 99 88 87 5 69 48 22 50 73 129 24 135 23 18 0 17 16 53 72 264 49 36 40 42 107 24 69 8 86 36 13 54 117 59 56 80 13 56 14 27 86 9 100 110 65 46 81 125 112 58 48 60 0 4 95 92 32 8 68 57 76 104 145 5 141 7 15 22 70 50 15 35 99 58 32 37 10 124 36 39 34 105 39 66 35 5 71 55 0 60 20 48 75 117 75 110 38 8 44 42 38 57 24 12 48 25 37 49 78 17 175 48
45 14 180 24 0 7 0 30 45 34 22 18 0 78 45 14 32 90 10 64 0 21 52 7 152 55 0 48 143 48 32 35 80 0 81 52 42 117 40 44 0 117 62 112 24 28 99 81 16 81 28 87 27 36 98 0 0 82 48 8 27 4 29 27 62 72 30 0 36 81 56 33 30 203 19 0 0 65 120 56 5 100 0 0 21 63 39 12 0 54 76 61 0 51 107 89 20 23 12 54 42 165 0 119 45 0 48 50 48 70 0 24 81 63 53 0 30 72 16 0 12 35 28 90 79 18 45 35 91 94 68 73 138 56 4 50 0 12 48 38 8 100 153 7 25 85 73 135 40 51 0 48 119 105 22 32 0 0 72 80 49 0 36 84 132 64 30 39 68 33 134 56 27 18 34 4 0 54 8 50 238 28 0 50 132 63 6 28 42 83 67 25 52 56 48 114 0 95 36 129 0 70 80 70 20 69 0 145 67 14 68 4 16 74 70 24 21 0 59 0 20 45 52 59 49 145 217 67 0 0 12 51 147 75 38 100 176 18 133 87 0 36 36 45 58 59 0 0 8 6 18 118 4 19 115 46
56 30 108 3 55 81 30 89 34 52 15 54 114 70 0 91 136 24 0 0 27 153 45 26 58 18 30 129 64 72 18 15 0 112 63 0 0 96 6 136 102 0 63 6 114 32 54 24 7 112 30 28 59 0 30 60 104 0 27 93 81 2 0 130 70 114 12 72 44 46 0 114 95 47 104 0 0 42 18 106 30 92 24 50 99 65 8 7 20 60 98 21 54 137 222 72 79 0 43 24 90 43 41 66 108 162 36 0 66 16 108 18 36 0 27 12 60 111 86 0 36 42 72 32 0 25 222 157 24 63 78 69 42 20 63 37 36 48 8 9 96 118 29 73 0 137 50 141 0 118 63 59 0 81 48 32 35 0 2 8 87 36 68 1 114 24 150 0 64 176 18 15 0 0 28 66 54 49 27 137 54 6 47 56 108 36 42 71 0 32 0 62 69 54 72 126 164 27 20 9 21 19 30 93 12 142 35 70 0 113 7 0 0 64 0 72 0 152 24 4 12 143 102 129 66 24 30 86 33 59 40 101 180 66 48 54 104 0 112 0 0 54 175 0 48 0 44 1 84 80 44 0 13 18 156 40
82 102 30 114 40 77 57 36 218 0 35 2 25 0 80 21 15 15 133 42 0 20 24 116 166 29 56 0 21 6 56 52 80 41 21 7 0 77 35 70 57 28 0 120 89 45 47 44 17 24 0 0 28 27 53 22 107 75 156 27 125 123 2 7 114 126 89 81 39 49 2 35 0 72 64 24 15 130 50 41 82 90 66 25 9 115 5 64 16 78 16 118 45 57 10 0 27 27 105 6 16 42 0 26 25 37 62 112 0 49 0 26 101 32 28 24 140 0 0 4 54 64 48 10 4 51 26 101 13 32 27 28 136 15 80 78 16 79 17 123 32 161 18 178 79 166 130 7 72 2 94 32 91 70 24 61 124 0 4 23 142 9 54 26 21 17 54 113 86 83 59 12 51 98 48 46 28 49 64 72 64 142 172 27 172 0 98 0 114 54 0 70 64 0 116 114 23 33 20 56 70 157 134 4 8 12 35 102 6 42 74 72 96 19 28 54 30 85 72 20 55 21 28 42 6 18 20 148 49 8 65 51 31 144 76 15 204 5 43 48 0 29 36 63 5 95 6 0 37 52 0 93 39 93 88 67
24 15 63 6 13 94 16 77 123 101 20 44 58 103 141 75 18 75 56 167 63 110 14 52 105 0 20 210 86 33 122 26 99 44 64 27 38 24 44 73 63 94 15 89 73 60 32 71 183 133 28 114 0 49 112 28 45 69 128 66 38 1 8 4 101 60 42 74 16 221 84 62 80 77 99 30 100 72 117 48 113 22 22 9 67 88 74 92 155 102 16 137 73 27 101 72 109 42 94 38 164 71 67 56 108 29 36 37 97 91 35 72 20 67 64 2 66 73 3 25 3 4 20 142 70 118 96 162 76 72 76 89 106 0 49 70 64 22 71 102 70 193 133 90 79 36 121 84 118 53 2 77 191 36 56 174 0 30 28 96 85 10 126 101 141 34 0 143 18 108 160 90 133 77 59 24 41 40 12 141 227 24 98 48 83 65 126 68 164 86 139 72 7 18 56 108 55 178 0 110 40 105 126 132 146 49 118 61 161 159 82 107 165 0 59 63 96 4 83 14 68 177 96 147 80 115 56 22 27 0 9 135 78 95 0 34 93 10 8 35 46 4 83 101 81 238 136 47 2 29 52 264 183 32 50 61
18 138 21 0 60 180 70 0 18 0 80 53 57 60 24 54 25 39 0 12 28 7 91 2 33 52 17 25 30 22 1 72 27 44 23 26 16 116 70 35 35 20 6 72 44 8 70 42 15 79 0 46 145 0 80 72 130 38 46 118 9 93 27 53 49 67 98 46 9 85 38 54 0 118 52 7 3 34 100 24 90 9 3 0 37 84 28 55 113 18 27 83 0 140 75 0 53 54 18 65 20 38 38 38 45 27 96 14 28 8 49 47 56 10 59 51 48 53 20 81 54 36 113 56 36 43 54 12 0 25 54 18 14 0 66 16 57 54 111 20 42 98 71 86 49 8 15 34 48 30 81 20 18 0 108 138 88 18 29 30 18 21 20 39 54 54 37 28 36 63 80 4 44 25 12 24 30 53 42 12 100 36 46 57 0 26 68 90 14 31 96 18 41 28 34 116 2 9 0 43 88 20 122 130 9 2 0 20 138 96 30 66 0 12 27 40 106 54 0 22 49 98 93 57 43 36 30 20 0 24 8 126 35 56 81 94 74 140 69 20 60 55 72 77 25 0 80 77 30 0 56 21 18 0 194 21
6 18 0 0 66 21 24 0 36 1 73 10 7 0 2 0 3 16 46 37 0 0 52 17 120 0 0 9 37 25 82 32 16 68 0 46 9 15 21 72 3 28 12 9 57 8 18 0 31 20 19 73 43 14 8 14 2 51 66 54 72 27 25 92 8 5 37 80 53 150 57 21 14 92 72 0 27 0 115 27 106 0 49 11 11 167 108 16 26 18 36 48 76 41 34 8 84 48 6 84 40 0 42 36 18 39 87 22 12 0 14 58 50 18 94 6 45 43 4 30 18 24 4 0 67 0 48 90 21 31 11 48 3 87 87 46 0 35 41 8 4 18 133 5 40 35 2 32 75 0 12 28 45 18 63 0 45 80 101 77 0 5 66 63 43 0 72 0 8 117 72 51 18 72 8 45 0 72 48 108 75 18 26 74 27 0 55 4 0 42 0 88 14 16 24 73 18 101 42 9 0 16 27 8 34 23 0 9 0 100 61 0 0 55 19 39 15 72 85 14 0 0 74 79 58 58 20 35 27 9 113 58 21 16 0 0 32 8 8 48 4 4 2 0 28 12 0 25 6 38 50 74 15 6 29 61
79 127 100 3 46 84 65 60 0 72 30 36 41 147 43 78 22 29 19 48 38 40 55 81 177 64 45 28 49 75 91 131 58 61 37 77 49 25 159 52 97 134 102 53 6 170 12 72 36 84 27 148 104 8 29 51 0 61 84 32 98 30 111 0 52 34 165 37 42 7 18 50 63 2 31 0 0 36 140 28 27 27 0 24 72 95 41 171 96 4 79 2 0 11 84 58 112 28 64 7 124 45 41 14 34 12 0 48 75 22 38 32 72 27 21 6 238 82 32 40 0 115 0 0 62 24 60 52 90 46 50 32 116 86 36 12 43 69 4 76 50 134 0 110 0 69 112 88 99 63 25 0 117 20 102 74 36 73 4 35 168 71 6 59 95 56 73 214 66 57 12 83 36 108 168 68 44 42 16 35 26 6 44 72 67 14 70 60 81 50 49 16 12 12 26 223 135 50 74 73 36 100 31 76 65 57 39 100 53 21 136 65 45 0 41 36 91 39 4 86 21 16 0 51 65 86 90 105 49 7 86 2 108 45 54 63 91 50 88 24 0 60 161 76 0 30 18 12 90 113 0 36 188 99 62 78
104 112 40 107 69 159 97 99 117 18 60 74 73 21 23 32 78 3 81 38 0 72 51 36 0 72 104 8 117 37 6 190 72 64 46 81 0 0 63 68 20 46 4 16 40 272 59 10 0 121 56 44 91 56 91 15 66 81 132 12 39 80 59 34 0 0 9 108 38 14 0 0 9 21 4 32 0 21 96 62 73 16 144 21 51 86 24 0 101 0 40 0 23 34 77 28 80 20 0 132 35 6 92 5 18 10 0 104 37 24 132 120 48 84 62 56 3 0 34 0 0 42 24 38 58 94 164 77 116 39 19 27 138 65 0 42 0 50 56 56 17 84 0 105 18 75 21 104 96 68 15 7 64 31 14 44 32 31 112 0 70 32 10 0 83 48 64 61 64 33 10 30 104 54 25 163 0 94 24 41 47 27 0 4 21 64 97 5 21 6 0 30 115 0 18 105 59 81 84 21 84 27 135 18 8 65 0 104 36 85 57 47 35 40 53 9 111 48 128 43 52 96 4 100 122 42 43 90 59 20 5 56 113 3 60 0 111 0 41 15 96 0 12 0 95 154 82 0 20 97 103 18 12 56 11 123
84 24 0 16 59 78 61 0 34 64 32 0 29 90 54 0 0 0 36 70 16 27 15 39 84 156 124 17 0 6 32 145 137 63 44 47 41 40 104 62 56 96 55 9 6 0 80 70 58 30 40 57 36 63 17 18 85 137 75 12 3 36 0 102 77 32 24 45 46 129 117 165 70 21 22 21 0 27 0 8 75 14 34 32 68 69 97 68 96 14 80 62 108 4 139 30 19 24 72 59 88 39 25 15 59 47 38 56 21 0 79 32 71 38 147 66 80 3 0 61 44 27 0 18 0 34 110 123 120 18 32 76 59 36 24 40 64 98 108 35 127 214 6 57 86 7 15 42 63 19 33 58 0 0 70 44 41 71 0 8 105 51 88 0 66 0 4 14 36 18 55 91 107 101 111 21 56 60 0 0 36 48 28 36 110 119 58 3 78 121 64 74 61 30 45 50 79 56 60 173 12 111 84 40 67 0 196 63 117 32 31 35 92 110 34 24 116 49 0 56 116 32 44 24 52 30 52 153 56 0 14 59 14 0 72 115 20 52 0 100 16 0 5 98 75 153 0 0 55 26 18 92 27 49 38 79
60 222 139 62 145 96 66 84 46 49 77 0 194 14 37 69 24 32 16 107 132 165 0 90 34 12 69 44 107 0 15 87 130 11 49 32 0 78 42 0 48 83 45 38 112 50 42 141 0 30 40 181 242 1 48 60 87 12 48 40 0 48 0 89 54 112 39 99 104 79 33 68 74 95 60 32 25 63 44 23 149 67 29 48 171 14 65 37 45 9 11 122 12 73 49 41 30 48 104 63 62 104 24 38 20 26 62 58 40 128 62 15 24 8 59 102 37 172 26 31 75 148 55 44 34 36 94 24 73 31 80 60 0 6 16 42 0 40 101 176 117 24 128 66 62 51 97 103 88 18 43 62 57 81 38 77 51 30 40 109 79 13 55 98 19 8 68 94 37 175 13 140 0 79 97 95 194 60 100 10 0 60 62 108 41 5 197 26 134 36 28 2 27 188 6 69 16 69 176 12 32 101 7 6 30 105 80 160 2 133 111 37 0 27 144 101 64 72 65 217 8 28 68 48 59 77 124 42 145 14 124 37 18 44 0 16 115 121 87 2 18 113 88 30 24 8 32 58 110 65 62 34 36 62 12 52
105 15 12 20 132 206 66 90 188 175 95 71 80 10 63 2 9 54 90 81 27 4 0 8 39 79 67 49 145 35 66 94 72 115 72 10 48 42 71 48 72 59 59 61 96 0 0 36 87 142 126 97 34 63 7 21 93 16 56 66 3 18 36 16 18 78 0 35 19 57 0 172 151 20 123 63 28 63 3 133 65 26 8 35 31 109 27 62 125 52 52 53 74 24 73 36 69 104 86 24 133 84 16 0 0 10 23 0 74 0 151 100 90 0 54 46 126 118 28 59 2 10 0 101 0 73 139 88 57 21 27 54 123 55 4 15 15 60 109 138 16 167 129 4 36 74 29 31 115 48 24 17 51 3 30 157 24 16 82 155 184 85 0 27 154 63 37 21 44 196 68 153 0 207 194 94 54 28 71 12 81 14 52 28 163 10 109 33 33 8 36 32 18 93 57 134 48 59 76 30 54 163 177 36 165 0 83 125 14 61 162 53 63 60 20 54 79 81 69 62 28 56 79 36 148 259 36 91 99 0 162 105 76 79 81 160 110 48 99 18 25 12 81 150 28 201 42 79 47 45 118 143 174 56 0 25
36 38 62 10 52 53 34 70 15 36 75 44 38 24 63 0 11 40 66 95 36 17 36 0 34 0 22 51 144 27 62 66 71 48 20 14 9 35 54 3 106 176 16 24 24 0 19 13 75 21 28 113 25 6 28 73 14 51 94 151 43 24 51 114 75 24 53 48 153 28 2 130 39 64 4 24 26 35 63 86 62 0 21 113 58 119 77 97 125 112 40 71 39 54 9 24 190 0 48 72 66 82 0 71 119 78 65 16 52 0 59 50 5 27 60 21 0 138 0 64 10 28 44 36 18 196 111 13 67 49 85 80 54 69 55 14 65 5 20 158 4 60 6 33 142 27 5 16 43 78 21 56 0 62 0 75 51 0 5 28 116 99 34 102 63 8 12 0 2 137 127 118 14 135 78 102 26 0 13 4 30 23 80 21 45 32 72 29 27 29 44 34 39 70 30 8 102 6 68 92 68 0 72 32 39 56 70 44 33 66 20 81 42 118 48 6 96 75 0 27 16 24 5 135 48 109 46 60 102 9 81 122 0 12 81 140 27 0 68 89 6 17 161 64 28 45 16 64 117 49 101 82 119 0 125 77
76 85 84 48 8 41 62 50 58 15 25 28 0 87 40 20 38 38 32 35 63 84 0 36 113 21 49 67 0 5 28 106 137 80 82 98 27 2 74 35 0 22 49 71 5 36 16 35 20 18 47 10 95 48 157 16 7 63 69 135 42 100 99 62 198 96 159 36 140 58 72 12 0 125 55 66 0 8 115 129 103 0 24 0 68 37 36 105 78 85 12 6 20 16 99 72 32 20 46 65 77 83 66 86 32 32 24 53 18 148 8 79 147 105 59 46 36 110 51 72 125 122 14 72 12 11 121 149 57 73 64 74 145 25 39 115 16 101 35 111 0 6 5 81 168 107 44 64 114 5 0 54 121 79 14 91 40 103 61 101 0 55 63 175 47 103 7 32 53 77 28 63 121 16 0 61 55 33 52 58 39 34 22 9 0 14 39 25 35 0 144 21 97 62 0 45 11 2 106 129 10 0 179 58 152 49 49 157 16 0 123 34 59 36 15 0 45 2 75 68 2 0 39 10 64 14 30 65 0 27 107 42 30 6 51 40 25 99 8 18 56 72 143 47 0 25 81 0 50 91 34 37 82 0 55 20
36 97 36 0 36 0 12 116 38 21 4 2 96 8 72 24 0 32 82 44 45 62 0 75 71 30 36 15 54 64 74 6 4 33 0 106 12 131 4 0 117 32 7 16 122 46 8 50 27 0 25 8 36 0 32 30 10 38 84 39 18 170 63 0 126 0 12 66 10 36 34 29 7 52 0 80 0 62 74 0 86 0 16 72 145 119 204 0 35 27 18 99 33 36 46 0 0 0 12 19 107 0 0 0 42 16 48 0 2 12 0 0 28 50 123 73 40 96 0 27 36 0 6 0 0 4 68 28 0 84 134 12 49 56 6 35 36 100 28 40 56 90 14 71 0 24 54 54 55 12 63 100 97 19 26 20 2 36 35 24 57 12 56 53 60 46 84 112 0 0 129 72 75 0 153 73 44 32 64 81 20 40 68 8 60 0 100 6 126 63 77 108 10 74 0 66 6 66 106 117 28 75 16 73 6 16 120 32 27 42 46 17 78 68 40 87 49 54 38 80 88 9 30 110 93 133 74 30 40 16 44 6 30 50 0 36 78 14 58 9 42 68 0 130 64 38 0 40 0 0 20 95 47 20 42 39
99 134 130 127 56 12 142 36 39 63 62 27 115 48 94 63 108 20 41 92 127 133 44 44 170 36 9 142 126 82 52 165 72 160 22 63 29 47 78 71 71 39 9 33 83 71 69 127 81 32 0 108 148 4 112 15 17 140 0 75 0 63 61 0 50 144 147 123 82 51 25 114 18 143 53 65 0 99 117 54 138 0 12 124 18 118 92 24 4 21 50 90 43 184 20 33 60 33 91 2 117 14 42 40 66 4 58 9 26 8 28 99 5 99 69 45 94 121 15 26 160 62 99 54 8 52 122 182 94 68 52 63 196 16 32 16 8 101 8 37 86 126 135 59 123 16 112 54 191 186 32 135 114 137 58 176 136 121 92 58 6 36 0 26 66 30 63 186 24 41 72 143 189 0 76 66 36 97 97 48 114 44 124 57 40 15 56 16 91 50 165 72 138 28 16 122 120 197 47 57 116 129 229 12 7 132 38 0 115 114 124 42 160 66 72 248 35 96 99 24 95 62 191 9 64 84 44 84 73 25 102 100 160 141 78 16 98 0 22 0 2 0 20 72 4 40 67 40 9 27 134 99 24 46 124 157
90 0 40 134 5 81 0 40 162 48 2 76 45 42 35 124 57 64 24 16 5 30 10 40 56 82 80 117 70 33 120 57 0 38 0 45 80 30 10 36 0 156 80 158 81 0 36 54 25 70 124 55 149 0 25 106 107 6 41 40 80 62 84 40 9 0 0 10 48 81 48 48 89 29 127 32 17 113 56 64 81 110 32 79 8 38 98 109 179 25 98 78 9 36 99 128 77 61 66 72 41 69 59 56 0 0 97 122 36 54 56 147 31 63 15 30 15 71 72 104 97 64 126 83 99 19 51 35 142 72 9 127 198 84 16 0 15 2 5 72 56 125 57 71 14 156 123 91 145 21 94 10 38 102 28 77 41 0 74 64 21 112 52 159 158 30 78 26 104 26 52 30 46 89 43 24 54 0 99 25 88 181 12 46 78 0 42 28 0 36 9 53 67 30 113 86 35 0 131 111 61 99 20 59 35 0 151 72 3 42 36 37 68 35 0 77 38 49 34 8 78 73 96 56 6 93 64 38 10 35 139 32 47 118 45 104 113 121 78 80 24 60 0 77 129 178 56 0 36 76 53 263 34 32 82 0
8 78 24 0 51 93 21 48 142 84 40 103 0 86 12 64 0 18 98 0 0 154 60 0 108 36 3 0 26 119 15 7 6 110 4 25 32 3 78 30 14 45 95 20 35 83 72 32 12 40 16 102 78 27 6 78 10 92 27 12 18 172 0 41 24 72 50 48 69 19 10 10 102 18 64 66 0 14 73 82 1 34 0 78 153 25 15 15 9 20 16 32 93 0 86 0 0 38 0 27 109 32 0 3 100 94 45 28 21 72 120 16 0 5 219 63 9 8 113 24 4 0 72 16 99 40 77 94 56 20 92 0 117 45 72 10 0 132 99 5 54 9 0 24 30 203 35 21 97 16 28 9 0 0 0 113 26 69 0 0 89 64 40 108 53 68 10 90 30 12 52 61 95 107 79 21 88 24 0 118 23 18 7 45 84 0 95 8 120 112 0 101 75 44 0 55 30 71 39 34 36 44 122 114 31 141 126 27 21 101 0 126 35 54 6 0 78 28 0 18 18 105 63 27 67 135 170 7 0 0 7 86 18 18 116 9 51 0 22 167 0 120 85 0 44 63 28 28 10 66 28 0 17 7 14 41
71 60 10 9 77 134 0 43 47 42 47 92 116 64 73 18 45 53 131 129 6 67 85 116 96 18 72 66 108 43 151 87 48 48 83 80 31 129 57 101 2 80 68 48 78 3 40 94 28 210 44 0 91 24 32 143 28 66 169 27 46 96 87 16 31 50 10 49 121 59 14 96 137 97 43 0 20 64 52 0 54 96 21 128 56 76 60 55 100 19 16 110 135 73 25 141 77 0 77 122 39 30 268 135 20 123 25 88 211 9 72 24 52 159 51 20 125 80 61 33 125 81 112 54 135 3 65 63 131 95 29 62 47 132 54 47 80 56 18 8 63 116 0 160 60 116 66 49 203 207 44 32 98 6 8 203 60 38 0 104 113 66 61 159 139 81 130 65 84 70 27 9 72 24 63 93 121 41 116 75 164 11 109 124 19 50 51 94 63 74 80 70 16 8 122 90 55 96 81 45 56 69 35 17 58 0 144 34 1 52 49 79 24 44 44 55 121 62 98 18 59 0 28 86 55 72 95 97 53 56 63 59 168 199 97 27 83 130 82 10 27 24 145 118 85 124 65 45 54 77 47 59 75 8 117 30
0 43 93 52 6 126 106 45 34 11 0 80 192 98 53 108 96 76 34 70 150 35 179 20 187 6 59 131 92 105 92 86 24 59 100 119 25 63 78 99 191 129 86 33 61 0 92 92 49 0 100 60 98 32 61 117 24 48 140 122 12 302 72 40 82 52 69 58 132 91 15 75 86 96 92 38 15 47 206 115 107 11 57 57 108 144 10 2 97 60 20 19 111 131 139 64 125 16 103 6 90 0 98 97 52 104 49 113 3 57 35 76 52 21 110 47 125 186 24 40 60 92 163 32 82 118 112 125 35 87 107 21 45 63 67 25 0 69 8 57 65 163 39 156 28 115 150 130 128 114 55 65 87 64 63 50 157 60 42 27 90 116 104 65 110 21 170 110 57 45 18 111 30 95 76 147 141 36 32 84 176 32 124 55 107 44 114 79 77 104 8 131 10 20 107 77 69 137 97 220 125 101 66 180 24 0 104 55 98 56 44 9 12 12 59 65 54 60 67 8 122 63 28 110 94 66 20 84 159 41 170 88 101 0 115 12 63 74 129 39 57 0 181 36 41 36 120 24 105 121 86 64 116 75 128 164
74 70 35 16 160 55 102 0 6 62 42 29 164 6 50 20 30 87 100 118 45 15 142 38 97 99 57 10 48 51 18 229 41 76 168 0 18 24 33 45 24 8 48 146 67 0 0 133 24 59 155 99 61 18 106 79 111 6 63 40 25 48 32 63 56 67 42 93 179 15 143 24 81 106 82 27 50 79 111 110 21 62 15 10 67 66 34 69 51 36 62 67 71 12 186 13 9 7 114 84 72 157 75 77 18 104 87 0 162 102 35 32 37 66 98 0 130 61 89 91 126 137 7 52 72 14 163 0 104 117 28 123 9 69 30 81 7 39 54 30 102 81 92 67 38 57 151 27 49 74 46 42 40 13 50 208 98 0 163 84 81 11 26 244 124 100 122 103 0 223 161 87 102 8 82 72 0 120 24 111 110 49 6 16 120 72 49 67 40 111 39 21 84 81 36 153 0 64 21 96 148 156 61 102 152 18 26 18 12 29 42 91 16 28 9 35 153 104 176 66 30 76 54 161 72 53 99 62 163 43 72 63 57 115 0 92 91 45 57 65 9 72 118 22 11 54 104 0 41 114 92 98 171 72 42 30
0 69 8 68 157 71 117 45 194 91 117 33 28 36 64 98 51 20 122 87 25 42 133 109 128 120 19 10 226 64 32 42 0 59 162 36 91 50 59 54 170 78 50 102 176 50 78 180 28 95 125 156 124 27 146 152 48 64 111 86 105 46 94 80 73 197 0 70 103 20 9 139 72 200 172 86 41 45 187 162 125 2 25 64 40 26 108 12 149 70 31 157 112 126 38 127 9 52 24 118 233 79 56 40 99 40 130 63 96 78 63 31 56 44 198 74 69 100 48 26 24 24 256 64 58 28 43 109 87 45 34 163 156 6 159 98 112 93 26 32 56 125 73 135 45 119 9 122 206 74 18 99 72 72 103 94 61 54 52 47 49 90 229 72 56 82 138 61 68 134 61 141 31 75 90 180 103 66 46 32 106 132 124 108 96 32 49 145 144 97 156 92 125 39 47 189 119 75 96 110 134 13 102 57 155 52 125 63 39 27 12 109 60 28 42 66 234 135 78 8 0 26 79 84 119 105 0 24 165 9 249 105 78 27 235 161 36 53 90 22 78 168 132 33 60 91 68 97 147 163 167 76 108 73 158 138
30 0 25 32 12 158 83 0 124 31 40 8 124 56 58 10 45 0 33 69 24 55 69 38 54 88 21 102 63 0 117 59 28 103 0 45 65 61 18 75 10 45 72 49 30 40 0 146 10 55 72 36 97 38 50 90 0 0 54 0 96 28 0 137 12 0 63 54 95 72 45 54 63 67 101 0 27 54 35 94 23 55 42 108 96 0 9 86 53 25 63 27 27 36 5 55 153 30 32 0 87 70 47 87 62 0 126 20 30 125 77 121 105 15 45 2 30 122 0 18 99 36 0 15 12 44 85 120 121 98 0 91 56 5 63 27 45 35 168 24 72 33 126 0 0 22 62 40 6 43 24 36 116 48 99 84 57 44 52 23 30 72 160 92 0 45 85 38 72 81 36 29 12 107 65 35 67 0 8 169 56 107 17 72 30 56 57 25 41 78 115 30 56 49 91 0 97 54 75 69 45 36 64 47 53 0 10 88 77 8 138 35 1 16 86 138 41 54 45 33 16 0 123 9 15 9 36 63 48 5 177 61 44 28 40 27 56 111 65 0 40 40 57 42 46 25 60 17 108 16 24 2 64 10 0 40
168 50 0 93 16 21 72 85 2 12 64 115 94 86 93 0 81 40 114 0 84 72 14 0 110 24 48 0 144 5 60 85 0 26 28 57 27 26 0 84 55 22 108 8 49 0 0 127 110 160 18 104 94 94 134 89 36 96 86 105 55 88 8 42 69 10 63 91 128 63 9 102 0 4 8 117 10 15 27 0 0 22 21 74 71 76 66 84 99 84 15 74 20 63 94 61 100 46 105 14 107 57 60 120 121 96 16 42 0 46 63 121 39 72 96 31 36 44 4 48 60 0 78 4 76 129 36 88 82 54 50 97 75 45 67 4 62 133 5 169 54 12 18 63 28 42 0 0 179 100 36 102 105 150 63 102 5 21 35 128 61 46 12 78 127 57 93 92 88 68 112 64 71 27 39 89 43 27 37 40 166 6 72 0 37 12 72 67 28 0 9 52 134 0 98 59 55 36 29 39 0 81 130 14 133 94 79 52 126 46 66 54 124 85 3 138 30 44 49 38 14 15 0 56 0 24 0 63 68 70 120 167 33 69 111 51 159 27 42 16 0 0 25 0 75 22 28 56 90 27 160 88 82 49 111 153
49 92 116 12 86 4 0 0 0 16 13 31 106 0 1 0 14 30 68 93 108 55 38 24 32 11 35 0 90 60 60 5 123 54 0 14 6 30 116 82 56 129 5 65 77 14 57 71 0 114 1 38 33 13 52 125 130 0 36 69 9 60 36 153 1 54 138 37 97 77 0 52 9 51 123 40 20 70 60 11 31 48 42 97 110 6 14 55 10 0 3 9 0 117 3 25 49 15 18 33 126 23 8 44 91 0 66 15 25 14 62 0 34 88 60 54 75 86 54 105 6 22 9 54 108 98 21 80 118 70 31 71 53 35 1 15 48 74 25 84 79 0 27 80 112 60 84 77 54 170 31 40 1 6 66 2 85 136 86 40 8 101 9 30 32 3 105 36 0 121 48 41 85 53 70 32 20 40 52 41 120 0 52 5 12 73 21 18 69 70 129 58 57 26 18 46 113 99 20 24 32 15 90 169 32 145 20 10 58 161 74 64 60 16 54 21 94 18 0 19 106 54 35 66 12 57 4 60 92 0 63 175 5 0 105 45 103 23 158 45 31 72 181 8 47 0 9 48 133 40 55 156 21 6 74 25
6 80 0 68 90 99 16 58 10 72 178 54 105 96 102 54 30 71 54 117 6 81 48 24 75 0 5 37 22 57 45 75 0 45 0 0 36 79 0 15 9 0 65 46 70 30 81 113 6 121 28 46 120 42 45 62 54 48 36 80 18 77 55 8 86 0 42 95 36 44 30 0 123 6 2 16 0 51 15 201 148 34 15 68 59 14 39 104 129 63 18 147 36 124 23 0 45 30 95 69 91 0 62 97 3 153 152 54 81 24 18 69 110 31 173 97 68 121 60 52 113 0 60 64 110 88 124 72 39 59 31 54 18 0 24 73 81 84 129 48 29 89 82 118 6 36 10 18 178 24 72 24 9 54 45 42 48 16 0 142 45 54 58 32 150 42 97 9 172 72 67 5 58 0 48 0 105 27 80 104 132 41 0 48 30 6 5 48 21 44 48 60 15 24 93 143 40 49 8 123 0 96 60 24 129 84 34 10 93 39 7 25 28 97 25 0 56 0 68 5 6 36 92 101 24 0 53 50 4 52 53 84 10 0 24 48 54 64 33 78 21 48 44 30 37 55 88 52 20 57 54 42 48 0 116 0
14 102 5 134 9 103 77 35 12 0 25 71 133 12 6 0 21 27 10 35 56 22 47 21 15 52 64 32 74 0 0 24 30 8 0 78 0 16 49 32 146 35 78 49 91 77 0 24 4 44 25 36 138 23 73 0 89 54 39 42 0 87 32 82 32 18 84 21 27 127 2 14 13 65 40 42 0 14 13 67 146 38 70 28 79 0 121 2 0 60 15 40 0 5 0 12 27 52 61 45 22 36 80 20 44 5 0 21 20 64 45 31 0 0 0 2 39 129 33 106 36 0 0 28 103 37 88 77 24 155 15 2 94 63 0 0 0 16 109 68 26 50 56 56 45 55 21 82 153 4 0 36 0 31 8 44 35 35 38 17 0 22 36 4 68 0 32 39 94 66 10 78 55 56 0 79 76 36 48 64 87 18 0 0 15 0 85 3 20 81 54 79 90 0 10 50 0 0 42 94 0 0 54 89 28 31 8 0 36 42 25 47 59 0 43 73 0 4 51 56 96 0 35 18 24 0 15 12 92 56 94 30 64 80 23 0 20 87 31 0 40 34 35 0 36 82 24 4 48 7 30 22 4 70 96 41
14 107 122 45 24 42 70 36 79 0 61 18 87 48 146 81 7 47 65 113 63 93 6 20 198 0 35 53 123 78 87 145 63 42 121 61 21 41 63 24 82 9 98 48 0 27 43 134 47 0 98 119 108 12 19 25 73 102 58 85 64 46 17 98 91 79 40 102 105 48 87 119 0 30 65 50 18 0 4 81 111 69 18 8 52 95 9 104 36 64 64 78 30 11 12 57 19 30 5 6 47 64 38 68 31 60 105 26 0 129 52 0 0 0 189 10 35 13 0 32 59 108 23 64 32 12 111 59 113 0 132 65 0 77 66 10 48 53 83 23 75 79 7 16 48 36 102 35 130 43 75 34 153 63 76 0 121 0 128 124 23 50 40 325 66 50 17 111 63 28 37 116 57 114 7 37 0 3 72 0 9 28 0 45 73 0 130 36 86 31 56 95 33 56 6 151 77 52 23 117 32 39 76 6 22 7 113 15 36 24 115 102 36 80 72 79 21 28 125 9 48 7 56 27 28 18 36 68 140 0 158 39 0 0 89 58 9 85 10 72 0 0 40 22 36 27 0 36 58 50 127 121 54 2 4 99
6 148 226 183 149 127 72 0 58 75 147 155 90 40 106 0 27 19 223 59 25 113 109 0 45 8 115 37 179 141 18 12 59 48 21 11 48 95 61 0 18 14 205 82 134 53 34 72 61 201 29 48 135 10 76 117 27 45 72 59 74 249 179 44 58 143 110 73 128 168 71 35 94 175 125 12 9 151 73 28 75 125 33 62 180 28 104 43 65 103 23 152 103 111 12 117 143 62 11 98 57 107 173 42 136 75 52 25 36 30 159 35 108 16 192 88 186 139 107 24 55 107 135 64 92 65 146 149 127 30 200 111 114 106 45 10 35 72 134 63 123 24 102 87 35 0 48 63 84 191 137 58 27 0 9 108 10 57 55 180 99 80 36 211 197 51 155 87 124 119 33 212 66 166 84 38 27 75 0 236 225 43 32 96 60 123 45 89 92 47 62 125 45 155 109 133 14 147 39 59 37 126 128 161 141 40 101 121 136 91 123 95 87 146 4 136 86 44 136 0 46 12 0 137 47 214 186 27 12 84 102 208 111 34 98 110 35 21 68 0 85 119 158 90 69 18 12 48 45 48 175 107 7 0 63 108
0 0 7 0 118 69 15 15 8 58 82 1 0 0 14 9 0 0 0 0 50 55 80 8 0 64 37 40 77 7 69 18 0 12 0 34 36 69 74 1 32 56 40 43 39 0 5 0 41 72 0 32 11 15 66 97 0 0 51 60 153 39 5 52 40 41 0 58 100 24 35 82 15 9 27 0 49 6 76 56 0 14 0 132 29 64 67 25 36 3 31 17 78 61 2 0 33 0 0 18 6 65 20 24 66 100 133 25 10 50 47 59 40 89 36 4 29 38 31 49 87 19 8 68 91 164 22 60 132 72 49 27 0 0 0 12 55 10 28 75 40 84 8 38 10 24 60 0 8 50 0 0 12 64 0 90 25 14 80 51 5 66 75 102 150 8 72 25 56 144 95 35 75 76 43 22 0 120 8 30 0 48 9 0 30 27 55 48 54 56 0 48 0 96 88 6 3 16 24 110 62 98 56 0 54 5 64 62 54 0 53 33 64 45 0 20 14 9 54 0 44 54 50 82 67 128 0 5 123 28 59 0 0 0 11 0 128 56 12 64 0 64 29 0 8 10 88 24 55 104 64 69 84 42 21 26
166 94 73 41 85 108 96 161 148 8 114 55 16 84 101 40 67 67 166 26 144 193 148 17 50 95 0 175 126 16 181 22 134 51 19 46 60 88 54 85 0 67 94 20 0 50 57 208 33 146 42 35 81 71 115 60 94 117 292 54 123 48 173 91 207 0 69 35 139 227 87 151 165 164 57 120 87 66 57 76 164 30 18 18 80 117 111 102 128 35 143 115 72 29 121 58 60 63 42 240 24 78 75 0 59 143 165 108 84 10 0 60 124 54 83 85 27 63 58 72 62 56 0 80 53 56 168 39 24 171 20 24 39 116 76 161 0 184 145 108 152 115 101 27 128 37 127 87 175 119 0 24 63 80 109 302 28 0 15 92 0 68 61 102 171 88 0 51 104 299 114 114 133 104 60 60 12 75 62 123 55 10 0 46 9 72 108 108 130 82 41 38 55 24 14 67 101 9 137 198 109 53 154 173 139 128 73 154 120 30 104 102 31 36 46 157 0 0 8 79 11 135 109 43 74 29 144 9 99 87 7 79 34 111 15 64 154 22 52 82 50 127 213 25 20 67 67 55 70 43 158 145 106 0 37 61
0 124 9 46 170 38 0 48 14 19 80 70 30 15 54 48 24 92 103 0 38 129 122 54 67 16 168 6 0 31 122 9 44 26 0 28 82 89 81 124 14 64 124 109 65 18 24 0 124 24 0 51 121 54 6 93 0 181 48 69 55 98 134 134 60 0 40 64 153 111 20 6 88 152 120 42 32 80 22 32 101 0 13 32 90 20 10 25 75 15 26 52 176 116 81 86 2 50 18 55 19 61 24 0 57 91 106 32 29 24 76 14 62 0 168 40 130 61 53 96 64 49 3 50 136 47 49 0 36 30 71 83 130 88 48 55 6 65 35 54 95 104 85 15 26 48 63 111 177 115 59 36 54 0 37 87 58 64 76 30 2 0 0 149 126 0 46 54 94 103 86 52 85 0 100 19 72 21 111 31 68 28 7 90 22 85 24 16 178 83 54 126 24 35 66 117 8 5 112 135 10 20 160 43 0 0 187 84 80 32 30 47 36 77 13 43 18 0 29 86 7 40 185 80 39 16 116 24 68 20 0 122 14 21 0 24 31 87 105 175 64 32 142 18 32 104 20 24 90 22 18 116 36 24 156 39
87 27 115 72 51 120 16 40 29 79 3 69 78 126 9 29 52 76 117 63 155 29 63 71 8 28 64 0 74 0 0 74 30 54 72 56 85 96 48 72 102 1 100 26 84 63 40 14 71 24 117 32 58 109 65 60 30 54 1 76 47 191 101 36 82 228 156 56 88 6 0 0 21 60 198 124 24 0 61 93 4 20 0 130 37 45 47 99 14 18 0 54 76 152 142 87 53 42 154 72 44 72 54 7 14 0 0 21 45 24 63 48 54 147 28 1 54 140 0 81 0 58 112 95 51 63 46 120 16 61 64 51 48 77 0 97 0 51 66 106 66 72 122 5 35 94 8 50 47 74 38 92 95 14 16 146 77 106 155 242 42 36 36 20 30 134 40 101 3 69 42 45 89 30 74 49 53 56 112 0 88 153 56 48 60 28 72 44 66 9 29 76 32 81 58 145 54 57 18 14 36 99 90 105 87 136 25 30 102 95 163 35 111 29 43 179 0 24 166 72 20 106 89 8 125 19 72 69 28 32 184 214 93 95 124 129 46 80 39 48 44 19 57 240 152 28 85 3 126 0 138 221 34 21 110 100
26 173 32 17 6 109 63 99 18 65 20 18 14 32 135 27 10 15 60 18 45 37 67 19 153 21 56 35 0 99 40 63 39 58 15 10 30 129 102 54 81 95 35 56 108 102 0 76 97 144 44 137 64 6 60 81 68 54 54 76 89 81 28 70 28 84 95 0 25 75 34 52 5 51 38 58 10 110 132 12 10 40 21 68 71 130 92 46 55 90 24 30 8 15 79 12 103 5 16 30 71 39 94 10 39 0 51 43 6 0 63 4 66 64 84 6 121 60 0 15 0 32 48 30 0 156 14 97 96 89 66 47 83 36 38 81 0 40 55 84 54 43 17 43 12 173 0 18 69 78 45 4 50 0 44 34 52 29 0 104 42 80 8 39 54 100 18 46 0 51 68 135 81 33 204 52 20 31 72 8 9 52 25 0 16 8 54 58 102 75 0 90 35 0 26 72 48 81 81 28 0 113 127 69 6 27 153 72 72 153 30 51 95 81 115 128 42 115 45 104 25 108 22 71 103 15 108 6 16 69 106 0 79 57 99 63 35 46 56 105 94 49 127 61 148 9 72 41 36 48 16 91 25 0 0 90
67 114 72 41 117 157 2 97 49 60 51 16 6 0 56 95 33 93 133 60 18 112 44 35 68 158 78 24 74 88 118 52 72 52 42 56 42 55 56 87 14 56 42 106 80 0 36 0 55 53 0 121 0 70 45 72 69 14 91 0 38 85 95 10 102 0 8 81 34 104 160 92 24 80 12 126 15 18 90 89 46 135 84 0 48 30 66 129 42 102 201 115 34 61 143 278 16 32 70 115 72 162 69 0 86 38 77 41 49 0 115 37 111 79 10 93 145 113 0 149 0 48 47 32 81 88 75 80 74 109 139 129 53 0 0 26 72 115 36 64 33 97 52 149 18 18 58 0 4 64 41 89 40 170 58 126 10 10 48 38 0 27 83 127 130 41 42 8 110 143 165 64 105 84 63 91 83 0 117 24 72 58 84 64 56 69 40 81 82 3 57 45 100 72 84 7 94 145 71 117 12 9 134 119 66 96 180 17 111 55 74 4 128 0 44 156 115 64 73 56 128 152 167 24 97 95 128 129 114 42 57 36 35 73 84 103 121 137 56 107 6 16 34 137 14 85 48 0 120 54 61 139 53 36 166 65
48 45 78 99 40 64 48 21 51 37 15 19 143 208 111 21 11 3 62 42 80 88 32 116 148 64 0 51 7 27 121 2 67 12 24 5 170 40 69 19 93 90 50 8 95 51 15 212 33 152 97 50 120 16 90 69 31 50 97 104 104 237 60 133 70 14 35 0 139 52 60 35 84 84 64 0 43 48 159 87 1 24 41 48 146 62 100 6 126 57 49 102 124 0 35 119 135 42 112 20 157 0 40 16 0 69 114 163 58 67 24 146 147 35 130 120 125 54 0 19 0 0 27 48 22 56 84 95 80 71 80 60 16 45 125 68 68 37 51 50 84 44 108 100 44 158 32 30 45 64 12 38 165 18 128 16 0 85 0 67 127 88 172 157 92 143 41 141 36 95 128 115 108 146 52 82 254 72 32 109 113 130 81 112 100 30 113 123 189 150 83 64 4 126 0 139 63 62 35 163 106 57 7 20 31 58 85 35 151 75 93 9 56 77 77 30 114 19 165 5 8 30 26 116 139 74 96 109 91 104 131 44 126 18 24 9 109 119 83 106 104 132 89 182 55 0 129 78 1 0 24 102 155 12 68 66
0 20 29 18 36 40 28 0 50 64 32 65 102 0 83 54 12 39 68 20 12 3 32 8 89 0 0 60 4 26 0 59 16 33 54 0 21 48 6 32 30 9 18 102 36 48 37 0 15 72 12 68 64 0 83 97 42 61 156 0 56 16 140 56 64 0 58 0 76 34 63 80 19 27 38 0 20 14 81 36 103 114 0 10 82 51 109 48 43 26 41 50 0 35 4 18 65 0 64 12 10 0 12 42 0 28 92 12 7 72 16 0 6 16 43 38 56 38 17 57 58 36 60 54 42 8 140 33 72 42 58 2 84 12 39 2 15 26 0 6 91 22 46 101 30 53 68 3 46 3 84 0 45 0 42 35 0 15 48 82 65 0 0 100 141 85 90 80 120 10 123 71 49 48 47 18 18 0 32 41 88 42 6 54 0 0 0 119 18 3 18 71 0 10 76 128 46 131 44 44 24 73 106 4 95 15 2 6 18 0 63 12 56 34 6 175 65 63 34 11 12 0 12 30 46 105 0 4 34 9 112 0 0 95 74 0 26 83 12 0 6 72 0 49 44 19 15 10 35 72 40 124 133 42 56 0
21 75 14 24 105 131 30 46 49 97 57 0 0 18 37 65 45 13 63 12 46 114 76 21 55 79 10 72 54 7 82 138 32 58 0 20 64 100 36 27 127 26 32 5 67 57 0 8 20 70 14 141 121 46 95 78 23 111 37 74 123 79 40 60 66 60 21 85 60 0 97 68 18 18 191 42 18 23 111 56 24 18 42 77 124 110 114 74 79 7 33 0 107 66 81 0 51 0 32 30 42 40 14 103 6 42 28 39 4 178 39 78 109 80 105 7 93 17 38 101 145 18 2 81 108 63 100 19 76 52 21 111 72 0 70 0 16 92 66 0 54 186 30 57 0 87 71 12 60 23 49 4 146 62 54 91 0 24 99 77 68 36 164 169 91 39 84 48 48 45 25 65 88 63 31 20 72 129 9 101 0 47 4 8 42 72 132 31 42 128 7 115 95 124 75 24 0 39 48 92 29 18 93 81 40 6 137 99 27 88 118 0 93 71 30 117 56 12 195 50 56 173 30 177 110 94 0 42 0 38 90 24 128 33 45 0 100 71 81 36 55 80 63 116 104 26 178 72 14 90 68 45 53 4 18 41
