algorithm,n,type,domain,sample,rep,batch,time_ms,peak_heap_bytes,peak_rss_bytes,cutoff,correct
naive,16,densa,D0,a,1,200,0.001323,2048,4972544,1,1
naive,16,densa,D0,a,2,200,0.0012935,2048,4972544,1,1
naive,16,densa,D0,a,3,200,0.0012995,2048,4972544,1,1
naive,16,densa,D0,a,4,200,0.0012935,2048,4972544,1,1
naive,16,densa,D0,a,5,200,0.001286,2048,4972544,1,1
naive,16,densa,D0,a,6,200,0.0013075,2048,4972544,1,1
naive,16,densa,D0,a,7,200,0.001291,2048,4972544,1,1
naive,16,densa,D0,a,8,200,0.001293,2048,4972544,1,1
naive,16,densa,D0,a,9,200,0.001275,2048,4972544,1,1
naive,16,densa,D0,a,10,200,0.001272,2048,4972544,1,1
naive,16,densa,D0,a,11,200,0.001302,2048,4972544,1,1
naive,16,densa,D0,a,12,200,0.0012515,2048,4972544,1,1
naive,16,densa,D0,a,13,200,0.0012575,2048,4972544,1,1
naive,16,densa,D0,a,14,200,0.0012655,2048,4972544,1,1
naive,16,densa,D0,a,15,200,0.001309,2048,4972544,1,1
strassen,16,densa,D0,a,1,200,0.0265645,8168,5095424,1,1
strassen,16,densa,D0,a,2,200,0.025998,8168,5095424,1,1
strassen,16,densa,D0,a,3,200,0.0258795,8168,5095424,1,1
strassen,16,densa,D0,a,4,200,0.025955,8168,5095424,1,1
strassen,16,densa,D0,a,5,200,0.02593,8168,5095424,1,1
strassen,16,densa,D0,a,6,200,0.025847,8168,5095424,1,1
strassen,16,densa,D0,a,7,200,0.025802,8168,5095424,1,1
strassen,16,densa,D0,a,8,200,0.025746,8168,5095424,1,1
strassen,16,densa,D0,a,9,200,0.025778,8168,5095424,1,1
strassen,16,densa,D0,a,10,200,0.0261585,8168,5095424,1,1
strassen,16,densa,D0,a,11,200,0.0259265,8168,5095424,1,1
strassen,16,densa,D0,a,12,200,0.025767,8168,5095424,1,1
strassen,16,densa,D0,a,13,200,0.0291485,8168,5095424,1,1
strassen,16,densa,D0,a,14,200,0.025868,8168,5095424,1,1
strassen,16,densa,D0,a,15,200,0.027071,8168,5095424,1,1
naive,16,densa,D0,b,1,200,0.001401,2048,5169152,1,1
naive,16,densa,D0,b,2,200,0.001263,2048,5169152,1,1
naive,16,densa,D0,b,3,200,0.0013975,2048,5169152,1,1
naive,16,densa,D0,b,4,200,0.001269,2048,5169152,1,1
naive,16,densa,D0,b,5,200,0.001287,2048,5169152,1,1
naive,16,densa,D0,b,6,200,0.0012695,2048,5169152,1,1
naive,16,densa,D0,b,7,200,0.001286,2048,5169152,1,1
naive,16,densa,D0,b,8,200,0.0012685,2048,5169152,1,1
naive,16,densa,D0,b,9,200,0.001269,2048,5169152,1,1
naive,16,densa,D0,b,10,200,0.001269,2048,5169152,1,1
naive,16,densa,D0,b,11,200,0.001284,2048,5169152,1,1
naive,16,densa,D0,b,12,200,0.001262,2048,5169152,1,1
naive,16,densa,D0,b,13,200,0.00126,2048,5169152,1,1
naive,16,densa,D0,b,14,200,0.001262,2048,5169152,1,1
naive,16,densa,D0,b,15,200,0.00129,2048,5169152,1,1
strassen,16,densa,D0,b,1,200,0.0259755,8168,5169152,1,1
strassen,16,densa,D0,b,2,200,0.0259645,8168,5169152,1,1
strassen,16,densa,D0,b,3,200,0.0266205,8168,5169152,1,1
strassen,16,densa,D0,b,4,200,0.0260085,8168,5169152,1,1
strassen,16,densa,D0,b,5,200,0.026934,8168,5169152,1,1
strassen,16,densa,D0,b,6,200,0.0261275,8168,5169152,1,1
strassen,16,densa,D0,b,7,200,0.02666,8168,5169152,1,1
strassen,16,densa,D0,b,8,200,0.0283875,8168,5169152,1,1
strassen,16,densa,D0,b,9,200,0.027499,8168,5169152,1,1
strassen,16,densa,D0,b,10,200,0.0271735,8168,5169152,1,1
strassen,16,densa,D0,b,11,200,0.0281985,8168,5169152,1,1
strassen,16,densa,D0,b,12,200,0.0272115,8168,5169152,1,1
strassen,16,densa,D0,b,13,200,0.025783,8168,5169152,1,1
strassen,16,densa,D0,b,14,200,0.025966,8168,5169152,1,1
strassen,16,densa,D0,b,15,200,0.026129,8168,5169152,1,1
naive,16,densa,D0,c,1,200,0.0012705,2048,5169152,1,1
naive,16,densa,D0,c,2,200,0.0012685,2048,5169152,1,1
naive,16,densa,D0,c,3,200,0.0012685,2048,5169152,1,1
naive,16,densa,D0,c,4,200,0.0012695,2048,5169152,1,1
naive,16,densa,D0,c,5,200,0.001268,2048,5169152,1,1
naive,16,densa,D0,c,6,200,0.001269,2048,5169152,1,1
naive,16,densa,D0,c,7,200,0.0013205,2048,5169152,1,1
naive,16,densa,D0,c,8,200,0.001375,2048,5169152,1,1
naive,16,densa,D0,c,9,200,0.0012685,2048,5169152,1,1
naive,16,densa,D0,c,10,200,0.001268,2048,5169152,1,1
naive,16,densa,D0,c,11,200,0.0012675,2048,5169152,1,1
naive,16,densa,D0,c,12,200,0.0012685,2048,5169152,1,1
naive,16,densa,D0,c,13,200,0.0012685,2048,5169152,1,1
naive,16,densa,D0,c,14,200,0.001269,2048,5169152,1,1
naive,16,densa,D0,c,15,200,0.001286,2048,5169152,1,1
strassen,16,densa,D0,c,1,200,0.0258435,8168,5169152,1,1
strassen,16,densa,D0,c,2,200,0.026401,8168,5169152,1,1
strassen,16,densa,D0,c,3,200,0.025809,8168,5169152,1,1
strassen,16,densa,D0,c,4,200,0.0259205,8168,5169152,1,1
strassen,16,densa,D0,c,5,200,0.0259705,8168,5169152,1,1
strassen,16,densa,D0,c,6,200,0.025795,8168,5169152,1,1
strassen,16,densa,D0,c,7,200,0.0258025,8168,5169152,1,1
strassen,16,densa,D0,c,8,200,0.025755,8168,5169152,1,1
strassen,16,densa,D0,c,9,200,0.0257815,8168,5169152,1,1
strassen,16,densa,D0,c,10,200,0.0258405,8168,5169152,1,1
strassen,16,densa,D0,c,11,200,0.0260965,8168,5169152,1,1
strassen,16,densa,D0,c,12,200,0.0261615,8168,5169152,1,1
strassen,16,densa,D0,c,13,200,0.0258115,8168,5169152,1,1
strassen,16,densa,D0,c,14,200,0.0260225,8168,5169152,1,1
strassen,16,densa,D0,c,15,200,0.027162,8168,5169152,1,1
naive,16,densa,D10,a,1,200,0.0013185,2048,5169152,1,1
naive,16,densa,D10,a,2,200,0.001269,2048,5169152,1,1
naive,16,densa,D10,a,3,200,0.0012685,2048,5169152,1,1
naive,16,densa,D10,a,4,200,0.00127,2048,5169152,1,1
naive,16,densa,D10,a,5,200,0.0012895,2048,5169152,1,1
naive,16,densa,D10,a,6,200,0.001287,2048,5169152,1,1
naive,16,densa,D10,a,7,200,0.001263,2048,5169152,1,1
naive,16,densa,D10,a,8,200,0.001262,2048,5169152,1,1
naive,16,densa,D10,a,9,200,0.001262,2048,5169152,1,1
naive,16,densa,D10,a,10,200,0.001262,2048,5169152,1,1
naive,16,densa,D10,a,11,200,0.0012625,2048,5169152,1,1
naive,16,densa,D10,a,12,200,0.001261,2048,5169152,1,1
naive,16,densa,D10,a,13,200,0.0012755,2048,5169152,1,1
naive,16,densa,D10,a,14,200,0.001261,2048,5169152,1,1
naive,16,densa,D10,a,15,200,0.00126,2048,5169152,1,1
strassen,16,densa,D10,a,1,200,0.026566,8168,5169152,1,1
strassen,16,densa,D10,a,2,200,0.0261075,8168,5169152,1,1
strassen,16,densa,D10,a,3,200,0.02603,8168,5169152,1,1
strassen,16,densa,D10,a,4,200,0.02853,8168,5169152,1,1
strassen,16,densa,D10,a,5,200,0.025944,8168,5169152,1,1
strassen,16,densa,D10,a,6,200,0.025928,8168,5169152,1,1
strassen,16,densa,D10,a,7,200,0.025961,8168,5169152,1,1
strassen,16,densa,D10,a,8,200,0.025932,8168,5169152,1,1
strassen,16,densa,D10,a,9,200,0.026424,8168,5169152,1,1
strassen,16,densa,D10,a,10,200,0.026006,8168,5169152,1,1
strassen,16,densa,D10,a,11,200,0.0258445,8168,5169152,1,1
strassen,16,densa,D10,a,12,200,0.025892,8168,5169152,1,1
strassen,16,densa,D10,a,13,200,0.0264925,8168,5169152,1,1
strassen,16,densa,D10,a,14,200,0.025831,8168,5169152,1,1
strassen,16,densa,D10,a,15,200,0.025873,8168,5169152,1,1
naive,16,densa,D10,b,1,200,0.00126,2048,5169152,1,1
naive,16,densa,D10,b,2,200,0.0012605,2048,5169152,1,1
naive,16,densa,D10,b,3,200,0.00133,2048,5169152,1,1
naive,16,densa,D10,b,4,200,0.0012615,2048,5169152,1,1
naive,16,densa,D10,b,5,200,0.001283,2048,5169152,1,1
naive,16,densa,D10,b,6,200,0.00126,2048,5169152,1,1
naive,16,densa,D10,b,7,200,0.00126,2048,5169152,1,1
naive,16,densa,D10,b,8,200,0.0012615,2048,5169152,1,1
naive,16,densa,D10,b,9,200,0.0012635,2048,5169152,1,1
naive,16,densa,D10,b,10,200,0.001262,2048,5169152,1,1
naive,16,densa,D10,b,11,200,0.0012615,2048,5169152,1,1
naive,16,densa,D10,b,12,200,0.001263,2048,5169152,1,1
naive,16,densa,D10,b,13,200,0.0012715,2048,5169152,1,1
naive,16,densa,D10,b,14,200,0.001262,2048,5169152,1,1
naive,16,densa,D10,b,15,200,0.0012605,2048,5169152,1,1
strassen,16,densa,D10,b,1,200,0.0258065,8168,5169152,1,1
strassen,16,densa,D10,b,2,200,0.025691,8168,5169152,1,1
strassen,16,densa,D10,b,3,200,0.0256995,8168,5169152,1,1
strassen,16,densa,D10,b,4,200,0.0263375,8168,5169152,1,1
strassen,16,densa,D10,b,5,200,0.0257215,8168,5169152,1,1
strassen,16,densa,D10,b,6,200,0.025735,8168,5169152,1,1
strassen,16,densa,D10,b,7,200,0.0274345,8168,5169152,1,1
strassen,16,densa,D10,b,8,200,0.0258335,8168,5169152,1,1
strassen,16,densa,D10,b,9,200,0.0257035,8168,5169152,1,1
strassen,16,densa,D10,b,10,200,0.025919,8168,5169152,1,1
strassen,16,densa,D10,b,11,200,0.0257205,8168,5169152,1,1
strassen,16,densa,D10,b,12,200,0.0256845,8168,5169152,1,1
strassen,16,densa,D10,b,13,200,0.02575,8168,5169152,1,1
strassen,16,densa,D10,b,14,200,0.025706,8168,5169152,1,1
strassen,16,densa,D10,b,15,200,0.0256755,8168,5169152,1,1
naive,16,densa,D10,c,1,200,0.0012815,2048,5169152,1,1
naive,16,densa,D10,c,2,200,0.001264,2048,5169152,1,1
naive,16,densa,D10,c,3,200,0.001264,2048,5169152,1,1
naive,16,densa,D10,c,4,200,0.0012635,2048,5169152,1,1
naive,16,densa,D10,c,5,200,0.001263,2048,5169152,1,1
naive,16,densa,D10,c,6,200,0.0012795,2048,5169152,1,1
naive,16,densa,D10,c,7,200,0.0012585,2048,5169152,1,1
naive,16,densa,D10,c,8,200,0.0012565,2048,5169152,1,1
naive,16,densa,D10,c,9,200,0.0012695,2048,5169152,1,1
naive,16,densa,D10,c,10,200,0.001255,2048,5169152,1,1
naive,16,densa,D10,c,11,200,0.001258,2048,5169152,1,1
naive,16,densa,D10,c,12,200,0.001256,2048,5169152,1,1
naive,16,densa,D10,c,13,200,0.001256,2048,5169152,1,1
naive,16,densa,D10,c,14,200,0.0012575,2048,5169152,1,1
naive,16,densa,D10,c,15,200,0.001277,2048,5169152,1,1
strassen,16,densa,D10,c,1,200,0.0257795,8168,5169152,1,1
strassen,16,densa,D10,c,2,200,0.02568,8168,5169152,1,1
strassen,16,densa,D10,c,3,200,0.0269235,8168,5169152,1,1
strassen,16,densa,D10,c,4,200,0.0257155,8168,5169152,1,1
strassen,16,densa,D10,c,5,200,0.025732,8168,5169152,1,1
strassen,16,densa,D10,c,6,200,0.0257075,8168,5169152,1,1
strassen,16,densa,D10,c,7,200,0.025721,8168,5169152,1,1
strassen,16,densa,D10,c,8,200,0.0257045,8168,5169152,1,1
strassen,16,densa,D10,c,9,200,0.0260215,8168,5169152,1,1
strassen,16,densa,D10,c,10,200,0.025884,8168,5169152,1,1
strassen,16,densa,D10,c,11,200,0.0261725,8168,5169152,1,1
strassen,16,densa,D10,c,12,200,0.026106,8168,5169152,1,1
strassen,16,densa,D10,c,13,200,0.025801,8168,5169152,1,1
strassen,16,densa,D10,c,14,200,0.025678,8168,5169152,1,1
strassen,16,densa,D10,c,15,200,0.025795,8168,5169152,1,1
naive,16,diagonal,D0,a,1,200,0.001261,2048,5169152,1,1
naive,16,diagonal,D0,a,2,200,0.001263,2048,5169152,1,1
naive,16,diagonal,D0,a,3,200,0.001262,2048,5169152,1,1
naive,16,diagonal,D0,a,4,200,0.001319,2048,5169152,1,1
naive,16,diagonal,D0,a,5,200,0.0012585,2048,5169152,1,1
naive,16,diagonal,D0,a,6,200,0.0012625,2048,5169152,1,1
naive,16,diagonal,D0,a,7,200,0.0012685,2048,5169152,1,1
naive,16,diagonal,D0,a,8,200,0.0012645,2048,5169152,1,1
naive,16,diagonal,D0,a,9,200,0.001257,2048,5169152,1,1
naive,16,diagonal,D0,a,10,200,0.0012575,2048,5169152,1,1
naive,16,diagonal,D0,a,11,200,0.0012575,2048,5169152,1,1
naive,16,diagonal,D0,a,12,200,0.001273,2048,5169152,1,1
naive,16,diagonal,D0,a,13,200,0.0012555,2048,5169152,1,1
naive,16,diagonal,D0,a,14,200,0.001255,2048,5169152,1,1
naive,16,diagonal,D0,a,15,200,0.001257,2048,5169152,1,1
strassen,16,diagonal,D0,a,1,200,0.025617,8168,5169152,1,1
strassen,16,diagonal,D0,a,2,200,0.025607,8168,5169152,1,1
strassen,16,diagonal,D0,a,3,200,0.025869,8168,5169152,1,1
strassen,16,diagonal,D0,a,4,200,0.0256855,8168,5169152,1,1
strassen,16,diagonal,D0,a,5,200,0.0257165,8168,5169152,1,1
strassen,16,diagonal,D0,a,6,200,0.0257965,8168,5169152,1,1
strassen,16,diagonal,D0,a,7,200,0.0256905,8168,5169152,1,1
strassen,16,diagonal,D0,a,8,200,0.025772,8168,5169152,1,1
strassen,16,diagonal,D0,a,9,200,0.0256895,8168,5169152,1,1
strassen,16,diagonal,D0,a,10,200,0.0256985,8168,5169152,1,1
strassen,16,diagonal,D0,a,11,200,0.0256875,8168,5169152,1,1
strassen,16,diagonal,D0,a,12,200,0.0258065,8168,5169152,1,1
strassen,16,diagonal,D0,a,13,200,0.025711,8168,5169152,1,1
strassen,16,diagonal,D0,a,14,200,0.0257355,8168,5169152,1,1
strassen,16,diagonal,D0,a,15,200,0.0263495,8168,5169152,1,1
naive,16,diagonal,D0,b,1,200,0.0012625,2048,5169152,1,1
naive,16,diagonal,D0,b,2,200,0.001263,2048,5169152,1,1
naive,16,diagonal,D0,b,3,200,0.0012615,2048,5169152,1,1
naive,16,diagonal,D0,b,4,200,0.00126,2048,5169152,1,1
naive,16,diagonal,D0,b,5,200,0.001262,2048,5169152,1,1
naive,16,diagonal,D0,b,6,200,0.001262,2048,5169152,1,1
naive,16,diagonal,D0,b,7,200,0.0012785,2048,5169152,1,1
naive,16,diagonal,D0,b,8,200,0.0012735,2048,5169152,1,1
naive,16,diagonal,D0,b,9,200,0.0012525,2048,5169152,1,1
naive,16,diagonal,D0,b,10,200,0.001252,2048,5169152,1,1
naive,16,diagonal,D0,b,11,200,0.0012535,2048,5169152,1,1
naive,16,diagonal,D0,b,12,200,0.001255,2048,5169152,1,1
naive,16,diagonal,D0,b,13,200,0.0012535,2048,5169152,1,1
naive,16,diagonal,D0,b,14,200,0.0012535,2048,5169152,1,1
naive,16,diagonal,D0,b,15,200,0.001266,2048,5169152,1,1
strassen,16,diagonal,D0,b,1,200,0.025618,8168,5169152,1,1
strassen,16,diagonal,D0,b,2,200,0.0256915,8168,5169152,1,1
strassen,16,diagonal,D0,b,3,200,0.0257095,8168,5169152,1,1
strassen,16,diagonal,D0,b,4,200,0.025677,8168,5169152,1,1
strassen,16,diagonal,D0,b,5,200,0.025758,8168,5169152,1,1
strassen,16,diagonal,D0,b,6,200,0.02573,8168,5169152,1,1
strassen,16,diagonal,D0,b,7,200,0.0257635,8168,5169152,1,1
strassen,16,diagonal,D0,b,8,200,0.0259905,8168,5169152,1,1
strassen,16,diagonal,D0,b,9,200,0.025686,8168,5169152,1,1
strassen,16,diagonal,D0,b,10,200,0.02572,8168,5169152,1,1
strassen,16,diagonal,D0,b,11,200,0.025771,8168,5169152,1,1
strassen,16,diagonal,D0,b,12,200,0.0256845,8168,5169152,1,1
strassen,16,diagonal,D0,b,13,200,0.025696,8168,5169152,1,1
strassen,16,diagonal,D0,b,14,200,0.025698,8168,5169152,1,1
strassen,16,diagonal,D0,b,15,200,0.025723,8168,5169152,1,1
naive,16,diagonal,D0,c,1,200,0.0012615,2048,5169152,1,1
naive,16,diagonal,D0,c,2,200,0.0012615,2048,5169152,1,1
naive,16,diagonal,D0,c,3,200,0.00126,2048,5169152,1,1
naive,16,diagonal,D0,c,4,200,0.0012575,2048,5169152,1,1
naive,16,diagonal,D0,c,5,200,0.001257,2048,5169152,1,1
naive,16,diagonal,D0,c,6,200,0.0012595,2048,5169152,1,1
naive,16,diagonal,D0,c,7,200,0.0012965,2048,5169152,1,1
naive,16,diagonal,D0,c,8,200,0.0012535,2048,5169152,1,1
naive,16,diagonal,D0,c,9,200,0.001254,2048,5169152,1,1
naive,16,diagonal,D0,c,10,200,0.0012555,2048,5169152,1,1
naive,16,diagonal,D0,c,11,200,0.00132,2048,5169152,1,1
naive,16,diagonal,D0,c,12,200,0.0012545,2048,5169152,1,1
naive,16,diagonal,D0,c,13,200,0.0012565,2048,5169152,1,1
naive,16,diagonal,D0,c,14,200,0.001255,2048,5169152,1,1
naive,16,diagonal,D0,c,15,200,0.0012705,2048,5169152,1,1
strassen,16,diagonal,D0,c,1,200,0.0255875,8168,5169152,1,1
strassen,16,diagonal,D0,c,2,200,0.026169,8168,5169152,1,1
strassen,16,diagonal,D0,c,3,200,0.0257405,8168,5169152,1,1
strassen,16,diagonal,D0,c,4,200,0.0257065,8168,5169152,1,1
strassen,16,diagonal,D0,c,5,200,0.0258645,8168,5169152,1,1
strassen,16,diagonal,D0,c,6,200,0.0265435,8168,5169152,1,1
strassen,16,diagonal,D0,c,7,200,0.0257435,8168,5169152,1,1
strassen,16,diagonal,D0,c,8,200,0.0258065,8168,5169152,1,1
strassen,16,diagonal,D0,c,9,200,0.025695,8168,5169152,1,1
strassen,16,diagonal,D0,c,10,200,0.025681,8168,5169152,1,1
strassen,16,diagonal,D0,c,11,200,0.025702,8168,5169152,1,1
strassen,16,diagonal,D0,c,12,200,0.0257045,8168,5169152,1,1
strassen,16,diagonal,D0,c,13,200,0.0256825,8168,5169152,1,1
strassen,16,diagonal,D0,c,14,200,0.0266275,8168,5169152,1,1
strassen,16,diagonal,D0,c,15,200,0.025667,8168,5169152,1,1
naive,16,diagonal,D10,a,1,200,0.001377,2048,5169152,1,1
naive,16,diagonal,D10,a,2,200,0.0012625,2048,5169152,1,1
naive,16,diagonal,D10,a,3,200,0.0012805,2048,5169152,1,1
naive,16,diagonal,D10,a,4,200,0.001261,2048,5169152,1,1
naive,16,diagonal,D10,a,5,200,0.0012815,2048,5169152,1,1
naive,16,diagonal,D10,a,6,200,0.001255,2048,5169152,1,1
naive,16,diagonal,D10,a,7,200,0.0012565,2048,5169152,1,1
naive,16,diagonal,D10,a,8,200,0.0012555,2048,5169152,1,1
naive,16,diagonal,D10,a,9,200,0.001256,2048,5169152,1,1
naive,16,diagonal,D10,a,10,200,0.001268,2048,5169152,1,1
naive,16,diagonal,D10,a,11,200,0.001254,2048,5169152,1,1
naive,16,diagonal,D10,a,12,200,0.0012545,2048,5169152,1,1
naive,16,diagonal,D10,a,13,200,0.0012565,2048,5169152,1,1
naive,16,diagonal,D10,a,14,200,0.0012575,2048,5169152,1,1
naive,16,diagonal,D10,a,15,200,0.0012575,2048,5169152,1,1
strassen,16,diagonal,D10,a,1,200,0.025662,8168,5169152,1,1
strassen,16,diagonal,D10,a,2,200,0.0258845,8168,5169152,1,1
strassen,16,diagonal,D10,a,3,200,0.0257155,8168,5169152,1,1
strassen,16,diagonal,D10,a,4,200,0.0257035,8168,5169152,1,1
strassen,16,diagonal,D10,a,5,200,0.0257275,8168,5169152,1,1
strassen,16,diagonal,D10,a,6,200,0.0256985,8168,5169152,1,1
strassen,16,diagonal,D10,a,7,200,0.025713,8168,5169152,1,1
strassen,16,diagonal,D10,a,8,200,0.025734,8168,5169152,1,1
strassen,16,diagonal,D10,a,9,200,0.025734,8168,5169152,1,1
strassen,16,diagonal,D10,a,10,200,0.0257665,8168,5169152,1,1
strassen,16,diagonal,D10,a,11,200,0.025764,8168,5169152,1,1
strassen,16,diagonal,D10,a,12,200,0.0256595,8168,5169152,1,1
strassen,16,diagonal,D10,a,13,200,0.027226,8168,5169152,1,1
strassen,16,diagonal,D10,a,14,200,0.02581,8168,5169152,1,1
strassen,16,diagonal,D10,a,15,200,0.0260715,8168,5169152,1,1
naive,16,diagonal,D10,b,1,200,0.001267,2048,5169152,1,1
naive,16,diagonal,D10,b,2,200,0.001268,2048,5169152,1,1
naive,16,diagonal,D10,b,3,200,0.0012885,2048,5169152,1,1
naive,16,diagonal,D10,b,4,200,0.0012655,2048,5169152,1,1
naive,16,diagonal,D10,b,5,200,0.0012675,2048,5169152,1,1
naive,16,diagonal,D10,b,6,200,0.001268,2048,5169152,1,1
naive,16,diagonal,D10,b,7,200,0.001288,2048,5169152,1,1
naive,16,diagonal,D10,b,8,200,0.0012625,2048,5169152,1,1
naive,16,diagonal,D10,b,9,200,0.001262,2048,5169152,1,1
naive,16,diagonal,D10,b,10,200,0.001275,2048,5169152,1,1
naive,16,diagonal,D10,b,11,200,0.0012605,2048,5169152,1,1
naive,16,diagonal,D10,b,12,200,0.001262,2048,5169152,1,1
naive,16,diagonal,D10,b,13,200,0.001261,2048,5169152,1,1
naive,16,diagonal,D10,b,14,200,0.0012615,2048,5169152,1,1
naive,16,diagonal,D10,b,15,200,0.0012625,2048,5169152,1,1
strassen,16,diagonal,D10,b,1,200,0.0258685,8168,5169152,1,1
strassen,16,diagonal,D10,b,2,200,0.0257175,8168,5169152,1,1
strassen,16,diagonal,D10,b,3,200,0.0256925,8168,5169152,1,1
strassen,16,diagonal,D10,b,4,200,0.0257535,8168,5169152,1,1
strassen,16,diagonal,D10,b,5,200,0.02571,8168,5169152,1,1
strassen,16,diagonal,D10,b,6,200,0.025705,8168,5169152,1,1
strassen,16,diagonal,D10,b,7,200,0.0258235,8168,5169152,1,1
strassen,16,diagonal,D10,b,8,200,0.025698,8168,5169152,1,1
strassen,16,diagonal,D10,b,9,200,0.0256875,8168,5169152,1,1
strassen,16,diagonal,D10,b,10,200,0.0257965,8168,5169152,1,1
strassen,16,diagonal,D10,b,11,200,0.025678,8168,5169152,1,1
strassen,16,diagonal,D10,b,12,200,0.0257665,8168,5169152,1,1
strassen,16,diagonal,D10,b,13,200,0.0258015,8168,5169152,1,1
strassen,16,diagonal,D10,b,14,200,0.0257505,8168,5169152,1,1
strassen,16,diagonal,D10,b,15,200,0.0257865,8168,5169152,1,1
naive,16,diagonal,D10,c,1,200,0.001262,2048,5169152,1,1
naive,16,diagonal,D10,c,2,200,0.001261,2048,5169152,1,1
naive,16,diagonal,D10,c,3,200,0.001314,2048,5169152,1,1
naive,16,diagonal,D10,c,4,200,0.0012595,2048,5169152,1,1
naive,16,diagonal,D10,c,5,200,0.00126,2048,5169152,1,1
naive,16,diagonal,D10,c,6,200,0.0012625,2048,5169152,1,1
naive,16,diagonal,D10,c,7,200,0.0012965,2048,5169152,1,1
naive,16,diagonal,D10,c,8,200,0.0012575,2048,5169152,1,1
naive,16,diagonal,D10,c,9,200,0.001256,2048,5169152,1,1
naive,16,diagonal,D10,c,10,200,0.001256,2048,5169152,1,1
naive,16,diagonal,D10,c,11,200,0.0012555,2048,5169152,1,1
naive,16,diagonal,D10,c,12,200,0.0012775,2048,5169152,1,1
naive,16,diagonal,D10,c,13,200,0.001272,2048,5169152,1,1
naive,16,diagonal,D10,c,14,200,0.0012575,2048,5169152,1,1
naive,16,diagonal,D10,c,15,200,0.0012745,2048,5169152,1,1
strassen,16,diagonal,D10,c,1,200,0.0255945,8168,5169152,1,1
strassen,16,diagonal,D10,c,2,200,0.0255875,8168,5169152,1,1
strassen,16,diagonal,D10,c,3,200,0.025604,8168,5169152,1,1
strassen,16,diagonal,D10,c,4,200,0.0256205,8168,5169152,1,1
strassen,16,diagonal,D10,c,5,200,0.025624,8168,5169152,1,1
strassen,16,diagonal,D10,c,6,200,0.025781,8168,5169152,1,1
strassen,16,diagonal,D10,c,7,200,0.0257005,8168,5169152,1,1
strassen,16,diagonal,D10,c,8,200,0.0257135,8168,5169152,1,1
strassen,16,diagonal,D10,c,9,200,0.0257435,8168,5169152,1,1
strassen,16,diagonal,D10,c,10,200,0.025613,8168,5169152,1,1
strassen,16,diagonal,D10,c,11,200,0.025696,8168,5169152,1,1
strassen,16,diagonal,D10,c,12,200,0.0256775,8168,5169152,1,1
strassen,16,diagonal,D10,c,13,200,0.0257275,8168,5169152,1,1
strassen,16,diagonal,D10,c,14,200,0.0257795,8168,5169152,1,1
strassen,16,diagonal,D10,c,15,200,0.02579,8168,5169152,1,1
naive,16,dispersa,D0,a,1,200,0.0012625,2048,5169152,1,1
naive,16,dispersa,D0,a,2,200,0.0012615,2048,5169152,1,1
naive,16,dispersa,D0,a,3,200,0.0012605,2048,5169152,1,1
naive,16,dispersa,D0,a,4,200,0.0012605,2048,5169152,1,1
naive,16,dispersa,D0,a,5,200,0.0012785,2048,5169152,1,1
naive,16,dispersa,D0,a,6,200,0.0012605,2048,5169152,1,1
naive,16,dispersa,D0,a,7,200,0.0012615,2048,5169152,1,1
naive,16,dispersa,D0,a,8,200,0.0012605,2048,5169152,1,1
naive,16,dispersa,D0,a,9,200,0.001259,2048,5169152,1,1
naive,16,dispersa,D0,a,10,200,0.001262,2048,5169152,1,1
naive,16,dispersa,D0,a,11,200,0.001262,2048,5169152,1,1
naive,16,dispersa,D0,a,12,200,0.0012605,2048,5169152,1,1
naive,16,dispersa,D0,a,13,200,0.0012715,2048,5169152,1,1
naive,16,dispersa,D0,a,14,200,0.001262,2048,5169152,1,1
naive,16,dispersa,D0,a,15,200,0.001262,2048,5169152,1,1
strassen,16,dispersa,D0,a,1,200,0.025644,8168,5169152,1,1
strassen,16,dispersa,D0,a,2,200,0.025742,8168,5169152,1,1
strassen,16,dispersa,D0,a,3,200,0.025678,8168,5169152,1,1
strassen,16,dispersa,D0,a,4,200,0.0257235,8168,5169152,1,1
strassen,16,dispersa,D0,a,5,200,0.02566,8168,5169152,1,1
strassen,16,dispersa,D0,a,6,200,0.0258925,8168,5169152,1,1
strassen,16,dispersa,D0,a,7,200,0.0258525,8168,5169152,1,1
strassen,16,dispersa,D0,a,8,200,0.0259615,8168,5169152,1,1
strassen,16,dispersa,D0,a,9,200,0.027244,8168,5169152,1,1
strassen,16,dispersa,D0,a,10,200,0.026207,8168,5169152,1,1
strassen,16,dispersa,D0,a,11,200,0.0259465,8168,5169152,1,1
strassen,16,dispersa,D0,a,12,200,0.0259725,8168,5169152,1,1
strassen,16,dispersa,D0,a,13,200,0.02586,8168,5169152,1,1
strassen,16,dispersa,D0,a,14,200,0.025714,8168,5169152,1,1
strassen,16,dispersa,D0,a,15,200,0.0257575,8168,5169152,1,1
naive,16,dispersa,D0,b,1,200,0.0012625,2048,5169152,1,1
naive,16,dispersa,D0,b,2,200,0.001262,2048,5169152,1,1
naive,16,dispersa,D0,b,3,200,0.0012625,2048,5169152,1,1
naive,16,dispersa,D0,b,4,200,0.001284,2048,5169152,1,1
naive,16,dispersa,D0,b,5,200,0.001262,2048,5169152,1,1
naive,16,dispersa,D0,b,6,200,0.001261,2048,5169152,1,1
naive,16,dispersa,D0,b,7,200,0.001262,2048,5169152,1,1
naive,16,dispersa,D0,b,8,200,0.0012615,2048,5169152,1,1
naive,16,dispersa,D0,b,9,200,0.001277,2048,5169152,1,1
naive,16,dispersa,D0,b,10,200,0.001331,2048,5169152,1,1
naive,16,dispersa,D0,b,11,200,0.001277,2048,5169152,1,1
naive,16,dispersa,D0,b,12,200,0.001257,2048,5169152,1,1
naive,16,dispersa,D0,b,13,200,0.001257,2048,5169152,1,1
naive,16,dispersa,D0,b,14,200,0.001258,2048,5169152,1,1
naive,16,dispersa,D0,b,15,200,0.001258,2048,5169152,1,1
strassen,16,dispersa,D0,b,1,200,0.0256375,8168,5169152,1,1
strassen,16,dispersa,D0,b,2,200,0.026535,8168,5169152,1,1
strassen,16,dispersa,D0,b,3,200,0.02594,8168,5169152,1,1
strassen,16,dispersa,D0,b,4,200,0.025713,8168,5169152,1,1
strassen,16,dispersa,D0,b,5,200,0.0257325,8168,5169152,1,1
strassen,16,dispersa,D0,b,6,200,0.02575,8168,5169152,1,1
strassen,16,dispersa,D0,b,7,200,0.0257045,8168,5169152,1,1
strassen,16,dispersa,D0,b,8,200,0.0258135,8168,5169152,1,1
strassen,16,dispersa,D0,b,9,200,0.025711,8168,5169152,1,1
strassen,16,dispersa,D0,b,10,200,0.025703,8168,5169152,1,1
strassen,16,dispersa,D0,b,11,200,0.029596,8168,5169152,1,1
strassen,16,dispersa,D0,b,12,200,0.025776,8168,5169152,1,1
strassen,16,dispersa,D0,b,13,200,0.025722,8168,5169152,1,1
strassen,16,dispersa,D0,b,14,200,0.026259,8168,5169152,1,1
strassen,16,dispersa,D0,b,15,200,0.025663,8168,5169152,1,1
naive,16,dispersa,D0,c,1,200,0.001255,2048,5169152,1,1
naive,16,dispersa,D0,c,2,200,0.0012545,2048,5169152,1,1
naive,16,dispersa,D0,c,3,200,0.001257,2048,5169152,1,1
naive,16,dispersa,D0,c,4,200,0.0012785,2048,5169152,1,1
naive,16,dispersa,D0,c,5,200,0.0012625,2048,5169152,1,1
naive,16,dispersa,D0,c,6,200,0.001263,2048,5169152,1,1
naive,16,dispersa,D0,c,7,200,0.0012745,2048,5169152,1,1
naive,16,dispersa,D0,c,8,200,0.0012785,2048,5169152,1,1
naive,16,dispersa,D0,c,9,200,0.0012555,2048,5169152,1,1
naive,16,dispersa,D0,c,10,200,0.001256,2048,5169152,1,1
naive,16,dispersa,D0,c,11,200,0.001254,2048,5169152,1,1
naive,16,dispersa,D0,c,12,200,0.0012545,2048,5169152,1,1
naive,16,dispersa,D0,c,13,200,0.0012535,2048,5169152,1,1
naive,16,dispersa,D0,c,14,200,0.0012625,2048,5169152,1,1
naive,16,dispersa,D0,c,15,200,0.0012555,2048,5169152,1,1
strassen,16,dispersa,D0,c,1,200,0.025628,8168,5169152,1,1
strassen,16,dispersa,D0,c,2,200,0.02571,8168,5169152,1,1
strassen,16,dispersa,D0,c,3,200,0.0257035,8168,5169152,1,1
strassen,16,dispersa,D0,c,4,200,0.0257385,8168,5169152,1,1
strassen,16,dispersa,D0,c,5,200,0.025686,8168,5169152,1,1
strassen,16,dispersa,D0,c,6,200,0.0257205,8168,5169152,1,1
strassen,16,dispersa,D0,c,7,200,0.026474,8168,5169152,1,1
strassen,16,dispersa,D0,c,8,200,0.0267755,8168,5169152,1,1
strassen,16,dispersa,D0,c,9,200,0.025961,8168,5169152,1,1
strassen,16,dispersa,D0,c,10,200,0.025644,8168,5169152,1,1
strassen,16,dispersa,D0,c,11,200,0.02566,8168,5169152,1,1
strassen,16,dispersa,D0,c,12,200,0.0257075,8168,5169152,1,1
strassen,16,dispersa,D0,c,13,200,0.0258505,8168,5169152,1,1
strassen,16,dispersa,D0,c,14,200,0.0257215,8168,5169152,1,1
strassen,16,dispersa,D0,c,15,200,0.0256765,8168,5169152,1,1
naive,16,dispersa,D10,a,1,200,0.0012635,2048,5169152,1,1
naive,16,dispersa,D10,a,2,200,0.001259,2048,5169152,1,1
naive,16,dispersa,D10,a,3,200,0.0012775,2048,5169152,1,1
naive,16,dispersa,D10,a,4,200,0.001256,2048,5169152,1,1
naive,16,dispersa,D10,a,5,200,0.0012565,2048,5169152,1,1
naive,16,dispersa,D10,a,6,200,0.0014695,2048,5169152,1,1
naive,16,dispersa,D10,a,7,200,0.001273,2048,5169152,1,1
naive,16,dispersa,D10,a,8,200,0.0012565,2048,5169152,1,1
naive,16,dispersa,D10,a,9,200,0.0012575,2048,5169152,1,1
naive,16,dispersa,D10,a,10,200,0.001259,2048,5169152,1,1
naive,16,dispersa,D10,a,11,200,0.0012575,2048,5169152,1,1
naive,16,dispersa,D10,a,12,200,0.001256,2048,5169152,1,1
naive,16,dispersa,D10,a,13,200,0.0012575,2048,5169152,1,1
naive,16,dispersa,D10,a,14,200,0.001268,2048,5169152,1,1
naive,16,dispersa,D10,a,15,200,0.0012565,2048,5169152,1,1
strassen,16,dispersa,D10,a,1,200,0.025658,8168,5169152,1,1
strassen,16,dispersa,D10,a,2,200,0.025647,8168,5169152,1,1
strassen,16,dispersa,D10,a,3,200,0.025811,8168,5169152,1,1
strassen,16,dispersa,D10,a,4,200,0.025796,8168,5169152,1,1
strassen,16,dispersa,D10,a,5,200,0.0257065,8168,5169152,1,1
strassen,16,dispersa,D10,a,6,200,0.0257175,8168,5169152,1,1
strassen,16,dispersa,D10,a,7,200,0.0256895,8168,5169152,1,1
strassen,16,dispersa,D10,a,8,200,0.025704,8168,5169152,1,1
strassen,16,dispersa,D10,a,9,200,0.0256885,8168,5169152,1,1
strassen,16,dispersa,D10,a,10,200,0.025748,8168,5169152,1,1
strassen,16,dispersa,D10,a,11,200,0.025669,8168,5169152,1,1
strassen,16,dispersa,D10,a,12,200,0.02563,8168,5169152,1,1
strassen,16,dispersa,D10,a,13,200,0.025796,8168,5169152,1,1
strassen,16,dispersa,D10,a,14,200,0.0257295,8168,5169152,1,1
strassen,16,dispersa,D10,a,15,200,0.0257355,8168,5169152,1,1
naive,16,dispersa,D10,b,1,200,0.00128,2048,5169152,1,1
naive,16,dispersa,D10,b,2,200,0.001281,2048,5169152,1,1
naive,16,dispersa,D10,b,3,200,0.001255,2048,5169152,1,1
naive,16,dispersa,D10,b,4,200,0.0012565,2048,5169152,1,1
naive,16,dispersa,D10,b,5,200,0.001256,2048,5169152,1,1
naive,16,dispersa,D10,b,6,200,0.0012565,2048,5169152,1,1
naive,16,dispersa,D10,b,7,200,0.001276,2048,5169152,1,1
naive,16,dispersa,D10,b,8,200,0.001323,2048,5169152,1,1
naive,16,dispersa,D10,b,9,200,0.001275,2048,5169152,1,1
naive,16,dispersa,D10,b,10,200,0.001258,2048,5169152,1,1
naive,16,dispersa,D10,b,11,200,0.0012565,2048,5169152,1,1
naive,16,dispersa,D10,b,12,200,0.0012555,2048,5169152,1,1
naive,16,dispersa,D10,b,13,200,0.001257,2048,5169152,1,1
naive,16,dispersa,D10,b,14,200,0.0012545,2048,5169152,1,1
naive,16,dispersa,D10,b,15,200,0.0012545,2048,5169152,1,1
strassen,16,dispersa,D10,b,1,200,0.0256135,8168,5169152,1,1
strassen,16,dispersa,D10,b,2,200,0.025679,8168,5169152,1,1
strassen,16,dispersa,D10,b,3,200,0.025861,8168,5169152,1,1
strassen,16,dispersa,D10,b,4,200,0.0257205,8168,5169152,1,1
strassen,16,dispersa,D10,b,5,200,0.025668,8168,5169152,1,1
strassen,16,dispersa,D10,b,6,200,0.0256955,8168,5169152,1,1
strassen,16,dispersa,D10,b,7,200,0.025647,8168,5169152,1,1
strassen,16,dispersa,D10,b,8,200,0.0256455,8168,5169152,1,1
strassen,16,dispersa,D10,b,9,200,0.025754,8168,5169152,1,1
strassen,16,dispersa,D10,b,10,200,0.025682,8168,5169152,1,1
strassen,16,dispersa,D10,b,11,200,0.025639,8168,5169152,1,1
strassen,16,dispersa,D10,b,12,200,0.025746,8168,5169152,1,1
strassen,16,dispersa,D10,b,13,200,0.0257235,8168,5169152,1,1
strassen,16,dispersa,D10,b,14,200,0.0256635,8168,5169152,1,1
strassen,16,dispersa,D10,b,15,200,0.0257185,8168,5169152,1,1
naive,16,dispersa,D10,c,1,200,0.0012585,2048,5169152,1,1
naive,16,dispersa,D10,c,2,200,0.001256,2048,5169152,1,1
naive,16,dispersa,D10,c,3,200,0.001254,2048,5169152,1,1
naive,16,dispersa,D10,c,4,200,0.0012575,2048,5169152,1,1
naive,16,dispersa,D10,c,5,200,0.0012775,2048,5169152,1,1
naive,16,dispersa,D10,c,6,200,0.001256,2048,5169152,1,1
naive,16,dispersa,D10,c,7,200,0.001256,2048,5169152,1,1
naive,16,dispersa,D10,c,8,200,0.001257,2048,5169152,1,1
naive,16,dispersa,D10,c,9,200,0.0012575,2048,5169152,1,1
naive,16,dispersa,D10,c,10,200,0.001258,2048,5169152,1,1
naive,16,dispersa,D10,c,11,200,0.001262,2048,5169152,1,1
naive,16,dispersa,D10,c,12,200,0.001255,2048,5169152,1,1
naive,16,dispersa,D10,c,13,200,0.001256,2048,5169152,1,1
naive,16,dispersa,D10,c,14,200,0.001257,2048,5169152,1,1
naive,16,dispersa,D10,c,15,200,0.001257,2048,5169152,1,1
strassen,16,dispersa,D10,c,1,200,0.0255725,8168,5169152,1,1
strassen,16,dispersa,D10,c,2,200,0.0256225,8168,5169152,1,1
strassen,16,dispersa,D10,c,3,200,0.039176,8168,5169152,1,1
strassen,16,dispersa,D10,c,4,200,0.0259375,8168,5169152,1,1
strassen,16,dispersa,D10,c,5,200,0.0258005,8168,5169152,1,1
strassen,16,dispersa,D10,c,6,200,0.025893,8168,5169152,1,1
strassen,16,dispersa,D10,c,7,200,0.0258575,8168,5169152,1,1
strassen,16,dispersa,D10,c,8,200,0.0260755,8168,5169152,1,1
strassen,16,dispersa,D10,c,9,200,0.0259605,8168,5169152,1,1
strassen,16,dispersa,D10,c,10,200,0.025904,8168,5169152,1,1
strassen,16,dispersa,D10,c,11,200,0.025932,8168,5169152,1,1
strassen,16,dispersa,D10,c,12,200,0.02594,8168,5169152,1,1
strassen,16,dispersa,D10,c,13,200,0.0258535,8168,5169152,1,1
strassen,16,dispersa,D10,c,14,200,0.0259395,8168,5169152,1,1
strassen,16,dispersa,D10,c,15,200,0.025864,8168,5169152,1,1
naive,64,densa,D0,a,1,20,0.10125,32768,5308416,1,1
naive,64,densa,D0,a,2,20,0.098645,32768,5308416,1,1
naive,64,densa,D0,a,3,20,0.097625,32768,5308416,1,1
naive,64,densa,D0,a,4,20,0.10202,32768,5308416,1,1
naive,64,densa,D0,a,5,20,0.12036,32768,5308416,1,1
naive,64,densa,D0,a,6,20,0.095845,32768,5308416,1,1
naive,64,densa,D0,a,7,20,0.097555,32768,5308416,1,1
naive,64,densa,D0,a,8,20,0.10096,32768,5308416,1,1
naive,64,densa,D0,a,9,20,0.09489,32768,5308416,1,1
naive,64,densa,D0,a,10,20,0.09555,32768,5308416,1,1
naive,64,densa,D0,a,11,20,0.096855,32768,5308416,1,1
naive,64,densa,D0,a,12,20,0.094985,32768,5308416,1,1
naive,64,densa,D0,a,13,20,0.1378,32768,5308416,1,1
naive,64,densa,D0,a,14,20,0.09512,32768,5308416,1,1
naive,64,densa,D0,a,15,20,0.095145,32768,5308416,1,1
strassen,64,densa,D0,a,1,20,1.39759,131048,5386240,1,1
strassen,64,densa,D0,a,2,20,1.56291,131048,5386240,1,1
strassen,64,densa,D0,a,3,20,2.11613,131048,5386240,1,1
strassen,64,densa,D0,a,4,20,2.12521,131048,5386240,1,1
strassen,64,densa,D0,a,5,20,1.66321,131048,5386240,1,1
strassen,64,densa,D0,a,6,20,1.43197,131048,5386240,1,1
strassen,64,densa,D0,a,7,20,1.54851,131048,5386240,1,1
strassen,64,densa,D0,a,8,20,1.50808,131048,5386240,1,1
strassen,64,densa,D0,a,9,20,1.45815,131048,5386240,1,1
strassen,64,densa,D0,a,10,20,1.69904,131048,5386240,1,1
strassen,64,densa,D0,a,11,20,1.34706,131048,5386240,1,1
strassen,64,densa,D0,a,12,20,1.34882,131048,5386240,1,1
strassen,64,densa,D0,a,13,20,1.35387,131048,5386240,1,1
strassen,64,densa,D0,a,14,20,1.3586,131048,5386240,1,1
strassen,64,densa,D0,a,15,20,1.3804,131048,5386240,1,1
naive,64,densa,D0,b,1,20,0.09895,32768,5419008,1,1
naive,64,densa,D0,b,2,20,0.096775,32768,5419008,1,1
naive,64,densa,D0,b,3,20,0.09801,32768,5419008,1,1
naive,64,densa,D0,b,4,20,0.09885,32768,5419008,1,1
naive,64,densa,D0,b,5,20,0.097895,32768,5419008,1,1
naive,64,densa,D0,b,6,20,0.097305,32768,5419008,1,1
naive,64,densa,D0,b,7,20,0.098405,32768,5419008,1,1
naive,64,densa,D0,b,8,20,0.097375,32768,5419008,1,1
naive,64,densa,D0,b,9,20,0.097635,32768,5419008,1,1
naive,64,densa,D0,b,10,20,0.09783,32768,5419008,1,1
naive,64,densa,D0,b,11,20,0.103655,32768,5419008,1,1
naive,64,densa,D0,b,12,20,0.098055,32768,5419008,1,1
naive,64,densa,D0,b,13,20,0.114795,32768,5419008,1,1
naive,64,densa,D0,b,14,20,0.096835,32768,5419008,1,1
naive,64,densa,D0,b,15,20,0.09734,32768,5419008,1,1
strassen,64,densa,D0,b,1,20,1.35712,131048,5419008,1,1
strassen,64,densa,D0,b,2,20,1.35829,131048,5419008,1,1
strassen,64,densa,D0,b,3,20,1.3456,131048,5419008,1,1
strassen,64,densa,D0,b,4,20,1.4351,131048,5419008,1,1
strassen,64,densa,D0,b,5,20,1.38971,131048,5419008,1,1
strassen,64,densa,D0,b,6,20,1.33766,131048,5419008,1,1
strassen,64,densa,D0,b,7,20,1.34026,131048,5419008,1,1
strassen,64,densa,D0,b,8,20,1.3552,131048,5419008,1,1
strassen,64,densa,D0,b,9,20,1.36241,131048,5419008,1,1
strassen,64,densa,D0,b,10,20,1.35211,131048,5419008,1,1
strassen,64,densa,D0,b,11,20,1.34403,131048,5419008,1,1
strassen,64,densa,D0,b,12,20,1.45335,131048,5419008,1,1
strassen,64,densa,D0,b,13,20,1.36439,131048,5419008,1,1
strassen,64,densa,D0,b,14,20,1.35089,131048,5419008,1,1
strassen,64,densa,D0,b,15,20,1.38023,131048,5419008,1,1
naive,64,densa,D0,c,1,20,0.098395,32768,5419008,1,1
naive,64,densa,D0,c,2,20,0.09738,32768,5419008,1,1
naive,64,densa,D0,c,3,20,0.09859,32768,5419008,1,1
naive,64,densa,D0,c,4,20,0.114845,32768,5419008,1,1
naive,64,densa,D0,c,5,20,0.09754,32768,5419008,1,1
naive,64,densa,D0,c,6,20,0.099125,32768,5419008,1,1
naive,64,densa,D0,c,7,20,0.111125,32768,5419008,1,1
naive,64,densa,D0,c,8,20,0.096885,32768,5419008,1,1
naive,64,densa,D0,c,9,20,0.09835,32768,5419008,1,1
naive,64,densa,D0,c,10,20,0.09964,32768,5419008,1,1
naive,64,densa,D0,c,11,20,0.09693,32768,5419008,1,1
naive,64,densa,D0,c,12,20,0.097185,32768,5419008,1,1
naive,64,densa,D0,c,13,20,0.097015,32768,5419008,1,1
naive,64,densa,D0,c,14,20,0.09735,32768,5419008,1,1
naive,64,densa,D0,c,15,20,0.09714,32768,5419008,1,1
strassen,64,densa,D0,c,1,20,1.39339,131048,5419008,1,1
strassen,64,densa,D0,c,2,20,1.37848,131048,5419008,1,1
strassen,64,densa,D0,c,3,20,1.32967,131048,5419008,1,1
strassen,64,densa,D0,c,4,20,1.32339,131048,5419008,1,1
strassen,64,densa,D0,c,5,20,1.34779,131048,5419008,1,1
strassen,64,densa,D0,c,6,20,1.32409,131048,5419008,1,1
strassen,64,densa,D0,c,7,20,1.70727,131048,5419008,1,1
strassen,64,densa,D0,c,8,20,1.33067,131048,5419008,1,1
strassen,64,densa,D0,c,9,20,1.37164,131048,5419008,1,1
strassen,64,densa,D0,c,10,20,1.35415,131048,5419008,1,1
strassen,64,densa,D0,c,11,20,1.33508,131048,5419008,1,1
strassen,64,densa,D0,c,12,20,1.32855,131048,5419008,1,1
strassen,64,densa,D0,c,13,20,1.32494,131048,5419008,1,1
strassen,64,densa,D0,c,14,20,1.32163,131048,5419008,1,1
strassen,64,densa,D0,c,15,20,1.31974,131048,5419008,1,1
naive,64,densa,D10,a,1,20,0.098715,32768,5419008,1,1
naive,64,densa,D10,a,2,20,0.097885,32768,5419008,1,1
naive,64,densa,D10,a,3,20,0.09768,32768,5419008,1,1
naive,64,densa,D10,a,4,20,0.096855,32768,5419008,1,1
naive,64,densa,D10,a,5,20,0.094965,32768,5419008,1,1
naive,64,densa,D10,a,6,20,0.096775,32768,5419008,1,1
naive,64,densa,D10,a,7,20,0.095795,32768,5419008,1,1
naive,64,densa,D10,a,8,20,0.09676,32768,5419008,1,1
naive,64,densa,D10,a,9,20,0.09665,32768,5419008,1,1
naive,64,densa,D10,a,10,20,0.095905,32768,5419008,1,1
naive,64,densa,D10,a,11,20,0.097295,32768,5419008,1,1
naive,64,densa,D10,a,12,20,0.096425,32768,5419008,1,1
naive,64,densa,D10,a,13,20,0.09653,32768,5419008,1,1
naive,64,densa,D10,a,14,20,0.09627,32768,5419008,1,1
naive,64,densa,D10,a,15,20,0.09582,32768,5419008,1,1
strassen,64,densa,D10,a,1,20,1.31439,131048,5419008,1,1
strassen,64,densa,D10,a,2,20,1.31066,131048,5419008,1,1
strassen,64,densa,D10,a,3,20,1.31158,131048,5419008,1,1
strassen,64,densa,D10,a,4,20,1.31367,131048,5419008,1,1
strassen,64,densa,D10,a,5,20,1.33796,131048,5419008,1,1
strassen,64,densa,D10,a,6,20,1.3509,131048,5419008,1,1
strassen,64,densa,D10,a,7,20,1.33659,131048,5419008,1,1
strassen,64,densa,D10,a,8,20,1.31171,131048,5419008,1,1
strassen,64,densa,D10,a,9,20,1.3174,131048,5419008,1,1
strassen,64,densa,D10,a,10,20,1.31089,131048,5419008,1,1
strassen,64,densa,D10,a,11,20,1.31811,131048,5419008,1,1
strassen,64,densa,D10,a,12,20,1.3212,131048,5419008,1,1
strassen,64,densa,D10,a,13,20,1.31268,131048,5419008,1,1
strassen,64,densa,D10,a,14,20,1.31516,131048,5419008,1,1
strassen,64,densa,D10,a,15,20,1.31231,131048,5419008,1,1
naive,64,densa,D10,b,1,20,0.09744,32768,5419008,1,1
naive,64,densa,D10,b,2,20,0.09952,32768,5419008,1,1
naive,64,densa,D10,b,3,20,0.095535,32768,5419008,1,1
naive,64,densa,D10,b,4,20,0.0942,32768,5419008,1,1
naive,64,densa,D10,b,5,20,0.097295,32768,5419008,1,1
naive,64,densa,D10,b,6,20,0.09472,32768,5419008,1,1
naive,64,densa,D10,b,7,20,0.09593,32768,5419008,1,1
naive,64,densa,D10,b,8,20,0.09553,32768,5419008,1,1
naive,64,densa,D10,b,9,20,0.096055,32768,5419008,1,1
naive,64,densa,D10,b,10,20,0.09522,32768,5419008,1,1
naive,64,densa,D10,b,11,20,0.096495,32768,5419008,1,1
naive,64,densa,D10,b,12,20,0.09527,32768,5419008,1,1
naive,64,densa,D10,b,13,20,0.09528,32768,5419008,1,1
naive,64,densa,D10,b,14,20,0.096225,32768,5419008,1,1
naive,64,densa,D10,b,15,20,0.09666,32768,5419008,1,1
strassen,64,densa,D10,b,1,20,1.30801,131048,5419008,1,1
strassen,64,densa,D10,b,2,20,1.52432,131048,5419008,1,1
strassen,64,densa,D10,b,3,20,1.30977,131048,5419008,1,1
strassen,64,densa,D10,b,4,20,1.35418,131048,5419008,1,1
strassen,64,densa,D10,b,5,20,1.30894,131048,5419008,1,1
strassen,64,densa,D10,b,6,20,1.31488,131048,5419008,1,1
strassen,64,densa,D10,b,7,20,1.32521,131048,5419008,1,1
strassen,64,densa,D10,b,8,20,1.30691,131048,5419008,1,1
strassen,64,densa,D10,b,9,20,1.32517,131048,5419008,1,1
strassen,64,densa,D10,b,10,20,1.30968,131048,5419008,1,1
strassen,64,densa,D10,b,11,20,1.3146,131048,5419008,1,1
strassen,64,densa,D10,b,12,20,1.31628,131048,5419008,1,1
strassen,64,densa,D10,b,13,20,1.31598,131048,5419008,1,1
strassen,64,densa,D10,b,14,20,1.30886,131048,5419008,1,1
strassen,64,densa,D10,b,15,20,1.33929,131048,5419008,1,1
naive,64,densa,D10,c,1,20,0.09761,32768,5419008,1,1
naive,64,densa,D10,c,2,20,0.09793,32768,5419008,1,1
naive,64,densa,D10,c,3,20,0.095115,32768,5419008,1,1
naive,64,densa,D10,c,4,20,0.09643,32768,5419008,1,1
naive,64,densa,D10,c,5,20,0.09729,32768,5419008,1,1
naive,64,densa,D10,c,6,20,0.09488,32768,5419008,1,1
naive,64,densa,D10,c,7,20,0.09183,32768,5419008,1,1
naive,64,densa,D10,c,8,20,0.095265,32768,5419008,1,1
naive,64,densa,D10,c,9,20,0.09715,32768,5419008,1,1
naive,64,densa,D10,c,10,20,0.09519,32768,5419008,1,1
naive,64,densa,D10,c,11,20,0.09619,32768,5419008,1,1
naive,64,densa,D10,c,12,20,0.09636,32768,5419008,1,1
naive,64,densa,D10,c,13,20,0.09235,32768,5419008,1,1
naive,64,densa,D10,c,14,20,0.09766,32768,5419008,1,1
naive,64,densa,D10,c,15,20,0.101345,32768,5419008,1,1
strassen,64,densa,D10,c,1,20,1.32067,131048,5419008,1,1
strassen,64,densa,D10,c,2,20,1.38732,131048,5419008,1,1
strassen,64,densa,D10,c,3,20,1.34822,131048,5419008,1,1
strassen,64,densa,D10,c,4,20,1.31692,131048,5419008,1,1
strassen,64,densa,D10,c,5,20,1.33442,131048,5419008,1,1
strassen,64,densa,D10,c,6,20,2.15735,131048,5419008,1,1
strassen,64,densa,D10,c,7,20,1.38048,131048,5419008,1,1
strassen,64,densa,D10,c,8,20,1.53675,131048,5419008,1,1
strassen,64,densa,D10,c,9,20,1.7443,131048,5419008,1,1
strassen,64,densa,D10,c,10,20,2.30919,131048,5419008,1,1
strassen,64,densa,D10,c,11,20,2.32346,131048,5419008,1,1
strassen,64,densa,D10,c,12,20,2.3113,131048,5419008,1,1
strassen,64,densa,D10,c,13,20,2.06855,131048,5419008,1,1
strassen,64,densa,D10,c,14,20,1.30864,131048,5419008,1,1
strassen,64,densa,D10,c,15,20,2.10555,131048,5419008,1,1
naive,64,diagonal,D0,a,1,20,0.14982,32768,5419008,1,1
naive,64,diagonal,D0,a,2,20,0.149885,32768,5419008,1,1
naive,64,diagonal,D0,a,3,20,0.150375,32768,5419008,1,1
naive,64,diagonal,D0,a,4,20,0.151115,32768,5419008,1,1
naive,64,diagonal,D0,a,5,20,0.148695,32768,5419008,1,1
naive,64,diagonal,D0,a,6,20,0.16046,32768,5419008,1,1
naive,64,diagonal,D0,a,7,20,0.15066,32768,5419008,1,1
naive,64,diagonal,D0,a,8,20,0.15347,32768,5419008,1,1
naive,64,diagonal,D0,a,9,20,0.14842,32768,5419008,1,1
naive,64,diagonal,D0,a,10,20,0.150015,32768,5419008,1,1
naive,64,diagonal,D0,a,11,20,0.149005,32768,5419008,1,1
naive,64,diagonal,D0,a,12,20,0.15025,32768,5419008,1,1
naive,64,diagonal,D0,a,13,20,0.15017,32768,5419008,1,1
naive,64,diagonal,D0,a,14,20,0.151115,32768,5419008,1,1
naive,64,diagonal,D0,a,15,20,0.149065,32768,5419008,1,1
strassen,64,diagonal,D0,a,1,20,2.30716,131048,5419008,1,1
strassen,64,diagonal,D0,a,2,20,2.30065,131048,5419008,1,1
strassen,64,diagonal,D0,a,3,20,2.30478,131048,5419008,1,1
strassen,64,diagonal,D0,a,4,20,2.30475,131048,5419008,1,1
strassen,64,diagonal,D0,a,5,20,1.79402,131048,5419008,1,1
strassen,64,diagonal,D0,a,6,20,2.28748,131048,5419008,1,1
strassen,64,diagonal,D0,a,7,20,2.28841,131048,5419008,1,1
strassen,64,diagonal,D0,a,8,20,2.28467,131048,5419008,1,1
strassen,64,diagonal,D0,a,9,20,1.89176,131048,5419008,1,1
strassen,64,diagonal,D0,a,10,20,2.08093,131048,5419008,1,1
strassen,64,diagonal,D0,a,11,20,2.29007,131048,5419008,1,1
strassen,64,diagonal,D0,a,12,20,2.21784,131048,5419008,1,1
strassen,64,diagonal,D0,a,13,20,2.28947,131048,5419008,1,1
strassen,64,diagonal,D0,a,14,20,2.0359,131048,5419008,1,1
strassen,64,diagonal,D0,a,15,20,2.20085,131048,5419008,1,1
naive,64,diagonal,D0,b,1,20,0.151115,32768,5419008,1,1
naive,64,diagonal,D0,b,2,20,0.151455,32768,5419008,1,1
naive,64,diagonal,D0,b,3,20,0.1637,32768,5419008,1,1
naive,64,diagonal,D0,b,4,20,0.14877,32768,5419008,1,1
naive,64,diagonal,D0,b,5,20,0.14939,32768,5419008,1,1
naive,64,diagonal,D0,b,6,20,0.14961,32768,5419008,1,1
naive,64,diagonal,D0,b,7,20,0.151435,32768,5419008,1,1
naive,64,diagonal,D0,b,8,20,0.15102,32768,5419008,1,1
naive,64,diagonal,D0,b,9,20,0.15213,32768,5419008,1,1
naive,64,diagonal,D0,b,10,20,0.149425,32768,5419008,1,1
naive,64,diagonal,D0,b,11,20,0.15873,32768,5419008,1,1
naive,64,diagonal,D0,b,12,20,0.15006,32768,5419008,1,1
naive,64,diagonal,D0,b,13,20,0.15406,32768,5419008,1,1
naive,64,diagonal,D0,b,14,20,0.15279,32768,5419008,1,1
naive,64,diagonal,D0,b,15,20,0.155045,32768,5419008,1,1
strassen,64,diagonal,D0,b,1,20,2.31774,131048,5419008,1,1
strassen,64,diagonal,D0,b,2,20,2.31182,131048,5419008,1,1
strassen,64,diagonal,D0,b,3,20,2.3054,131048,5419008,1,1
strassen,64,diagonal,D0,b,4,20,2.32569,131048,5419008,1,1
strassen,64,diagonal,D0,b,5,20,1.69306,131048,5419008,1,1
strassen,64,diagonal,D0,b,6,20,2.29706,131048,5419008,1,1
strassen,64,diagonal,D0,b,7,20,2.29249,131048,5419008,1,1
strassen,64,diagonal,D0,b,8,20,2.29516,131048,5419008,1,1
strassen,64,diagonal,D0,b,9,20,1.31637,131048,5419008,1,1
strassen,64,diagonal,D0,b,10,20,1.31485,131048,5419008,1,1
strassen,64,diagonal,D0,b,11,20,2.1326,131048,5419008,1,1
strassen,64,diagonal,D0,b,12,20,1.31505,131048,5419008,1,1
strassen,64,diagonal,D0,b,13,20,2.00894,131048,5419008,1,1
strassen,64,diagonal,D0,b,14,20,2.29277,131048,5419008,1,1
strassen,64,diagonal,D0,b,15,20,2.20615,131048,5419008,1,1
naive,64,diagonal,D0,c,1,20,0.09858,32768,5419008,1,1
naive,64,diagonal,D0,c,2,20,0.097015,32768,5419008,1,1
naive,64,diagonal,D0,c,3,20,0.110815,32768,5419008,1,1
naive,64,diagonal,D0,c,4,20,0.142185,32768,5419008,1,1
naive,64,diagonal,D0,c,5,20,0.146665,32768,5419008,1,1
naive,64,diagonal,D0,c,6,20,0.149325,32768,5419008,1,1
naive,64,diagonal,D0,c,7,20,0.149025,32768,5419008,1,1
naive,64,diagonal,D0,c,8,20,0.149995,32768,5419008,1,1
naive,64,diagonal,D0,c,9,20,0.149465,32768,5419008,1,1
naive,64,diagonal,D0,c,10,20,0.149105,32768,5419008,1,1
naive,64,diagonal,D0,c,11,20,0.148755,32768,5419008,1,1
naive,64,diagonal,D0,c,12,20,0.148405,32768,5419008,1,1
naive,64,diagonal,D0,c,13,20,0.148525,32768,5419008,1,1
naive,64,diagonal,D0,c,14,20,0.14824,32768,5419008,1,1
naive,64,diagonal,D0,c,15,20,0.14864,32768,5419008,1,1
strassen,64,diagonal,D0,c,1,20,2.28044,131048,5419008,1,1
strassen,64,diagonal,D0,c,2,20,2.08191,131048,5419008,1,1
strassen,64,diagonal,D0,c,3,20,2.29325,131048,5419008,1,1
strassen,64,diagonal,D0,c,4,20,1.89577,131048,5419008,1,1
strassen,64,diagonal,D0,c,5,20,2.18336,131048,5419008,1,1
strassen,64,diagonal,D0,c,6,20,2.28996,131048,5419008,1,1
strassen,64,diagonal,D0,c,7,20,2.21141,131048,5419008,1,1
strassen,64,diagonal,D0,c,8,20,1.32196,131048,5419008,1,1
strassen,64,diagonal,D0,c,9,20,1.93472,131048,5419008,1,1
strassen,64,diagonal,D0,c,10,20,2.30651,131048,5419008,1,1
strassen,64,diagonal,D0,c,11,20,2.30206,131048,5419008,1,1
strassen,64,diagonal,D0,c,12,20,2.31809,131048,5419008,1,1
strassen,64,diagonal,D0,c,13,20,2.27834,131048,5419008,1,1
strassen,64,diagonal,D0,c,14,20,1.99601,131048,5419008,1,1
strassen,64,diagonal,D0,c,15,20,2.30168,131048,5419008,1,1
naive,64,diagonal,D10,a,1,20,0.14927,32768,5427200,1,1
naive,64,diagonal,D10,a,2,20,0.150095,32768,5427200,1,1
naive,64,diagonal,D10,a,3,20,0.14797,32768,5427200,1,1
naive,64,diagonal,D10,a,4,20,0.15047,32768,5427200,1,1
naive,64,diagonal,D10,a,5,20,0.14844,32768,5427200,1,1
naive,64,diagonal,D10,a,6,20,0.15065,32768,5427200,1,1
naive,64,diagonal,D10,a,7,20,0.1492,32768,5427200,1,1
naive,64,diagonal,D10,a,8,20,0.15085,32768,5427200,1,1
naive,64,diagonal,D10,a,9,20,0.14752,32768,5427200,1,1
naive,64,diagonal,D10,a,10,20,0.148185,32768,5427200,1,1
naive,64,diagonal,D10,a,11,20,0.149955,32768,5427200,1,1
naive,64,diagonal,D10,a,12,20,0.14974,32768,5427200,1,1
naive,64,diagonal,D10,a,13,20,0.147805,32768,5427200,1,1
naive,64,diagonal,D10,a,14,20,0.15115,32768,5427200,1,1
naive,64,diagonal,D10,a,15,20,0.14873,32768,5427200,1,1
strassen,64,diagonal,D10,a,1,20,2.19711,131048,5427200,1,1
strassen,64,diagonal,D10,a,2,20,1.96835,131048,5427200,1,1
strassen,64,diagonal,D10,a,3,20,2.05506,131048,5427200,1,1
strassen,64,diagonal,D10,a,4,20,1.3032,131048,5427200,1,1
strassen,64,diagonal,D10,a,5,20,1.31732,131048,5427200,1,1
strassen,64,diagonal,D10,a,6,20,2.01808,131048,5427200,1,1
strassen,64,diagonal,D10,a,7,20,2.28927,131048,5427200,1,1
strassen,64,diagonal,D10,a,8,20,2.29122,131048,5427200,1,1
strassen,64,diagonal,D10,a,9,20,2.2902,131048,5427200,1,1
strassen,64,diagonal,D10,a,10,20,1.92583,131048,5427200,1,1
strassen,64,diagonal,D10,a,11,20,2.25807,131048,5427200,1,1
strassen,64,diagonal,D10,a,12,20,2.28571,131048,5427200,1,1
strassen,64,diagonal,D10,a,13,20,2.28297,131048,5427200,1,1
strassen,64,diagonal,D10,a,14,20,2.28861,131048,5427200,1,1
strassen,64,diagonal,D10,a,15,20,2.28846,131048,5427200,1,1
naive,64,diagonal,D10,b,1,20,0.14981,32768,5427200,1,1
naive,64,diagonal,D10,b,2,20,0.149345,32768,5427200,1,1
naive,64,diagonal,D10,b,3,20,0.14931,32768,5427200,1,1
naive,64,diagonal,D10,b,4,20,0.14926,32768,5427200,1,1
naive,64,diagonal,D10,b,5,20,0.13128,32768,5427200,1,1
naive,64,diagonal,D10,b,6,20,0.098235,32768,5427200,1,1
naive,64,diagonal,D10,b,7,20,0.09654,32768,5427200,1,1
naive,64,diagonal,D10,b,8,20,0.096085,32768,5427200,1,1
naive,64,diagonal,D10,b,9,20,0.096405,32768,5427200,1,1
naive,64,diagonal,D10,b,10,20,0.09585,32768,5427200,1,1
naive,64,diagonal,D10,b,11,20,0.096155,32768,5427200,1,1
naive,64,diagonal,D10,b,12,20,0.096455,32768,5427200,1,1
naive,64,diagonal,D10,b,13,20,0.0975,32768,5427200,1,1
naive,64,diagonal,D10,b,14,20,0.09545,32768,5427200,1,1
naive,64,diagonal,D10,b,15,20,0.096075,32768,5427200,1,1
strassen,64,diagonal,D10,b,1,20,1.47033,131048,5427200,1,1
strassen,64,diagonal,D10,b,2,20,2.28524,131048,5427200,1,1
strassen,64,diagonal,D10,b,3,20,2.29433,131048,5427200,1,1
strassen,64,diagonal,D10,b,4,20,2.29021,131048,5427200,1,1
strassen,64,diagonal,D10,b,5,20,2.29052,131048,5427200,1,1
strassen,64,diagonal,D10,b,6,20,2.28967,131048,5427200,1,1
strassen,64,diagonal,D10,b,7,20,2.28964,131048,5427200,1,1
strassen,64,diagonal,D10,b,8,20,2.28322,131048,5427200,1,1
strassen,64,diagonal,D10,b,9,20,2.29106,131048,5427200,1,1
strassen,64,diagonal,D10,b,10,20,2.28892,131048,5427200,1,1
strassen,64,diagonal,D10,b,11,20,2.25169,131048,5427200,1,1
strassen,64,diagonal,D10,b,12,20,2.10079,131048,5427200,1,1
strassen,64,diagonal,D10,b,13,20,2.19423,131048,5427200,1,1
strassen,64,diagonal,D10,b,14,20,1.44856,131048,5427200,1,1
strassen,64,diagonal,D10,b,15,20,2.1605,131048,5427200,1,1
naive,64,diagonal,D10,c,1,20,0.15087,32768,5427200,1,1
naive,64,diagonal,D10,c,2,20,0.14973,32768,5427200,1,1
naive,64,diagonal,D10,c,3,20,0.14917,32768,5427200,1,1
naive,64,diagonal,D10,c,4,20,0.151285,32768,5427200,1,1
naive,64,diagonal,D10,c,5,20,0.148955,32768,5427200,1,1
naive,64,diagonal,D10,c,6,20,0.149435,32768,5427200,1,1
naive,64,diagonal,D10,c,7,20,0.149445,32768,5427200,1,1
naive,64,diagonal,D10,c,8,20,0.15017,32768,5427200,1,1
naive,64,diagonal,D10,c,9,20,0.148405,32768,5427200,1,1
naive,64,diagonal,D10,c,10,20,0.15043,32768,5427200,1,1
naive,64,diagonal,D10,c,11,20,0.149685,32768,5427200,1,1
naive,64,diagonal,D10,c,12,20,0.149635,32768,5427200,1,1
naive,64,diagonal,D10,c,13,20,0.148745,32768,5427200,1,1
naive,64,diagonal,D10,c,14,20,0.152695,32768,5427200,1,1
naive,64,diagonal,D10,c,15,20,0.148885,32768,5427200,1,1
strassen,64,diagonal,D10,c,1,20,2.23117,131048,5427200,1,1
strassen,64,diagonal,D10,c,2,20,1.88082,131048,5427200,1,1
strassen,64,diagonal,D10,c,3,20,2.32047,131048,5427200,1,1
strassen,64,diagonal,D10,c,4,20,2.15684,131048,5427200,1,1
strassen,64,diagonal,D10,c,5,20,1.88126,131048,5427200,1,1
strassen,64,diagonal,D10,c,6,20,2.4785,131048,5427200,1,1
strassen,64,diagonal,D10,c,7,20,2.03558,131048,5427200,1,1
strassen,64,diagonal,D10,c,8,20,1.96187,131048,5427200,1,1
strassen,64,diagonal,D10,c,9,20,2.32303,131048,5427200,1,1
strassen,64,diagonal,D10,c,10,20,2.34057,131048,5427200,1,1
strassen,64,diagonal,D10,c,11,20,2.32511,131048,5427200,1,1
strassen,64,diagonal,D10,c,12,20,2.34496,131048,5427200,1,1
strassen,64,diagonal,D10,c,13,20,1.99068,131048,5427200,1,1
strassen,64,diagonal,D10,c,14,20,1.86408,131048,5427200,1,1
strassen,64,diagonal,D10,c,15,20,1.86058,131048,5427200,1,1
naive,64,dispersa,D0,a,1,20,0.14748,32768,5427200,1,1
naive,64,dispersa,D0,a,2,20,0.14847,32768,5427200,1,1
naive,64,dispersa,D0,a,3,20,0.148185,32768,5427200,1,1
naive,64,dispersa,D0,a,4,20,0.148265,32768,5427200,1,1
naive,64,dispersa,D0,a,5,20,0.147425,32768,5427200,1,1
naive,64,dispersa,D0,a,6,20,0.14936,32768,5427200,1,1
naive,64,dispersa,D0,a,7,20,0.148655,32768,5427200,1,1
naive,64,dispersa,D0,a,8,20,0.14926,32768,5427200,1,1
naive,64,dispersa,D0,a,9,20,0.14887,32768,5427200,1,1
naive,64,dispersa,D0,a,10,20,0.14676,32768,5427200,1,1
naive,64,dispersa,D0,a,11,20,0.14898,32768,5427200,1,1
naive,64,dispersa,D0,a,12,20,0.148175,32768,5427200,1,1
naive,64,dispersa,D0,a,13,20,0.149005,32768,5427200,1,1
naive,64,dispersa,D0,a,14,20,0.13077,32768,5427200,1,1
naive,64,dispersa,D0,a,15,20,0.097615,32768,5427200,1,1
strassen,64,dispersa,D0,a,1,20,2.18153,131048,5427200,1,1
strassen,64,dispersa,D0,a,2,20,2.03234,131048,5427200,1,1
strassen,64,dispersa,D0,a,3,20,2.07841,131048,5427200,1,1
strassen,64,dispersa,D0,a,4,20,2.22769,131048,5427200,1,1
strassen,64,dispersa,D0,a,5,20,2.28611,131048,5427200,1,1
strassen,64,dispersa,D0,a,6,20,2.2905,131048,5427200,1,1
strassen,64,dispersa,D0,a,7,20,2.12748,131048,5427200,1,1
strassen,64,dispersa,D0,a,8,20,1.87051,131048,5427200,1,1
strassen,64,dispersa,D0,a,9,20,1.91399,131048,5427200,1,1
strassen,64,dispersa,D0,a,10,20,2.16456,131048,5427200,1,1
strassen,64,dispersa,D0,a,11,20,2.36074,131048,5427200,1,1
strassen,64,dispersa,D0,a,12,20,1.51104,131048,5427200,1,1
strassen,64,dispersa,D0,a,13,20,1.35427,131048,5427200,1,1
strassen,64,dispersa,D0,a,14,20,2.13148,131048,5427200,1,1
strassen,64,dispersa,D0,a,15,20,2.27827,131048,5427200,1,1
naive,64,dispersa,D0,b,1,20,0.14928,32768,5427200,1,1
naive,64,dispersa,D0,b,2,20,0.149715,32768,5427200,1,1
naive,64,dispersa,D0,b,3,20,0.148175,32768,5427200,1,1
naive,64,dispersa,D0,b,4,20,0.11334,32768,5427200,1,1
naive,64,dispersa,D0,b,5,20,0.145455,32768,5427200,1,1
naive,64,dispersa,D0,b,6,20,0.14327,32768,5427200,1,1
naive,64,dispersa,D0,b,7,20,0.146175,32768,5427200,1,1
naive,64,dispersa,D0,b,8,20,0.147245,32768,5427200,1,1
naive,64,dispersa,D0,b,9,20,0.148335,32768,5427200,1,1
naive,64,dispersa,D0,b,10,20,0.1491,32768,5427200,1,1
naive,64,dispersa,D0,b,11,20,0.148535,32768,5427200,1,1
naive,64,dispersa,D0,b,12,20,0.14875,32768,5427200,1,1
naive,64,dispersa,D0,b,13,20,0.14871,32768,5427200,1,1
naive,64,dispersa,D0,b,14,20,0.09999,32768,5427200,1,1
naive,64,dispersa,D0,b,15,20,0.11863,32768,5427200,1,1
strassen,64,dispersa,D0,b,1,20,2.38061,131048,5427200,1,1
strassen,64,dispersa,D0,b,2,20,2.36946,131048,5427200,1,1
strassen,64,dispersa,D0,b,3,20,2.04171,131048,5427200,1,1
strassen,64,dispersa,D0,b,4,20,1.55869,131048,5427200,1,1
strassen,64,dispersa,D0,b,5,20,2.28991,131048,5427200,1,1
strassen,64,dispersa,D0,b,6,20,1.66546,131048,5427200,1,1
strassen,64,dispersa,D0,b,7,20,1.98112,131048,5427200,1,1
strassen,64,dispersa,D0,b,8,20,1.64195,131048,5427200,1,1
strassen,64,dispersa,D0,b,9,20,2.37603,131048,5427200,1,1
strassen,64,dispersa,D0,b,10,20,2.20839,131048,5427200,1,1
strassen,64,dispersa,D0,b,11,20,1.78017,131048,5427200,1,1
strassen,64,dispersa,D0,b,12,20,2.09493,131048,5427200,1,1
strassen,64,dispersa,D0,b,13,20,2.17555,131048,5427200,1,1
strassen,64,dispersa,D0,b,14,20,1.65109,131048,5427200,1,1
strassen,64,dispersa,D0,b,15,20,2.19188,131048,5427200,1,1
naive,64,dispersa,D0,c,1,20,0.150815,32768,5427200,1,1
naive,64,dispersa,D0,c,2,20,0.149295,32768,5427200,1,1
naive,64,dispersa,D0,c,3,20,0.15017,32768,5427200,1,1
naive,64,dispersa,D0,c,4,20,0.15069,32768,5427200,1,1
naive,64,dispersa,D0,c,5,20,0.149145,32768,5427200,1,1
naive,64,dispersa,D0,c,6,20,0.149345,32768,5427200,1,1
naive,64,dispersa,D0,c,7,20,0.14788,32768,5427200,1,1
naive,64,dispersa,D0,c,8,20,0.148575,32768,5427200,1,1
naive,64,dispersa,D0,c,9,20,0.14878,32768,5427200,1,1
naive,64,dispersa,D0,c,10,20,0.14713,32768,5427200,1,1
naive,64,dispersa,D0,c,11,20,0.15627,32768,5427200,1,1
naive,64,dispersa,D0,c,12,20,0.14361,32768,5427200,1,1
naive,64,dispersa,D0,c,13,20,0.144755,32768,5427200,1,1
naive,64,dispersa,D0,c,14,20,0.143105,32768,5427200,1,1
naive,64,dispersa,D0,c,15,20,0.144535,32768,5427200,1,1
strassen,64,dispersa,D0,c,1,20,1.99614,131048,5427200,1,1
strassen,64,dispersa,D0,c,2,20,1.63819,131048,5427200,1,1
strassen,64,dispersa,D0,c,3,20,2.21373,131048,5427200,1,1
strassen,64,dispersa,D0,c,4,20,1.98321,131048,5427200,1,1
strassen,64,dispersa,D0,c,5,20,1.83266,131048,5427200,1,1
strassen,64,dispersa,D0,c,6,20,1.97749,131048,5427200,1,1
strassen,64,dispersa,D0,c,7,20,2.13157,131048,5427200,1,1
strassen,64,dispersa,D0,c,8,20,2.06008,131048,5427200,1,1
strassen,64,dispersa,D0,c,9,20,1.87492,131048,5427200,1,1
strassen,64,dispersa,D0,c,10,20,2.17353,131048,5427200,1,1
strassen,64,dispersa,D0,c,11,20,2.21971,131048,5427200,1,1
strassen,64,dispersa,D0,c,12,20,1.7312,131048,5427200,1,1
strassen,64,dispersa,D0,c,13,20,1.96069,131048,5427200,1,1
strassen,64,dispersa,D0,c,14,20,1.77455,131048,5427200,1,1
strassen,64,dispersa,D0,c,15,20,2.01816,131048,5427200,1,1
naive,64,dispersa,D10,a,1,20,0.147785,32768,5427200,1,1
naive,64,dispersa,D10,a,2,20,0.14776,32768,5427200,1,1
naive,64,dispersa,D10,a,3,20,0.147455,32768,5427200,1,1
naive,64,dispersa,D10,a,4,20,0.14776,32768,5427200,1,1
naive,64,dispersa,D10,a,5,20,0.148025,32768,5427200,1,1
naive,64,dispersa,D10,a,6,20,0.14935,32768,5427200,1,1
naive,64,dispersa,D10,a,7,20,0.149655,32768,5427200,1,1
naive,64,dispersa,D10,a,8,20,0.14915,32768,5427200,1,1
naive,64,dispersa,D10,a,9,20,0.137905,32768,5427200,1,1
naive,64,dispersa,D10,a,10,20,0.135475,32768,5427200,1,1
naive,64,dispersa,D10,a,11,20,0.143775,32768,5427200,1,1
naive,64,dispersa,D10,a,12,20,0.14713,32768,5427200,1,1
naive,64,dispersa,D10,a,13,20,0.148465,32768,5427200,1,1
naive,64,dispersa,D10,a,14,20,0.15021,32768,5427200,1,1
naive,64,dispersa,D10,a,15,20,0.14839,32768,5427200,1,1
strassen,64,dispersa,D10,a,1,20,2.20331,131048,5427200,1,1
strassen,64,dispersa,D10,a,2,20,2.11836,131048,5427200,1,1
strassen,64,dispersa,D10,a,3,20,2.20102,131048,5427200,1,1
strassen,64,dispersa,D10,a,4,20,1.42575,131048,5427200,1,1
strassen,64,dispersa,D10,a,5,20,1.93101,131048,5427200,1,1
strassen,64,dispersa,D10,a,6,20,2.00232,131048,5427200,1,1
strassen,64,dispersa,D10,a,7,20,2.2958,131048,5427200,1,1
strassen,64,dispersa,D10,a,8,20,2.08936,131048,5427200,1,1
strassen,64,dispersa,D10,a,9,20,1.53428,131048,5427200,1,1
strassen,64,dispersa,D10,a,10,20,2.22221,131048,5427200,1,1
strassen,64,dispersa,D10,a,11,20,1.95896,131048,5427200,1,1
strassen,64,dispersa,D10,a,12,20,2.18321,131048,5427200,1,1
strassen,64,dispersa,D10,a,13,20,2.18965,131048,5427200,1,1
strassen,64,dispersa,D10,a,14,20,1.50132,131048,5427200,1,1
strassen,64,dispersa,D10,a,15,20,1.82442,131048,5427200,1,1
naive,64,dispersa,D10,b,1,20,0.14866,32768,5427200,1,1
naive,64,dispersa,D10,b,2,20,0.1489,32768,5427200,1,1
naive,64,dispersa,D10,b,3,20,0.14736,32768,5427200,1,1
naive,64,dispersa,D10,b,4,20,0.14737,32768,5427200,1,1
naive,64,dispersa,D10,b,5,20,0.146125,32768,5427200,1,1
naive,64,dispersa,D10,b,6,20,0.14863,32768,5427200,1,1
naive,64,dispersa,D10,b,7,20,0.12784,32768,5427200,1,1
naive,64,dispersa,D10,b,8,20,0.09993,32768,5427200,1,1
naive,64,dispersa,D10,b,9,20,0.0976,32768,5427200,1,1
naive,64,dispersa,D10,b,10,20,0.09688,32768,5427200,1,1
naive,64,dispersa,D10,b,11,20,0.09765,32768,5427200,1,1
naive,64,dispersa,D10,b,12,20,0.098925,32768,5427200,1,1
naive,64,dispersa,D10,b,13,20,0.10172,32768,5427200,1,1
naive,64,dispersa,D10,b,14,20,0.13481,32768,5427200,1,1
naive,64,dispersa,D10,b,15,20,0.14258,32768,5427200,1,1
strassen,64,dispersa,D10,b,1,20,2.27988,131048,5427200,1,1
strassen,64,dispersa,D10,b,2,20,2.26308,131048,5427200,1,1
strassen,64,dispersa,D10,b,3,20,1.4103,131048,5427200,1,1
strassen,64,dispersa,D10,b,4,20,1.74419,131048,5427200,1,1
strassen,64,dispersa,D10,b,5,20,2.29997,131048,5427200,1,1
strassen,64,dispersa,D10,b,6,20,2.28516,131048,5427200,1,1
strassen,64,dispersa,D10,b,7,20,2.29024,131048,5427200,1,1
strassen,64,dispersa,D10,b,8,20,2.28554,131048,5427200,1,1
strassen,64,dispersa,D10,b,9,20,1.60102,131048,5427200,1,1
strassen,64,dispersa,D10,b,10,20,1.71733,131048,5427200,1,1
strassen,64,dispersa,D10,b,11,20,2.28289,131048,5427200,1,1
strassen,64,dispersa,D10,b,12,20,2.28724,131048,5427200,1,1
strassen,64,dispersa,D10,b,13,20,2.28851,131048,5427200,1,1
strassen,64,dispersa,D10,b,14,20,2.28745,131048,5427200,1,1
strassen,64,dispersa,D10,b,15,20,1.63089,131048,5427200,1,1
naive,64,dispersa,D10,c,1,20,0.10056,32768,5427200,1,1
naive,64,dispersa,D10,c,2,20,0.0959,32768,5427200,1,1
naive,64,dispersa,D10,c,3,20,0.137255,32768,5427200,1,1
naive,64,dispersa,D10,c,4,20,0.145805,32768,5427200,1,1
naive,64,dispersa,D10,c,5,20,0.148185,32768,5427200,1,1
naive,64,dispersa,D10,c,6,20,0.14877,32768,5427200,1,1
naive,64,dispersa,D10,c,7,20,0.1493,32768,5427200,1,1
naive,64,dispersa,D10,c,8,20,0.14854,32768,5427200,1,1
naive,64,dispersa,D10,c,9,20,0.148865,32768,5427200,1,1
naive,64,dispersa,D10,c,10,20,0.14782,32768,5427200,1,1
naive,64,dispersa,D10,c,11,20,0.14823,32768,5427200,1,1
naive,64,dispersa,D10,c,12,20,0.147455,32768,5427200,1,1
naive,64,dispersa,D10,c,13,20,0.14872,32768,5427200,1,1
naive,64,dispersa,D10,c,14,20,0.146735,32768,5427200,1,1
naive,64,dispersa,D10,c,15,20,0.149135,32768,5427200,1,1
strassen,64,dispersa,D10,c,1,20,2.28679,131048,5427200,1,1
strassen,64,dispersa,D10,c,2,20,2.28468,131048,5427200,1,1
strassen,64,dispersa,D10,c,3,20,2.28344,131048,5427200,1,1
strassen,64,dispersa,D10,c,4,20,2.28157,131048,5427200,1,1
strassen,64,dispersa,D10,c,5,20,1.44515,131048,5427200,1,1
strassen,64,dispersa,D10,c,6,20,2.04,131048,5427200,1,1
strassen,64,dispersa,D10,c,7,20,2.28104,131048,5427200,1,1
strassen,64,dispersa,D10,c,8,20,2.28513,131048,5427200,1,1
strassen,64,dispersa,D10,c,9,20,2.28721,131048,5427200,1,1
strassen,64,dispersa,D10,c,10,20,2.2809,131048,5427200,1,1
strassen,64,dispersa,D10,c,11,20,1.6751,131048,5427200,1,1
strassen,64,dispersa,D10,c,12,20,1.74867,131048,5427200,1,1
strassen,64,dispersa,D10,c,13,20,1.78329,131048,5427200,1,1
strassen,64,dispersa,D10,c,14,20,2.39532,131048,5427200,1,1
strassen,64,dispersa,D10,c,15,20,2.35883,131048,5427200,1,1
naive,256,densa,D0,a,1,3,15.1509,524288,7409664,1,1
naive,256,densa,D0,a,2,3,15.4945,524288,7409664,1,1
naive,256,densa,D0,a,3,3,15.5804,524288,7409664,1,1
naive,256,densa,D0,a,4,3,15.3451,524288,7409664,1,1
naive,256,densa,D0,a,5,3,15.1058,524288,7409664,1,1
naive,256,densa,D0,a,6,3,14.9076,524288,7409664,1,1
naive,256,densa,D0,a,7,3,14.7383,524288,7409664,1,1
strassen,256,densa,D0,a,1,3,105.978,2097128,9125888,1,1
strassen,256,densa,D0,a,2,3,101.049,2097128,9125888,1,1
strassen,256,densa,D0,a,3,3,97.8523,2097128,9125888,1,1
strassen,256,densa,D0,a,4,3,90.3404,2097128,9125888,1,1
strassen,256,densa,D0,a,5,3,100.755,2097128,9125888,1,1
strassen,256,densa,D0,a,6,3,102.388,2097128,9125888,1,1
strassen,256,densa,D0,a,7,3,108.905,2097128,9125888,1,1
naive,256,densa,D0,b,1,3,14.9018,524288,9375744,1,1
naive,256,densa,D0,b,2,3,15.5936,524288,9375744,1,1
naive,256,densa,D0,b,3,3,14.9814,524288,9375744,1,1
naive,256,densa,D0,b,4,3,14.829,524288,9375744,1,1
naive,256,densa,D0,b,5,3,14.8078,524288,9375744,1,1
naive,256,densa,D0,b,6,3,14.8403,524288,9375744,1,1
naive,256,densa,D0,b,7,3,14.8732,524288,9375744,1,1
strassen,256,densa,D0,b,1,3,100.233,2097128,9375744,1,1
strassen,256,densa,D0,b,2,3,107.725,2097128,9375744,1,1
strassen,256,densa,D0,b,3,3,106.407,2097128,9375744,1,1
strassen,256,densa,D0,b,4,3,103.406,2097128,9375744,1,1
strassen,256,densa,D0,b,5,3,113.994,2097128,9375744,1,1
strassen,256,densa,D0,b,6,3,113.347,2097128,9375744,1,1
strassen,256,densa,D0,b,7,3,109.949,2097128,9375744,1,1
naive,256,densa,D0,c,1,3,14.3989,524288,9375744,1,1
naive,256,densa,D0,c,2,3,14.9306,524288,9375744,1,1
naive,256,densa,D0,c,3,3,15.4158,524288,9375744,1,1
naive,256,densa,D0,c,4,3,15.3045,524288,9375744,1,1
naive,256,densa,D0,c,5,3,15.2497,524288,9375744,1,1
naive,256,densa,D0,c,6,3,14.964,524288,9375744,1,1
naive,256,densa,D0,c,7,3,14.8788,524288,9375744,1,1
strassen,256,densa,D0,c,1,3,105.847,2097128,9375744,1,1
strassen,256,densa,D0,c,2,3,107.708,2097128,9375744,1,1
strassen,256,densa,D0,c,3,3,114.85,2097128,9375744,1,1
strassen,256,densa,D0,c,4,3,121.723,2097128,9375744,1,1
strassen,256,densa,D0,c,5,3,105.677,2097128,9375744,1,1
strassen,256,densa,D0,c,6,3,95.454,2097128,9375744,1,1
strassen,256,densa,D0,c,7,3,102.312,2097128,9375744,1,1
naive,256,densa,D10,a,1,3,15.2598,524288,9375744,1,1
naive,256,densa,D10,a,2,3,14.7259,524288,9375744,1,1
naive,256,densa,D10,a,3,3,15.0062,524288,9375744,1,1
naive,256,densa,D10,a,4,3,15.1641,524288,9375744,1,1
naive,256,densa,D10,a,5,3,14.9891,524288,9375744,1,1
naive,256,densa,D10,a,6,3,14.9284,524288,9375744,1,1
naive,256,densa,D10,a,7,3,14.9065,524288,9375744,1,1
strassen,256,densa,D10,a,1,3,84.9461,2097128,9375744,1,1
strassen,256,densa,D10,a,2,3,86.7168,2097128,9375744,1,1
strassen,256,densa,D10,a,3,3,112.145,2097128,9375744,1,1
strassen,256,densa,D10,a,4,3,101.678,2097128,9375744,1,1
strassen,256,densa,D10,a,5,3,109.836,2097128,9375744,1,1
strassen,256,densa,D10,a,6,3,94.4121,2097128,9375744,1,1
strassen,256,densa,D10,a,7,3,100.595,2097128,9375744,1,1
naive,256,densa,D10,b,1,3,15.0045,524288,9375744,1,1
naive,256,densa,D10,b,2,3,15.3056,524288,9375744,1,1
naive,256,densa,D10,b,3,3,14.8096,524288,9375744,1,1
naive,256,densa,D10,b,4,3,14.5094,524288,9375744,1,1
naive,256,densa,D10,b,5,3,14.636,524288,9375744,1,1
naive,256,densa,D10,b,6,3,14.6758,524288,9375744,1,1
naive,256,densa,D10,b,7,3,14.2738,524288,9375744,1,1
strassen,256,densa,D10,b,1,3,65.0961,2097128,9375744,1,1
strassen,256,densa,D10,b,2,3,76.7786,2097128,9375744,1,1
strassen,256,densa,D10,b,3,3,108.772,2097128,9375744,1,1
strassen,256,densa,D10,b,4,3,108.414,2097128,9375744,1,1
strassen,256,densa,D10,b,5,3,111.3,2097128,9375744,1,1
strassen,256,densa,D10,b,6,3,101.34,2097128,9375744,1,1
strassen,256,densa,D10,b,7,3,92.1624,2097128,9375744,1,1
naive,256,densa,D10,c,1,3,15.3113,524288,9375744,1,1
naive,256,densa,D10,c,2,3,14.3649,524288,9375744,1,1
naive,256,densa,D10,c,3,3,15.2645,524288,9375744,1,1
naive,256,densa,D10,c,4,3,15.2734,524288,9375744,1,1
naive,256,densa,D10,c,5,3,15.2481,524288,9375744,1,1
naive,256,densa,D10,c,6,3,15.0288,524288,9375744,1,1
naive,256,densa,D10,c,7,3,15.2856,524288,9375744,1,1
strassen,256,densa,D10,c,1,3,102.893,2097128,9375744,1,1
strassen,256,densa,D10,c,2,3,114.335,2097128,9375744,1,1
strassen,256,densa,D10,c,3,3,114.377,2097128,9375744,1,1
strassen,256,densa,D10,c,4,3,99.9885,2097128,9375744,1,1
strassen,256,densa,D10,c,5,3,64.8284,2097128,9375744,1,1
strassen,256,densa,D10,c,6,3,64.8655,2097128,9375744,1,1
strassen,256,densa,D10,c,7,3,64.5296,2097128,9375744,1,1
naive,256,diagonal,D0,a,1,3,14.3492,524288,9375744,1,1
naive,256,diagonal,D0,a,2,3,14.3902,524288,9375744,1,1
naive,256,diagonal,D0,a,3,3,14.4797,524288,9375744,1,1
naive,256,diagonal,D0,a,4,3,14.3817,524288,9375744,1,1
naive,256,diagonal,D0,a,5,3,14.3759,524288,9375744,1,1
naive,256,diagonal,D0,a,6,3,14.3025,524288,9375744,1,1
naive,256,diagonal,D0,a,7,3,14.2974,524288,9375744,1,1
strassen,256,diagonal,D0,a,1,3,107.381,2097128,9375744,1,1
strassen,256,diagonal,D0,a,2,3,66.7933,2097128,9375744,1,1
strassen,256,diagonal,D0,a,3,3,114.612,2097128,9375744,1,1
strassen,256,diagonal,D0,a,4,3,98.583,2097128,9375744,1,1
strassen,256,diagonal,D0,a,5,3,108.94,2097128,9375744,1,1
strassen,256,diagonal,D0,a,6,3,107.65,2097128,9375744,1,1
strassen,256,diagonal,D0,a,7,3,103.77,2097128,9375744,1,1
naive,256,diagonal,D0,b,1,3,14.6854,524288,9375744,1,1
naive,256,diagonal,D0,b,2,3,13.9507,524288,9375744,1,1
naive,256,diagonal,D0,b,3,3,15.0567,524288,9375744,1,1
naive,256,diagonal,D0,b,4,3,15.1747,524288,9375744,1,1
naive,256,diagonal,D0,b,5,3,15.3282,524288,9375744,1,1
naive,256,diagonal,D0,b,6,3,15.2107,524288,9375744,1,1
naive,256,diagonal,D0,b,7,3,15.1957,524288,9375744,1,1
strassen,256,diagonal,D0,b,1,3,106.567,2097128,9375744,1,1
strassen,256,diagonal,D0,b,2,3,109.209,2097128,9375744,1,1
strassen,256,diagonal,D0,b,3,3,99.9384,2097128,9375744,1,1
strassen,256,diagonal,D0,b,4,3,112.043,2097128,9375744,1,1
strassen,256,diagonal,D0,b,5,3,107.758,2097128,9375744,1,1
strassen,256,diagonal,D0,b,6,3,106.586,2097128,9375744,1,1
strassen,256,diagonal,D0,b,7,3,73.9975,2097128,9375744,1,1
naive,256,diagonal,D0,c,1,3,14.5152,524288,9375744,1,1
naive,256,diagonal,D0,c,2,3,14.3515,524288,9375744,1,1
naive,256,diagonal,D0,c,3,3,13.7131,524288,9375744,1,1
naive,256,diagonal,D0,c,4,3,14.6567,524288,9375744,1,1
naive,256,diagonal,D0,c,5,3,13.6981,524288,9375744,1,1
naive,256,diagonal,D0,c,6,3,13.5043,524288,9375744,1,1
naive,256,diagonal,D0,c,7,3,13.6014,524288,9375744,1,1
strassen,256,diagonal,D0,c,1,3,70.1573,2097128,9375744,1,1
strassen,256,diagonal,D0,c,2,3,74.0299,2097128,9375744,1,1
strassen,256,diagonal,D0,c,3,3,72.4857,2097128,9375744,1,1
strassen,256,diagonal,D0,c,4,3,67.1839,2097128,9375744,1,1
strassen,256,diagonal,D0,c,5,3,68.3621,2097128,9375744,1,1
strassen,256,diagonal,D0,c,6,3,67.1833,2097128,9375744,1,1
strassen,256,diagonal,D0,c,7,3,105.858,2097128,9375744,1,1
naive,256,diagonal,D10,a,1,3,14.7047,524288,9375744,1,1
naive,256,diagonal,D10,a,2,3,14.7189,524288,9375744,1,1
naive,256,diagonal,D10,a,3,3,14.5326,524288,9375744,1,1
naive,256,diagonal,D10,a,4,3,14.4319,524288,9375744,1,1
naive,256,diagonal,D10,a,5,3,14.6479,524288,9375744,1,1
naive,256,diagonal,D10,a,6,3,14.6535,524288,9375744,1,1
naive,256,diagonal,D10,a,7,3,14.55,524288,9375744,1,1
strassen,256,diagonal,D10,a,1,3,106.112,2097128,9375744,1,1
strassen,256,diagonal,D10,a,2,3,94.6364,2097128,9375744,1,1
strassen,256,diagonal,D10,a,3,3,90.9653,2097128,9375744,1,1
strassen,256,diagonal,D10,a,4,3,108.585,2097128,9375744,1,1
strassen,256,diagonal,D10,a,5,3,103.273,2097128,9375744,1,1
strassen,256,diagonal,D10,a,6,3,96.3813,2097128,9375744,1,1
strassen,256,diagonal,D10,a,7,3,107.288,2097128,9375744,1,1
naive,256,diagonal,D10,b,1,3,14.9166,524288,9375744,1,1
naive,256,diagonal,D10,b,2,3,14.8644,524288,9375744,1,1
naive,256,diagonal,D10,b,3,3,14.8888,524288,9375744,1,1
naive,256,diagonal,D10,b,4,3,14.9172,524288,9375744,1,1
naive,256,diagonal,D10,b,5,3,13.7492,524288,9375744,1,1
naive,256,diagonal,D10,b,6,3,13.6128,524288,9375744,1,1
naive,256,diagonal,D10,b,7,3,13.426,524288,9375744,1,1
strassen,256,diagonal,D10,b,1,3,75.22,2097128,9375744,1,1
strassen,256,diagonal,D10,b,2,3,110.65,2097128,9375744,1,1
strassen,256,diagonal,D10,b,3,3,113.438,2097128,9375744,1,1
strassen,256,diagonal,D10,b,4,3,105.666,2097128,9375744,1,1
strassen,256,diagonal,D10,b,5,3,104.797,2097128,9375744,1,1
strassen,256,diagonal,D10,b,6,3,114.204,2097128,9375744,1,1
strassen,256,diagonal,D10,b,7,3,68.9252,2097128,9375744,1,1
naive,256,diagonal,D10,c,1,3,13.0974,524288,9375744,1,1
naive,256,diagonal,D10,c,2,3,13.2077,524288,9375744,1,1
naive,256,diagonal,D10,c,3,3,12.903,524288,9375744,1,1
naive,256,diagonal,D10,c,4,3,13.521,524288,9375744,1,1
naive,256,diagonal,D10,c,5,3,13.4842,524288,9375744,1,1
naive,256,diagonal,D10,c,6,3,14.3431,524288,9375744,1,1
naive,256,diagonal,D10,c,7,3,15.0433,524288,9375744,1,1
strassen,256,diagonal,D10,c,1,3,108.491,2097128,9375744,1,1
strassen,256,diagonal,D10,c,2,3,80.4415,2097128,9375744,1,1
strassen,256,diagonal,D10,c,3,3,99.1472,2097128,9375744,1,1
strassen,256,diagonal,D10,c,4,3,111.111,2097128,9375744,1,1
strassen,256,diagonal,D10,c,5,3,108.541,2097128,9375744,1,1
strassen,256,diagonal,D10,c,6,3,104.938,2097128,9375744,1,1
strassen,256,diagonal,D10,c,7,3,103.637,2097128,9375744,1,1
naive,256,dispersa,D0,a,1,3,14.4871,524288,9375744,1,1
naive,256,dispersa,D0,a,2,3,14.4662,524288,9375744,1,1
naive,256,dispersa,D0,a,3,3,14.479,524288,9375744,1,1
naive,256,dispersa,D0,a,4,3,14.9735,524288,9375744,1,1
naive,256,dispersa,D0,a,5,3,14.4746,524288,9375744,1,1
naive,256,dispersa,D0,a,6,3,14.6397,524288,9375744,1,1
naive,256,dispersa,D0,a,7,3,14.5253,524288,9375744,1,1
strassen,256,dispersa,D0,a,1,3,108.66,2097128,9375744,1,1
strassen,256,dispersa,D0,a,2,3,110.396,2097128,9375744,1,1
strassen,256,dispersa,D0,a,3,3,110.168,2097128,9375744,1,1
strassen,256,dispersa,D0,a,4,3,110.195,2097128,9375744,1,1
strassen,256,dispersa,D0,a,5,3,109.551,2097128,9375744,1,1
strassen,256,dispersa,D0,a,6,3,109.674,2097128,9375744,1,1
strassen,256,dispersa,D0,a,7,3,81.1208,2097128,9375744,1,1
naive,256,dispersa,D0,b,1,3,13.9977,524288,9375744,1,1
naive,256,dispersa,D0,b,2,3,14.9558,524288,9375744,1,1
naive,256,dispersa,D0,b,3,3,14.8877,524288,9375744,1,1
naive,256,dispersa,D0,b,4,3,15.4213,524288,9375744,1,1
naive,256,dispersa,D0,b,5,3,15.7734,524288,9375744,1,1
naive,256,dispersa,D0,b,6,3,14.223,524288,9375744,1,1
naive,256,dispersa,D0,b,7,3,14.5266,524288,9375744,1,1
strassen,256,dispersa,D0,b,1,3,109.789,2097128,9375744,1,1
strassen,256,dispersa,D0,b,2,3,103.929,2097128,9375744,1,1
strassen,256,dispersa,D0,b,3,3,94.76,2097128,9375744,1,1
strassen,256,dispersa,D0,b,4,3,64.1524,2097128,9375744,1,1
strassen,256,dispersa,D0,b,5,3,83.768,2097128,9375744,1,1
strassen,256,dispersa,D0,b,6,3,110.46,2097128,9375744,1,1
strassen,256,dispersa,D0,b,7,3,86.3417,2097128,9375744,1,1
naive,256,dispersa,D0,c,1,3,13.7693,524288,9375744,1,1
naive,256,dispersa,D0,c,2,3,13.578,524288,9375744,1,1
naive,256,dispersa,D0,c,3,3,13.8024,524288,9375744,1,1
naive,256,dispersa,D0,c,4,3,13.6078,524288,9375744,1,1
naive,256,dispersa,D0,c,5,3,13.4524,524288,9375744,1,1
naive,256,dispersa,D0,c,6,3,13.8094,524288,9375744,1,1
naive,256,dispersa,D0,c,7,3,13.8521,524288,9375744,1,1
strassen,256,dispersa,D0,c,1,3,79.9485,2097128,9375744,1,1
strassen,256,dispersa,D0,c,2,3,108.352,2097128,9375744,1,1
strassen,256,dispersa,D0,c,3,3,111.682,2097128,9375744,1,1
strassen,256,dispersa,D0,c,4,3,100.234,2097128,9375744,1,1
strassen,256,dispersa,D0,c,5,3,102.767,2097128,9375744,1,1
strassen,256,dispersa,D0,c,6,3,74.4419,2097128,9375744,1,1
strassen,256,dispersa,D0,c,7,3,103.066,2097128,9375744,1,1
naive,256,dispersa,D10,a,1,3,14.729,524288,9375744,1,1
naive,256,dispersa,D10,a,2,3,15.1377,524288,9375744,1,1
naive,256,dispersa,D10,a,3,3,15.1387,524288,9375744,1,1
naive,256,dispersa,D10,a,4,3,15.1085,524288,9375744,1,1
naive,256,dispersa,D10,a,5,3,15.1009,524288,9375744,1,1
naive,256,dispersa,D10,a,6,3,15.1107,524288,9375744,1,1
naive,256,dispersa,D10,a,7,3,14.9469,524288,9375744,1,1
strassen,256,dispersa,D10,a,1,3,95.1781,2097128,9375744,1,1
strassen,256,dispersa,D10,a,2,3,108.688,2097128,9375744,1,1
strassen,256,dispersa,D10,a,3,3,102.069,2097128,9375744,1,1
strassen,256,dispersa,D10,a,4,3,109.963,2097128,9375744,1,1
strassen,256,dispersa,D10,a,5,3,110.095,2097128,9375744,1,1
strassen,256,dispersa,D10,a,6,3,110.389,2097128,9375744,1,1
strassen,256,dispersa,D10,a,7,3,109.119,2097128,9375744,1,1
naive,256,dispersa,D10,b,1,3,14.6408,524288,9375744,1,1
naive,256,dispersa,D10,b,2,3,15.0396,524288,9375744,1,1
naive,256,dispersa,D10,b,3,3,15.0327,524288,9375744,1,1
naive,256,dispersa,D10,b,4,3,15.0439,524288,9375744,1,1
naive,256,dispersa,D10,b,5,3,14.923,524288,9375744,1,1
naive,256,dispersa,D10,b,6,3,14.6327,524288,9375744,1,1
naive,256,dispersa,D10,b,7,3,14.7073,524288,9375744,1,1
strassen,256,dispersa,D10,b,1,3,110.033,2097128,9375744,1,1
strassen,256,dispersa,D10,b,2,3,96.3909,2097128,9375744,1,1
strassen,256,dispersa,D10,b,3,3,112.302,2097128,9375744,1,1
strassen,256,dispersa,D10,b,4,3,110.172,2097128,9375744,1,1
strassen,256,dispersa,D10,b,5,3,114.558,2097128,9375744,1,1
strassen,256,dispersa,D10,b,6,3,83.5558,2097128,9375744,1,1
strassen,256,dispersa,D10,b,7,3,107.471,2097128,9375744,1,1
naive,256,dispersa,D10,c,1,3,14.777,524288,9375744,1,1
naive,256,dispersa,D10,c,2,3,14.6779,524288,9375744,1,1
naive,256,dispersa,D10,c,3,3,14.679,524288,9375744,1,1
naive,256,dispersa,D10,c,4,3,14.69,524288,9375744,1,1
naive,256,dispersa,D10,c,5,3,14.7036,524288,9375744,1,1
naive,256,dispersa,D10,c,6,3,14.6088,524288,9375744,1,1
naive,256,dispersa,D10,c,7,3,14.4683,524288,9375744,1,1
strassen,256,dispersa,D10,c,1,3,97.0454,2097128,9375744,1,1
strassen,256,dispersa,D10,c,2,3,113.148,2097128,9375744,1,1
strassen,256,dispersa,D10,c,3,3,101.145,2097128,9375744,1,1
strassen,256,dispersa,D10,c,4,3,73.1755,2097128,9375744,1,1
strassen,256,dispersa,D10,c,5,3,77.659,2097128,9375744,1,1
strassen,256,dispersa,D10,c,6,3,106.831,2097128,9375744,1,1
strassen,256,dispersa,D10,c,7,3,112.908,2097128,9375744,1,1
naive,16,densa,D0,a,1,200,0.001303,2048,4956160,2,1
naive,16,densa,D0,a,2,200,0.001306,2048,4956160,2,1
naive,16,densa,D0,a,3,200,0.001308,2048,4956160,2,1
naive,16,densa,D0,a,4,200,0.0012995,2048,4956160,2,1
naive,16,densa,D0,a,5,200,0.0013045,2048,4956160,2,1
naive,16,densa,D0,a,6,200,0.0013005,2048,4956160,2,1
naive,16,densa,D0,a,7,200,0.0013165,2048,4956160,2,1
naive,16,densa,D0,a,8,200,0.001295,2048,4956160,2,1
naive,16,densa,D0,a,9,200,0.001297,2048,4956160,2,1
naive,16,densa,D0,a,10,200,0.001299,2048,4956160,2,1
naive,16,densa,D0,a,11,200,0.0013065,2048,4956160,2,1
naive,16,densa,D0,a,12,200,0.0012495,2048,4956160,2,1
naive,16,densa,D0,a,13,200,0.001248,2048,4956160,2,1
naive,16,densa,D0,a,14,200,0.001248,2048,4956160,2,1
naive,16,densa,D0,a,15,200,0.00126,2048,4956160,2,1
strassen,16,densa,D0,a,1,200,0.0062155,8096,5087232,2,1
strassen,16,densa,D0,a,2,200,0.005614,8096,5087232,2,1
strassen,16,densa,D0,a,3,200,0.0054,8096,5087232,2,1
strassen,16,densa,D0,a,4,200,0.0054535,8096,5087232,2,1
strassen,16,densa,D0,a,5,200,0.0053815,8096,5087232,2,1
strassen,16,densa,D0,a,6,200,0.005366,8096,5087232,2,1
strassen,16,densa,D0,a,7,200,0.00538,8096,5087232,2,1
strassen,16,densa,D0,a,8,200,0.005538,8096,5087232,2,1
strassen,16,densa,D0,a,9,200,0.0053855,8096,5087232,2,1
strassen,16,densa,D0,a,10,200,0.00538,8096,5087232,2,1
strassen,16,densa,D0,a,11,200,0.0054385,8096,5087232,2,1
strassen,16,densa,D0,a,12,200,0.005345,8096,5087232,2,1
strassen,16,densa,D0,a,13,200,0.005357,8096,5087232,2,1
strassen,16,densa,D0,a,14,200,0.005363,8096,5087232,2,1
strassen,16,densa,D0,a,15,200,0.005356,8096,5087232,2,1
naive,16,densa,D0,b,1,200,0.0012455,2048,5169152,2,1
naive,16,densa,D0,b,2,200,0.0012665,2048,5169152,2,1
naive,16,densa,D0,b,3,200,0.001243,2048,5169152,2,1
naive,16,densa,D0,b,4,200,0.001244,2048,5169152,2,1
naive,16,densa,D0,b,5,200,0.001243,2048,5169152,2,1
naive,16,densa,D0,b,6,200,0.001242,2048,5169152,2,1
naive,16,densa,D0,b,7,200,0.0012445,2048,5169152,2,1
naive,16,densa,D0,b,8,200,0.001242,2048,5169152,2,1
naive,16,densa,D0,b,9,200,0.001242,2048,5169152,2,1
naive,16,densa,D0,b,10,200,0.0012575,2048,5169152,2,1
naive,16,densa,D0,b,11,200,0.0012415,2048,5169152,2,1
naive,16,densa,D0,b,12,200,0.001242,2048,5169152,2,1
naive,16,densa,D0,b,13,200,0.001243,2048,5169152,2,1
naive,16,densa,D0,b,14,200,0.0012955,2048,5169152,2,1
naive,16,densa,D0,b,15,200,0.001242,2048,5169152,2,1
strassen,16,densa,D0,b,1,200,0.005369,8096,5169152,2,1
strassen,16,densa,D0,b,2,200,0.005352,8096,5169152,2,1
strassen,16,densa,D0,b,3,200,0.0053375,8096,5169152,2,1
strassen,16,densa,D0,b,4,200,0.0054515,8096,5169152,2,1
strassen,16,densa,D0,b,5,200,0.0053655,8096,5169152,2,1
strassen,16,densa,D0,b,6,200,0.005376,8096,5169152,2,1
strassen,16,densa,D0,b,7,200,0.005367,8096,5169152,2,1
strassen,16,densa,D0,b,8,200,0.005363,8096,5169152,2,1
strassen,16,densa,D0,b,9,200,0.005348,8096,5169152,2,1
strassen,16,densa,D0,b,10,200,0.005367,8096,5169152,2,1
strassen,16,densa,D0,b,11,200,0.0053825,8096,5169152,2,1
strassen,16,densa,D0,b,12,200,0.0053985,8096,5169152,2,1
strassen,16,densa,D0,b,13,200,0.005365,8096,5169152,2,1
strassen,16,densa,D0,b,14,200,0.005364,8096,5169152,2,1
strassen,16,densa,D0,b,15,200,0.00536,8096,5169152,2,1
naive,16,densa,D0,c,1,200,0.001244,2048,5169152,2,1
naive,16,densa,D0,c,2,200,0.0012425,2048,5169152,2,1
naive,16,densa,D0,c,3,200,0.0012415,2048,5169152,2,1
naive,16,densa,D0,c,4,200,0.001241,2048,5169152,2,1
naive,16,densa,D0,c,5,200,0.001242,2048,5169152,2,1
naive,16,densa,D0,c,6,200,0.0012415,2048,5169152,2,1
naive,16,densa,D0,c,7,200,0.0012615,2048,5169152,2,1
naive,16,densa,D0,c,8,200,0.001244,2048,5169152,2,1
naive,16,densa,D0,c,9,200,0.0012675,2048,5169152,2,1
naive,16,densa,D0,c,10,200,0.001249,2048,5169152,2,1
naive,16,densa,D0,c,11,200,0.0012495,2048,5169152,2,1
naive,16,densa,D0,c,12,200,0.00125,2048,5169152,2,1
naive,16,densa,D0,c,13,200,0.001267,2048,5169152,2,1
naive,16,densa,D0,c,14,200,0.001252,2048,5169152,2,1
naive,16,densa,D0,c,15,200,0.0012445,2048,5169152,2,1
strassen,16,densa,D0,c,1,200,0.005793,8096,5169152,2,1
strassen,16,densa,D0,c,2,200,0.00537,8096,5169152,2,1
strassen,16,densa,D0,c,3,200,0.0053515,8096,5169152,2,1
strassen,16,densa,D0,c,4,200,0.0053635,8096,5169152,2,1
strassen,16,densa,D0,c,5,200,0.0053575,8096,5169152,2,1
strassen,16,densa,D0,c,6,200,0.005345,8096,5169152,2,1
strassen,16,densa,D0,c,7,200,0.005363,8096,5169152,2,1
strassen,16,densa,D0,c,8,200,0.005352,8096,5169152,2,1
strassen,16,densa,D0,c,9,200,0.005412,8096,5169152,2,1
strassen,16,densa,D0,c,10,200,0.0053455,8096,5169152,2,1
strassen,16,densa,D0,c,11,200,0.005364,8096,5169152,2,1
strassen,16,densa,D0,c,12,200,0.0053385,8096,5169152,2,1
strassen,16,densa,D0,c,13,200,0.0053605,8096,5169152,2,1
strassen,16,densa,D0,c,14,200,0.0053665,8096,5169152,2,1
strassen,16,densa,D0,c,15,200,0.005349,8096,5169152,2,1
naive,16,densa,D10,a,1,200,0.0012445,2048,5169152,2,1
naive,16,densa,D10,a,2,200,0.0013875,2048,5169152,2,1
naive,16,densa,D10,a,3,200,0.001496,2048,5169152,2,1
naive,16,densa,D10,a,4,200,0.0012445,2048,5169152,2,1
naive,16,densa,D10,a,5,200,0.0012425,2048,5169152,2,1
naive,16,densa,D10,a,6,200,0.001242,2048,5169152,2,1
naive,16,densa,D10,a,7,200,0.0012425,2048,5169152,2,1
naive,16,densa,D10,a,8,200,0.0012415,2048,5169152,2,1
naive,16,densa,D10,a,9,200,0.0012425,2048,5169152,2,1
naive,16,densa,D10,a,10,200,0.001263,2048,5169152,2,1
naive,16,densa,D10,a,11,200,0.0012425,2048,5169152,2,1
naive,16,densa,D10,a,12,200,0.001242,2048,5169152,2,1
naive,16,densa,D10,a,13,200,0.0012415,2048,5169152,2,1
naive,16,densa,D10,a,14,200,0.0012425,2048,5169152,2,1
naive,16,densa,D10,a,15,200,0.0012415,2048,5169152,2,1
strassen,16,densa,D10,a,1,200,0.0053615,8096,5169152,2,1
strassen,16,densa,D10,a,2,200,0.005346,8096,5169152,2,1
strassen,16,densa,D10,a,3,200,0.005363,8096,5169152,2,1
strassen,16,densa,D10,a,4,200,0.005357,8096,5169152,2,1
strassen,16,densa,D10,a,5,200,0.0054015,8096,5169152,2,1
strassen,16,densa,D10,a,6,200,0.0053635,8096,5169152,2,1
strassen,16,densa,D10,a,7,200,0.005349,8096,5169152,2,1
strassen,16,densa,D10,a,8,200,0.005359,8096,5169152,2,1
strassen,16,densa,D10,a,9,200,0.0053655,8096,5169152,2,1
strassen,16,densa,D10,a,10,200,0.005381,8096,5169152,2,1
strassen,16,densa,D10,a,11,200,0.00539,8096,5169152,2,1
strassen,16,densa,D10,a,12,200,0.005461,8096,5169152,2,1
strassen,16,densa,D10,a,13,200,0.0053685,8096,5169152,2,1
strassen,16,densa,D10,a,14,200,0.0053545,8096,5169152,2,1
strassen,16,densa,D10,a,15,200,0.0053575,8096,5169152,2,1
naive,16,densa,D10,b,1,200,0.001245,2048,5169152,2,1
naive,16,densa,D10,b,2,200,0.001245,2048,5169152,2,1
naive,16,densa,D10,b,3,200,0.001244,2048,5169152,2,1
naive,16,densa,D10,b,4,200,0.001261,2048,5169152,2,1
naive,16,densa,D10,b,5,200,0.001243,2048,5169152,2,1
naive,16,densa,D10,b,6,200,0.001243,2048,5169152,2,1
naive,16,densa,D10,b,7,200,0.0012415,2048,5169152,2,1
naive,16,densa,D10,b,8,200,0.0012425,2048,5169152,2,1
naive,16,densa,D10,b,9,200,0.0012425,2048,5169152,2,1
naive,16,densa,D10,b,10,200,0.0012425,2048,5169152,2,1
naive,16,densa,D10,b,11,200,0.001291,2048,5169152,2,1
naive,16,densa,D10,b,12,200,0.0012505,2048,5169152,2,1
naive,16,densa,D10,b,13,200,0.001242,2048,5169152,2,1
naive,16,densa,D10,b,14,200,0.0012435,2048,5169152,2,1
naive,16,densa,D10,b,15,200,0.001244,2048,5169152,2,1
strassen,16,densa,D10,b,1,200,0.005346,8096,5169152,2,1
strassen,16,densa,D10,b,2,200,0.0053635,8096,5169152,2,1
strassen,16,densa,D10,b,3,200,0.005361,8096,5169152,2,1
strassen,16,densa,D10,b,4,200,0.005349,8096,5169152,2,1
strassen,16,densa,D10,b,5,200,0.0053595,8096,5169152,2,1
strassen,16,densa,D10,b,6,200,0.00535,8096,5169152,2,1
strassen,16,densa,D10,b,7,200,0.005568,8096,5169152,2,1
strassen,16,densa,D10,b,8,200,0.005453,8096,5169152,2,1
strassen,16,densa,D10,b,9,200,0.0053615,8096,5169152,2,1
strassen,16,densa,D10,b,10,200,0.00536,8096,5169152,2,1
strassen,16,densa,D10,b,11,200,0.0053815,8096,5169152,2,1
strassen,16,densa,D10,b,12,200,0.005394,8096,5169152,2,1
strassen,16,densa,D10,b,13,200,0.005355,8096,5169152,2,1
strassen,16,densa,D10,b,14,200,0.0054155,8096,5169152,2,1
strassen,16,densa,D10,b,15,200,0.0053745,8096,5169152,2,1
naive,16,densa,D10,c,1,200,0.0012585,2048,5169152,2,1
naive,16,densa,D10,c,2,200,0.00125,2048,5169152,2,1
naive,16,densa,D10,c,3,200,0.0012495,2048,5169152,2,1
naive,16,densa,D10,c,4,200,0.00125,2048,5169152,2,1
naive,16,densa,D10,c,5,200,0.0012485,2048,5169152,2,1
naive,16,densa,D10,c,6,200,0.00125,2048,5169152,2,1
naive,16,densa,D10,c,7,200,0.00125,2048,5169152,2,1
naive,16,densa,D10,c,8,200,0.0012665,2048,5169152,2,1
naive,16,densa,D10,c,9,200,0.001248,2048,5169152,2,1
naive,16,densa,D10,c,10,200,0.0012485,2048,5169152,2,1
naive,16,densa,D10,c,11,200,0.0012465,2048,5169152,2,1
naive,16,densa,D10,c,12,200,0.0012475,2048,5169152,2,1
naive,16,densa,D10,c,13,200,0.001263,2048,5169152,2,1
naive,16,densa,D10,c,14,200,0.0012415,2048,5169152,2,1
naive,16,densa,D10,c,15,200,0.00124,2048,5169152,2,1
strassen,16,densa,D10,c,1,200,0.0053615,8096,5169152,2,1
strassen,16,densa,D10,c,2,200,0.005356,8096,5169152,2,1
strassen,16,densa,D10,c,3,200,0.005631,8096,5169152,2,1
strassen,16,densa,D10,c,4,200,0.0053645,8096,5169152,2,1
strassen,16,densa,D10,c,5,200,0.005358,8096,5169152,2,1
strassen,16,densa,D10,c,6,200,0.0053595,8096,5169152,2,1
strassen,16,densa,D10,c,7,200,0.0053785,8096,5169152,2,1
strassen,16,densa,D10,c,8,200,0.005441,8096,5169152,2,1
strassen,16,densa,D10,c,9,200,0.0053855,8096,5169152,2,1
strassen,16,densa,D10,c,10,200,0.0053845,8096,5169152,2,1
strassen,16,densa,D10,c,11,200,0.005356,8096,5169152,2,1
strassen,16,densa,D10,c,12,200,0.005397,8096,5169152,2,1
strassen,16,densa,D10,c,13,200,0.005372,8096,5169152,2,1
strassen,16,densa,D10,c,14,200,0.0053855,8096,5169152,2,1
strassen,16,densa,D10,c,15,200,0.0053765,8096,5169152,2,1
naive,16,diagonal,D0,a,1,200,0.0012525,2048,5169152,2,1
naive,16,diagonal,D0,a,2,200,0.001251,2048,5169152,2,1
naive,16,diagonal,D0,a,3,200,0.001269,2048,5169152,2,1
naive,16,diagonal,D0,a,4,200,0.00125,2048,5169152,2,1
naive,16,diagonal,D0,a,5,200,0.0012495,2048,5169152,2,1
naive,16,diagonal,D0,a,6,200,0.0012505,2048,5169152,2,1
naive,16,diagonal,D0,a,7,200,0.001251,2048,5169152,2,1
naive,16,diagonal,D0,a,8,200,0.0013465,2048,5169152,2,1
naive,16,diagonal,D0,a,9,200,0.001264,2048,5169152,2,1
naive,16,diagonal,D0,a,10,200,0.0012595,2048,5169152,2,1
naive,16,diagonal,D0,a,11,200,0.001246,2048,5169152,2,1
naive,16,diagonal,D0,a,12,200,0.001244,2048,5169152,2,1
naive,16,diagonal,D0,a,13,200,0.001244,2048,5169152,2,1
naive,16,diagonal,D0,a,14,200,0.001245,2048,5169152,2,1
naive,16,diagonal,D0,a,15,200,0.001245,2048,5169152,2,1
strassen,16,diagonal,D0,a,1,200,0.0054075,8096,5169152,2,1
strassen,16,diagonal,D0,a,2,200,0.005394,8096,5169152,2,1
strassen,16,diagonal,D0,a,3,200,0.005375,8096,5169152,2,1
strassen,16,diagonal,D0,a,4,200,0.0053845,8096,5169152,2,1
strassen,16,diagonal,D0,a,5,200,0.0053505,8096,5169152,2,1
strassen,16,diagonal,D0,a,6,200,0.0053835,8096,5169152,2,1
strassen,16,diagonal,D0,a,7,200,0.0053785,8096,5169152,2,1
strassen,16,diagonal,D0,a,8,200,0.0053865,8096,5169152,2,1
strassen,16,diagonal,D0,a,9,200,0.005383,8096,5169152,2,1
strassen,16,diagonal,D0,a,10,200,0.0053775,8096,5169152,2,1
strassen,16,diagonal,D0,a,11,200,0.0053835,8096,5169152,2,1
strassen,16,diagonal,D0,a,12,200,0.005376,8096,5169152,2,1
strassen,16,diagonal,D0,a,13,200,0.0054175,8096,5169152,2,1
strassen,16,diagonal,D0,a,14,200,0.005415,8096,5169152,2,1
strassen,16,diagonal,D0,a,15,200,0.005391,8096,5169152,2,1
naive,16,diagonal,D0,b,1,200,0.001251,2048,5173248,2,1
naive,16,diagonal,D0,b,2,200,0.001251,2048,5173248,2,1
naive,16,diagonal,D0,b,3,200,0.001266,2048,5173248,2,1
naive,16,diagonal,D0,b,4,200,0.00125,2048,5173248,2,1
naive,16,diagonal,D0,b,5,200,0.001251,2048,5173248,2,1
naive,16,diagonal,D0,b,6,200,0.00125,2048,5173248,2,1
naive,16,diagonal,D0,b,7,200,0.001249,2048,5173248,2,1
naive,16,diagonal,D0,b,8,200,0.00125,2048,5173248,2,1
naive,16,diagonal,D0,b,9,200,0.0013135,2048,5173248,2,1
naive,16,diagonal,D0,b,10,200,0.001249,2048,5173248,2,1
naive,16,diagonal,D0,b,11,200,0.001259,2048,5173248,2,1
naive,16,diagonal,D0,b,12,200,0.001249,2048,5173248,2,1
naive,16,diagonal,D0,b,13,200,0.0012485,2048,5173248,2,1
naive,16,diagonal,D0,b,14,200,0.001248,2048,5173248,2,1
naive,16,diagonal,D0,b,15,200,0.0012495,2048,5173248,2,1
strassen,16,diagonal,D0,b,1,200,0.005392,8096,5173248,2,1
strassen,16,diagonal,D0,b,2,200,0.00538,8096,5173248,2,1
strassen,16,diagonal,D0,b,3,200,0.0053815,8096,5173248,2,1
strassen,16,diagonal,D0,b,4,200,0.0053725,8096,5173248,2,1
strassen,16,diagonal,D0,b,5,200,0.0054025,8096,5173248,2,1
strassen,16,diagonal,D0,b,6,200,0.0053515,8096,5173248,2,1
strassen,16,diagonal,D0,b,7,200,0.0053665,8096,5173248,2,1
strassen,16,diagonal,D0,b,8,200,0.005389,8096,5173248,2,1
strassen,16,diagonal,D0,b,9,200,0.0057085,8096,5173248,2,1
strassen,16,diagonal,D0,b,10,200,0.0054,8096,5173248,2,1
strassen,16,diagonal,D0,b,11,200,0.005381,8096,5173248,2,1
strassen,16,diagonal,D0,b,12,200,0.005367,8096,5173248,2,1
strassen,16,diagonal,D0,b,13,200,0.00542,8096,5173248,2,1
strassen,16,diagonal,D0,b,14,200,0.005378,8096,5173248,2,1
strassen,16,diagonal,D0,b,15,200,0.0053895,8096,5173248,2,1
naive,16,diagonal,D0,c,1,200,0.0012485,2048,5173248,2,1
naive,16,diagonal,D0,c,2,200,0.001248,2048,5173248,2,1
naive,16,diagonal,D0,c,3,200,0.001248,2048,5173248,2,1
naive,16,diagonal,D0,c,4,200,0.001249,2048,5173248,2,1
naive,16,diagonal,D0,c,5,200,0.001269,2048,5173248,2,1
naive,16,diagonal,D0,c,6,200,0.001249,2048,5173248,2,1
naive,16,diagonal,D0,c,7,200,0.0012485,2048,5173248,2,1
naive,16,diagonal,D0,c,8,200,0.001249,2048,5173248,2,1
naive,16,diagonal,D0,c,9,200,0.0012485,2048,5173248,2,1
naive,16,diagonal,D0,c,10,200,0.0012495,2048,5173248,2,1
naive,16,diagonal,D0,c,11,200,0.0012495,2048,5173248,2,1
naive,16,diagonal,D0,c,12,200,0.0012645,2048,5173248,2,1
naive,16,diagonal,D0,c,13,200,0.0012515,2048,5173248,2,1
naive,16,diagonal,D0,c,14,200,0.0012445,2048,5173248,2,1
naive,16,diagonal,D0,c,15,200,0.001241,2048,5173248,2,1
strassen,16,diagonal,D0,c,1,200,0.0053495,8096,5173248,2,1
strassen,16,diagonal,D0,c,2,200,0.0053645,8096,5173248,2,1
strassen,16,diagonal,D0,c,3,200,0.005361,8096,5173248,2,1
strassen,16,diagonal,D0,c,4,200,0.0053505,8096,5173248,2,1
strassen,16,diagonal,D0,c,5,200,0.0053595,8096,5173248,2,1
strassen,16,diagonal,D0,c,6,200,0.005355,8096,5173248,2,1
strassen,16,diagonal,D0,c,7,200,0.0053675,8096,5173248,2,1
strassen,16,diagonal,D0,c,8,200,0.0053975,8096,5173248,2,1
strassen,16,diagonal,D0,c,9,200,0.005386,8096,5173248,2,1
strassen,16,diagonal,D0,c,10,200,0.005384,8096,5173248,2,1
strassen,16,diagonal,D0,c,11,200,0.0053845,8096,5173248,2,1
strassen,16,diagonal,D0,c,12,200,0.005387,8096,5173248,2,1
strassen,16,diagonal,D0,c,13,200,0.0053865,8096,5173248,2,1
strassen,16,diagonal,D0,c,14,200,0.005377,8096,5173248,2,1
strassen,16,diagonal,D0,c,15,200,0.005405,8096,5173248,2,1
naive,16,diagonal,D10,a,1,200,0.0012485,2048,5173248,2,1
naive,16,diagonal,D10,a,2,200,0.001249,2048,5173248,2,1
naive,16,diagonal,D10,a,3,200,0.0012495,2048,5173248,2,1
naive,16,diagonal,D10,a,4,200,0.001249,2048,5173248,2,1
naive,16,diagonal,D10,a,5,200,0.0012485,2048,5173248,2,1
naive,16,diagonal,D10,a,6,200,0.0012675,2048,5173248,2,1
naive,16,diagonal,D10,a,7,200,0.001248,2048,5173248,2,1
naive,16,diagonal,D10,a,8,200,0.001247,2048,5173248,2,1
naive,16,diagonal,D10,a,9,200,0.001248,2048,5173248,2,1
naive,16,diagonal,D10,a,10,200,0.0012485,2048,5173248,2,1
naive,16,diagonal,D10,a,11,200,0.001248,2048,5173248,2,1
naive,16,diagonal,D10,a,12,200,0.0012665,2048,5173248,2,1
naive,16,diagonal,D10,a,13,200,0.001243,2048,5173248,2,1
naive,16,diagonal,D10,a,14,200,0.0012555,2048,5173248,2,1
naive,16,diagonal,D10,a,15,200,0.0012405,2048,5173248,2,1
strassen,16,diagonal,D10,a,1,200,0.0053885,8096,5173248,2,1
strassen,16,diagonal,D10,a,2,200,0.0053845,8096,5173248,2,1
strassen,16,diagonal,D10,a,3,200,0.005394,8096,5173248,2,1
strassen,16,diagonal,D10,a,4,200,0.005374,8096,5173248,2,1
strassen,16,diagonal,D10,a,5,200,0.005358,8096,5173248,2,1
strassen,16,diagonal,D10,a,6,200,0.0053775,8096,5173248,2,1
strassen,16,diagonal,D10,a,7,200,0.0053835,8096,5173248,2,1
strassen,16,diagonal,D10,a,8,200,0.0053755,8096,5173248,2,1
strassen,16,diagonal,D10,a,9,200,0.00539,8096,5173248,2,1
strassen,16,diagonal,D10,a,10,200,0.0053785,8096,5173248,2,1
strassen,16,diagonal,D10,a,11,200,0.0054035,8096,5173248,2,1
strassen,16,diagonal,D10,a,12,200,0.00539,8096,5173248,2,1
strassen,16,diagonal,D10,a,13,200,0.0053705,8096,5173248,2,1
strassen,16,diagonal,D10,a,14,200,0.005389,8096,5173248,2,1
strassen,16,diagonal,D10,a,15,200,0.0062915,8096,5173248,2,1
naive,16,diagonal,D10,b,1,200,0.0013815,2048,5173248,2,1
naive,16,diagonal,D10,b,2,200,0.0012495,2048,5173248,2,1
naive,16,diagonal,D10,b,3,200,0.0012495,2048,5173248,2,1
naive,16,diagonal,D10,b,4,200,0.001248,2048,5173248,2,1
naive,16,diagonal,D10,b,5,200,0.001249,2048,5173248,2,1
naive,16,diagonal,D10,b,6,200,0.001249,2048,5173248,2,1
naive,16,diagonal,D10,b,7,200,0.001249,2048,5173248,2,1
naive,16,diagonal,D10,b,8,200,0.0012675,2048,5173248,2,1
naive,16,diagonal,D10,b,9,200,0.001249,2048,5173248,2,1
naive,16,diagonal,D10,b,10,200,0.0013035,2048,5173248,2,1
naive,16,diagonal,D10,b,11,200,0.001249,2048,5173248,2,1
naive,16,diagonal,D10,b,12,200,0.00125,2048,5173248,2,1
naive,16,diagonal,D10,b,13,200,0.00125,2048,5173248,2,1
naive,16,diagonal,D10,b,14,200,0.00125,2048,5173248,2,1
naive,16,diagonal,D10,b,15,200,0.001251,2048,5173248,2,1
strassen,16,diagonal,D10,b,1,200,0.0054085,8096,5173248,2,1
strassen,16,diagonal,D10,b,2,200,0.0053655,8096,5173248,2,1
strassen,16,diagonal,D10,b,3,200,0.0053565,8096,5173248,2,1
strassen,16,diagonal,D10,b,4,200,0.005365,8096,5173248,2,1
strassen,16,diagonal,D10,b,5,200,0.005355,8096,5173248,2,1
strassen,16,diagonal,D10,b,6,200,0.0053955,8096,5173248,2,1
strassen,16,diagonal,D10,b,7,200,0.0053805,8096,5173248,2,1
strassen,16,diagonal,D10,b,8,200,0.005374,8096,5173248,2,1
strassen,16,diagonal,D10,b,9,200,0.0053865,8096,5173248,2,1
strassen,16,diagonal,D10,b,10,200,0.00537,8096,5173248,2,1
strassen,16,diagonal,D10,b,11,200,0.0053915,8096,5173248,2,1
strassen,16,diagonal,D10,b,12,200,0.0053785,8096,5173248,2,1
strassen,16,diagonal,D10,b,13,200,0.005402,8096,5173248,2,1
strassen,16,diagonal,D10,b,14,200,0.0053885,8096,5173248,2,1
strassen,16,diagonal,D10,b,15,200,0.005374,8096,5173248,2,1
naive,16,diagonal,D10,c,1,200,0.0012515,2048,5173248,2,1
naive,16,diagonal,D10,c,2,200,0.001248,2048,5173248,2,1
naive,16,diagonal,D10,c,3,200,0.0012615,2048,5173248,2,1
naive,16,diagonal,D10,c,4,200,0.0012495,2048,5173248,2,1
naive,16,diagonal,D10,c,5,200,0.0012485,2048,5173248,2,1
naive,16,diagonal,D10,c,6,200,0.0012485,2048,5173248,2,1
naive,16,diagonal,D10,c,7,200,0.00125,2048,5173248,2,1
naive,16,diagonal,D10,c,8,200,0.0012475,2048,5173248,2,1
naive,16,diagonal,D10,c,9,200,0.001256,2048,5173248,2,1
naive,16,diagonal,D10,c,10,200,0.00125,2048,5173248,2,1
naive,16,diagonal,D10,c,11,200,0.001249,2048,5173248,2,1
naive,16,diagonal,D10,c,12,200,0.0012495,2048,5173248,2,1
naive,16,diagonal,D10,c,13,200,0.001247,2048,5173248,2,1
naive,16,diagonal,D10,c,14,200,0.001249,2048,5173248,2,1
naive,16,diagonal,D10,c,15,200,0.001251,2048,5173248,2,1
strassen,16,diagonal,D10,c,1,200,0.0053985,8096,5173248,2,1
strassen,16,diagonal,D10,c,2,200,0.0053615,8096,5173248,2,1
strassen,16,diagonal,D10,c,3,200,0.0053785,8096,5173248,2,1
strassen,16,diagonal,D10,c,4,200,0.0054015,8096,5173248,2,1
strassen,16,diagonal,D10,c,5,200,0.005359,8096,5173248,2,1
strassen,16,diagonal,D10,c,6,200,0.0054045,8096,5173248,2,1
strassen,16,diagonal,D10,c,7,200,0.0053905,8096,5173248,2,1
strassen,16,diagonal,D10,c,8,200,0.0054075,8096,5173248,2,1
strassen,16,diagonal,D10,c,9,200,0.005387,8096,5173248,2,1
strassen,16,diagonal,D10,c,10,200,0.0053735,8096,5173248,2,1
strassen,16,diagonal,D10,c,11,200,0.00539,8096,5173248,2,1
strassen,16,diagonal,D10,c,12,200,0.005375,8096,5173248,2,1
strassen,16,diagonal,D10,c,13,200,0.005385,8096,5173248,2,1
strassen,16,diagonal,D10,c,14,200,0.0054005,8096,5173248,2,1
strassen,16,diagonal,D10,c,15,200,0.0054145,8096,5173248,2,1
naive,16,dispersa,D0,a,1,200,0.0012555,2048,5173248,2,1
naive,16,dispersa,D0,a,2,200,0.001255,2048,5173248,2,1
naive,16,dispersa,D0,a,3,200,0.001273,2048,5173248,2,1
naive,16,dispersa,D0,a,4,200,0.0012465,2048,5173248,2,1
naive,16,dispersa,D0,a,5,200,0.0012635,2048,5173248,2,1
naive,16,dispersa,D0,a,6,200,0.0012455,2048,5173248,2,1
naive,16,dispersa,D0,a,7,200,0.001286,2048,5173248,2,1
naive,16,dispersa,D0,a,8,200,0.001249,2048,5173248,2,1
naive,16,dispersa,D0,a,9,200,0.0012495,2048,5173248,2,1
naive,16,dispersa,D0,a,10,200,0.001248,2048,5173248,2,1
naive,16,dispersa,D0,a,11,200,0.0012495,2048,5173248,2,1
naive,16,dispersa,D0,a,12,200,0.0012505,2048,5173248,2,1
naive,16,dispersa,D0,a,13,200,0.00126,2048,5173248,2,1
naive,16,dispersa,D0,a,14,200,0.001248,2048,5173248,2,1
naive,16,dispersa,D0,a,15,200,0.001247,2048,5173248,2,1
strassen,16,dispersa,D0,a,1,200,0.005379,8096,5173248,2,1
strassen,16,dispersa,D0,a,2,200,0.0053875,8096,5173248,2,1
strassen,16,dispersa,D0,a,3,200,0.005387,8096,5173248,2,1
strassen,16,dispersa,D0,a,4,200,0.005387,8096,5173248,2,1
strassen,16,dispersa,D0,a,5,200,0.005386,8096,5173248,2,1
strassen,16,dispersa,D0,a,6,200,0.0053725,8096,5173248,2,1
strassen,16,dispersa,D0,a,7,200,0.0053955,8096,5173248,2,1
strassen,16,dispersa,D0,a,8,200,0.0072445,8096,5173248,2,1
strassen,16,dispersa,D0,a,9,200,0.005378,8096,5173248,2,1
strassen,16,dispersa,D0,a,10,200,0.0053845,8096,5173248,2,1
strassen,16,dispersa,D0,a,11,200,0.0054075,8096,5173248,2,1
strassen,16,dispersa,D0,a,12,200,0.005413,8096,5173248,2,1
strassen,16,dispersa,D0,a,13,200,0.0054,8096,5173248,2,1
strassen,16,dispersa,D0,a,14,200,0.005413,8096,5173248,2,1
strassen,16,dispersa,D0,a,15,200,0.005417,8096,5173248,2,1
naive,16,dispersa,D0,b,1,200,0.0012735,2048,5173248,2,1
naive,16,dispersa,D0,b,2,200,0.001249,2048,5173248,2,1
naive,16,dispersa,D0,b,3,200,0.001248,2048,5173248,2,1
naive,16,dispersa,D0,b,4,200,0.00125,2048,5173248,2,1
naive,16,dispersa,D0,b,5,200,0.001249,2048,5173248,2,1
naive,16,dispersa,D0,b,6,200,0.0014525,2048,5173248,2,1
naive,16,dispersa,D0,b,7,200,0.001269,2048,5173248,2,1
naive,16,dispersa,D0,b,8,200,0.00125,2048,5173248,2,1
naive,16,dispersa,D0,b,9,200,0.0012505,2048,5173248,2,1
naive,16,dispersa,D0,b,10,200,0.00125,2048,5173248,2,1
naive,16,dispersa,D0,b,11,200,0.001249,2048,5173248,2,1
naive,16,dispersa,D0,b,12,200,0.0012485,2048,5173248,2,1
naive,16,dispersa,D0,b,13,200,0.0012655,2048,5173248,2,1
naive,16,dispersa,D0,b,14,200,0.0012375,2048,5173248,2,1
naive,16,dispersa,D0,b,15,200,0.00125,2048,5173248,2,1
strassen,16,dispersa,D0,b,1,200,0.005384,8096,5173248,2,1
strassen,16,dispersa,D0,b,2,200,0.0053915,8096,5173248,2,1
strassen,16,dispersa,D0,b,3,200,0.005348,8096,5173248,2,1
strassen,16,dispersa,D0,b,4,200,0.005401,8096,5173248,2,1
strassen,16,dispersa,D0,b,5,200,0.0053775,8096,5173248,2,1
strassen,16,dispersa,D0,b,6,200,0.005387,8096,5173248,2,1
strassen,16,dispersa,D0,b,7,200,0.0053885,8096,5173248,2,1
strassen,16,dispersa,D0,b,8,200,0.005375,8096,5173248,2,1
strassen,16,dispersa,D0,b,9,200,0.0054135,8096,5173248,2,1
strassen,16,dispersa,D0,b,10,200,0.005401,8096,5173248,2,1
strassen,16,dispersa,D0,b,11,200,0.005413,8096,5173248,2,1
strassen,16,dispersa,D0,b,12,200,0.005474,8096,5173248,2,1
strassen,16,dispersa,D0,b,13,200,0.0054715,8096,5173248,2,1
strassen,16,dispersa,D0,b,14,200,0.0053975,8096,5173248,2,1
strassen,16,dispersa,D0,b,15,200,0.0053835,8096,5173248,2,1
naive,16,dispersa,D0,c,1,200,0.001249,2048,5173248,2,1
naive,16,dispersa,D0,c,2,200,0.001248,2048,5173248,2,1
naive,16,dispersa,D0,c,3,200,0.0012685,2048,5173248,2,1
naive,16,dispersa,D0,c,4,200,0.0012485,2048,5173248,2,1
naive,16,dispersa,D0,c,5,200,0.00125,2048,5173248,2,1
naive,16,dispersa,D0,c,6,200,0.001251,2048,5173248,2,1
naive,16,dispersa,D0,c,7,200,0.0012505,2048,5173248,2,1
naive,16,dispersa,D0,c,8,200,0.0012485,2048,5173248,2,1
naive,16,dispersa,D0,c,9,200,0.001269,2048,5173248,2,1
naive,16,dispersa,D0,c,10,200,0.001248,2048,5173248,2,1
naive,16,dispersa,D0,c,11,200,0.0012495,2048,5173248,2,1
naive,16,dispersa,D0,c,12,200,0.00125,2048,5173248,2,1
naive,16,dispersa,D0,c,13,200,0.0012485,2048,5173248,2,1
naive,16,dispersa,D0,c,14,200,0.0012495,2048,5173248,2,1
naive,16,dispersa,D0,c,15,200,0.001249,2048,5173248,2,1
strassen,16,dispersa,D0,c,1,200,0.0053885,8096,5173248,2,1
strassen,16,dispersa,D0,c,2,200,0.0053735,8096,5173248,2,1
strassen,16,dispersa,D0,c,3,200,0.0053895,8096,5173248,2,1
strassen,16,dispersa,D0,c,4,200,0.005385,8096,5173248,2,1
strassen,16,dispersa,D0,c,5,200,0.005376,8096,5173248,2,1
strassen,16,dispersa,D0,c,6,200,0.0053915,8096,5173248,2,1
strassen,16,dispersa,D0,c,7,200,0.0054345,8096,5173248,2,1
strassen,16,dispersa,D0,c,8,200,0.005386,8096,5173248,2,1
strassen,16,dispersa,D0,c,9,200,0.005375,8096,5173248,2,1
strassen,16,dispersa,D0,c,10,200,0.005398,8096,5173248,2,1
strassen,16,dispersa,D0,c,11,200,0.005377,8096,5173248,2,1
strassen,16,dispersa,D0,c,12,200,0.005393,8096,5173248,2,1
strassen,16,dispersa,D0,c,13,200,0.0053825,8096,5173248,2,1
strassen,16,dispersa,D0,c,14,200,0.005373,8096,5173248,2,1
strassen,16,dispersa,D0,c,15,200,0.005387,8096,5173248,2,1
naive,16,dispersa,D10,a,1,200,0.0012495,2048,5173248,2,1
naive,16,dispersa,D10,a,2,200,0.0012495,2048,5173248,2,1
naive,16,dispersa,D10,a,3,200,0.0012505,2048,5173248,2,1
naive,16,dispersa,D10,a,4,200,0.001249,2048,5173248,2,1
naive,16,dispersa,D10,a,5,200,0.0012675,2048,5173248,2,1
naive,16,dispersa,D10,a,6,200,0.0012505,2048,5173248,2,1
naive,16,dispersa,D10,a,7,200,0.00125,2048,5173248,2,1
naive,16,dispersa,D10,a,8,200,0.00125,2048,5173248,2,1
naive,16,dispersa,D10,a,9,200,0.0012495,2048,5173248,2,1
naive,16,dispersa,D10,a,10,200,0.0012525,2048,5173248,2,1
naive,16,dispersa,D10,a,11,200,0.00125,2048,5173248,2,1
naive,16,dispersa,D10,a,12,200,0.001262,2048,5173248,2,1
naive,16,dispersa,D10,a,13,200,0.0012505,2048,5173248,2,1
naive,16,dispersa,D10,a,14,200,0.0012495,2048,5173248,2,1
naive,16,dispersa,D10,a,15,200,0.0012505,2048,5173248,2,1
strassen,16,dispersa,D10,a,1,200,0.0053765,8096,5173248,2,1
strassen,16,dispersa,D10,a,2,200,0.005397,8096,5173248,2,1
strassen,16,dispersa,D10,a,3,200,0.005458,8096,5173248,2,1
strassen,16,dispersa,D10,a,4,200,0.005375,8096,5173248,2,1
strassen,16,dispersa,D10,a,5,200,0.0054035,8096,5173248,2,1
strassen,16,dispersa,D10,a,6,200,0.0053765,8096,5173248,2,1
strassen,16,dispersa,D10,a,7,200,0.005391,8096,5173248,2,1
strassen,16,dispersa,D10,a,8,200,0.005402,8096,5173248,2,1
strassen,16,dispersa,D10,a,9,200,0.0053505,8096,5173248,2,1
strassen,16,dispersa,D10,a,10,200,0.0053945,8096,5173248,2,1
strassen,16,dispersa,D10,a,11,200,0.005372,8096,5173248,2,1
strassen,16,dispersa,D10,a,12,200,0.0053835,8096,5173248,2,1
strassen,16,dispersa,D10,a,13,200,0.0053735,8096,5173248,2,1
strassen,16,dispersa,D10,a,14,200,0.00539,8096,5173248,2,1
strassen,16,dispersa,D10,a,15,200,0.0053815,8096,5173248,2,1
naive,16,dispersa,D10,b,1,200,0.0012685,2048,5173248,2,1
naive,16,dispersa,D10,b,2,200,0.0012455,2048,5173248,2,1
naive,16,dispersa,D10,b,3,200,0.001243,2048,5173248,2,1
naive,16,dispersa,D10,b,4,200,0.001291,2048,5173248,2,1
naive,16,dispersa,D10,b,5,200,0.0012445,2048,5173248,2,1
naive,16,dispersa,D10,b,6,200,0.001259,2048,5173248,2,1
naive,16,dispersa,D10,b,7,200,0.001242,2048,5173248,2,1
naive,16,dispersa,D10,b,8,200,0.0012415,2048,5173248,2,1
naive,16,dispersa,D10,b,9,200,0.001242,2048,5173248,2,1
naive,16,dispersa,D10,b,10,200,0.0012415,2048,5173248,2,1
naive,16,dispersa,D10,b,11,200,0.001241,2048,5173248,2,1
naive,16,dispersa,D10,b,12,200,0.00124,2048,5173248,2,1
naive,16,dispersa,D10,b,13,200,0.0012425,2048,5173248,2,1
naive,16,dispersa,D10,b,14,200,0.001256,2048,5173248,2,1
naive,16,dispersa,D10,b,15,200,0.001242,2048,5173248,2,1
strassen,16,dispersa,D10,b,1,200,0.005431,8096,5173248,2,1
strassen,16,dispersa,D10,b,2,200,0.0053715,8096,5173248,2,1
strassen,16,dispersa,D10,b,3,200,0.0053515,8096,5173248,2,1
strassen,16,dispersa,D10,b,4,200,0.0053645,8096,5173248,2,1
strassen,16,dispersa,D10,b,5,200,0.005366,8096,5173248,2,1
strassen,16,dispersa,D10,b,6,200,0.005357,8096,5173248,2,1
strassen,16,dispersa,D10,b,7,200,0.0053845,8096,5173248,2,1
strassen,16,dispersa,D10,b,8,200,0.0053735,8096,5173248,2,1
strassen,16,dispersa,D10,b,9,200,0.0053915,8096,5173248,2,1
strassen,16,dispersa,D10,b,10,200,0.0053755,8096,5173248,2,1
strassen,16,dispersa,D10,b,11,200,0.005387,8096,5173248,2,1
strassen,16,dispersa,D10,b,12,200,0.0054215,8096,5173248,2,1
strassen,16,dispersa,D10,b,13,200,0.0053605,8096,5173248,2,1
strassen,16,dispersa,D10,b,14,200,0.0054005,8096,5173248,2,1
strassen,16,dispersa,D10,b,15,200,0.0053715,8096,5173248,2,1
naive,16,dispersa,D10,c,1,200,0.0012495,2048,5173248,2,1
naive,16,dispersa,D10,c,2,200,0.0013105,2048,5173248,2,1
naive,16,dispersa,D10,c,3,200,0.0019215,2048,5173248,2,1
naive,16,dispersa,D10,c,4,200,0.001888,2048,5173248,2,1
naive,16,dispersa,D10,c,5,200,0.001869,2048,5173248,2,1
naive,16,dispersa,D10,c,6,200,0.0018775,2048,5173248,2,1
naive,16,dispersa,D10,c,7,200,0.00158,2048,5173248,2,1
naive,16,dispersa,D10,c,8,200,0.001242,2048,5173248,2,1
naive,16,dispersa,D10,c,9,200,0.00123,2048,5173248,2,1
naive,16,dispersa,D10,c,10,200,0.0012305,2048,5173248,2,1
naive,16,dispersa,D10,c,11,200,0.0012545,2048,5173248,2,1
naive,16,dispersa,D10,c,12,200,0.001237,2048,5173248,2,1
naive,16,dispersa,D10,c,13,200,0.0012345,2048,5173248,2,1
naive,16,dispersa,D10,c,14,200,0.0012355,2048,5173248,2,1
naive,16,dispersa,D10,c,15,200,0.0012355,2048,5173248,2,1
strassen,16,dispersa,D10,c,1,200,0.005345,8096,5173248,2,1
strassen,16,dispersa,D10,c,2,200,0.0053665,8096,5173248,2,1
strassen,16,dispersa,D10,c,3,200,0.0053535,8096,5173248,2,1
strassen,16,dispersa,D10,c,4,200,0.005368,8096,5173248,2,1
strassen,16,dispersa,D10,c,5,200,0.005354,8096,5173248,2,1
strassen,16,dispersa,D10,c,6,200,0.005361,8096,5173248,2,1
strassen,16,dispersa,D10,c,7,200,0.005402,8096,5173248,2,1
strassen,16,dispersa,D10,c,8,200,0.0053635,8096,5173248,2,1
strassen,16,dispersa,D10,c,9,200,0.005363,8096,5173248,2,1
strassen,16,dispersa,D10,c,10,200,0.00535,8096,5173248,2,1
strassen,16,dispersa,D10,c,11,200,0.00538,8096,5173248,2,1
strassen,16,dispersa,D10,c,12,200,0.0053755,8096,5173248,2,1
strassen,16,dispersa,D10,c,13,200,0.005387,8096,5173248,2,1
strassen,16,dispersa,D10,c,14,200,0.00539,8096,5173248,2,1
strassen,16,dispersa,D10,c,15,200,0.005361,8096,5173248,2,1
naive,64,densa,D0,a,1,20,0.096185,32768,5308416,2,1
naive,64,densa,D0,a,2,20,0.0956,32768,5308416,2,1
naive,64,densa,D0,a,3,20,0.09469,32768,5308416,2,1
naive,64,densa,D0,a,4,20,0.09566,32768,5308416,2,1
naive,64,densa,D0,a,5,20,0.09565,32768,5308416,2,1
naive,64,densa,D0,a,6,20,0.09562,32768,5308416,2,1
naive,64,densa,D0,a,7,20,0.09582,32768,5308416,2,1
naive,64,densa,D0,a,8,20,0.095125,32768,5308416,2,1
naive,64,densa,D0,a,9,20,0.09512,32768,5308416,2,1
naive,64,densa,D0,a,10,20,0.09574,32768,5308416,2,1
naive,64,densa,D0,a,11,20,0.094445,32768,5308416,2,1
naive,64,densa,D0,a,12,20,0.09517,32768,5308416,2,1
naive,64,densa,D0,a,13,20,0.09517,32768,5308416,2,1
naive,64,densa,D0,a,14,20,0.09525,32768,5308416,2,1
naive,64,densa,D0,a,15,20,0.093425,32768,5308416,2,1
strassen,64,densa,D0,a,1,20,0.29771,130976,5402624,2,1
strassen,64,densa,D0,a,2,20,0.300035,130976,5402624,2,1
strassen,64,densa,D0,a,3,20,0.301395,130976,5402624,2,1
strassen,64,densa,D0,a,4,20,0.30419,130976,5402624,2,1
strassen,64,densa,D0,a,5,20,0.302525,130976,5402624,2,1
strassen,64,densa,D0,a,6,20,0.30263,130976,5402624,2,1
strassen,64,densa,D0,a,7,20,0.303295,130976,5402624,2,1
strassen,64,densa,D0,a,8,20,0.308465,130976,5402624,2,1
strassen,64,densa,D0,a,9,20,0.314475,130976,5402624,2,1
strassen,64,densa,D0,a,10,20,0.30681,130976,5402624,2,1
strassen,64,densa,D0,a,11,20,0.3056,130976,5402624,2,1
strassen,64,densa,D0,a,12,20,0.307645,130976,5402624,2,1
strassen,64,densa,D0,a,13,20,0.311575,130976,5402624,2,1
strassen,64,densa,D0,a,14,20,0.312725,130976,5402624,2,1
strassen,64,densa,D0,a,15,20,0.311485,130976,5402624,2,1
naive,64,densa,D0,b,1,20,0.09787,32768,5431296,2,1
naive,64,densa,D0,b,2,20,0.097195,32768,5431296,2,1
naive,64,densa,D0,b,3,20,0.097895,32768,5431296,2,1
naive,64,densa,D0,b,4,20,0.097045,32768,5431296,2,1
naive,64,densa,D0,b,5,20,0.0968,32768,5431296,2,1
naive,64,densa,D0,b,6,20,0.097175,32768,5431296,2,1
naive,64,densa,D0,b,7,20,0.097055,32768,5431296,2,1
naive,64,densa,D0,b,8,20,0.09805,32768,5431296,2,1
naive,64,densa,D0,b,9,20,0.097045,32768,5431296,2,1
naive,64,densa,D0,b,10,20,0.097695,32768,5431296,2,1
naive,64,densa,D0,b,11,20,0.09714,32768,5431296,2,1
naive,64,densa,D0,b,12,20,0.09708,32768,5431296,2,1
naive,64,densa,D0,b,13,20,0.097065,32768,5431296,2,1
naive,64,densa,D0,b,14,20,0.096745,32768,5431296,2,1
naive,64,densa,D0,b,15,20,0.097345,32768,5431296,2,1
strassen,64,densa,D0,b,1,20,0.3048,130976,5431296,2,1
strassen,64,densa,D0,b,2,20,0.305505,130976,5431296,2,1
strassen,64,densa,D0,b,3,20,0.30608,130976,5431296,2,1
strassen,64,densa,D0,b,4,20,0.30566,130976,5431296,2,1
strassen,64,densa,D0,b,5,20,0.30866,130976,5431296,2,1
strassen,64,densa,D0,b,6,20,0.307725,130976,5431296,2,1
strassen,64,densa,D0,b,7,20,0.31116,130976,5431296,2,1
strassen,64,densa,D0,b,8,20,0.30982,130976,5431296,2,1
strassen,64,densa,D0,b,9,20,0.30439,130976,5431296,2,1
strassen,64,densa,D0,b,10,20,0.304775,130976,5431296,2,1
strassen,64,densa,D0,b,11,20,0.30471,130976,5431296,2,1
strassen,64,densa,D0,b,12,20,0.303335,130976,5431296,2,1
strassen,64,densa,D0,b,13,20,0.302045,130976,5431296,2,1
strassen,64,densa,D0,b,14,20,0.30336,130976,5431296,2,1
strassen,64,densa,D0,b,15,20,0.300705,130976,5431296,2,1
naive,64,densa,D0,c,1,20,0.096795,32768,5431296,2,1
naive,64,densa,D0,c,2,20,0.096805,32768,5431296,2,1
naive,64,densa,D0,c,3,20,0.096185,32768,5431296,2,1
naive,64,densa,D0,c,4,20,0.096085,32768,5431296,2,1
naive,64,densa,D0,c,5,20,0.09604,32768,5431296,2,1
naive,64,densa,D0,c,6,20,0.096165,32768,5431296,2,1
naive,64,densa,D0,c,7,20,0.09599,32768,5431296,2,1
naive,64,densa,D0,c,8,20,0.09587,32768,5431296,2,1
naive,64,densa,D0,c,9,20,0.0957,32768,5431296,2,1
naive,64,densa,D0,c,10,20,0.095675,32768,5431296,2,1
naive,64,densa,D0,c,11,20,0.09567,32768,5431296,2,1
naive,64,densa,D0,c,12,20,0.09552,32768,5431296,2,1
naive,64,densa,D0,c,13,20,0.095575,32768,5431296,2,1
naive,64,densa,D0,c,14,20,0.09555,32768,5431296,2,1
naive,64,densa,D0,c,15,20,0.0956,32768,5431296,2,1
strassen,64,densa,D0,c,1,20,0.29997,130976,5431296,2,1
strassen,64,densa,D0,c,2,20,0.30314,130976,5431296,2,1
strassen,64,densa,D0,c,3,20,0.31236,130976,5431296,2,1
strassen,64,densa,D0,c,4,20,0.30521,130976,5431296,2,1
strassen,64,densa,D0,c,5,20,0.306655,130976,5431296,2,1
strassen,64,densa,D0,c,6,20,0.304575,130976,5431296,2,1
strassen,64,densa,D0,c,7,20,0.304745,130976,5431296,2,1
strassen,64,densa,D0,c,8,20,0.306195,130976,5431296,2,1
strassen,64,densa,D0,c,9,20,0.30707,130976,5431296,2,1
strassen,64,densa,D0,c,10,20,0.31294,130976,5431296,2,1
strassen,64,densa,D0,c,11,20,0.302775,130976,5431296,2,1
strassen,64,densa,D0,c,12,20,0.303335,130976,5431296,2,1
strassen,64,densa,D0,c,13,20,0.30319,130976,5431296,2,1
strassen,64,densa,D0,c,14,20,0.302085,130976,5431296,2,1
strassen,64,densa,D0,c,15,20,0.30241,130976,5431296,2,1
naive,64,densa,D10,a,1,20,0.095325,32768,5431296,2,1
naive,64,densa,D10,a,2,20,0.09613,32768,5431296,2,1
naive,64,densa,D10,a,3,20,0.096095,32768,5431296,2,1
naive,64,densa,D10,a,4,20,0.096135,32768,5431296,2,1
naive,64,densa,D10,a,5,20,0.094475,32768,5431296,2,1
naive,64,densa,D10,a,6,20,0.092475,32768,5431296,2,1
naive,64,densa,D10,a,7,20,0.09562,32768,5431296,2,1
naive,64,densa,D10,a,8,20,0.095565,32768,5431296,2,1
naive,64,densa,D10,a,9,20,0.09515,32768,5431296,2,1
naive,64,densa,D10,a,10,20,0.094005,32768,5431296,2,1
naive,64,densa,D10,a,11,20,0.092035,32768,5431296,2,1
naive,64,densa,D10,a,12,20,0.095655,32768,5431296,2,1
naive,64,densa,D10,a,13,20,0.09557,32768,5431296,2,1
naive,64,densa,D10,a,14,20,0.09166,32768,5431296,2,1
naive,64,densa,D10,a,15,20,0.095525,32768,5431296,2,1
strassen,64,densa,D10,a,1,20,0.30365,130976,5431296,2,1
strassen,64,densa,D10,a,2,20,0.30403,130976,5431296,2,1
strassen,64,densa,D10,a,3,20,0.30406,130976,5431296,2,1
strassen,64,densa,D10,a,4,20,0.302635,130976,5431296,2,1
strassen,64,densa,D10,a,5,20,0.30282,130976,5431296,2,1
strassen,64,densa,D10,a,6,20,0.335945,130976,5431296,2,1
strassen,64,densa,D10,a,7,20,0.30695,130976,5431296,2,1
strassen,64,densa,D10,a,8,20,0.33826,130976,5431296,2,1
strassen,64,densa,D10,a,9,20,0.35695,130976,5431296,2,1
strassen,64,densa,D10,a,10,20,0.31925,130976,5431296,2,1
strassen,64,densa,D10,a,11,20,0.305985,130976,5431296,2,1
strassen,64,densa,D10,a,12,20,0.306775,130976,5431296,2,1
strassen,64,densa,D10,a,13,20,0.303055,130976,5431296,2,1
strassen,64,densa,D10,a,14,20,0.30182,130976,5431296,2,1
strassen,64,densa,D10,a,15,20,0.30493,130976,5431296,2,1
naive,64,densa,D10,b,1,20,0.09507,32768,5431296,2,1
naive,64,densa,D10,b,2,20,0.096205,32768,5431296,2,1
naive,64,densa,D10,b,3,20,0.096595,32768,5431296,2,1
naive,64,densa,D10,b,4,20,0.09611,32768,5431296,2,1
naive,64,densa,D10,b,5,20,0.09587,32768,5431296,2,1
naive,64,densa,D10,b,6,20,0.09422,32768,5431296,2,1
naive,64,densa,D10,b,7,20,0.09819,32768,5431296,2,1
naive,64,densa,D10,b,8,20,0.09665,32768,5431296,2,1
naive,64,densa,D10,b,9,20,0.095785,32768,5431296,2,1
naive,64,densa,D10,b,10,20,0.095825,32768,5431296,2,1
naive,64,densa,D10,b,11,20,0.09634,32768,5431296,2,1
naive,64,densa,D10,b,12,20,0.096165,32768,5431296,2,1
naive,64,densa,D10,b,13,20,0.095835,32768,5431296,2,1
naive,64,densa,D10,b,14,20,0.09585,32768,5431296,2,1
naive,64,densa,D10,b,15,20,0.09533,32768,5431296,2,1
strassen,64,densa,D10,b,1,20,0.30254,130976,5431296,2,1
strassen,64,densa,D10,b,2,20,0.303385,130976,5431296,2,1
strassen,64,densa,D10,b,3,20,0.30527,130976,5431296,2,1
strassen,64,densa,D10,b,4,20,0.30739,130976,5431296,2,1
strassen,64,densa,D10,b,5,20,0.310825,130976,5431296,2,1
strassen,64,densa,D10,b,6,20,0.31002,130976,5431296,2,1
strassen,64,densa,D10,b,7,20,0.30238,130976,5431296,2,1
strassen,64,densa,D10,b,8,20,0.30465,130976,5431296,2,1
strassen,64,densa,D10,b,9,20,0.30271,130976,5431296,2,1
strassen,64,densa,D10,b,10,20,0.30351,130976,5431296,2,1
strassen,64,densa,D10,b,11,20,0.30514,130976,5431296,2,1
strassen,64,densa,D10,b,12,20,0.302735,130976,5431296,2,1
strassen,64,densa,D10,b,13,20,0.31432,130976,5431296,2,1
strassen,64,densa,D10,b,14,20,0.31296,130976,5431296,2,1
strassen,64,densa,D10,b,15,20,0.308205,130976,5431296,2,1
naive,64,densa,D10,c,1,20,0.093835,32768,5431296,2,1
naive,64,densa,D10,c,2,20,0.097025,32768,5431296,2,1
naive,64,densa,D10,c,3,20,0.097195,32768,5431296,2,1
naive,64,densa,D10,c,4,20,0.09573,32768,5431296,2,1
naive,64,densa,D10,c,5,20,0.0957,32768,5431296,2,1
naive,64,densa,D10,c,6,20,0.09612,32768,5431296,2,1
naive,64,densa,D10,c,7,20,0.09797,32768,5431296,2,1
naive,64,densa,D10,c,8,20,0.10031,32768,5431296,2,1
naive,64,densa,D10,c,9,20,0.12053,32768,5431296,2,1
naive,64,densa,D10,c,10,20,0.101595,32768,5431296,2,1
naive,64,densa,D10,c,11,20,0.09551,32768,5431296,2,1
naive,64,densa,D10,c,12,20,0.09574,32768,5431296,2,1
naive,64,densa,D10,c,13,20,0.096365,32768,5431296,2,1
naive,64,densa,D10,c,14,20,0.09639,32768,5431296,2,1
naive,64,densa,D10,c,15,20,0.096055,32768,5431296,2,1
strassen,64,densa,D10,c,1,20,0.345895,130976,5431296,2,1
strassen,64,densa,D10,c,2,20,0.30466,130976,5431296,2,1
strassen,64,densa,D10,c,3,20,0.30645,130976,5431296,2,1
strassen,64,densa,D10,c,4,20,0.30306,130976,5431296,2,1
strassen,64,densa,D10,c,5,20,0.303395,130976,5431296,2,1
strassen,64,densa,D10,c,6,20,0.304325,130976,5431296,2,1
strassen,64,densa,D10,c,7,20,0.303095,130976,5431296,2,1
strassen,64,densa,D10,c,8,20,0.314955,130976,5431296,2,1
strassen,64,densa,D10,c,9,20,0.30868,130976,5431296,2,1
strassen,64,densa,D10,c,10,20,0.29988,130976,5431296,2,1
strassen,64,densa,D10,c,11,20,0.30056,130976,5431296,2,1
strassen,64,densa,D10,c,12,20,0.30052,130976,5431296,2,1
strassen,64,densa,D10,c,13,20,0.301,130976,5431296,2,1
strassen,64,densa,D10,c,14,20,0.30125,130976,5431296,2,1
strassen,64,densa,D10,c,15,20,0.30142,130976,5431296,2,1
naive,64,diagonal,D0,a,1,20,0.0966,32768,5431296,2,1
naive,64,diagonal,D0,a,2,20,0.096595,32768,5431296,2,1
naive,64,diagonal,D0,a,3,20,0.096095,32768,5431296,2,1
naive,64,diagonal,D0,a,4,20,0.090425,32768,5431296,2,1
naive,64,diagonal,D0,a,5,20,0.09536,32768,5431296,2,1
naive,64,diagonal,D0,a,6,20,0.09513,32768,5431296,2,1
naive,64,diagonal,D0,a,7,20,0.095285,32768,5431296,2,1
naive,64,diagonal,D0,a,8,20,0.09509,32768,5431296,2,1
naive,64,diagonal,D0,a,9,20,0.095205,32768,5431296,2,1
naive,64,diagonal,D0,a,10,20,0.09521,32768,5431296,2,1
naive,64,diagonal,D0,a,11,20,0.094535,32768,5431296,2,1
naive,64,diagonal,D0,a,12,20,0.095285,32768,5431296,2,1
naive,64,diagonal,D0,a,13,20,0.09537,32768,5431296,2,1
naive,64,diagonal,D0,a,14,20,0.09515,32768,5431296,2,1
naive,64,diagonal,D0,a,15,20,0.095465,32768,5431296,2,1
strassen,64,diagonal,D0,a,1,20,0.30318,130976,5431296,2,1
strassen,64,diagonal,D0,a,2,20,0.319615,130976,5431296,2,1
strassen,64,diagonal,D0,a,3,20,0.323585,130976,5431296,2,1
strassen,64,diagonal,D0,a,4,20,0.31522,130976,5431296,2,1
strassen,64,diagonal,D0,a,5,20,0.304135,130976,5431296,2,1
strassen,64,diagonal,D0,a,6,20,0.304085,130976,5431296,2,1
strassen,64,diagonal,D0,a,7,20,0.302975,130976,5431296,2,1
strassen,64,diagonal,D0,a,8,20,0.30267,130976,5431296,2,1
strassen,64,diagonal,D0,a,9,20,0.31469,130976,5431296,2,1
strassen,64,diagonal,D0,a,10,20,0.30933,130976,5431296,2,1
strassen,64,diagonal,D0,a,11,20,0.30284,130976,5431296,2,1
strassen,64,diagonal,D0,a,12,20,0.318105,130976,5431296,2,1
strassen,64,diagonal,D0,a,13,20,0.302895,130976,5431296,2,1
strassen,64,diagonal,D0,a,14,20,0.305765,130976,5431296,2,1
strassen,64,diagonal,D0,a,15,20,0.304655,130976,5431296,2,1
naive,64,diagonal,D0,b,1,20,0.10131,32768,5431296,2,1
naive,64,diagonal,D0,b,2,20,0.096155,32768,5431296,2,1
naive,64,diagonal,D0,b,3,20,0.096075,32768,5431296,2,1
naive,64,diagonal,D0,b,4,20,0.09627,32768,5431296,2,1
naive,64,diagonal,D0,b,5,20,0.093695,32768,5431296,2,1
naive,64,diagonal,D0,b,6,20,0.093885,32768,5431296,2,1
naive,64,diagonal,D0,b,7,20,0.09562,32768,5431296,2,1
naive,64,diagonal,D0,b,8,20,0.095555,32768,5431296,2,1
naive,64,diagonal,D0,b,9,20,0.095645,32768,5431296,2,1
naive,64,diagonal,D0,b,10,20,0.09549,32768,5431296,2,1
naive,64,diagonal,D0,b,11,20,0.09565,32768,5431296,2,1
naive,64,diagonal,D0,b,12,20,0.094655,32768,5431296,2,1
naive,64,diagonal,D0,b,13,20,0.09893,32768,5431296,2,1
naive,64,diagonal,D0,b,14,20,0.117365,32768,5431296,2,1
naive,64,diagonal,D0,b,15,20,0.095905,32768,5431296,2,1
strassen,64,diagonal,D0,b,1,20,0.308505,130976,5431296,2,1
strassen,64,diagonal,D0,b,2,20,0.304315,130976,5431296,2,1
strassen,64,diagonal,D0,b,3,20,0.302155,130976,5431296,2,1
strassen,64,diagonal,D0,b,4,20,0.302535,130976,5431296,2,1
strassen,64,diagonal,D0,b,5,20,0.303945,130976,5431296,2,1
strassen,64,diagonal,D0,b,6,20,0.30176,130976,5431296,2,1
strassen,64,diagonal,D0,b,7,20,0.30902,130976,5431296,2,1
strassen,64,diagonal,D0,b,8,20,0.30886,130976,5431296,2,1
strassen,64,diagonal,D0,b,9,20,0.31165,130976,5431296,2,1
strassen,64,diagonal,D0,b,10,20,0.30131,130976,5431296,2,1
strassen,64,diagonal,D0,b,11,20,0.301265,130976,5431296,2,1
strassen,64,diagonal,D0,b,12,20,0.302595,130976,5431296,2,1
strassen,64,diagonal,D0,b,13,20,0.30214,130976,5431296,2,1
strassen,64,diagonal,D0,b,14,20,0.30229,130976,5431296,2,1
strassen,64,diagonal,D0,b,15,20,0.30574,130976,5431296,2,1
naive,64,diagonal,D0,c,1,20,0.0968,32768,5431296,2,1
naive,64,diagonal,D0,c,2,20,0.092155,32768,5431296,2,1
naive,64,diagonal,D0,c,3,20,0.096165,32768,5431296,2,1
naive,64,diagonal,D0,c,4,20,0.096225,32768,5431296,2,1
naive,64,diagonal,D0,c,5,20,0.095875,32768,5431296,2,1
naive,64,diagonal,D0,c,6,20,0.095655,32768,5431296,2,1
naive,64,diagonal,D0,c,7,20,0.09559,32768,5431296,2,1
naive,64,diagonal,D0,c,8,20,0.093205,32768,5431296,2,1
naive,64,diagonal,D0,c,9,20,0.095445,32768,5431296,2,1
naive,64,diagonal,D0,c,10,20,0.09517,32768,5431296,2,1
naive,64,diagonal,D0,c,11,20,0.09532,32768,5431296,2,1
naive,64,diagonal,D0,c,12,20,0.095245,32768,5431296,2,1
naive,64,diagonal,D0,c,13,20,0.095115,32768,5431296,2,1
naive,64,diagonal,D0,c,14,20,0.09528,32768,5431296,2,1
naive,64,diagonal,D0,c,15,20,0.095775,32768,5431296,2,1
strassen,64,diagonal,D0,c,1,20,0.30966,130976,5431296,2,1
strassen,64,diagonal,D0,c,2,20,0.30545,130976,5431296,2,1
strassen,64,diagonal,D0,c,3,20,0.30163,130976,5431296,2,1
strassen,64,diagonal,D0,c,4,20,0.30018,130976,5431296,2,1
strassen,64,diagonal,D0,c,5,20,0.301105,130976,5431296,2,1
strassen,64,diagonal,D0,c,6,20,0.30683,130976,5431296,2,1
strassen,64,diagonal,D0,c,7,20,0.302585,130976,5431296,2,1
strassen,64,diagonal,D0,c,8,20,0.30241,130976,5431296,2,1
strassen,64,diagonal,D0,c,9,20,0.302985,130976,5431296,2,1
strassen,64,diagonal,D0,c,10,20,0.302185,130976,5431296,2,1
strassen,64,diagonal,D0,c,11,20,0.309,130976,5431296,2,1
strassen,64,diagonal,D0,c,12,20,0.309875,130976,5431296,2,1
strassen,64,diagonal,D0,c,13,20,0.31219,130976,5431296,2,1
strassen,64,diagonal,D0,c,14,20,0.30235,130976,5431296,2,1
strassen,64,diagonal,D0,c,15,20,0.302335,130976,5431296,2,1
naive,64,diagonal,D10,a,1,20,0.096665,32768,5431296,2,1
naive,64,diagonal,D10,a,2,20,0.099035,32768,5431296,2,1
naive,64,diagonal,D10,a,3,20,0.09528,32768,5431296,2,1
naive,64,diagonal,D10,a,4,20,0.09566,32768,5431296,2,1
naive,64,diagonal,D10,a,5,20,0.095665,32768,5431296,2,1
naive,64,diagonal,D10,a,6,20,0.09134,32768,5431296,2,1
naive,64,diagonal,D10,a,7,20,0.095515,32768,5431296,2,1
naive,64,diagonal,D10,a,8,20,0.09578,32768,5431296,2,1
naive,64,diagonal,D10,a,9,20,0.09564,32768,5431296,2,1
naive,64,diagonal,D10,a,10,20,0.095585,32768,5431296,2,1
naive,64,diagonal,D10,a,11,20,0.09526,32768,5431296,2,1
naive,64,diagonal,D10,a,12,20,0.09132,32768,5431296,2,1
naive,64,diagonal,D10,a,13,20,0.095525,32768,5431296,2,1
naive,64,diagonal,D10,a,14,20,0.095545,32768,5431296,2,1
naive,64,diagonal,D10,a,15,20,0.095575,32768,5431296,2,1
strassen,64,diagonal,D10,a,1,20,0.30565,130976,5431296,2,1
strassen,64,diagonal,D10,a,2,20,0.302615,130976,5431296,2,1
strassen,64,diagonal,D10,a,3,20,0.30344,130976,5431296,2,1
strassen,64,diagonal,D10,a,4,20,0.31175,130976,5431296,2,1
strassen,64,diagonal,D10,a,5,20,0.30996,130976,5431296,2,1
strassen,64,diagonal,D10,a,6,20,0.31087,130976,5431296,2,1
strassen,64,diagonal,D10,a,7,20,0.30265,130976,5431296,2,1
strassen,64,diagonal,D10,a,8,20,0.30261,130976,5431296,2,1
strassen,64,diagonal,D10,a,9,20,0.311155,130976,5431296,2,1
strassen,64,diagonal,D10,a,10,20,0.30306,130976,5431296,2,1
strassen,64,diagonal,D10,a,11,20,0.30346,130976,5431296,2,1
strassen,64,diagonal,D10,a,12,20,0.304445,130976,5431296,2,1
strassen,64,diagonal,D10,a,13,20,0.310565,130976,5431296,2,1
strassen,64,diagonal,D10,a,14,20,0.313995,130976,5431296,2,1
strassen,64,diagonal,D10,a,15,20,0.302585,130976,5431296,2,1
naive,64,diagonal,D10,b,1,20,0.094315,32768,5431296,2,1
naive,64,diagonal,D10,b,2,20,0.0943,32768,5431296,2,1
naive,64,diagonal,D10,b,3,20,0.096145,32768,5431296,2,1
naive,64,diagonal,D10,b,4,20,0.09382,32768,5431296,2,1
naive,64,diagonal,D10,b,5,20,0.092475,32768,5431296,2,1
naive,64,diagonal,D10,b,6,20,0.09601,32768,5431296,2,1
naive,64,diagonal,D10,b,7,20,0.09563,32768,5431296,2,1
naive,64,diagonal,D10,b,8,20,0.095365,32768,5431296,2,1
naive,64,diagonal,D10,b,9,20,0.095675,32768,5431296,2,1
naive,64,diagonal,D10,b,10,20,0.093045,32768,5431296,2,1
naive,64,diagonal,D10,b,11,20,0.09578,32768,5431296,2,1
naive,64,diagonal,D10,b,12,20,0.094415,32768,5431296,2,1
naive,64,diagonal,D10,b,13,20,0.095545,32768,5431296,2,1
naive,64,diagonal,D10,b,14,20,0.09521,32768,5431296,2,1
naive,64,diagonal,D10,b,15,20,0.095235,32768,5431296,2,1
strassen,64,diagonal,D10,b,1,20,0.301905,130976,5431296,2,1
strassen,64,diagonal,D10,b,2,20,0.302965,130976,5431296,2,1
strassen,64,diagonal,D10,b,3,20,0.303255,130976,5431296,2,1
strassen,64,diagonal,D10,b,4,20,0.303815,130976,5431296,2,1
strassen,64,diagonal,D10,b,5,20,0.30402,130976,5431296,2,1
strassen,64,diagonal,D10,b,6,20,0.311085,130976,5431296,2,1
strassen,64,diagonal,D10,b,7,20,0.32121,130976,5431296,2,1
strassen,64,diagonal,D10,b,8,20,0.302985,130976,5431296,2,1
strassen,64,diagonal,D10,b,9,20,0.30349,130976,5431296,2,1
strassen,64,diagonal,D10,b,10,20,0.303665,130976,5431296,2,1
strassen,64,diagonal,D10,b,11,20,0.3031,130976,5431296,2,1
strassen,64,diagonal,D10,b,12,20,0.30216,130976,5431296,2,1
strassen,64,diagonal,D10,b,13,20,0.304905,130976,5431296,2,1
strassen,64,diagonal,D10,b,14,20,0.30699,130976,5431296,2,1
strassen,64,diagonal,D10,b,15,20,0.313955,130976,5431296,2,1
naive,64,diagonal,D10,c,1,20,0.09621,32768,5431296,2,1
naive,64,diagonal,D10,c,2,20,0.096085,32768,5431296,2,1
naive,64,diagonal,D10,c,3,20,0.096085,32768,5431296,2,1
naive,64,diagonal,D10,c,4,20,0.09619,32768,5431296,2,1
naive,64,diagonal,D10,c,5,20,0.095935,32768,5431296,2,1
naive,64,diagonal,D10,c,6,20,0.096965,32768,5431296,2,1
naive,64,diagonal,D10,c,7,20,0.095645,32768,5431296,2,1
naive,64,diagonal,D10,c,8,20,0.095615,32768,5431296,2,1
naive,64,diagonal,D10,c,9,20,0.096175,32768,5431296,2,1
naive,64,diagonal,D10,c,10,20,0.09559,32768,5431296,2,1
naive,64,diagonal,D10,c,11,20,0.095555,32768,5431296,2,1
naive,64,diagonal,D10,c,12,20,0.09559,32768,5431296,2,1
naive,64,diagonal,D10,c,13,20,0.095595,32768,5431296,2,1
naive,64,diagonal,D10,c,14,20,0.09508,32768,5431296,2,1
naive,64,diagonal,D10,c,15,20,0.09561,32768,5431296,2,1
strassen,64,diagonal,D10,c,1,20,0.305595,130976,5431296,2,1
strassen,64,diagonal,D10,c,2,20,0.302355,130976,5431296,2,1
strassen,64,diagonal,D10,c,3,20,0.30506,130976,5431296,2,1
strassen,64,diagonal,D10,c,4,20,0.30257,130976,5431296,2,1
strassen,64,diagonal,D10,c,5,20,0.303385,130976,5431296,2,1
strassen,64,diagonal,D10,c,6,20,0.30201,130976,5431296,2,1
strassen,64,diagonal,D10,c,7,20,0.30735,130976,5431296,2,1
strassen,64,diagonal,D10,c,8,20,0.314505,130976,5431296,2,1
strassen,64,diagonal,D10,c,9,20,0.306535,130976,5431296,2,1
strassen,64,diagonal,D10,c,10,20,0.30442,130976,5431296,2,1
strassen,64,diagonal,D10,c,11,20,0.302305,130976,5431296,2,1
strassen,64,diagonal,D10,c,12,20,0.30253,130976,5431296,2,1
strassen,64,diagonal,D10,c,13,20,0.3041,130976,5431296,2,1
strassen,64,diagonal,D10,c,14,20,0.302255,130976,5431296,2,1
strassen,64,diagonal,D10,c,15,20,0.30375,130976,5431296,2,1
naive,64,dispersa,D0,a,1,20,0.096965,32768,5431296,2,1
naive,64,dispersa,D0,a,2,20,0.095685,32768,5431296,2,1
naive,64,dispersa,D0,a,3,20,0.095545,32768,5431296,2,1
naive,64,dispersa,D0,a,4,20,0.09565,32768,5431296,2,1
naive,64,dispersa,D0,a,5,20,0.09556,32768,5431296,2,1
naive,64,dispersa,D0,a,6,20,0.095505,32768,5431296,2,1
naive,64,dispersa,D0,a,7,20,0.0958,32768,5431296,2,1
naive,64,dispersa,D0,a,8,20,0.09577,32768,5431296,2,1
naive,64,dispersa,D0,a,9,20,0.095605,32768,5431296,2,1
naive,64,dispersa,D0,a,10,20,0.095545,32768,5431296,2,1
naive,64,dispersa,D0,a,11,20,0.095555,32768,5431296,2,1
naive,64,dispersa,D0,a,12,20,0.095075,32768,5431296,2,1
naive,64,dispersa,D0,a,13,20,0.09542,32768,5431296,2,1
naive,64,dispersa,D0,a,14,20,0.09581,32768,5431296,2,1
naive,64,dispersa,D0,a,15,20,0.09518,32768,5431296,2,1
strassen,64,dispersa,D0,a,1,20,0.312795,130976,5431296,2,1
strassen,64,dispersa,D0,a,2,20,0.30566,130976,5431296,2,1
strassen,64,dispersa,D0,a,3,20,0.305745,130976,5431296,2,1
strassen,64,dispersa,D0,a,4,20,0.30168,130976,5431296,2,1
strassen,64,dispersa,D0,a,5,20,0.301035,130976,5431296,2,1
strassen,64,dispersa,D0,a,6,20,0.3006,130976,5431296,2,1
strassen,64,dispersa,D0,a,7,20,0.30075,130976,5431296,2,1
strassen,64,dispersa,D0,a,8,20,0.302605,130976,5431296,2,1
strassen,64,dispersa,D0,a,9,20,0.30218,130976,5431296,2,1
strassen,64,dispersa,D0,a,10,20,0.30244,130976,5431296,2,1
strassen,64,dispersa,D0,a,11,20,0.30348,130976,5431296,2,1
strassen,64,dispersa,D0,a,12,20,0.303145,130976,5431296,2,1
strassen,64,dispersa,D0,a,13,20,0.307305,130976,5431296,2,1
strassen,64,dispersa,D0,a,14,20,0.315745,130976,5431296,2,1
strassen,64,dispersa,D0,a,15,20,0.30865,130976,5431296,2,1
naive,64,dispersa,D0,b,1,20,0.09228,32768,5431296,2,1
naive,64,dispersa,D0,b,2,20,0.092155,32768,5431296,2,1
naive,64,dispersa,D0,b,3,20,0.09601,32768,5431296,2,1
naive,64,dispersa,D0,b,4,20,0.09616,32768,5431296,2,1
naive,64,dispersa,D0,b,5,20,0.09564,32768,5431296,2,1
naive,64,dispersa,D0,b,6,20,0.09236,32768,5431296,2,1
naive,64,dispersa,D0,b,7,20,0.095665,32768,5431296,2,1
naive,64,dispersa,D0,b,8,20,0.095525,32768,5431296,2,1
naive,64,dispersa,D0,b,9,20,0.09553,32768,5431296,2,1
naive,64,dispersa,D0,b,10,20,0.095775,32768,5431296,2,1
naive,64,dispersa,D0,b,11,20,0.095785,32768,5431296,2,1
naive,64,dispersa,D0,b,12,20,0.095375,32768,5431296,2,1
naive,64,dispersa,D0,b,13,20,0.09563,32768,5431296,2,1
naive,64,dispersa,D0,b,14,20,0.095265,32768,5431296,2,1
naive,64,dispersa,D0,b,15,20,0.095805,32768,5431296,2,1
strassen,64,dispersa,D0,b,1,20,0.3025,130976,5431296,2,1
strassen,64,dispersa,D0,b,2,20,0.301345,130976,5431296,2,1
strassen,64,dispersa,D0,b,3,20,0.30077,130976,5431296,2,1
strassen,64,dispersa,D0,b,4,20,0.30166,130976,5431296,2,1
strassen,64,dispersa,D0,b,5,20,0.30157,130976,5431296,2,1
strassen,64,dispersa,D0,b,6,20,0.30471,130976,5431296,2,1
strassen,64,dispersa,D0,b,7,20,0.30997,130976,5431296,2,1
strassen,64,dispersa,D0,b,8,20,0.309975,130976,5431296,2,1
strassen,64,dispersa,D0,b,9,20,0.30243,130976,5431296,2,1
strassen,64,dispersa,D0,b,10,20,0.302165,130976,5431296,2,1
strassen,64,dispersa,D0,b,11,20,0.303485,130976,5431296,2,1
strassen,64,dispersa,D0,b,12,20,0.3026,130976,5431296,2,1
strassen,64,dispersa,D0,b,13,20,0.30226,130976,5431296,2,1
strassen,64,dispersa,D0,b,14,20,0.30458,130976,5431296,2,1
strassen,64,dispersa,D0,b,15,20,0.308675,130976,5431296,2,1
naive,64,dispersa,D0,c,1,20,0.09224,32768,5431296,2,1
naive,64,dispersa,D0,c,2,20,0.0962,32768,5431296,2,1
naive,64,dispersa,D0,c,3,20,0.09561,32768,5431296,2,1
naive,64,dispersa,D0,c,4,20,0.09545,32768,5431296,2,1
naive,64,dispersa,D0,c,5,20,0.095695,32768,5431296,2,1
naive,64,dispersa,D0,c,6,20,0.095605,32768,5431296,2,1
naive,64,dispersa,D0,c,7,20,0.095625,32768,5431296,2,1
naive,64,dispersa,D0,c,8,20,0.09611,32768,5431296,2,1
naive,64,dispersa,D0,c,9,20,0.09528,32768,5431296,2,1
naive,64,dispersa,D0,c,10,20,0.095745,32768,5431296,2,1
naive,64,dispersa,D0,c,11,20,0.095615,32768,5431296,2,1
naive,64,dispersa,D0,c,12,20,0.095495,32768,5431296,2,1
naive,64,dispersa,D0,c,13,20,0.095525,32768,5431296,2,1
naive,64,dispersa,D0,c,14,20,0.095205,32768,5431296,2,1
naive,64,dispersa,D0,c,15,20,0.09529,32768,5431296,2,1
strassen,64,dispersa,D0,c,1,20,0.305865,130976,5431296,2,1
strassen,64,dispersa,D0,c,2,20,0.306675,130976,5431296,2,1
strassen,64,dispersa,D0,c,3,20,0.30198,130976,5431296,2,1
strassen,64,dispersa,D0,c,4,20,0.30234,130976,5431296,2,1
strassen,64,dispersa,D0,c,5,20,0.305195,130976,5431296,2,1
strassen,64,dispersa,D0,c,6,20,0.303245,130976,5431296,2,1
strassen,64,dispersa,D0,c,7,20,0.30304,130976,5431296,2,1
strassen,64,dispersa,D0,c,8,20,0.30708,130976,5431296,2,1
strassen,64,dispersa,D0,c,9,20,0.31013,130976,5431296,2,1
strassen,64,dispersa,D0,c,10,20,0.30734,130976,5431296,2,1
strassen,64,dispersa,D0,c,11,20,0.3012,130976,5431296,2,1
strassen,64,dispersa,D0,c,12,20,0.301445,130976,5431296,2,1
strassen,64,dispersa,D0,c,13,20,0.30149,130976,5431296,2,1
strassen,64,dispersa,D0,c,14,20,0.30163,130976,5431296,2,1
strassen,64,dispersa,D0,c,15,20,0.304115,130976,5431296,2,1
naive,64,dispersa,D10,a,1,20,0.09603,32768,5431296,2,1
naive,64,dispersa,D10,a,2,20,0.095665,32768,5431296,2,1
naive,64,dispersa,D10,a,3,20,0.09564,32768,5431296,2,1
naive,64,dispersa,D10,a,4,20,0.09561,32768,5431296,2,1
naive,64,dispersa,D10,a,5,20,0.09559,32768,5431296,2,1
naive,64,dispersa,D10,a,6,20,0.09564,32768,5431296,2,1
naive,64,dispersa,D10,a,7,20,0.102285,32768,5431296,2,1
naive,64,dispersa,D10,a,8,20,0.09908,32768,5431296,2,1
naive,64,dispersa,D10,a,9,20,0.09588,32768,5431296,2,1
naive,64,dispersa,D10,a,10,20,0.09521,32768,5431296,2,1
naive,64,dispersa,D10,a,11,20,0.095795,32768,5431296,2,1
naive,64,dispersa,D10,a,12,20,0.09517,32768,5431296,2,1
naive,64,dispersa,D10,a,13,20,0.09558,32768,5431296,2,1
naive,64,dispersa,D10,a,14,20,0.095525,32768,5431296,2,1
naive,64,dispersa,D10,a,15,20,0.0957,32768,5431296,2,1
strassen,64,dispersa,D10,a,1,20,0.30314,130976,5431296,2,1
strassen,64,dispersa,D10,a,2,20,0.31292,130976,5431296,2,1
strassen,64,dispersa,D10,a,3,20,0.30702,130976,5431296,2,1
strassen,64,dispersa,D10,a,4,20,0.30314,130976,5431296,2,1
strassen,64,dispersa,D10,a,5,20,0.302375,130976,5431296,2,1
strassen,64,dispersa,D10,a,6,20,0.301655,130976,5431296,2,1
strassen,64,dispersa,D10,a,7,20,0.30236,130976,5431296,2,1
strassen,64,dispersa,D10,a,8,20,0.30369,130976,5431296,2,1
strassen,64,dispersa,D10,a,9,20,0.301435,130976,5431296,2,1
strassen,64,dispersa,D10,a,10,20,0.30399,130976,5431296,2,1
strassen,64,dispersa,D10,a,11,20,0.32804,130976,5431296,2,1
strassen,64,dispersa,D10,a,12,20,0.30996,130976,5431296,2,1
strassen,64,dispersa,D10,a,13,20,0.302585,130976,5431296,2,1
strassen,64,dispersa,D10,a,14,20,0.3022,130976,5431296,2,1
strassen,64,dispersa,D10,a,15,20,0.3023,130976,5431296,2,1
naive,64,dispersa,D10,b,1,20,0.09711,32768,5431296,2,1
naive,64,dispersa,D10,b,2,20,0.09609,32768,5431296,2,1
naive,64,dispersa,D10,b,3,20,0.09608,32768,5431296,2,1
naive,64,dispersa,D10,b,4,20,0.096035,32768,5431296,2,1
naive,64,dispersa,D10,b,5,20,0.09607,32768,5431296,2,1
naive,64,dispersa,D10,b,6,20,0.09586,32768,5431296,2,1
naive,64,dispersa,D10,b,7,20,0.09538,32768,5431296,2,1
naive,64,dispersa,D10,b,8,20,0.095735,32768,5431296,2,1
naive,64,dispersa,D10,b,9,20,0.095595,32768,5431296,2,1
naive,64,dispersa,D10,b,10,20,0.096205,32768,5431296,2,1
naive,64,dispersa,D10,b,11,20,0.09613,32768,5431296,2,1
naive,64,dispersa,D10,b,12,20,0.09557,32768,5431296,2,1
naive,64,dispersa,D10,b,13,20,0.0956,32768,5431296,2,1
naive,64,dispersa,D10,b,14,20,0.095675,32768,5431296,2,1
naive,64,dispersa,D10,b,15,20,0.09619,32768,5431296,2,1
strassen,64,dispersa,D10,b,1,20,0.315795,130976,5431296,2,1
strassen,64,dispersa,D10,b,2,20,0.304385,130976,5431296,2,1
strassen,64,dispersa,D10,b,3,20,0.30522,130976,5431296,2,1
strassen,64,dispersa,D10,b,4,20,0.314475,130976,5431296,2,1
strassen,64,dispersa,D10,b,5,20,0.31125,130976,5431296,2,1
strassen,64,dispersa,D10,b,6,20,0.306565,130976,5431296,2,1
strassen,64,dispersa,D10,b,7,20,0.30392,130976,5431296,2,1
strassen,64,dispersa,D10,b,8,20,0.301725,130976,5431296,2,1
strassen,64,dispersa,D10,b,9,20,0.303445,130976,5431296,2,1
strassen,64,dispersa,D10,b,10,20,0.30189,130976,5431296,2,1
strassen,64,dispersa,D10,b,11,20,0.30261,130976,5431296,2,1
strassen,64,dispersa,D10,b,12,20,0.30245,130976,5431296,2,1
strassen,64,dispersa,D10,b,13,20,0.302765,130976,5431296,2,1
strassen,64,dispersa,D10,b,14,20,0.302745,130976,5431296,2,1
strassen,64,dispersa,D10,b,15,20,0.303345,130976,5431296,2,1
naive,64,dispersa,D10,c,1,20,0.093915,32768,5431296,2,1
naive,64,dispersa,D10,c,2,20,0.095535,32768,5431296,2,1
naive,64,dispersa,D10,c,3,20,0.09559,32768,5431296,2,1
naive,64,dispersa,D10,c,4,20,0.09221,32768,5431296,2,1
naive,64,dispersa,D10,c,5,20,0.092575,32768,5431296,2,1
naive,64,dispersa,D10,c,6,20,0.095875,32768,5431296,2,1
naive,64,dispersa,D10,c,7,20,0.09559,32768,5431296,2,1
naive,64,dispersa,D10,c,8,20,0.09552,32768,5431296,2,1
naive,64,dispersa,D10,c,9,20,0.09563,32768,5431296,2,1
naive,64,dispersa,D10,c,10,20,0.09566,32768,5431296,2,1
naive,64,dispersa,D10,c,11,20,0.095565,32768,5431296,2,1
naive,64,dispersa,D10,c,12,20,0.093605,32768,5431296,2,1
naive,64,dispersa,D10,c,13,20,0.091675,32768,5431296,2,1
naive,64,dispersa,D10,c,14,20,0.09393,32768,5431296,2,1
naive,64,dispersa,D10,c,15,20,0.095625,32768,5431296,2,1
strassen,64,dispersa,D10,c,1,20,0.301305,130976,5431296,2,1
strassen,64,dispersa,D10,c,2,20,0.310525,130976,5431296,2,1
strassen,64,dispersa,D10,c,3,20,0.31179,130976,5431296,2,1
strassen,64,dispersa,D10,c,4,20,0.301105,130976,5431296,2,1
strassen,64,dispersa,D10,c,5,20,0.304205,130976,5431296,2,1
strassen,64,dispersa,D10,c,6,20,0.302065,130976,5431296,2,1
strassen,64,dispersa,D10,c,7,20,0.30286,130976,5431296,2,1
strassen,64,dispersa,D10,c,8,20,0.30182,130976,5431296,2,1
strassen,64,dispersa,D10,c,9,20,0.302235,130976,5431296,2,1
strassen,64,dispersa,D10,c,10,20,0.3042,130976,5431296,2,1
strassen,64,dispersa,D10,c,11,20,0.31385,130976,5431296,2,1
strassen,64,dispersa,D10,c,12,20,0.309015,130976,5431296,2,1
strassen,64,dispersa,D10,c,13,20,0.30278,130976,5431296,2,1
strassen,64,dispersa,D10,c,14,20,0.30233,130976,5431296,2,1
strassen,64,dispersa,D10,c,15,20,0.30259,130976,5431296,2,1
naive,256,densa,D0,a,1,3,16.9864,524288,7413760,2,1
naive,256,densa,D0,a,2,3,16.9961,524288,7413760,2,1
naive,256,densa,D0,a,3,3,16.9488,524288,7413760,2,1
naive,256,densa,D0,a,4,3,17.0115,524288,7413760,2,1
naive,256,densa,D0,a,5,3,16.9035,524288,7413760,2,1
naive,256,densa,D0,a,6,3,16.1838,524288,7413760,2,1
naive,256,densa,D0,a,7,3,17.1042,524288,7413760,2,1
strassen,256,densa,D0,a,1,3,14.7832,2097056,8859648,2,1
strassen,256,densa,D0,a,2,3,15.0389,2097056,8859648,2,1
strassen,256,densa,D0,a,3,3,20.1377,2097056,8859648,2,1
strassen,256,densa,D0,a,4,3,27.9519,2097056,8859648,2,1
strassen,256,densa,D0,a,5,3,24.3189,2097056,8859648,2,1
strassen,256,densa,D0,a,6,3,19.962,2097056,8859648,2,1
strassen,256,densa,D0,a,7,3,24.5483,2097056,8859648,2,1
naive,256,densa,D0,b,1,3,14.8221,524288,9383936,2,1
naive,256,densa,D0,b,2,3,14.8087,524288,9383936,2,1
naive,256,densa,D0,b,3,3,15.7804,524288,9383936,2,1
naive,256,densa,D0,b,4,3,14.7989,524288,9383936,2,1
naive,256,densa,D0,b,5,3,15.3651,524288,9383936,2,1
naive,256,densa,D0,b,6,3,14.9727,524288,9383936,2,1
naive,256,densa,D0,b,7,3,14.8517,524288,9383936,2,1
strassen,256,densa,D0,b,1,3,27.4155,2097056,9383936,2,1
strassen,256,densa,D0,b,2,3,26.7742,2097056,9383936,2,1
strassen,256,densa,D0,b,3,3,27.3661,2097056,9383936,2,1
strassen,256,densa,D0,b,4,3,27.32,2097056,9383936,2,1
strassen,256,densa,D0,b,5,3,26.9505,2097056,9383936,2,1
strassen,256,densa,D0,b,6,3,27.4889,2097056,9383936,2,1
strassen,256,densa,D0,b,7,3,25.8901,2097056,9383936,2,1
naive,256,densa,D0,c,1,3,18.0997,524288,9383936,2,1
naive,256,densa,D0,c,2,3,17.1331,524288,9383936,2,1
naive,256,densa,D0,c,3,3,16.768,524288,9383936,2,1
naive,256,densa,D0,c,4,3,15.7656,524288,9383936,2,1
naive,256,densa,D0,c,5,3,14.7999,524288,9383936,2,1
naive,256,densa,D0,c,6,3,14.8381,524288,9383936,2,1
naive,256,densa,D0,c,7,3,14.782,524288,9383936,2,1
strassen,256,densa,D0,c,1,3,27.989,2097056,9383936,2,1
strassen,256,densa,D0,c,2,3,27.2552,2097056,9383936,2,1
strassen,256,densa,D0,c,3,3,26.7524,2097056,9383936,2,1
strassen,256,densa,D0,c,4,3,27.0316,2097056,9383936,2,1
strassen,256,densa,D0,c,5,3,27.4147,2097056,9383936,2,1
strassen,256,densa,D0,c,6,3,26.8813,2097056,9383936,2,1
strassen,256,densa,D0,c,7,3,28.0536,2097056,9383936,2,1
naive,256,densa,D10,a,1,3,14.9374,524288,9388032,2,1
naive,256,densa,D10,a,2,3,14.9675,524288,9388032,2,1
naive,256,densa,D10,a,3,3,14.9696,524288,9388032,2,1
naive,256,densa,D10,a,4,3,14.9929,524288,9388032,2,1
naive,256,densa,D10,a,5,3,14.9106,524288,9388032,2,1
naive,256,densa,D10,a,6,3,14.9756,524288,9388032,2,1
naive,256,densa,D10,a,7,3,14.9963,524288,9388032,2,1
strassen,256,densa,D10,a,1,3,25.4272,2097056,9388032,2,1
strassen,256,densa,D10,a,2,3,27.9794,2097056,9388032,2,1
strassen,256,densa,D10,a,3,3,27.5686,2097056,9388032,2,1
strassen,256,densa,D10,a,4,3,26.9976,2097056,9388032,2,1
strassen,256,densa,D10,a,5,3,27.491,2097056,9388032,2,1
strassen,256,densa,D10,a,6,3,27.5085,2097056,9388032,2,1
strassen,256,densa,D10,a,7,3,25.1477,2097056,9388032,2,1
naive,256,densa,D10,b,1,3,15.3465,524288,9388032,2,1
naive,256,densa,D10,b,2,3,14.7766,524288,9388032,2,1
naive,256,densa,D10,b,3,3,14.7953,524288,9388032,2,1
naive,256,densa,D10,b,4,3,14.825,524288,9388032,2,1
naive,256,densa,D10,b,5,3,14.8463,524288,9388032,2,1
naive,256,densa,D10,b,6,3,14.8691,524288,9388032,2,1
naive,256,densa,D10,b,7,3,14.8819,524288,9388032,2,1
strassen,256,densa,D10,b,1,3,27.9449,2097056,9388032,2,1
strassen,256,densa,D10,b,2,3,18.7231,2097056,9388032,2,1
strassen,256,densa,D10,b,3,3,14.9502,2097056,9388032,2,1
strassen,256,densa,D10,b,4,3,14.9591,2097056,9388032,2,1
strassen,256,densa,D10,b,5,3,25.532,2097056,9388032,2,1
strassen,256,densa,D10,b,6,3,27.821,2097056,9388032,2,1
strassen,256,densa,D10,b,7,3,27.8201,2097056,9388032,2,1
naive,256,densa,D10,c,1,3,14.8339,524288,9388032,2,1
naive,256,densa,D10,c,2,3,14.891,524288,9388032,2,1
naive,256,densa,D10,c,3,3,14.8464,524288,9388032,2,1
naive,256,densa,D10,c,4,3,14.8192,524288,9388032,2,1
naive,256,densa,D10,c,5,3,14.8296,524288,9388032,2,1
naive,256,densa,D10,c,6,3,14.8879,524288,9388032,2,1
naive,256,densa,D10,c,7,3,14.918,524288,9388032,2,1
strassen,256,densa,D10,c,1,3,27.8753,2097056,9388032,2,1
strassen,256,densa,D10,c,2,3,27.8679,2097056,9388032,2,1
strassen,256,densa,D10,c,3,3,27.8715,2097056,9388032,2,1
strassen,256,densa,D10,c,4,3,27.8317,2097056,9388032,2,1
strassen,256,densa,D10,c,5,3,27.8913,2097056,9388032,2,1
strassen,256,densa,D10,c,6,3,22.2906,2097056,9388032,2,1
strassen,256,densa,D10,c,7,3,22.1056,2097056,9388032,2,1
naive,256,diagonal,D0,a,1,3,14.7716,524288,9388032,2,1
naive,256,diagonal,D0,a,2,3,14.6974,524288,9388032,2,1
naive,256,diagonal,D0,a,3,3,14.834,524288,9388032,2,1
naive,256,diagonal,D0,a,4,3,14.7835,524288,9388032,2,1
naive,256,diagonal,D0,a,5,3,14.8508,524288,9388032,2,1
naive,256,diagonal,D0,a,6,3,15.2359,524288,9388032,2,1
naive,256,diagonal,D0,a,7,3,15.0216,524288,9388032,2,1
strassen,256,diagonal,D0,a,1,3,28.2072,2097056,9388032,2,1
strassen,256,diagonal,D0,a,2,3,27.4632,2097056,9388032,2,1
strassen,256,diagonal,D0,a,3,3,28.3958,2097056,9388032,2,1
strassen,256,diagonal,D0,a,4,3,28.5382,2097056,9388032,2,1
strassen,256,diagonal,D0,a,5,3,24.7542,2097056,9388032,2,1
strassen,256,diagonal,D0,a,6,3,27.0748,2097056,9388032,2,1
strassen,256,diagonal,D0,a,7,3,28.2745,2097056,9388032,2,1
naive,256,diagonal,D0,b,1,3,15.0019,524288,9388032,2,1
naive,256,diagonal,D0,b,2,3,15.0722,524288,9388032,2,1
naive,256,diagonal,D0,b,3,3,15.0914,524288,9388032,2,1
naive,256,diagonal,D0,b,4,3,14.6247,524288,9388032,2,1
naive,256,diagonal,D0,b,5,3,14.4919,524288,9388032,2,1
naive,256,diagonal,D0,b,6,3,14.9199,524288,9388032,2,1
naive,256,diagonal,D0,b,7,3,14.9841,524288,9388032,2,1
strassen,256,diagonal,D0,b,1,3,23.4826,2097056,9388032,2,1
strassen,256,diagonal,D0,b,2,3,28.0851,2097056,9388032,2,1
strassen,256,diagonal,D0,b,3,3,28.0288,2097056,9388032,2,1
strassen,256,diagonal,D0,b,4,3,27.9457,2097056,9388032,2,1
strassen,256,diagonal,D0,b,5,3,27.9719,2097056,9388032,2,1
strassen,256,diagonal,D0,b,6,3,27.9587,2097056,9388032,2,1
strassen,256,diagonal,D0,b,7,3,27.946,2097056,9388032,2,1
naive,256,diagonal,D0,c,1,3,14.8486,524288,9388032,2,1
naive,256,diagonal,D0,c,2,3,15.3688,524288,9388032,2,1
naive,256,diagonal,D0,c,3,3,15.5493,524288,9388032,2,1
naive,256,diagonal,D0,c,4,3,14.7545,524288,9388032,2,1
naive,256,diagonal,D0,c,5,3,14.7239,524288,9388032,2,1
naive,256,diagonal,D0,c,6,3,14.494,524288,9388032,2,1
naive,256,diagonal,D0,c,7,3,14.6851,524288,9388032,2,1
strassen,256,diagonal,D0,c,1,3,20.0259,2097056,9388032,2,1
strassen,256,diagonal,D0,c,2,3,27.717,2097056,9388032,2,1
strassen,256,diagonal,D0,c,3,3,27.83,2097056,9388032,2,1
strassen,256,diagonal,D0,c,4,3,25.2977,2097056,9388032,2,1
strassen,256,diagonal,D0,c,5,3,27.3544,2097056,9388032,2,1
strassen,256,diagonal,D0,c,6,3,27.025,2097056,9388032,2,1
strassen,256,diagonal,D0,c,7,3,26.9533,2097056,9388032,2,1
naive,256,diagonal,D10,a,1,3,14.7673,524288,9388032,2,1
naive,256,diagonal,D10,a,2,3,14.9371,524288,9388032,2,1
naive,256,diagonal,D10,a,3,3,14.7061,524288,9388032,2,1
naive,256,diagonal,D10,a,4,3,14.516,524288,9388032,2,1
naive,256,diagonal,D10,a,5,3,14.5084,524288,9388032,2,1
naive,256,diagonal,D10,a,6,3,14.8691,524288,9388032,2,1
naive,256,diagonal,D10,a,7,3,14.4062,524288,9388032,2,1
strassen,256,diagonal,D10,a,1,3,27.6198,2097056,9388032,2,1
strassen,256,diagonal,D10,a,2,3,23.6323,2097056,9388032,2,1
strassen,256,diagonal,D10,a,3,3,15.2074,2097056,9388032,2,1
strassen,256,diagonal,D10,a,4,3,22.8154,2097056,9388032,2,1
strassen,256,diagonal,D10,a,5,3,27.7984,2097056,9388032,2,1
strassen,256,diagonal,D10,a,6,3,27.8419,2097056,9388032,2,1
strassen,256,diagonal,D10,a,7,3,20.963,2097056,9388032,2,1
naive,256,diagonal,D10,b,1,3,15.1437,524288,9388032,2,1
naive,256,diagonal,D10,b,2,3,14.7266,524288,9388032,2,1
naive,256,diagonal,D10,b,3,3,15.4014,524288,9388032,2,1
naive,256,diagonal,D10,b,4,3,16.7447,524288,9388032,2,1
naive,256,diagonal,D10,b,5,3,16.5591,524288,9388032,2,1
naive,256,diagonal,D10,b,6,3,16.5692,524288,9388032,2,1
naive,256,diagonal,D10,b,7,3,16.5503,524288,9388032,2,1
strassen,256,diagonal,D10,b,1,3,15.1559,2097056,9388032,2,1
strassen,256,diagonal,D10,b,2,3,14.9872,2097056,9388032,2,1
strassen,256,diagonal,D10,b,3,3,15.3866,2097056,9388032,2,1
strassen,256,diagonal,D10,b,4,3,14.9616,2097056,9388032,2,1
strassen,256,diagonal,D10,b,5,3,15.031,2097056,9388032,2,1
strassen,256,diagonal,D10,b,6,3,15.0206,2097056,9388032,2,1
strassen,256,diagonal,D10,b,7,3,15.2126,2097056,9388032,2,1
naive,256,diagonal,D10,c,1,3,16.8455,524288,9388032,2,1
naive,256,diagonal,D10,c,2,3,16.7616,524288,9388032,2,1
naive,256,diagonal,D10,c,3,3,16.8916,524288,9388032,2,1
naive,256,diagonal,D10,c,4,3,16.8856,524288,9388032,2,1
naive,256,diagonal,D10,c,5,3,16.7918,524288,9388032,2,1
naive,256,diagonal,D10,c,6,3,16.8077,524288,9388032,2,1
naive,256,diagonal,D10,c,7,3,16.8772,524288,9388032,2,1
strassen,256,diagonal,D10,c,1,3,14.9172,2097056,9388032,2,1
strassen,256,diagonal,D10,c,2,3,15.1048,2097056,9388032,2,1
strassen,256,diagonal,D10,c,3,3,15.1801,2097056,9388032,2,1
strassen,256,diagonal,D10,c,4,3,14.8961,2097056,9388032,2,1
strassen,256,diagonal,D10,c,5,3,14.9556,2097056,9388032,2,1
strassen,256,diagonal,D10,c,6,3,14.886,2097056,9388032,2,1
strassen,256,diagonal,D10,c,7,3,15.0387,2097056,9388032,2,1
naive,256,dispersa,D0,a,1,3,16.7866,524288,9388032,2,1
naive,256,dispersa,D0,a,2,3,16.8836,524288,9388032,2,1
naive,256,dispersa,D0,a,3,3,16.8316,524288,9388032,2,1
naive,256,dispersa,D0,a,4,3,16.7712,524288,9388032,2,1
naive,256,dispersa,D0,a,5,3,16.7372,524288,9388032,2,1
naive,256,dispersa,D0,a,6,3,16.8323,524288,9388032,2,1
naive,256,dispersa,D0,a,7,3,17.0629,524288,9388032,2,1
strassen,256,dispersa,D0,a,1,3,15.5004,2097056,9388032,2,1
strassen,256,dispersa,D0,a,2,3,15.2106,2097056,9388032,2,1
strassen,256,dispersa,D0,a,3,3,16.0859,2097056,9388032,2,1
strassen,256,dispersa,D0,a,4,3,15.6951,2097056,9388032,2,1
strassen,256,dispersa,D0,a,5,3,15.5516,2097056,9388032,2,1
strassen,256,dispersa,D0,a,6,3,16.1773,2097056,9388032,2,1
strassen,256,dispersa,D0,a,7,3,19.1296,2097056,9388032,2,1
naive,256,dispersa,D0,b,1,3,16.8918,524288,9388032,2,1
naive,256,dispersa,D0,b,2,3,16.8193,524288,9388032,2,1
naive,256,dispersa,D0,b,3,3,16.6249,524288,9388032,2,1
naive,256,dispersa,D0,b,4,3,16.7656,524288,9388032,2,1
naive,256,dispersa,D0,b,5,3,16.8152,524288,9388032,2,1
naive,256,dispersa,D0,b,6,3,15.7387,524288,9388032,2,1
naive,256,dispersa,D0,b,7,3,16.7539,524288,9388032,2,1
strassen,256,dispersa,D0,b,1,3,16.7043,2097056,9388032,2,1
strassen,256,dispersa,D0,b,2,3,15.643,2097056,9388032,2,1
strassen,256,dispersa,D0,b,3,3,15.7892,2097056,9388032,2,1
strassen,256,dispersa,D0,b,4,3,15.1048,2097056,9388032,2,1
strassen,256,dispersa,D0,b,5,3,15.5458,2097056,9388032,2,1
strassen,256,dispersa,D0,b,6,3,14.9943,2097056,9388032,2,1
strassen,256,dispersa,D0,b,7,3,14.9922,2097056,9388032,2,1
naive,256,dispersa,D0,c,1,3,16.8843,524288,9388032,2,1
naive,256,dispersa,D0,c,2,3,16.8698,524288,9388032,2,1
naive,256,dispersa,D0,c,3,3,16.8934,524288,9388032,2,1
naive,256,dispersa,D0,c,4,3,16.8653,524288,9388032,2,1
naive,256,dispersa,D0,c,5,3,16.9012,524288,9388032,2,1
naive,256,dispersa,D0,c,6,3,16.88,524288,9388032,2,1
naive,256,dispersa,D0,c,7,3,16.8931,524288,9388032,2,1
strassen,256,dispersa,D0,c,1,3,14.867,2097056,9388032,2,1
strassen,256,dispersa,D0,c,2,3,14.8825,2097056,9388032,2,1
strassen,256,dispersa,D0,c,3,3,14.9854,2097056,9388032,2,1
strassen,256,dispersa,D0,c,4,3,14.9205,2097056,9388032,2,1
strassen,256,dispersa,D0,c,5,3,15.0207,2097056,9388032,2,1
strassen,256,dispersa,D0,c,6,3,14.9393,2097056,9388032,2,1
strassen,256,dispersa,D0,c,7,3,14.9697,2097056,9388032,2,1
naive,256,dispersa,D10,a,1,3,16.6924,524288,9388032,2,1
naive,256,dispersa,D10,a,2,3,16.857,524288,9388032,2,1
naive,256,dispersa,D10,a,3,3,16.7516,524288,9388032,2,1
naive,256,dispersa,D10,a,4,3,16.7646,524288,9388032,2,1
naive,256,dispersa,D10,a,5,3,16.8304,524288,9388032,2,1
naive,256,dispersa,D10,a,6,3,16.8157,524288,9388032,2,1
naive,256,dispersa,D10,a,7,3,17.0486,524288,9388032,2,1
strassen,256,dispersa,D10,a,1,3,14.9426,2097056,9388032,2,1
strassen,256,dispersa,D10,a,2,3,14.9019,2097056,9388032,2,1
strassen,256,dispersa,D10,a,3,3,14.9323,2097056,9388032,2,1
strassen,256,dispersa,D10,a,4,3,15.1126,2097056,9388032,2,1
strassen,256,dispersa,D10,a,5,3,15.2602,2097056,9388032,2,1
strassen,256,dispersa,D10,a,6,3,15.1389,2097056,9388032,2,1
strassen,256,dispersa,D10,a,7,3,15.1003,2097056,9388032,2,1
naive,256,dispersa,D10,b,1,3,16.205,524288,9388032,2,1
naive,256,dispersa,D10,b,2,3,16.4482,524288,9388032,2,1
naive,256,dispersa,D10,b,3,3,16.7832,524288,9388032,2,1
naive,256,dispersa,D10,b,4,3,16.8869,524288,9388032,2,1
naive,256,dispersa,D10,b,5,3,16.8189,524288,9388032,2,1
naive,256,dispersa,D10,b,6,3,16.8463,524288,9388032,2,1
naive,256,dispersa,D10,b,7,3,16.8153,524288,9388032,2,1
strassen,256,dispersa,D10,b,1,3,16.2923,2097056,9388032,2,1
strassen,256,dispersa,D10,b,2,3,15.2249,2097056,9388032,2,1
strassen,256,dispersa,D10,b,3,3,15.2631,2097056,9388032,2,1
strassen,256,dispersa,D10,b,4,3,15.834,2097056,9388032,2,1
strassen,256,dispersa,D10,b,5,3,16.2482,2097056,9388032,2,1
strassen,256,dispersa,D10,b,6,3,15.4624,2097056,9388032,2,1
strassen,256,dispersa,D10,b,7,3,15.0253,2097056,9388032,2,1
naive,256,dispersa,D10,c,1,3,16.8458,524288,9388032,2,1
naive,256,dispersa,D10,c,2,3,16.8371,524288,9388032,2,1
naive,256,dispersa,D10,c,3,3,16.7891,524288,9388032,2,1
naive,256,dispersa,D10,c,4,3,16.8476,524288,9388032,2,1
naive,256,dispersa,D10,c,5,3,16.7737,524288,9388032,2,1
naive,256,dispersa,D10,c,6,3,16.8175,524288,9388032,2,1
naive,256,dispersa,D10,c,7,3,16.8208,524288,9388032,2,1
strassen,256,dispersa,D10,c,1,3,15.3205,2097056,9388032,2,1
strassen,256,dispersa,D10,c,2,3,14.8988,2097056,9388032,2,1
strassen,256,dispersa,D10,c,3,3,14.91,2097056,9388032,2,1
strassen,256,dispersa,D10,c,4,3,15.1643,2097056,9388032,2,1
strassen,256,dispersa,D10,c,5,3,15.0183,2097056,9388032,2,1
strassen,256,dispersa,D10,c,6,3,14.9002,2097056,9388032,2,1
strassen,256,dispersa,D10,c,7,3,14.878,2097056,9388032,2,1
naive,16,densa,D0,a,1,200,0.001297,2048,4956160,4,1
naive,16,densa,D0,a,2,200,0.0012755,2048,4956160,4,1
naive,16,densa,D0,a,3,200,0.00127,2048,4956160,4,1
naive,16,densa,D0,a,4,200,0.0013015,2048,4956160,4,1
naive,16,densa,D0,a,5,200,0.0013345,2048,4956160,4,1
naive,16,densa,D0,a,6,200,0.001274,2048,4956160,4,1
naive,16,densa,D0,a,7,200,0.0012745,2048,4956160,4,1
naive,16,densa,D0,a,8,200,0.0012695,2048,4956160,4,1
naive,16,densa,D0,a,9,200,0.001288,2048,4956160,4,1
naive,16,densa,D0,a,10,200,0.0012765,2048,4956160,4,1
naive,16,densa,D0,a,11,200,0.0012835,2048,4956160,4,1
naive,16,densa,D0,a,12,200,0.001227,2048,4956160,4,1
naive,16,densa,D0,a,13,200,0.0012265,2048,4956160,4,1
naive,16,densa,D0,a,14,200,0.0012265,2048,4956160,4,1
naive,16,densa,D0,a,15,200,0.001223,2048,4956160,4,1
strassen,16,densa,D0,a,1,200,0.0024685,7808,5087232,4,1
strassen,16,densa,D0,a,2,200,0.0022825,7808,5087232,4,1
strassen,16,densa,D0,a,3,200,0.002365,7808,5087232,4,1
strassen,16,densa,D0,a,4,200,0.002218,7808,5087232,4,1
strassen,16,densa,D0,a,5,200,0.0021135,7808,5087232,4,1
strassen,16,densa,D0,a,6,200,0.002115,7808,5087232,4,1
strassen,16,densa,D0,a,7,200,0.0020985,7808,5087232,4,1
strassen,16,densa,D0,a,8,200,0.002098,7808,5087232,4,1
strassen,16,densa,D0,a,9,200,0.002108,7808,5087232,4,1
strassen,16,densa,D0,a,10,200,0.002103,7808,5087232,4,1
strassen,16,densa,D0,a,11,200,0.00215,7808,5087232,4,1
strassen,16,densa,D0,a,12,200,0.0020665,7808,5087232,4,1
strassen,16,densa,D0,a,13,200,0.002067,7808,5087232,4,1
strassen,16,densa,D0,a,14,200,0.00208,7808,5087232,4,1
strassen,16,densa,D0,a,15,200,0.002067,7808,5087232,4,1
naive,16,densa,D0,b,1,200,0.001226,2048,5169152,4,1
naive,16,densa,D0,b,2,200,0.001228,2048,5169152,4,1
naive,16,densa,D0,b,3,200,0.0012285,2048,5169152,4,1
naive,16,densa,D0,b,4,200,0.0012275,2048,5169152,4,1
naive,16,densa,D0,b,5,200,0.0012435,2048,5169152,4,1
naive,16,densa,D0,b,6,200,0.001223,2048,5169152,4,1
naive,16,densa,D0,b,7,200,0.001224,2048,5169152,4,1
naive,16,densa,D0,b,8,200,0.001225,2048,5169152,4,1
naive,16,densa,D0,b,9,200,0.001226,2048,5169152,4,1
naive,16,densa,D0,b,10,200,0.001225,2048,5169152,4,1
naive,16,densa,D0,b,11,200,0.0012265,2048,5169152,4,1
naive,16,densa,D0,b,12,200,0.001225,2048,5169152,4,1
naive,16,densa,D0,b,13,200,0.0012385,2048,5169152,4,1
naive,16,densa,D0,b,14,200,0.0012275,2048,5169152,4,1
naive,16,densa,D0,b,15,200,0.0012265,2048,5169152,4,1
strassen,16,densa,D0,b,1,200,0.002072,7808,5169152,4,1
strassen,16,densa,D0,b,2,200,0.0020665,7808,5169152,4,1
strassen,16,densa,D0,b,3,200,0.002081,7808,5169152,4,1
strassen,16,densa,D0,b,4,200,0.0020695,7808,5169152,4,1
strassen,16,densa,D0,b,5,200,0.0020885,7808,5169152,4,1
strassen,16,densa,D0,b,6,200,0.002068,7808,5169152,4,1
strassen,16,densa,D0,b,7,200,0.002066,7808,5169152,4,1
strassen,16,densa,D0,b,8,200,0.0020815,7808,5169152,4,1
strassen,16,densa,D0,b,9,200,0.0020675,7808,5169152,4,1
strassen,16,densa,D0,b,10,200,0.002067,7808,5169152,4,1
strassen,16,densa,D0,b,11,200,0.0020685,7808,5169152,4,1
strassen,16,densa,D0,b,12,200,0.0020675,7808,5169152,4,1
strassen,16,densa,D0,b,13,200,0.0020775,7808,5169152,4,1
strassen,16,densa,D0,b,14,200,0.00207,7808,5169152,4,1
strassen,16,densa,D0,b,15,200,0.0020705,7808,5169152,4,1
naive,16,densa,D0,c,1,200,0.001227,2048,5169152,4,1
naive,16,densa,D0,c,2,200,0.0012265,2048,5169152,4,1
naive,16,densa,D0,c,3,200,0.001226,2048,5169152,4,1
naive,16,densa,D0,c,4,200,0.001243,2048,5169152,4,1
naive,16,densa,D0,c,5,200,0.001226,2048,5169152,4,1
naive,16,densa,D0,c,6,200,0.001227,2048,5169152,4,1
naive,16,densa,D0,c,7,200,0.0012255,2048,5169152,4,1
naive,16,densa,D0,c,8,200,0.001225,2048,5169152,4,1
naive,16,densa,D0,c,9,200,0.001225,2048,5169152,4,1
naive,16,densa,D0,c,10,200,0.001226,2048,5169152,4,1
naive,16,densa,D0,c,11,200,0.001225,2048,5169152,4,1
naive,16,densa,D0,c,12,200,0.0012415,2048,5169152,4,1
naive,16,densa,D0,c,13,200,0.001226,2048,5169152,4,1
naive,16,densa,D0,c,14,200,0.001226,2048,5169152,4,1
naive,16,densa,D0,c,15,200,0.001225,2048,5169152,4,1
strassen,16,densa,D0,c,1,200,0.0020715,7808,5169152,4,1
strassen,16,densa,D0,c,2,200,0.0020675,7808,5169152,4,1
strassen,16,densa,D0,c,3,200,0.002079,7808,5169152,4,1
strassen,16,densa,D0,c,4,200,0.002069,7808,5169152,4,1
strassen,16,densa,D0,c,5,200,0.0024735,7808,5169152,4,1
strassen,16,densa,D0,c,6,200,0.0021465,7808,5169152,4,1
strassen,16,densa,D0,c,7,200,0.0020685,7808,5169152,4,1
strassen,16,densa,D0,c,8,200,0.0020885,7808,5169152,4,1
strassen,16,densa,D0,c,9,200,0.002066,7808,5169152,4,1
strassen,16,densa,D0,c,10,200,0.002069,7808,5169152,4,1
strassen,16,densa,D0,c,11,200,0.0020665,7808,5169152,4,1
strassen,16,densa,D0,c,12,200,0.002084,7808,5169152,4,1
strassen,16,densa,D0,c,13,200,0.0020675,7808,5169152,4,1
strassen,16,densa,D0,c,14,200,0.0020675,7808,5169152,4,1
strassen,16,densa,D0,c,15,200,0.002067,7808,5169152,4,1
naive,16,densa,D10,a,1,200,0.0012245,2048,5169152,4,1
naive,16,densa,D10,a,2,200,0.001247,2048,5169152,4,1
naive,16,densa,D10,a,3,200,0.0013265,2048,5169152,4,1
naive,16,densa,D10,a,4,200,0.001225,2048,5169152,4,1
naive,16,densa,D10,a,5,200,0.001228,2048,5169152,4,1
naive,16,densa,D10,a,6,200,0.0012265,2048,5169152,4,1
naive,16,densa,D10,a,7,200,0.0012255,2048,5169152,4,1
naive,16,densa,D10,a,8,200,0.0012265,2048,5169152,4,1
naive,16,densa,D10,a,9,200,0.0012265,2048,5169152,4,1
naive,16,densa,D10,a,10,200,0.0012365,2048,5169152,4,1
naive,16,densa,D10,a,11,200,0.001227,2048,5169152,4,1
naive,16,densa,D10,a,12,200,0.001224,2048,5169152,4,1
naive,16,densa,D10,a,13,200,0.001225,2048,5169152,4,1
naive,16,densa,D10,a,14,200,0.001225,2048,5169152,4,1
naive,16,densa,D10,a,15,200,0.0012265,2048,5169152,4,1
strassen,16,densa,D10,a,1,200,0.0028475,7808,5169152,4,1
strassen,16,densa,D10,a,2,200,0.002091,7808,5169152,4,1
strassen,16,densa,D10,a,3,200,0.002067,7808,5169152,4,1
strassen,16,densa,D10,a,4,200,0.002064,7808,5169152,4,1
strassen,16,densa,D10,a,5,200,0.002066,7808,5169152,4,1
strassen,16,densa,D10,a,6,200,0.0020665,7808,5169152,4,1
strassen,16,densa,D10,a,7,200,0.002078,7808,5169152,4,1
strassen,16,densa,D10,a,8,200,0.002065,7808,5169152,4,1
strassen,16,densa,D10,a,9,200,0.002066,7808,5169152,4,1
strassen,16,densa,D10,a,10,200,0.0020665,7808,5169152,4,1
strassen,16,densa,D10,a,11,200,0.002075,7808,5169152,4,1
strassen,16,densa,D10,a,12,200,0.002091,7808,5169152,4,1
strassen,16,densa,D10,a,13,200,0.002079,7808,5169152,4,1
strassen,16,densa,D10,a,14,200,0.0020775,7808,5169152,4,1
strassen,16,densa,D10,a,15,200,0.0020845,7808,5169152,4,1
naive,16,densa,D10,b,1,200,0.0012305,2048,5169152,4,1
naive,16,densa,D10,b,2,200,0.0012305,2048,5169152,4,1
naive,16,densa,D10,b,3,200,0.0012455,2048,5169152,4,1
naive,16,densa,D10,b,4,200,0.0012235,2048,5169152,4,1
naive,16,densa,D10,b,5,200,0.001224,2048,5169152,4,1
naive,16,densa,D10,b,6,200,0.0012355,2048,5169152,4,1
naive,16,densa,D10,b,7,200,0.0012255,2048,5169152,4,1
naive,16,densa,D10,b,8,200,0.0012255,2048,5169152,4,1
naive,16,densa,D10,b,9,200,0.001225,2048,5169152,4,1
naive,16,densa,D10,b,10,200,0.001225,2048,5169152,4,1
naive,16,densa,D10,b,11,200,0.001225,2048,5169152,4,1
naive,16,densa,D10,b,12,200,0.001225,2048,5169152,4,1
naive,16,densa,D10,b,13,200,0.0012385,2048,5169152,4,1
naive,16,densa,D10,b,14,200,0.001224,2048,5169152,4,1
naive,16,densa,D10,b,15,200,0.001226,2048,5169152,4,1
strassen,16,densa,D10,b,1,200,0.0020675,7808,5169152,4,1
strassen,16,densa,D10,b,2,200,0.0020645,7808,5169152,4,1
strassen,16,densa,D10,b,3,200,0.002067,7808,5169152,4,1
strassen,16,densa,D10,b,4,200,0.0020775,7808,5169152,4,1
strassen,16,densa,D10,b,5,200,0.002066,7808,5169152,4,1
strassen,16,densa,D10,b,6,200,0.0023,7808,5169152,4,1
strassen,16,densa,D10,b,7,200,0.002067,7808,5169152,4,1
strassen,16,densa,D10,b,8,200,0.0020665,7808,5169152,4,1
strassen,16,densa,D10,b,9,200,0.0020805,7808,5169152,4,1
strassen,16,densa,D10,b,10,200,0.002066,7808,5169152,4,1
strassen,16,densa,D10,b,11,200,0.0020665,7808,5169152,4,1
strassen,16,densa,D10,b,12,200,0.002067,7808,5169152,4,1
strassen,16,densa,D10,b,13,200,0.002079,7808,5169152,4,1
strassen,16,densa,D10,b,14,200,0.002065,7808,5169152,4,1
strassen,16,densa,D10,b,15,200,0.002066,7808,5169152,4,1
naive,16,densa,D10,c,1,200,0.001224,2048,5169152,4,1
naive,16,densa,D10,c,2,200,0.0012255,2048,5169152,4,1
naive,16,densa,D10,c,3,200,0.0012275,2048,5169152,4,1
naive,16,densa,D10,c,4,200,0.001242,2048,5169152,4,1
naive,16,densa,D10,c,5,200,0.0012255,2048,5169152,4,1
naive,16,densa,D10,c,6,200,0.001328,2048,5169152,4,1
naive,16,densa,D10,c,7,200,0.001227,2048,5169152,4,1
naive,16,densa,D10,c,8,200,0.0012255,2048,5169152,4,1
naive,16,densa,D10,c,9,200,0.001225,2048,5169152,4,1
naive,16,densa,D10,c,10,200,0.0012265,2048,5169152,4,1
naive,16,densa,D10,c,11,200,0.0012265,2048,5169152,4,1
naive,16,densa,D10,c,12,200,0.0012465,2048,5169152,4,1
naive,16,densa,D10,c,13,200,0.001225,2048,5169152,4,1
naive,16,densa,D10,c,14,200,0.001227,2048,5169152,4,1
naive,16,densa,D10,c,15,200,0.0012265,2048,5169152,4,1
strassen,16,densa,D10,c,1,200,0.002068,7808,5169152,4,1
strassen,16,densa,D10,c,2,200,0.0020685,7808,5169152,4,1
strassen,16,densa,D10,c,3,200,0.00208,7808,5169152,4,1
strassen,16,densa,D10,c,4,200,0.0020685,7808,5169152,4,1
strassen,16,densa,D10,c,5,200,0.0020665,7808,5169152,4,1
strassen,16,densa,D10,c,6,200,0.002067,7808,5169152,4,1
strassen,16,densa,D10,c,7,200,0.00208,7808,5169152,4,1
strassen,16,densa,D10,c,8,200,0.0020715,7808,5169152,4,1
strassen,16,densa,D10,c,9,200,0.002067,7808,5169152,4,1
strassen,16,densa,D10,c,10,200,0.002066,7808,5169152,4,1
strassen,16,densa,D10,c,11,200,0.0020665,7808,5169152,4,1
strassen,16,densa,D10,c,12,200,0.0020795,7808,5169152,4,1
strassen,16,densa,D10,c,13,200,0.0020675,7808,5169152,4,1
strassen,16,densa,D10,c,14,200,0.00207,7808,5169152,4,1
strassen,16,densa,D10,c,15,200,0.002067,7808,5169152,4,1
naive,16,diagonal,D0,a,1,200,0.0012255,2048,5169152,4,1
naive,16,diagonal,D0,a,2,200,0.0012935,2048,5169152,4,1
naive,16,diagonal,D0,a,3,200,0.0012255,2048,5169152,4,1
naive,16,diagonal,D0,a,4,200,0.0012275,2048,5169152,4,1
naive,16,diagonal,D0,a,5,200,0.0012275,2048,5169152,4,1
naive,16,diagonal,D0,a,6,200,0.0012275,2048,5169152,4,1
naive,16,diagonal,D0,a,7,200,0.0012275,2048,5169152,4,1
naive,16,diagonal,D0,a,8,200,0.0012265,2048,5169152,4,1
naive,16,diagonal,D0,a,9,200,0.0012455,2048,5169152,4,1
naive,16,diagonal,D0,a,10,200,0.001224,2048,5169152,4,1
naive,16,diagonal,D0,a,11,200,0.0012235,2048,5169152,4,1
naive,16,diagonal,D0,a,12,200,0.0012265,2048,5169152,4,1
naive,16,diagonal,D0,a,13,200,0.0012245,2048,5169152,4,1
naive,16,diagonal,D0,a,14,200,0.0012245,2048,5169152,4,1
naive,16,diagonal,D0,a,15,200,0.0012245,2048,5169152,4,1
strassen,16,diagonal,D0,a,1,200,0.0020775,7808,5169152,4,1
strassen,16,diagonal,D0,a,2,200,0.002067,7808,5169152,4,1
strassen,16,diagonal,D0,a,3,200,0.0020665,7808,5169152,4,1
strassen,16,diagonal,D0,a,4,200,0.002068,7808,5169152,4,1
strassen,16,diagonal,D0,a,5,200,0.0020665,7808,5169152,4,1
strassen,16,diagonal,D0,a,6,200,0.002078,7808,5169152,4,1
strassen,16,diagonal,D0,a,7,200,0.002066,7808,5169152,4,1
strassen,16,diagonal,D0,a,8,200,0.002067,7808,5169152,4,1
strassen,16,diagonal,D0,a,9,200,0.002115,7808,5169152,4,1
strassen,16,diagonal,D0,a,10,200,0.002066,7808,5169152,4,1
strassen,16,diagonal,D0,a,11,200,0.002078,7808,5169152,4,1
strassen,16,diagonal,D0,a,12,200,0.002066,7808,5169152,4,1
strassen,16,diagonal,D0,a,13,200,0.0020655,7808,5169152,4,1
strassen,16,diagonal,D0,a,14,200,0.002067,7808,5169152,4,1
strassen,16,diagonal,D0,a,15,200,0.002068,7808,5169152,4,1
naive,16,diagonal,D0,b,1,200,0.001242,2048,5169152,4,1
naive,16,diagonal,D0,b,2,200,0.0012255,2048,5169152,4,1
naive,16,diagonal,D0,b,3,200,0.0012245,2048,5169152,4,1
naive,16,diagonal,D0,b,4,200,0.001224,2048,5169152,4,1
naive,16,diagonal,D0,b,5,200,0.001225,2048,5169152,4,1
naive,16,diagonal,D0,b,6,200,0.001224,2048,5169152,4,1
naive,16,diagonal,D0,b,7,200,0.001223,2048,5169152,4,1
naive,16,diagonal,D0,b,8,200,0.001224,2048,5169152,4,1
naive,16,diagonal,D0,b,9,200,0.0012405,2048,5169152,4,1
naive,16,diagonal,D0,b,10,200,0.0012245,2048,5169152,4,1
naive,16,diagonal,D0,b,11,200,0.001224,2048,5169152,4,1
naive,16,diagonal,D0,b,12,200,0.0012255,2048,5169152,4,1
naive,16,diagonal,D0,b,13,200,0.001227,2048,5169152,4,1
naive,16,diagonal,D0,b,14,200,0.001227,2048,5169152,4,1
naive,16,diagonal,D0,b,15,200,0.0012255,2048,5169152,4,1
strassen,16,diagonal,D0,b,1,200,0.0020765,7808,5169152,4,1
strassen,16,diagonal,D0,b,2,200,0.002068,7808,5169152,4,1
strassen,16,diagonal,D0,b,3,200,0.0020675,7808,5169152,4,1
strassen,16,diagonal,D0,b,4,200,0.002116,7808,5169152,4,1
strassen,16,diagonal,D0,b,5,200,0.002076,7808,5169152,4,1
strassen,16,diagonal,D0,b,6,200,0.002066,7808,5169152,4,1
strassen,16,diagonal,D0,b,7,200,0.002069,7808,5169152,4,1
strassen,16,diagonal,D0,b,8,200,0.0020695,7808,5169152,4,1
strassen,16,diagonal,D0,b,9,200,0.0020805,7808,5169152,4,1
strassen,16,diagonal,D0,b,10,200,0.0020675,7808,5169152,4,1
strassen,16,diagonal,D0,b,11,200,0.002068,7808,5169152,4,1
strassen,16,diagonal,D0,b,12,200,0.002067,7808,5169152,4,1
strassen,16,diagonal,D0,b,13,200,0.0020675,7808,5169152,4,1
strassen,16,diagonal,D0,b,14,200,0.0020785,7808,5169152,4,1
strassen,16,diagonal,D0,b,15,200,0.0020685,7808,5169152,4,1
naive,16,diagonal,D0,c,1,200,0.0012245,2048,5169152,4,1
naive,16,diagonal,D0,c,2,200,0.0012255,2048,5169152,4,1
naive,16,diagonal,D0,c,3,200,0.0012245,2048,5169152,4,1
naive,16,diagonal,D0,c,4,200,0.0012245,2048,5169152,4,1
naive,16,diagonal,D0,c,5,200,0.001226,2048,5169152,4,1
naive,16,diagonal,D0,c,6,200,0.0012395,2048,5169152,4,1
naive,16,diagonal,D0,c,7,200,0.0012265,2048,5169152,4,1
naive,16,diagonal,D0,c,8,200,0.001224,2048,5169152,4,1
naive,16,diagonal,D0,c,9,200,0.001227,2048,5169152,4,1
naive,16,diagonal,D0,c,10,200,0.001225,2048,5169152,4,1
naive,16,diagonal,D0,c,11,200,0.001226,2048,5169152,4,1
naive,16,diagonal,D0,c,12,200,0.0014455,2048,5169152,4,1
naive,16,diagonal,D0,c,13,200,0.00123,2048,5169152,4,1
naive,16,diagonal,D0,c,14,200,0.0012445,2048,5169152,4,1
naive,16,diagonal,D0,c,15,200,0.0012265,2048,5169152,4,1
strassen,16,diagonal,D0,c,1,200,0.0020665,7808,5169152,4,1
strassen,16,diagonal,D0,c,2,200,0.002065,7808,5169152,4,1
strassen,16,diagonal,D0,c,3,200,0.0020655,7808,5169152,4,1
strassen,16,diagonal,D0,c,4,200,0.002078,7808,5169152,4,1
strassen,16,diagonal,D0,c,5,200,0.002069,7808,5169152,4,1
strassen,16,diagonal,D0,c,6,200,0.00207,7808,5169152,4,1
strassen,16,diagonal,D0,c,7,200,0.002071,7808,5169152,4,1
strassen,16,diagonal,D0,c,8,200,0.002065,7808,5169152,4,1
strassen,16,diagonal,D0,c,9,200,0.0020775,7808,5169152,4,1
strassen,16,diagonal,D0,c,10,200,0.002066,7808,5169152,4,1
strassen,16,diagonal,D0,c,11,200,0.002065,7808,5169152,4,1
strassen,16,diagonal,D0,c,12,200,0.0020655,7808,5169152,4,1
strassen,16,diagonal,D0,c,13,200,0.002074,7808,5169152,4,1
strassen,16,diagonal,D0,c,14,200,0.002067,7808,5169152,4,1
strassen,16,diagonal,D0,c,15,200,0.0020675,7808,5169152,4,1
naive,16,diagonal,D10,a,1,200,0.0012255,2048,5169152,4,1
naive,16,diagonal,D10,a,2,200,0.0012775,2048,5169152,4,1
naive,16,diagonal,D10,a,3,200,0.001243,2048,5169152,4,1
naive,16,diagonal,D10,a,4,200,0.0012255,2048,5169152,4,1
naive,16,diagonal,D10,a,5,200,0.0012265,2048,5169152,4,1
naive,16,diagonal,D10,a,6,200,0.001226,2048,5169152,4,1
naive,16,diagonal,D10,a,7,200,0.0012245,2048,5169152,4,1
naive,16,diagonal,D10,a,8,200,0.0012275,2048,5169152,4,1
naive,16,diagonal,D10,a,9,200,0.0012265,2048,5169152,4,1
naive,16,diagonal,D10,a,10,200,0.001226,2048,5169152,4,1
naive,16,diagonal,D10,a,11,200,0.0012395,2048,5169152,4,1
naive,16,diagonal,D10,a,12,200,0.001224,2048,5169152,4,1
naive,16,diagonal,D10,a,13,200,0.001225,2048,5169152,4,1
naive,16,diagonal,D10,a,14,200,0.001226,2048,5169152,4,1
naive,16,diagonal,D10,a,15,200,0.0012255,2048,5169152,4,1
strassen,16,diagonal,D10,a,1,200,0.002066,7808,5169152,4,1
strassen,16,diagonal,D10,a,2,200,0.002083,7808,5169152,4,1
strassen,16,diagonal,D10,a,3,200,0.002068,7808,5169152,4,1
strassen,16,diagonal,D10,a,4,200,0.0020655,7808,5169152,4,1
strassen,16,diagonal,D10,a,5,200,0.002066,7808,5169152,4,1
strassen,16,diagonal,D10,a,6,200,0.0020675,7808,5169152,4,1
strassen,16,diagonal,D10,a,7,200,0.002081,7808,5169152,4,1
strassen,16,diagonal,D10,a,8,200,0.002065,7808,5169152,4,1
strassen,16,diagonal,D10,a,9,200,0.0020665,7808,5169152,4,1
strassen,16,diagonal,D10,a,10,200,0.002067,7808,5169152,4,1
strassen,16,diagonal,D10,a,11,200,0.0020735,7808,5169152,4,1
strassen,16,diagonal,D10,a,12,200,0.002069,7808,5169152,4,1
strassen,16,diagonal,D10,a,13,200,0.0021135,7808,5169152,4,1
strassen,16,diagonal,D10,a,14,200,0.0020655,7808,5169152,4,1
strassen,16,diagonal,D10,a,15,200,0.0020745,7808,5169152,4,1
naive,16,diagonal,D10,b,1,200,0.0012265,2048,5169152,4,1
naive,16,diagonal,D10,b,2,200,0.001227,2048,5169152,4,1
naive,16,diagonal,D10,b,3,200,0.001227,2048,5169152,4,1
naive,16,diagonal,D10,b,4,200,0.001225,2048,5169152,4,1
naive,16,diagonal,D10,b,5,200,0.001225,2048,5169152,4,1
naive,16,diagonal,D10,b,6,200,0.001225,2048,5169152,4,1
naive,16,diagonal,D10,b,7,200,0.0012445,2048,5169152,4,1
naive,16,diagonal,D10,b,8,200,0.001226,2048,5169152,4,1
naive,16,diagonal,D10,b,9,200,0.0012275,2048,5169152,4,1
naive,16,diagonal,D10,b,10,200,0.001227,2048,5169152,4,1
naive,16,diagonal,D10,b,11,200,0.0012265,2048,5169152,4,1
naive,16,diagonal,D10,b,12,200,0.001227,2048,5169152,4,1
naive,16,diagonal,D10,b,13,200,0.001227,2048,5169152,4,1
naive,16,diagonal,D10,b,14,200,0.0012255,2048,5169152,4,1
naive,16,diagonal,D10,b,15,200,0.0012385,2048,5169152,4,1
strassen,16,diagonal,D10,b,1,200,0.002068,7808,5169152,4,1
strassen,16,diagonal,D10,b,2,200,0.002071,7808,5169152,4,1
strassen,16,diagonal,D10,b,3,200,0.0020665,7808,5169152,4,1
strassen,16,diagonal,D10,b,4,200,0.002068,7808,5169152,4,1
strassen,16,diagonal,D10,b,5,200,0.002128,7808,5169152,4,1
strassen,16,diagonal,D10,b,6,200,0.002067,7808,5169152,4,1
strassen,16,diagonal,D10,b,7,200,0.0020675,7808,5169152,4,1
strassen,16,diagonal,D10,b,8,200,0.0020685,7808,5169152,4,1
strassen,16,diagonal,D10,b,9,200,0.0020795,7808,5169152,4,1
strassen,16,diagonal,D10,b,10,200,0.0020675,7808,5169152,4,1
strassen,16,diagonal,D10,b,11,200,0.002068,7808,5169152,4,1
strassen,16,diagonal,D10,b,12,200,0.002068,7808,5169152,4,1
strassen,16,diagonal,D10,b,13,200,0.002066,7808,5169152,4,1
strassen,16,diagonal,D10,b,14,200,0.00208,7808,5169152,4,1
strassen,16,diagonal,D10,b,15,200,0.002069,7808,5169152,4,1
naive,16,diagonal,D10,c,1,200,0.001228,2048,5169152,4,1
naive,16,diagonal,D10,c,2,200,0.001228,2048,5169152,4,1
naive,16,diagonal,D10,c,3,200,0.0012265,2048,5169152,4,1
naive,16,diagonal,D10,c,4,200,0.0012255,2048,5169152,4,1
naive,16,diagonal,D10,c,5,200,0.0012265,2048,5169152,4,1
naive,16,diagonal,D10,c,6,200,0.0012435,2048,5169152,4,1
naive,16,diagonal,D10,c,7,200,0.001228,2048,5169152,4,1
naive,16,diagonal,D10,c,8,200,0.001225,2048,5169152,4,1
naive,16,diagonal,D10,c,9,200,0.001224,2048,5169152,4,1
naive,16,diagonal,D10,c,10,200,0.0012235,2048,5169152,4,1
naive,16,diagonal,D10,c,11,200,0.0012245,2048,5169152,4,1
naive,16,diagonal,D10,c,12,200,0.0012235,2048,5169152,4,1
naive,16,diagonal,D10,c,13,200,0.0012235,2048,5169152,4,1
naive,16,diagonal,D10,c,14,200,0.0012355,2048,5169152,4,1
naive,16,diagonal,D10,c,15,200,0.0012225,2048,5169152,4,1
strassen,16,diagonal,D10,c,1,200,0.002067,7808,5169152,4,1
strassen,16,diagonal,D10,c,2,200,0.002181,7808,5169152,4,1
strassen,16,diagonal,D10,c,3,200,0.0020665,7808,5169152,4,1
strassen,16,diagonal,D10,c,4,200,0.0020875,7808,5169152,4,1
strassen,16,diagonal,D10,c,5,200,0.0020655,7808,5169152,4,1
strassen,16,diagonal,D10,c,6,200,0.002066,7808,5169152,4,1
strassen,16,diagonal,D10,c,7,200,0.002068,7808,5169152,4,1
strassen,16,diagonal,D10,c,8,200,0.0020675,7808,5169152,4,1
strassen,16,diagonal,D10,c,9,200,0.0020815,7808,5169152,4,1
strassen,16,diagonal,D10,c,10,200,0.0020685,7808,5169152,4,1
strassen,16,diagonal,D10,c,11,200,0.002067,7808,5169152,4,1
strassen,16,diagonal,D10,c,12,200,0.002068,7808,5169152,4,1
strassen,16,diagonal,D10,c,13,200,0.002076,7808,5169152,4,1
strassen,16,diagonal,D10,c,14,200,0.00207,7808,5169152,4,1
strassen,16,diagonal,D10,c,15,200,0.0020705,7808,5169152,4,1
naive,16,dispersa,D0,a,1,200,0.001226,2048,5169152,4,1
naive,16,dispersa,D0,a,2,200,0.0012245,2048,5169152,4,1
naive,16,dispersa,D0,a,3,200,0.001296,2048,5169152,4,1
naive,16,dispersa,D0,a,4,200,0.0012265,2048,5169152,4,1
naive,16,dispersa,D0,a,5,200,0.001226,2048,5169152,4,1
naive,16,dispersa,D0,a,6,200,0.0012255,2048,5169152,4,1
naive,16,dispersa,D0,a,7,200,0.001227,2048,5169152,4,1
naive,16,dispersa,D0,a,8,200,0.001226,2048,5169152,4,1
naive,16,dispersa,D0,a,9,200,0.0012265,2048,5169152,4,1
naive,16,dispersa,D0,a,10,200,0.0012255,2048,5169152,4,1
naive,16,dispersa,D0,a,11,200,0.001235,2048,5169152,4,1
naive,16,dispersa,D0,a,12,200,0.0012245,2048,5169152,4,1
naive,16,dispersa,D0,a,13,200,0.001224,2048,5169152,4,1
naive,16,dispersa,D0,a,14,200,0.001225,2048,5169152,4,1
naive,16,dispersa,D0,a,15,200,0.001228,2048,5169152,4,1
strassen,16,dispersa,D0,a,1,200,0.0020685,7808,5169152,4,1
strassen,16,dispersa,D0,a,2,200,0.002079,7808,5169152,4,1
strassen,16,dispersa,D0,a,3,200,0.0020675,7808,5169152,4,1
strassen,16,dispersa,D0,a,4,200,0.0020695,7808,5169152,4,1
strassen,16,dispersa,D0,a,5,200,0.002069,7808,5169152,4,1
strassen,16,dispersa,D0,a,6,200,0.0020695,7808,5169152,4,1
strassen,16,dispersa,D0,a,7,200,0.0020855,7808,5169152,4,1
strassen,16,dispersa,D0,a,8,200,0.0020675,7808,5169152,4,1
strassen,16,dispersa,D0,a,9,200,0.002067,7808,5169152,4,1
strassen,16,dispersa,D0,a,10,200,0.002066,7808,5169152,4,1
strassen,16,dispersa,D0,a,11,200,0.0020795,7808,5169152,4,1
strassen,16,dispersa,D0,a,12,200,0.00207,7808,5169152,4,1
strassen,16,dispersa,D0,a,13,200,0.002067,7808,5169152,4,1
strassen,16,dispersa,D0,a,14,200,0.002067,7808,5169152,4,1
strassen,16,dispersa,D0,a,15,200,0.0020665,7808,5169152,4,1
naive,16,dispersa,D0,b,1,200,0.001241,2048,5169152,4,1
naive,16,dispersa,D0,b,2,200,0.0012265,2048,5169152,4,1
naive,16,dispersa,D0,b,3,200,0.001227,2048,5169152,4,1
naive,16,dispersa,D0,b,4,200,0.0012255,2048,5169152,4,1
naive,16,dispersa,D0,b,5,200,0.001226,2048,5169152,4,1
naive,16,dispersa,D0,b,6,200,0.001227,2048,5169152,4,1
naive,16,dispersa,D0,b,7,200,0.0012245,2048,5169152,4,1
naive,16,dispersa,D0,b,8,200,0.001224,2048,5169152,4,1
naive,16,dispersa,D0,b,9,200,0.001225,2048,5169152,4,1
naive,16,dispersa,D0,b,10,200,0.001236,2048,5169152,4,1
naive,16,dispersa,D0,b,11,200,0.001226,2048,5169152,4,1
naive,16,dispersa,D0,b,12,200,0.001226,2048,5169152,4,1
naive,16,dispersa,D0,b,13,200,0.0012245,2048,5169152,4,1
naive,16,dispersa,D0,b,14,200,0.001226,2048,5169152,4,1
naive,16,dispersa,D0,b,15,200,0.0012255,2048,5169152,4,1
strassen,16,dispersa,D0,b,1,200,0.0020675,7808,5169152,4,1
strassen,16,dispersa,D0,b,2,200,0.00208,7808,5169152,4,1
strassen,16,dispersa,D0,b,3,200,0.002068,7808,5169152,4,1
strassen,16,dispersa,D0,b,4,200,0.0021115,7808,5169152,4,1
strassen,16,dispersa,D0,b,5,200,0.002067,7808,5169152,4,1
strassen,16,dispersa,D0,b,6,200,0.002081,7808,5169152,4,1
strassen,16,dispersa,D0,b,7,200,0.0020685,7808,5169152,4,1
strassen,16,dispersa,D0,b,8,200,0.0020655,7808,5169152,4,1
strassen,16,dispersa,D0,b,9,200,0.002067,7808,5169152,4,1
strassen,16,dispersa,D0,b,10,200,0.0020665,7808,5169152,4,1
strassen,16,dispersa,D0,b,11,200,0.0020795,7808,5169152,4,1
strassen,16,dispersa,D0,b,12,200,0.002067,7808,5169152,4,1
strassen,16,dispersa,D0,b,13,200,0.002068,7808,5169152,4,1
strassen,16,dispersa,D0,b,14,200,0.0020675,7808,5169152,4,1
strassen,16,dispersa,D0,b,15,200,0.00208,7808,5169152,4,1
naive,16,dispersa,D0,c,1,200,0.001228,2048,5169152,4,1
naive,16,dispersa,D0,c,2,200,0.0012255,2048,5169152,4,1
naive,16,dispersa,D0,c,3,200,0.0012245,2048,5169152,4,1
naive,16,dispersa,D0,c,4,200,0.0012255,2048,5169152,4,1
naive,16,dispersa,D0,c,5,200,0.0012245,2048,5169152,4,1
naive,16,dispersa,D0,c,6,200,0.001226,2048,5169152,4,1
naive,16,dispersa,D0,c,7,200,0.001241,2048,5169152,4,1
naive,16,dispersa,D0,c,8,200,0.0012245,2048,5169152,4,1
naive,16,dispersa,D0,c,9,200,0.0012255,2048,5169152,4,1
naive,16,dispersa,D0,c,10,200,0.001225,2048,5169152,4,1
naive,16,dispersa,D0,c,11,200,0.001227,2048,5169152,4,1
naive,16,dispersa,D0,c,12,200,0.0012255,2048,5169152,4,1
naive,16,dispersa,D0,c,13,200,0.001225,2048,5169152,4,1
naive,16,dispersa,D0,c,14,200,0.001225,2048,5169152,4,1
naive,16,dispersa,D0,c,15,200,0.001227,2048,5169152,4,1
strassen,16,dispersa,D0,c,1,200,0.0020785,7808,5169152,4,1
strassen,16,dispersa,D0,c,2,200,0.0020665,7808,5169152,4,1
strassen,16,dispersa,D0,c,3,200,0.0020675,7808,5169152,4,1
strassen,16,dispersa,D0,c,4,200,0.0020665,7808,5169152,4,1
strassen,16,dispersa,D0,c,5,200,0.002264,7808,5169152,4,1
strassen,16,dispersa,D0,c,6,200,0.0020685,7808,5169152,4,1
strassen,16,dispersa,D0,c,7,200,0.0020675,7808,5169152,4,1
strassen,16,dispersa,D0,c,8,200,0.002067,7808,5169152,4,1
strassen,16,dispersa,D0,c,9,200,0.002067,7808,5169152,4,1
strassen,16,dispersa,D0,c,10,200,0.002081,7808,5169152,4,1
strassen,16,dispersa,D0,c,11,200,0.0020665,7808,5169152,4,1
strassen,16,dispersa,D0,c,12,200,0.002066,7808,5169152,4,1
strassen,16,dispersa,D0,c,13,200,0.002067,7808,5169152,4,1
strassen,16,dispersa,D0,c,14,200,0.002081,7808,5169152,4,1
strassen,16,dispersa,D0,c,15,200,0.002117,7808,5169152,4,1
naive,16,dispersa,D10,a,1,200,0.001227,2048,5169152,4,1
naive,16,dispersa,D10,a,2,200,0.001225,2048,5169152,4,1
naive,16,dispersa,D10,a,3,200,0.001226,2048,5169152,4,1
naive,16,dispersa,D10,a,4,200,0.001227,2048,5169152,4,1
naive,16,dispersa,D10,a,5,200,0.0012245,2048,5169152,4,1
naive,16,dispersa,D10,a,6,200,0.001242,2048,5169152,4,1
naive,16,dispersa,D10,a,7,200,0.001226,2048,5169152,4,1
naive,16,dispersa,D10,a,8,200,0.001225,2048,5169152,4,1
naive,16,dispersa,D10,a,9,200,0.001224,2048,5169152,4,1
naive,16,dispersa,D10,a,10,200,0.001224,2048,5169152,4,1
naive,16,dispersa,D10,a,11,200,0.0012235,2048,5169152,4,1
naive,16,dispersa,D10,a,12,200,0.001224,2048,5169152,4,1
naive,16,dispersa,D10,a,13,200,0.0012255,2048,5169152,4,1
naive,16,dispersa,D10,a,14,200,0.001238,2048,5169152,4,1
naive,16,dispersa,D10,a,15,200,0.001224,2048,5169152,4,1
strassen,16,dispersa,D10,a,1,200,0.0020685,7808,5169152,4,1
strassen,16,dispersa,D10,a,2,200,0.0020695,7808,5169152,4,1
strassen,16,dispersa,D10,a,3,200,0.0020705,7808,5169152,4,1
strassen,16,dispersa,D10,a,4,200,0.0020755,7808,5169152,4,1
strassen,16,dispersa,D10,a,5,200,0.0020675,7808,5169152,4,1
strassen,16,dispersa,D10,a,6,200,0.002066,7808,5169152,4,1
strassen,16,dispersa,D10,a,7,200,0.002068,7808,5169152,4,1
strassen,16,dispersa,D10,a,8,200,0.0020815,7808,5169152,4,1
strassen,16,dispersa,D10,a,9,200,0.0020675,7808,5169152,4,1
strassen,16,dispersa,D10,a,10,200,0.0020665,7808,5169152,4,1
strassen,16,dispersa,D10,a,11,200,0.0020655,7808,5169152,4,1
strassen,16,dispersa,D10,a,12,200,0.002068,7808,5169152,4,1
strassen,16,dispersa,D10,a,13,200,0.0020825,7808,5169152,4,1
strassen,16,dispersa,D10,a,14,200,0.002065,7808,5169152,4,1
strassen,16,dispersa,D10,a,15,200,0.0020675,7808,5169152,4,1
naive,16,dispersa,D10,b,1,200,0.001224,2048,5169152,4,1
naive,16,dispersa,D10,b,2,200,0.0012235,2048,5169152,4,1
naive,16,dispersa,D10,b,3,200,0.0012435,2048,5169152,4,1
naive,16,dispersa,D10,b,4,200,0.0012265,2048,5169152,4,1
naive,16,dispersa,D10,b,5,200,0.001226,2048,5169152,4,1
naive,16,dispersa,D10,b,6,200,0.001225,2048,5169152,4,1
naive,16,dispersa,D10,b,7,200,0.0012265,2048,5169152,4,1
naive,16,dispersa,D10,b,8,200,0.001225,2048,5169152,4,1
naive,16,dispersa,D10,b,9,200,0.001225,2048,5169152,4,1
naive,16,dispersa,D10,b,10,200,0.001224,2048,5169152,4,1
naive,16,dispersa,D10,b,11,200,0.0012375,2048,5169152,4,1
naive,16,dispersa,D10,b,12,200,0.001227,2048,5169152,4,1
naive,16,dispersa,D10,b,13,200,0.0012275,2048,5169152,4,1
naive,16,dispersa,D10,b,14,200,0.0012255,2048,5169152,4,1
naive,16,dispersa,D10,b,15,200,0.0012235,2048,5169152,4,1
strassen,16,dispersa,D10,b,1,200,0.0020655,7808,5169152,4,1
strassen,16,dispersa,D10,b,2,200,0.0020775,7808,5169152,4,1
strassen,16,dispersa,D10,b,3,200,0.00207,7808,5169152,4,1
strassen,16,dispersa,D10,b,4,200,0.002071,7808,5169152,4,1
strassen,16,dispersa,D10,b,5,200,0.002114,7808,5169152,4,1
strassen,16,dispersa,D10,b,6,200,0.002079,7808,5169152,4,1
strassen,16,dispersa,D10,b,7,200,0.002068,7808,5169152,4,1
strassen,16,dispersa,D10,b,8,200,0.0020675,7808,5169152,4,1
strassen,16,dispersa,D10,b,9,200,0.0020675,7808,5169152,4,1
strassen,16,dispersa,D10,b,10,200,0.0020675,7808,5169152,4,1
strassen,16,dispersa,D10,b,11,200,0.0020805,7808,5169152,4,1
strassen,16,dispersa,D10,b,12,200,0.0020665,7808,5169152,4,1
strassen,16,dispersa,D10,b,13,200,0.002067,7808,5169152,4,1
strassen,16,dispersa,D10,b,14,200,0.002068,7808,5169152,4,1
strassen,16,dispersa,D10,b,15,200,0.0020815,7808,5169152,4,1
naive,16,dispersa,D10,c,1,200,0.001227,2048,5169152,4,1
naive,16,dispersa,D10,c,2,200,0.001225,2048,5169152,4,1
naive,16,dispersa,D10,c,3,200,0.0012255,2048,5169152,4,1
naive,16,dispersa,D10,c,4,200,0.001226,2048,5169152,4,1
naive,16,dispersa,D10,c,5,200,0.001226,2048,5169152,4,1
naive,16,dispersa,D10,c,6,200,0.0012265,2048,5169152,4,1
naive,16,dispersa,D10,c,7,200,0.001226,2048,5169152,4,1
naive,16,dispersa,D10,c,8,200,0.0012415,2048,5169152,4,1
naive,16,dispersa,D10,c,9,200,0.0012255,2048,5169152,4,1
naive,16,dispersa,D10,c,10,200,0.001226,2048,5169152,4,1
naive,16,dispersa,D10,c,11,200,0.001227,2048,5169152,4,1
naive,16,dispersa,D10,c,12,200,0.0012255,2048,5169152,4,1
naive,16,dispersa,D10,c,13,200,0.0012265,2048,5169152,4,1
naive,16,dispersa,D10,c,14,200,0.0012245,2048,5169152,4,1
naive,16,dispersa,D10,c,15,200,0.0012265,2048,5169152,4,1
strassen,16,dispersa,D10,c,1,200,0.0020815,7808,5169152,4,1
strassen,16,dispersa,D10,c,2,200,0.002067,7808,5169152,4,1
strassen,16,dispersa,D10,c,3,200,0.002067,7808,5169152,4,1
strassen,16,dispersa,D10,c,4,200,0.002066,7808,5169152,4,1
strassen,16,dispersa,D10,c,5,200,0.002067,7808,5169152,4,1
strassen,16,dispersa,D10,c,6,200,0.002076,7808,5169152,4,1
strassen,16,dispersa,D10,c,7,200,0.0020665,7808,5169152,4,1
strassen,16,dispersa,D10,c,8,200,0.0024415,7808,5169152,4,1
strassen,16,dispersa,D10,c,9,200,0.002997,7808,5169152,4,1
strassen,16,dispersa,D10,c,10,200,0.0020845,7808,5169152,4,1
strassen,16,dispersa,D10,c,11,200,0.0020675,7808,5169152,4,1
strassen,16,dispersa,D10,c,12,200,0.0020675,7808,5169152,4,1
strassen,16,dispersa,D10,c,13,200,0.0020665,7808,5169152,4,1
strassen,16,dispersa,D10,c,14,200,0.002069,7808,5169152,4,1
strassen,16,dispersa,D10,c,15,200,0.002083,7808,5169152,4,1
naive,64,densa,D0,a,1,20,0.093985,32768,5308416,4,1
naive,64,densa,D0,a,2,20,0.09409,32768,5308416,4,1
naive,64,densa,D0,a,3,20,0.094955,32768,5308416,4,1
naive,64,densa,D0,a,4,20,0.095,32768,5308416,4,1
naive,64,densa,D0,a,5,20,0.095125,32768,5308416,4,1
naive,64,densa,D0,a,6,20,0.095055,32768,5308416,4,1
naive,64,densa,D0,a,7,20,0.095125,32768,5308416,4,1
naive,64,densa,D0,a,8,20,0.09507,32768,5308416,4,1
naive,64,densa,D0,a,9,20,0.09067,32768,5308416,4,1
naive,64,densa,D0,a,10,20,0.09063,32768,5308416,4,1
naive,64,densa,D0,a,11,20,0.094125,32768,5308416,4,1
naive,64,densa,D0,a,12,20,0.095045,32768,5308416,4,1
naive,64,densa,D0,a,13,20,0.094985,32768,5308416,4,1
naive,64,densa,D0,a,14,20,0.09104,32768,5308416,4,1
naive,64,densa,D0,a,15,20,0.095245,32768,5308416,4,1
strassen,64,densa,D0,a,1,20,0.13993,130688,5394432,4,1
strassen,64,densa,D0,a,2,20,0.14116,130688,5394432,4,1
strassen,64,densa,D0,a,3,20,0.144925,130688,5394432,4,1
strassen,64,densa,D0,a,4,20,0.142125,130688,5394432,4,1
strassen,64,densa,D0,a,5,20,0.137585,130688,5394432,4,1
strassen,64,densa,D0,a,6,20,0.138745,130688,5394432,4,1
strassen,64,densa,D0,a,7,20,0.13656,130688,5394432,4,1
strassen,64,densa,D0,a,8,20,0.13709,130688,5394432,4,1
strassen,64,densa,D0,a,9,20,0.13823,130688,5394432,4,1
strassen,64,densa,D0,a,10,20,0.13845,130688,5394432,4,1
strassen,64,densa,D0,a,11,20,0.139455,130688,5394432,4,1
strassen,64,densa,D0,a,12,20,0.143065,130688,5394432,4,1
strassen,64,densa,D0,a,13,20,0.1434,130688,5394432,4,1
strassen,64,densa,D0,a,14,20,0.137885,130688,5394432,4,1
strassen,64,densa,D0,a,15,20,0.13622,130688,5394432,4,1
naive,64,densa,D0,b,1,20,0.09469,32768,5427200,4,1
naive,64,densa,D0,b,2,20,0.09426,32768,5427200,4,1
naive,64,densa,D0,b,3,20,0.09491,32768,5427200,4,1
naive,64,densa,D0,b,4,20,0.09493,32768,5427200,4,1
naive,64,densa,D0,b,5,20,0.094985,32768,5427200,4,1
naive,64,densa,D0,b,6,20,0.09508,32768,5427200,4,1
naive,64,densa,D0,b,7,20,0.094775,32768,5427200,4,1
naive,64,densa,D0,b,8,20,0.095145,32768,5427200,4,1
naive,64,densa,D0,b,9,20,0.09493,32768,5427200,4,1
naive,64,densa,D0,b,10,20,0.09521,32768,5427200,4,1
naive,64,densa,D0,b,11,20,0.090755,32768,5427200,4,1
naive,64,densa,D0,b,12,20,0.09485,32768,5427200,4,1
naive,64,densa,D0,b,13,20,0.095045,32768,5427200,4,1
naive,64,densa,D0,b,14,20,0.095025,32768,5427200,4,1
naive,64,densa,D0,b,15,20,0.095125,32768,5427200,4,1
strassen,64,densa,D0,b,1,20,0.13782,130688,5427200,4,1
strassen,64,densa,D0,b,2,20,0.13883,130688,5427200,4,1
strassen,64,densa,D0,b,3,20,0.14014,130688,5427200,4,1
strassen,64,densa,D0,b,4,20,0.141465,130688,5427200,4,1
strassen,64,densa,D0,b,5,20,0.143335,130688,5427200,4,1
strassen,64,densa,D0,b,6,20,0.144715,130688,5427200,4,1
strassen,64,densa,D0,b,7,20,0.141985,130688,5427200,4,1
strassen,64,densa,D0,b,8,20,0.141205,130688,5427200,4,1
strassen,64,densa,D0,b,9,20,0.138135,130688,5427200,4,1
strassen,64,densa,D0,b,10,20,0.138065,130688,5427200,4,1
strassen,64,densa,D0,b,11,20,0.13881,130688,5427200,4,1
strassen,64,densa,D0,b,12,20,0.140655,130688,5427200,4,1
strassen,64,densa,D0,b,13,20,0.140285,130688,5427200,4,1
strassen,64,densa,D0,b,14,20,0.14767,130688,5427200,4,1
strassen,64,densa,D0,b,15,20,0.147955,130688,5427200,4,1
naive,64,densa,D0,c,1,20,0.095735,32768,5427200,4,1
naive,64,densa,D0,c,2,20,0.096675,32768,5427200,4,1
naive,64,densa,D0,c,3,20,0.09505,32768,5427200,4,1
naive,64,densa,D0,c,4,20,0.09195,32768,5427200,4,1
naive,64,densa,D0,c,5,20,0.091205,32768,5427200,4,1
naive,64,densa,D0,c,6,20,0.094,32768,5427200,4,1
naive,64,densa,D0,c,7,20,0.095505,32768,5427200,4,1
naive,64,densa,D0,c,8,20,0.095175,32768,5427200,4,1
naive,64,densa,D0,c,9,20,0.09517,32768,5427200,4,1
naive,64,densa,D0,c,10,20,0.09503,32768,5427200,4,1
naive,64,densa,D0,c,11,20,0.09515,32768,5427200,4,1
naive,64,densa,D0,c,12,20,0.095785,32768,5427200,4,1
naive,64,densa,D0,c,13,20,0.09511,32768,5427200,4,1
naive,64,densa,D0,c,14,20,0.090715,32768,5427200,4,1
naive,64,densa,D0,c,15,20,0.094925,32768,5427200,4,1
strassen,64,densa,D0,c,1,20,0.13985,130688,5427200,4,1
strassen,64,densa,D0,c,2,20,0.133465,130688,5427200,4,1
strassen,64,densa,D0,c,3,20,0.13667,130688,5427200,4,1
strassen,64,densa,D0,c,4,20,0.136335,130688,5427200,4,1
strassen,64,densa,D0,c,5,20,0.137705,130688,5427200,4,1
strassen,64,densa,D0,c,6,20,0.1377,130688,5427200,4,1
strassen,64,densa,D0,c,7,20,0.13681,130688,5427200,4,1
strassen,64,densa,D0,c,8,20,0.14153,130688,5427200,4,1
strassen,64,densa,D0,c,9,20,0.13976,130688,5427200,4,1
strassen,64,densa,D0,c,10,20,0.14158,130688,5427200,4,1
strassen,64,densa,D0,c,11,20,0.13702,130688,5427200,4,1
strassen,64,densa,D0,c,12,20,0.134265,130688,5427200,4,1
strassen,64,densa,D0,c,13,20,0.126695,130688,5427200,4,1
strassen,64,densa,D0,c,14,20,0.12725,130688,5427200,4,1
strassen,64,densa,D0,c,15,20,0.1283,130688,5427200,4,1
naive,64,densa,D10,a,1,20,0.09522,32768,5427200,4,1
naive,64,densa,D10,a,2,20,0.094295,32768,5427200,4,1
naive,64,densa,D10,a,3,20,0.094955,32768,5427200,4,1
naive,64,densa,D10,a,4,20,0.095075,32768,5427200,4,1
naive,64,densa,D10,a,5,20,0.09425,32768,5427200,4,1
naive,64,densa,D10,a,6,20,0.09518,32768,5427200,4,1
naive,64,densa,D10,a,7,20,0.094515,32768,5427200,4,1
naive,64,densa,D10,a,8,20,0.09501,32768,5427200,4,1
naive,64,densa,D10,a,9,20,0.09494,32768,5427200,4,1
naive,64,densa,D10,a,10,20,0.097215,32768,5427200,4,1
naive,64,densa,D10,a,11,20,0.099515,32768,5427200,4,1
naive,64,densa,D10,a,12,20,0.095375,32768,5427200,4,1
naive,64,densa,D10,a,13,20,0.093065,32768,5427200,4,1
naive,64,densa,D10,a,14,20,0.09496,32768,5427200,4,1
naive,64,densa,D10,a,15,20,0.102115,32768,5427200,4,1
strassen,64,densa,D10,a,1,20,0.132145,130688,5427200,4,1
strassen,64,densa,D10,a,2,20,0.13235,130688,5427200,4,1
strassen,64,densa,D10,a,3,20,0.132705,130688,5427200,4,1
strassen,64,densa,D10,a,4,20,0.1336,130688,5427200,4,1
strassen,64,densa,D10,a,5,20,0.133815,130688,5427200,4,1
strassen,64,densa,D10,a,6,20,0.130125,130688,5427200,4,1
strassen,64,densa,D10,a,7,20,0.12951,130688,5427200,4,1
strassen,64,densa,D10,a,8,20,0.12343,130688,5427200,4,1
strassen,64,densa,D10,a,9,20,0.169145,130688,5427200,4,1
strassen,64,densa,D10,a,10,20,0.142215,130688,5427200,4,1
strassen,64,densa,D10,a,11,20,0.12495,130688,5427200,4,1
strassen,64,densa,D10,a,12,20,0.13103,130688,5427200,4,1
strassen,64,densa,D10,a,13,20,0.12449,130688,5427200,4,1
strassen,64,densa,D10,a,14,20,0.124615,130688,5427200,4,1
strassen,64,densa,D10,a,15,20,0.12361,130688,5427200,4,1
naive,64,densa,D10,b,1,20,0.093085,32768,5427200,4,1
naive,64,densa,D10,b,2,20,0.092905,32768,5427200,4,1
naive,64,densa,D10,b,3,20,0.095095,32768,5427200,4,1
naive,64,densa,D10,b,4,20,0.094245,32768,5427200,4,1
naive,64,densa,D10,b,5,20,0.094375,32768,5427200,4,1
naive,64,densa,D10,b,6,20,0.09124,32768,5427200,4,1
naive,64,densa,D10,b,7,20,0.08991,32768,5427200,4,1
naive,64,densa,D10,b,8,20,0.094225,32768,5427200,4,1
naive,64,densa,D10,b,9,20,0.090685,32768,5427200,4,1
naive,64,densa,D10,b,10,20,0.09445,32768,5427200,4,1
naive,64,densa,D10,b,11,20,0.090025,32768,5427200,4,1
naive,64,densa,D10,b,12,20,0.090675,32768,5427200,4,1
naive,64,densa,D10,b,13,20,0.0915,32768,5427200,4,1
naive,64,densa,D10,b,14,20,0.094285,32768,5427200,4,1
naive,64,densa,D10,b,15,20,0.09497,32768,5427200,4,1
strassen,64,densa,D10,b,1,20,0.12826,130688,5427200,4,1
strassen,64,densa,D10,b,2,20,0.125865,130688,5427200,4,1
strassen,64,densa,D10,b,3,20,0.118855,130688,5427200,4,1
strassen,64,densa,D10,b,4,20,0.120085,130688,5427200,4,1
strassen,64,densa,D10,b,5,20,0.11998,130688,5427200,4,1
strassen,64,densa,D10,b,6,20,0.117415,130688,5427200,4,1
strassen,64,densa,D10,b,7,20,0.12052,130688,5427200,4,1
strassen,64,densa,D10,b,8,20,0.12015,130688,5427200,4,1
strassen,64,densa,D10,b,9,20,0.11924,130688,5427200,4,1
strassen,64,densa,D10,b,10,20,0.12082,130688,5427200,4,1
strassen,64,densa,D10,b,11,20,0.11995,130688,5427200,4,1
strassen,64,densa,D10,b,12,20,0.119605,130688,5427200,4,1
strassen,64,densa,D10,b,13,20,0.118855,130688,5427200,4,1
strassen,64,densa,D10,b,14,20,0.119785,130688,5427200,4,1
strassen,64,densa,D10,b,15,20,0.117,130688,5427200,4,1
naive,64,densa,D10,c,1,20,0.095315,32768,5427200,4,1
naive,64,densa,D10,c,2,20,0.094125,32768,5427200,4,1
naive,64,densa,D10,c,3,20,0.09423,32768,5427200,4,1
naive,64,densa,D10,c,4,20,0.09428,32768,5427200,4,1
naive,64,densa,D10,c,5,20,0.094185,32768,5427200,4,1
naive,64,densa,D10,c,6,20,0.10908,32768,5427200,4,1
naive,64,densa,D10,c,7,20,0.091445,32768,5427200,4,1
naive,64,densa,D10,c,8,20,0.09438,32768,5427200,4,1
naive,64,densa,D10,c,9,20,0.094455,32768,5427200,4,1
naive,64,densa,D10,c,10,20,0.09426,32768,5427200,4,1
naive,64,densa,D10,c,11,20,0.094285,32768,5427200,4,1
naive,64,densa,D10,c,12,20,0.09426,32768,5427200,4,1
naive,64,densa,D10,c,13,20,0.094285,32768,5427200,4,1
naive,64,densa,D10,c,14,20,0.09485,32768,5427200,4,1
naive,64,densa,D10,c,15,20,0.09446,32768,5427200,4,1
strassen,64,densa,D10,c,1,20,0.11621,130688,5427200,4,1
strassen,64,densa,D10,c,2,20,0.11747,130688,5427200,4,1
strassen,64,densa,D10,c,3,20,0.11773,130688,5427200,4,1
strassen,64,densa,D10,c,4,20,0.116835,130688,5427200,4,1
strassen,64,densa,D10,c,5,20,0.118085,130688,5427200,4,1
strassen,64,densa,D10,c,6,20,0.118135,130688,5427200,4,1
strassen,64,densa,D10,c,7,20,0.11861,130688,5427200,4,1
strassen,64,densa,D10,c,8,20,0.11718,130688,5427200,4,1
strassen,64,densa,D10,c,9,20,0.11613,130688,5427200,4,1
strassen,64,densa,D10,c,10,20,0.116025,130688,5427200,4,1
strassen,64,densa,D10,c,11,20,0.11573,130688,5427200,4,1
strassen,64,densa,D10,c,12,20,0.118585,130688,5427200,4,1
strassen,64,densa,D10,c,13,20,0.116345,130688,5427200,4,1
strassen,64,densa,D10,c,14,20,0.1142,130688,5427200,4,1
strassen,64,densa,D10,c,15,20,0.11554,130688,5427200,4,1
naive,64,diagonal,D0,a,1,20,0.09507,32768,5427200,4,1
naive,64,diagonal,D0,a,2,20,0.094205,32768,5427200,4,1
naive,64,diagonal,D0,a,3,20,0.09422,32768,5427200,4,1
naive,64,diagonal,D0,a,4,20,0.094195,32768,5427200,4,1
naive,64,diagonal,D0,a,5,20,0.09313,32768,5427200,4,1
naive,64,diagonal,D0,a,6,20,0.09429,32768,5427200,4,1
naive,64,diagonal,D0,a,7,20,0.094275,32768,5427200,4,1
naive,64,diagonal,D0,a,8,20,0.094415,32768,5427200,4,1
naive,64,diagonal,D0,a,9,20,0.0943,32768,5427200,4,1
naive,64,diagonal,D0,a,10,20,0.09435,32768,5427200,4,1
naive,64,diagonal,D0,a,11,20,0.094225,32768,5427200,4,1
naive,64,diagonal,D0,a,12,20,0.094215,32768,5427200,4,1
naive,64,diagonal,D0,a,13,20,0.09409,32768,5427200,4,1
naive,64,diagonal,D0,a,14,20,0.094225,32768,5427200,4,1
naive,64,diagonal,D0,a,15,20,0.094225,32768,5427200,4,1
strassen,64,diagonal,D0,a,1,20,0.11565,130688,5427200,4,1
strassen,64,diagonal,D0,a,2,20,0.11591,130688,5427200,4,1
strassen,64,diagonal,D0,a,3,20,0.11508,130688,5427200,4,1
strassen,64,diagonal,D0,a,4,20,0.11724,130688,5427200,4,1
strassen,64,diagonal,D0,a,5,20,0.115815,130688,5427200,4,1
strassen,64,diagonal,D0,a,6,20,0.1156,130688,5427200,4,1
strassen,64,diagonal,D0,a,7,20,0.115,130688,5427200,4,1
strassen,64,diagonal,D0,a,8,20,0.11729,130688,5427200,4,1
strassen,64,diagonal,D0,a,9,20,0.11606,130688,5427200,4,1
strassen,64,diagonal,D0,a,10,20,0.115465,130688,5427200,4,1
strassen,64,diagonal,D0,a,11,20,0.117395,130688,5427200,4,1
strassen,64,diagonal,D0,a,12,20,0.116435,130688,5427200,4,1
strassen,64,diagonal,D0,a,13,20,0.11595,130688,5427200,4,1
strassen,64,diagonal,D0,a,14,20,0.11536,130688,5427200,4,1
strassen,64,diagonal,D0,a,15,20,0.11729,130688,5427200,4,1
naive,64,diagonal,D0,b,1,20,0.09518,32768,5431296,4,1
naive,64,diagonal,D0,b,2,20,0.094315,32768,5431296,4,1
naive,64,diagonal,D0,b,3,20,0.0945,32768,5431296,4,1
naive,64,diagonal,D0,b,4,20,0.094285,32768,5431296,4,1
naive,64,diagonal,D0,b,5,20,0.09426,32768,5431296,4,1
naive,64,diagonal,D0,b,6,20,0.094285,32768,5431296,4,1
naive,64,diagonal,D0,b,7,20,0.09434,32768,5431296,4,1
naive,64,diagonal,D0,b,8,20,0.09425,32768,5431296,4,1
naive,64,diagonal,D0,b,9,20,0.09432,32768,5431296,4,1
naive,64,diagonal,D0,b,10,20,0.094305,32768,5431296,4,1
naive,64,diagonal,D0,b,11,20,0.094575,32768,5431296,4,1
naive,64,diagonal,D0,b,12,20,0.094285,32768,5431296,4,1
naive,64,diagonal,D0,b,13,20,0.09467,32768,5431296,4,1
naive,64,diagonal,D0,b,14,20,0.094215,32768,5431296,4,1
naive,64,diagonal,D0,b,15,20,0.094305,32768,5431296,4,1
strassen,64,diagonal,D0,b,1,20,0.11548,130688,5431296,4,1
strassen,64,diagonal,D0,b,2,20,0.11564,130688,5431296,4,1
strassen,64,diagonal,D0,b,3,20,0.1154,130688,5431296,4,1
strassen,64,diagonal,D0,b,4,20,0.115345,130688,5431296,4,1
strassen,64,diagonal,D0,b,5,20,0.11641,130688,5431296,4,1
strassen,64,diagonal,D0,b,6,20,0.11518,130688,5431296,4,1
strassen,64,diagonal,D0,b,7,20,0.11673,130688,5431296,4,1
strassen,64,diagonal,D0,b,8,20,0.11604,130688,5431296,4,1
strassen,64,diagonal,D0,b,9,20,0.11623,130688,5431296,4,1
strassen,64,diagonal,D0,b,10,20,0.11606,130688,5431296,4,1
strassen,64,diagonal,D0,b,11,20,0.117455,130688,5431296,4,1
strassen,64,diagonal,D0,b,12,20,0.123175,130688,5431296,4,1
strassen,64,diagonal,D0,b,13,20,0.1144,130688,5431296,4,1
strassen,64,diagonal,D0,b,14,20,0.117305,130688,5431296,4,1
strassen,64,diagonal,D0,b,15,20,0.115975,130688,5431296,4,1
naive,64,diagonal,D0,c,1,20,0.095675,32768,5431296,4,1
naive,64,diagonal,D0,c,2,20,0.09002,32768,5431296,4,1
naive,64,diagonal,D0,c,3,20,0.09421,32768,5431296,4,1
naive,64,diagonal,D0,c,4,20,0.09423,32768,5431296,4,1
naive,64,diagonal,D0,c,5,20,0.09436,32768,5431296,4,1
naive,64,diagonal,D0,c,6,20,0.094255,32768,5431296,4,1
naive,64,diagonal,D0,c,7,20,0.094255,32768,5431296,4,1
naive,64,diagonal,D0,c,8,20,0.094295,32768,5431296,4,1
naive,64,diagonal,D0,c,9,20,0.094605,32768,5431296,4,1
naive,64,diagonal,D0,c,10,20,0.0943,32768,5431296,4,1
naive,64,diagonal,D0,c,11,20,0.094245,32768,5431296,4,1
naive,64,diagonal,D0,c,12,20,0.09431,32768,5431296,4,1
naive,64,diagonal,D0,c,13,20,0.09427,32768,5431296,4,1
naive,64,diagonal,D0,c,14,20,0.094365,32768,5431296,4,1
naive,64,diagonal,D0,c,15,20,0.09423,32768,5431296,4,1
strassen,64,diagonal,D0,c,1,20,0.114095,130688,5431296,4,1
strassen,64,diagonal,D0,c,2,20,0.115775,130688,5431296,4,1
strassen,64,diagonal,D0,c,3,20,0.115035,130688,5431296,4,1
strassen,64,diagonal,D0,c,4,20,0.116585,130688,5431296,4,1
strassen,64,diagonal,D0,c,5,20,0.116305,130688,5431296,4,1
strassen,64,diagonal,D0,c,6,20,0.115185,130688,5431296,4,1
strassen,64,diagonal,D0,c,7,20,0.11563,130688,5431296,4,1
strassen,64,diagonal,D0,c,8,20,0.116725,130688,5431296,4,1
strassen,64,diagonal,D0,c,9,20,0.115635,130688,5431296,4,1
strassen,64,diagonal,D0,c,10,20,0.117035,130688,5431296,4,1
strassen,64,diagonal,D0,c,11,20,0.11566,130688,5431296,4,1
strassen,64,diagonal,D0,c,12,20,0.11529,130688,5431296,4,1
strassen,64,diagonal,D0,c,13,20,0.115815,130688,5431296,4,1
strassen,64,diagonal,D0,c,14,20,0.117735,130688,5431296,4,1
strassen,64,diagonal,D0,c,15,20,0.116425,130688,5431296,4,1
naive,64,diagonal,D10,a,1,20,0.094965,32768,5431296,4,1
naive,64,diagonal,D10,a,2,20,0.09422,32768,5431296,4,1
naive,64,diagonal,D10,a,3,20,0.09504,32768,5431296,4,1
naive,64,diagonal,D10,a,4,20,0.09431,32768,5431296,4,1
naive,64,diagonal,D10,a,5,20,0.094335,32768,5431296,4,1
naive,64,diagonal,D10,a,6,20,0.09427,32768,5431296,4,1
naive,64,diagonal,D10,a,7,20,0.09382,32768,5431296,4,1
naive,64,diagonal,D10,a,8,20,0.094235,32768,5431296,4,1
naive,64,diagonal,D10,a,9,20,0.094275,32768,5431296,4,1
naive,64,diagonal,D10,a,10,20,0.094245,32768,5431296,4,1
naive,64,diagonal,D10,a,11,20,0.094345,32768,5431296,4,1
naive,64,diagonal,D10,a,12,20,0.094275,32768,5431296,4,1
naive,64,diagonal,D10,a,13,20,0.09433,32768,5431296,4,1
naive,64,diagonal,D10,a,14,20,0.094275,32768,5431296,4,1
naive,64,diagonal,D10,a,15,20,0.093405,32768,5431296,4,1
strassen,64,diagonal,D10,a,1,20,0.114085,130688,5431296,4,1
strassen,64,diagonal,D10,a,2,20,0.114985,130688,5431296,4,1
strassen,64,diagonal,D10,a,3,20,0.11701,130688,5431296,4,1
strassen,64,diagonal,D10,a,4,20,0.115565,130688,5431296,4,1
strassen,64,diagonal,D10,a,5,20,0.11608,130688,5431296,4,1
strassen,64,diagonal,D10,a,6,20,0.11493,130688,5431296,4,1
strassen,64,diagonal,D10,a,7,20,0.11699,130688,5431296,4,1
strassen,64,diagonal,D10,a,8,20,0.116055,130688,5431296,4,1
strassen,64,diagonal,D10,a,9,20,0.11547,130688,5431296,4,1
strassen,64,diagonal,D10,a,10,20,0.11693,130688,5431296,4,1
strassen,64,diagonal,D10,a,11,20,0.120285,130688,5431296,4,1
strassen,64,diagonal,D10,a,12,20,0.116065,130688,5431296,4,1
strassen,64,diagonal,D10,a,13,20,0.11766,130688,5431296,4,1
strassen,64,diagonal,D10,a,14,20,0.11659,130688,5431296,4,1
strassen,64,diagonal,D10,a,15,20,0.11625,130688,5431296,4,1
naive,64,diagonal,D10,b,1,20,0.095285,32768,5431296,4,1
naive,64,diagonal,D10,b,2,20,0.094315,32768,5431296,4,1
naive,64,diagonal,D10,b,3,20,0.09422,32768,5431296,4,1
naive,64,diagonal,D10,b,4,20,0.09495,32768,5431296,4,1
naive,64,diagonal,D10,b,5,20,0.094545,32768,5431296,4,1
naive,64,diagonal,D10,b,6,20,0.094405,32768,5431296,4,1
naive,64,diagonal,D10,b,7,20,0.09433,32768,5431296,4,1
naive,64,diagonal,D10,b,8,20,0.09429,32768,5431296,4,1
naive,64,diagonal,D10,b,9,20,0.09426,32768,5431296,4,1
naive,64,diagonal,D10,b,10,20,0.094215,32768,5431296,4,1
naive,64,diagonal,D10,b,11,20,0.09473,32768,5431296,4,1
naive,64,diagonal,D10,b,12,20,0.09444,32768,5431296,4,1
naive,64,diagonal,D10,b,13,20,0.094765,32768,5431296,4,1
naive,64,diagonal,D10,b,14,20,0.094225,32768,5431296,4,1
naive,64,diagonal,D10,b,15,20,0.09429,32768,5431296,4,1
strassen,64,diagonal,D10,b,1,20,0.11419,130688,5431296,4,1
strassen,64,diagonal,D10,b,2,20,0.113795,130688,5431296,4,1
strassen,64,diagonal,D10,b,3,20,0.13869,130688,5431296,4,1
strassen,64,diagonal,D10,b,4,20,0.11733,130688,5431296,4,1
strassen,64,diagonal,D10,b,5,20,0.11581,130688,5431296,4,1
strassen,64,diagonal,D10,b,6,20,0.115695,130688,5431296,4,1
strassen,64,diagonal,D10,b,7,20,0.114335,130688,5431296,4,1
strassen,64,diagonal,D10,b,8,20,0.11561,130688,5431296,4,1
strassen,64,diagonal,D10,b,9,20,0.11592,130688,5431296,4,1
strassen,64,diagonal,D10,b,10,20,0.119245,130688,5431296,4,1
strassen,64,diagonal,D10,b,11,20,0.117345,130688,5431296,4,1
strassen,64,diagonal,D10,b,12,20,0.115395,130688,5431296,4,1
strassen,64,diagonal,D10,b,13,20,0.1175,130688,5431296,4,1
strassen,64,diagonal,D10,b,14,20,0.116395,130688,5431296,4,1
strassen,64,diagonal,D10,b,15,20,0.11437,130688,5431296,4,1
naive,64,diagonal,D10,c,1,20,0.095155,32768,5431296,4,1
naive,64,diagonal,D10,c,2,20,0.094205,32768,5431296,4,1
naive,64,diagonal,D10,c,3,20,0.092075,32768,5431296,4,1
naive,64,diagonal,D10,c,4,20,0.09425,32768,5431296,4,1
naive,64,diagonal,D10,c,5,20,0.094365,32768,5431296,4,1
naive,64,diagonal,D10,c,6,20,0.094255,32768,5431296,4,1
naive,64,diagonal,D10,c,7,20,0.09421,32768,5431296,4,1
naive,64,diagonal,D10,c,8,20,0.094315,32768,5431296,4,1
naive,64,diagonal,D10,c,9,20,0.094305,32768,5431296,4,1
naive,64,diagonal,D10,c,10,20,0.09427,32768,5431296,4,1
naive,64,diagonal,D10,c,11,20,0.094465,32768,5431296,4,1
naive,64,diagonal,D10,c,12,20,0.094235,32768,5431296,4,1
naive,64,diagonal,D10,c,13,20,0.09419,32768,5431296,4,1
naive,64,diagonal,D10,c,14,20,0.09428,32768,5431296,4,1
naive,64,diagonal,D10,c,15,20,0.094265,32768,5431296,4,1
strassen,64,diagonal,D10,c,1,20,0.11545,130688,5431296,4,1
strassen,64,diagonal,D10,c,2,20,0.116595,130688,5431296,4,1
strassen,64,diagonal,D10,c,3,20,0.11841,130688,5431296,4,1
strassen,64,diagonal,D10,c,4,20,0.115545,130688,5431296,4,1
strassen,64,diagonal,D10,c,5,20,0.114905,130688,5431296,4,1
strassen,64,diagonal,D10,c,6,20,0.11673,130688,5431296,4,1
strassen,64,diagonal,D10,c,7,20,0.11547,130688,5431296,4,1
strassen,64,diagonal,D10,c,8,20,0.114875,130688,5431296,4,1
strassen,64,diagonal,D10,c,9,20,0.117165,130688,5431296,4,1
strassen,64,diagonal,D10,c,10,20,0.115815,130688,5431296,4,1
strassen,64,diagonal,D10,c,11,20,0.11539,130688,5431296,4,1
strassen,64,diagonal,D10,c,12,20,0.115605,130688,5431296,4,1
strassen,64,diagonal,D10,c,13,20,0.11593,130688,5431296,4,1
strassen,64,diagonal,D10,c,14,20,0.11607,130688,5431296,4,1
strassen,64,diagonal,D10,c,15,20,0.115605,130688,5431296,4,1
naive,64,dispersa,D0,a,1,20,0.092575,32768,5431296,4,1
naive,64,dispersa,D0,a,2,20,0.094285,32768,5431296,4,1
naive,64,dispersa,D0,a,3,20,0.09423,32768,5431296,4,1
naive,64,dispersa,D0,a,4,20,0.09423,32768,5431296,4,1
naive,64,dispersa,D0,a,5,20,0.09421,32768,5431296,4,1
naive,64,dispersa,D0,a,6,20,0.09426,32768,5431296,4,1
naive,64,dispersa,D0,a,7,20,0.09504,32768,5431296,4,1
naive,64,dispersa,D0,a,8,20,0.094245,32768,5431296,4,1
naive,64,dispersa,D0,a,9,20,0.09167,32768,5431296,4,1
naive,64,dispersa,D0,a,10,20,0.097155,32768,5431296,4,1
naive,64,dispersa,D0,a,11,20,0.094355,32768,5431296,4,1
naive,64,dispersa,D0,a,12,20,0.09432,32768,5431296,4,1
naive,64,dispersa,D0,a,13,20,0.09426,32768,5431296,4,1
naive,64,dispersa,D0,a,14,20,0.094215,32768,5431296,4,1
naive,64,dispersa,D0,a,15,20,0.094335,32768,5431296,4,1
strassen,64,dispersa,D0,a,1,20,0.11409,130688,5431296,4,1
strassen,64,dispersa,D0,a,2,20,0.11716,130688,5431296,4,1
strassen,64,dispersa,D0,a,3,20,0.115555,130688,5431296,4,1
strassen,64,dispersa,D0,a,4,20,0.114895,130688,5431296,4,1
strassen,64,dispersa,D0,a,5,20,0.1154,130688,5431296,4,1
strassen,64,dispersa,D0,a,6,20,0.11663,130688,5431296,4,1
strassen,64,dispersa,D0,a,7,20,0.115525,130688,5431296,4,1
strassen,64,dispersa,D0,a,8,20,0.116325,130688,5431296,4,1
strassen,64,dispersa,D0,a,9,20,0.11804,130688,5431296,4,1
strassen,64,dispersa,D0,a,10,20,0.11588,130688,5431296,4,1
strassen,64,dispersa,D0,a,11,20,0.115645,130688,5431296,4,1
strassen,64,dispersa,D0,a,12,20,0.11722,130688,5431296,4,1
strassen,64,dispersa,D0,a,13,20,0.115925,130688,5431296,4,1
strassen,64,dispersa,D0,a,14,20,0.11419,130688,5431296,4,1
strassen,64,dispersa,D0,a,15,20,0.115935,130688,5431296,4,1
naive,64,dispersa,D0,b,1,20,0.094905,32768,5431296,4,1
naive,64,dispersa,D0,b,2,20,0.09423,32768,5431296,4,1
naive,64,dispersa,D0,b,3,20,0.09446,32768,5431296,4,1
naive,64,dispersa,D0,b,4,20,0.09429,32768,5431296,4,1
naive,64,dispersa,D0,b,5,20,0.09426,32768,5431296,4,1
naive,64,dispersa,D0,b,6,20,0.094155,32768,5431296,4,1
naive,64,dispersa,D0,b,7,20,0.094845,32768,5431296,4,1
naive,64,dispersa,D0,b,8,20,0.09494,32768,5431296,4,1
naive,64,dispersa,D0,b,9,20,0.094375,32768,5431296,4,1
naive,64,dispersa,D0,b,10,20,0.09438,32768,5431296,4,1
naive,64,dispersa,D0,b,11,20,0.094255,32768,5431296,4,1
naive,64,dispersa,D0,b,12,20,0.0942,32768,5431296,4,1
naive,64,dispersa,D0,b,13,20,0.094335,32768,5431296,4,1
naive,64,dispersa,D0,b,14,20,0.094685,32768,5431296,4,1
naive,64,dispersa,D0,b,15,20,0.094465,32768,5431296,4,1
strassen,64,dispersa,D0,b,1,20,0.116065,130688,5431296,4,1
strassen,64,dispersa,D0,b,2,20,0.13386,130688,5431296,4,1
strassen,64,dispersa,D0,b,3,20,0.13375,130688,5431296,4,1
strassen,64,dispersa,D0,b,4,20,0.115935,130688,5431296,4,1
strassen,64,dispersa,D0,b,5,20,0.11808,130688,5431296,4,1
strassen,64,dispersa,D0,b,6,20,0.117025,130688,5431296,4,1
strassen,64,dispersa,D0,b,7,20,0.11794,130688,5431296,4,1
strassen,64,dispersa,D0,b,8,20,0.117345,130688,5431296,4,1
strassen,64,dispersa,D0,b,9,20,0.116325,130688,5431296,4,1
strassen,64,dispersa,D0,b,10,20,0.117515,130688,5431296,4,1
strassen,64,dispersa,D0,b,11,20,0.115645,130688,5431296,4,1
strassen,64,dispersa,D0,b,12,20,0.12201,130688,5431296,4,1
strassen,64,dispersa,D0,b,13,20,0.128025,130688,5431296,4,1
strassen,64,dispersa,D0,b,14,20,0.118515,130688,5431296,4,1
strassen,64,dispersa,D0,b,15,20,0.118995,130688,5431296,4,1
naive,64,dispersa,D0,c,1,20,0.09612,32768,5431296,4,1
naive,64,dispersa,D0,c,2,20,0.095325,32768,5431296,4,1
naive,64,dispersa,D0,c,3,20,0.09455,32768,5431296,4,1
naive,64,dispersa,D0,c,4,20,0.09517,32768,5431296,4,1
naive,64,dispersa,D0,c,5,20,0.09492,32768,5431296,4,1
naive,64,dispersa,D0,c,6,20,0.094245,32768,5431296,4,1
naive,64,dispersa,D0,c,7,20,0.094285,32768,5431296,4,1
naive,64,dispersa,D0,c,8,20,0.093215,32768,5431296,4,1
naive,64,dispersa,D0,c,9,20,0.09425,32768,5431296,4,1
naive,64,dispersa,D0,c,10,20,0.09435,32768,5431296,4,1
naive,64,dispersa,D0,c,11,20,0.094115,32768,5431296,4,1
naive,64,dispersa,D0,c,12,20,0.09539,32768,5431296,4,1
naive,64,dispersa,D0,c,13,20,0.094295,32768,5431296,4,1
naive,64,dispersa,D0,c,14,20,0.09406,32768,5431296,4,1
naive,64,dispersa,D0,c,15,20,0.094415,32768,5431296,4,1
strassen,64,dispersa,D0,c,1,20,0.11603,130688,5431296,4,1
strassen,64,dispersa,D0,c,2,20,0.11639,130688,5431296,4,1
strassen,64,dispersa,D0,c,3,20,0.115045,130688,5431296,4,1
strassen,64,dispersa,D0,c,4,20,0.11679,130688,5431296,4,1
strassen,64,dispersa,D0,c,5,20,0.116685,130688,5431296,4,1
strassen,64,dispersa,D0,c,6,20,0.11492,130688,5431296,4,1
strassen,64,dispersa,D0,c,7,20,0.116065,130688,5431296,4,1
strassen,64,dispersa,D0,c,8,20,0.116995,130688,5431296,4,1
strassen,64,dispersa,D0,c,9,20,0.115035,130688,5431296,4,1
strassen,64,dispersa,D0,c,10,20,0.114945,130688,5431296,4,1
strassen,64,dispersa,D0,c,11,20,0.117955,130688,5431296,4,1
strassen,64,dispersa,D0,c,12,20,0.11573,130688,5431296,4,1
strassen,64,dispersa,D0,c,13,20,0.116555,130688,5431296,4,1
strassen,64,dispersa,D0,c,14,20,0.11438,130688,5431296,4,1
strassen,64,dispersa,D0,c,15,20,0.117075,130688,5431296,4,1
naive,64,dispersa,D10,a,1,20,0.09503,32768,5431296,4,1
naive,64,dispersa,D10,a,2,20,0.09445,32768,5431296,4,1
naive,64,dispersa,D10,a,3,20,0.094285,32768,5431296,4,1
naive,64,dispersa,D10,a,4,20,0.09423,32768,5431296,4,1
naive,64,dispersa,D10,a,5,20,0.094215,32768,5431296,4,1
naive,64,dispersa,D10,a,6,20,0.094305,32768,5431296,4,1
naive,64,dispersa,D10,a,7,20,0.094255,32768,5431296,4,1
naive,64,dispersa,D10,a,8,20,0.092985,32768,5431296,4,1
naive,64,dispersa,D10,a,9,20,0.094265,32768,5431296,4,1
naive,64,dispersa,D10,a,10,20,0.093075,32768,5431296,4,1
naive,64,dispersa,D10,a,11,20,0.094245,32768,5431296,4,1
naive,64,dispersa,D10,a,12,20,0.09429,32768,5431296,4,1
naive,64,dispersa,D10,a,13,20,0.09421,32768,5431296,4,1
naive,64,dispersa,D10,a,14,20,0.0942,32768,5431296,4,1
naive,64,dispersa,D10,a,15,20,0.094345,32768,5431296,4,1
strassen,64,dispersa,D10,a,1,20,0.11827,130688,5431296,4,1
strassen,64,dispersa,D10,a,2,20,0.115675,130688,5431296,4,1
strassen,64,dispersa,D10,a,3,20,0.11414,130688,5431296,4,1
strassen,64,dispersa,D10,a,4,20,0.114925,130688,5431296,4,1
strassen,64,dispersa,D10,a,5,20,0.11543,130688,5431296,4,1
strassen,64,dispersa,D10,a,6,20,0.114055,130688,5431296,4,1
strassen,64,dispersa,D10,a,7,20,0.11586,130688,5431296,4,1
strassen,64,dispersa,D10,a,8,20,0.115855,130688,5431296,4,1
strassen,64,dispersa,D10,a,9,20,0.114425,130688,5431296,4,1
strassen,64,dispersa,D10,a,10,20,0.11428,130688,5431296,4,1
strassen,64,dispersa,D10,a,11,20,0.116585,130688,5431296,4,1
strassen,64,dispersa,D10,a,12,20,0.11417,130688,5431296,4,1
strassen,64,dispersa,D10,a,13,20,0.11563,130688,5431296,4,1
strassen,64,dispersa,D10,a,14,20,0.11441,130688,5431296,4,1
strassen,64,dispersa,D10,a,15,20,0.11547,130688,5431296,4,1
naive,64,dispersa,D10,b,1,20,0.092735,32768,5431296,4,1
naive,64,dispersa,D10,b,2,20,0.09423,32768,5431296,4,1
naive,64,dispersa,D10,b,3,20,0.094255,32768,5431296,4,1
naive,64,dispersa,D10,b,4,20,0.09422,32768,5431296,4,1
naive,64,dispersa,D10,b,5,20,0.094335,32768,5431296,4,1
naive,64,dispersa,D10,b,6,20,0.09433,32768,5431296,4,1
naive,64,dispersa,D10,b,7,20,0.094375,32768,5431296,4,1
naive,64,dispersa,D10,b,8,20,0.094415,32768,5431296,4,1
naive,64,dispersa,D10,b,9,20,0.0942,32768,5431296,4,1
naive,64,dispersa,D10,b,10,20,0.094215,32768,5431296,4,1
naive,64,dispersa,D10,b,11,20,0.094265,32768,5431296,4,1
naive,64,dispersa,D10,b,12,20,0.09426,32768,5431296,4,1
naive,64,dispersa,D10,b,13,20,0.09428,32768,5431296,4,1
naive,64,dispersa,D10,b,14,20,0.09428,32768,5431296,4,1
naive,64,dispersa,D10,b,15,20,0.094255,32768,5431296,4,1
strassen,64,dispersa,D10,b,1,20,0.11453,130688,5431296,4,1
strassen,64,dispersa,D10,b,2,20,0.11379,130688,5431296,4,1
strassen,64,dispersa,D10,b,3,20,0.1139,130688,5431296,4,1
strassen,64,dispersa,D10,b,4,20,0.115065,130688,5431296,4,1
strassen,64,dispersa,D10,b,5,20,0.11551,130688,5431296,4,1
strassen,64,dispersa,D10,b,6,20,0.113785,130688,5431296,4,1
strassen,64,dispersa,D10,b,7,20,0.114925,130688,5431296,4,1
strassen,64,dispersa,D10,b,8,20,0.121405,130688,5431296,4,1
strassen,64,dispersa,D10,b,9,20,0.11364,130688,5431296,4,1
strassen,64,dispersa,D10,b,10,20,0.115855,130688,5431296,4,1
strassen,64,dispersa,D10,b,11,20,0.11599,130688,5431296,4,1
strassen,64,dispersa,D10,b,12,20,0.11401,130688,5431296,4,1
strassen,64,dispersa,D10,b,13,20,0.115715,130688,5431296,4,1
strassen,64,dispersa,D10,b,14,20,0.116175,130688,5431296,4,1
strassen,64,dispersa,D10,b,15,20,0.11438,130688,5431296,4,1
naive,64,dispersa,D10,c,1,20,0.094795,32768,5431296,4,1
naive,64,dispersa,D10,c,2,20,0.09426,32768,5431296,4,1
naive,64,dispersa,D10,c,3,20,0.09418,32768,5431296,4,1
naive,64,dispersa,D10,c,4,20,0.09426,32768,5431296,4,1
naive,64,dispersa,D10,c,5,20,0.09421,32768,5431296,4,1
naive,64,dispersa,D10,c,6,20,0.094815,32768,5431296,4,1
naive,64,dispersa,D10,c,7,20,0.09659,32768,5431296,4,1
naive,64,dispersa,D10,c,8,20,0.094385,32768,5431296,4,1
naive,64,dispersa,D10,c,9,20,0.0943,32768,5431296,4,1
naive,64,dispersa,D10,c,10,20,0.09427,32768,5431296,4,1
naive,64,dispersa,D10,c,11,20,0.094205,32768,5431296,4,1
naive,64,dispersa,D10,c,12,20,0.094315,32768,5431296,4,1
naive,64,dispersa,D10,c,13,20,0.094245,32768,5431296,4,1
naive,64,dispersa,D10,c,14,20,0.094255,32768,5431296,4,1
naive,64,dispersa,D10,c,15,20,0.095865,32768,5431296,4,1
strassen,64,dispersa,D10,c,1,20,0.114405,130688,5431296,4,1
strassen,64,dispersa,D10,c,2,20,0.11544,130688,5431296,4,1
strassen,64,dispersa,D10,c,3,20,0.11372,130688,5431296,4,1
strassen,64,dispersa,D10,c,4,20,0.11501,130688,5431296,4,1
strassen,64,dispersa,D10,c,5,20,0.115555,130688,5431296,4,1
strassen,64,dispersa,D10,c,6,20,0.114055,130688,5431296,4,1
strassen,64,dispersa,D10,c,7,20,0.11729,130688,5431296,4,1
strassen,64,dispersa,D10,c,8,20,0.11546,130688,5431296,4,1
strassen,64,dispersa,D10,c,9,20,0.11377,130688,5431296,4,1
strassen,64,dispersa,D10,c,10,20,0.115365,130688,5431296,4,1
strassen,64,dispersa,D10,c,11,20,0.116105,130688,5431296,4,1
strassen,64,dispersa,D10,c,12,20,0.1138,130688,5431296,4,1
strassen,64,dispersa,D10,c,13,20,0.11617,130688,5431296,4,1
strassen,64,dispersa,D10,c,14,20,0.115995,130688,5431296,4,1
strassen,64,dispersa,D10,c,15,20,0.114155,130688,5431296,4,1
naive,256,densa,D0,a,1,3,16.5577,524288,7409664,4,1
naive,256,densa,D0,a,2,3,16.734,524288,7409664,4,1
naive,256,densa,D0,a,3,3,16.7414,524288,7409664,4,1
naive,256,densa,D0,a,4,3,16.7626,524288,7409664,4,1
naive,256,densa,D0,a,5,3,16.7841,524288,7409664,4,1
naive,256,densa,D0,a,6,3,16.68,524288,7409664,4,1
naive,256,densa,D0,a,7,3,16.7498,524288,7409664,4,1
strassen,256,densa,D0,a,1,3,6.14657,2096768,8994816,4,1
strassen,256,densa,D0,a,2,3,6.32307,2096768,8994816,4,1
strassen,256,densa,D0,a,3,3,6.1354,2096768,8994816,4,1
strassen,256,densa,D0,a,4,3,6.31163,2096768,8994816,4,1
strassen,256,densa,D0,a,5,3,6.1807,2096768,8994816,4,1
strassen,256,densa,D0,a,6,3,6.1425,2096768,8994816,4,1
strassen,256,densa,D0,a,7,3,6.1939,2096768,8994816,4,1
naive,256,densa,D0,b,1,3,16.8313,524288,9379840,4,1
naive,256,densa,D0,b,2,3,16.8241,524288,9379840,4,1
naive,256,densa,D0,b,3,3,16.8392,524288,9379840,4,1
naive,256,densa,D0,b,4,3,16.8342,524288,9379840,4,1
naive,256,densa,D0,b,5,3,16.8456,524288,9379840,4,1
naive,256,densa,D0,b,6,3,16.7901,524288,9379840,4,1
naive,256,densa,D0,b,7,3,17.1031,524288,9379840,4,1
strassen,256,densa,D0,b,1,3,6.18807,2096768,9379840,4,1
strassen,256,densa,D0,b,2,3,6.1342,2096768,9379840,4,1
strassen,256,densa,D0,b,3,3,6.19847,2096768,9379840,4,1
strassen,256,densa,D0,b,4,3,6.1839,2096768,9379840,4,1
strassen,256,densa,D0,b,5,3,6.15953,2096768,9379840,4,1
strassen,256,densa,D0,b,6,3,6.23477,2096768,9379840,4,1
strassen,256,densa,D0,b,7,3,6.1553,2096768,9379840,4,1
naive,256,densa,D0,c,1,3,16.8634,524288,9379840,4,1
naive,256,densa,D0,c,2,3,16.8658,524288,9379840,4,1
naive,256,densa,D0,c,3,3,16.8208,524288,9379840,4,1
naive,256,densa,D0,c,4,3,16.8022,524288,9379840,4,1
naive,256,densa,D0,c,5,3,16.7995,524288,9379840,4,1
naive,256,densa,D0,c,6,3,16.8251,524288,9379840,4,1
naive,256,densa,D0,c,7,3,16.8092,524288,9379840,4,1
strassen,256,densa,D0,c,1,3,6.1261,2096768,9379840,4,1
strassen,256,densa,D0,c,2,3,6.1704,2096768,9379840,4,1
strassen,256,densa,D0,c,3,3,6.15093,2096768,9379840,4,1
strassen,256,densa,D0,c,4,3,6.09127,2096768,9379840,4,1
strassen,256,densa,D0,c,5,3,6.13893,2096768,9379840,4,1
strassen,256,densa,D0,c,6,3,6.1365,2096768,9379840,4,1
strassen,256,densa,D0,c,7,3,6.14757,2096768,9379840,4,1
naive,256,densa,D10,a,1,3,16.7994,524288,9383936,4,1
naive,256,densa,D10,a,2,3,16.9675,524288,9383936,4,1
naive,256,densa,D10,a,3,3,16.835,524288,9383936,4,1
naive,256,densa,D10,a,4,3,16.6867,524288,9383936,4,1
naive,256,densa,D10,a,5,3,16.7185,524288,9383936,4,1
naive,256,densa,D10,a,6,3,16.6969,524288,9383936,4,1
naive,256,densa,D10,a,7,3,16.5558,524288,9383936,4,1
strassen,256,densa,D10,a,1,3,6.24603,2096768,9383936,4,1
strassen,256,densa,D10,a,2,3,6.5916,2096768,9383936,4,1
strassen,256,densa,D10,a,3,3,6.314,2096768,9383936,4,1
strassen,256,densa,D10,a,4,3,6.3211,2096768,9383936,4,1
strassen,256,densa,D10,a,5,3,6.34937,2096768,9383936,4,1
strassen,256,densa,D10,a,6,3,6.2202,2096768,9383936,4,1
strassen,256,densa,D10,a,7,3,6.2689,2096768,9383936,4,1
naive,256,densa,D10,b,1,3,16.7843,524288,9383936,4,1
naive,256,densa,D10,b,2,3,16.7733,524288,9383936,4,1
naive,256,densa,D10,b,3,3,16.7351,524288,9383936,4,1
naive,256,densa,D10,b,4,3,16.4433,524288,9383936,4,1
naive,256,densa,D10,b,5,3,16.6085,524288,9383936,4,1
naive,256,densa,D10,b,6,3,16.6133,524288,9383936,4,1
naive,256,densa,D10,b,7,3,16.3633,524288,9383936,4,1
strassen,256,densa,D10,b,1,3,6.45943,2096768,9383936,4,1
strassen,256,densa,D10,b,2,3,6.3729,2096768,9383936,4,1
strassen,256,densa,D10,b,3,3,6.40637,2096768,9383936,4,1
strassen,256,densa,D10,b,4,3,6.3156,2096768,9383936,4,1
strassen,256,densa,D10,b,5,3,7.75407,2096768,9383936,4,1
strassen,256,densa,D10,b,6,3,6.4105,2096768,9383936,4,1
strassen,256,densa,D10,b,7,3,6.55543,2096768,9383936,4,1
naive,256,densa,D10,c,1,3,16.6467,524288,9383936,4,1
naive,256,densa,D10,c,2,3,16.5055,524288,9383936,4,1
naive,256,densa,D10,c,3,3,16.866,524288,9383936,4,1
naive,256,densa,D10,c,4,3,16.9841,524288,9383936,4,1
naive,256,densa,D10,c,5,3,17.411,524288,9383936,4,1
naive,256,densa,D10,c,6,3,17.2153,524288,9383936,4,1
naive,256,densa,D10,c,7,3,17.41,524288,9383936,4,1
strassen,256,densa,D10,c,1,3,6.3352,2096768,9383936,4,1
strassen,256,densa,D10,c,2,3,6.35283,2096768,9383936,4,1
strassen,256,densa,D10,c,3,3,6.38637,2096768,9383936,4,1
strassen,256,densa,D10,c,4,3,6.65683,2096768,9383936,4,1
strassen,256,densa,D10,c,5,3,6.76027,2096768,9383936,4,1
strassen,256,densa,D10,c,6,3,7.10953,2096768,9383936,4,1
strassen,256,densa,D10,c,7,3,7.41737,2096768,9383936,4,1
naive,256,diagonal,D0,a,1,3,17.8254,524288,9383936,4,1
naive,256,diagonal,D0,a,2,3,17.5547,524288,9383936,4,1
naive,256,diagonal,D0,a,3,3,17.2224,524288,9383936,4,1
naive,256,diagonal,D0,a,4,3,17.2037,524288,9383936,4,1
naive,256,diagonal,D0,a,5,3,17.0581,524288,9383936,4,1
naive,256,diagonal,D0,a,6,3,17.0743,524288,9383936,4,1
naive,256,diagonal,D0,a,7,3,17.0711,524288,9383936,4,1
strassen,256,diagonal,D0,a,1,3,6.19873,2096768,9383936,4,1
strassen,256,diagonal,D0,a,2,3,6.25273,2096768,9383936,4,1
strassen,256,diagonal,D0,a,3,3,6.28083,2096768,9383936,4,1
strassen,256,diagonal,D0,a,4,3,6.3186,2096768,9383936,4,1
strassen,256,diagonal,D0,a,5,3,6.27013,2096768,9383936,4,1
strassen,256,diagonal,D0,a,6,3,6.2648,2096768,9383936,4,1
strassen,256,diagonal,D0,a,7,3,6.23893,2096768,9383936,4,1
naive,256,diagonal,D0,b,1,3,16.759,524288,9383936,4,1
naive,256,diagonal,D0,b,2,3,16.7581,524288,9383936,4,1
naive,256,diagonal,D0,b,3,3,16.7754,524288,9383936,4,1
naive,256,diagonal,D0,b,4,3,16.7008,524288,9383936,4,1
naive,256,diagonal,D0,b,5,3,16.765,524288,9383936,4,1
naive,256,diagonal,D0,b,6,3,16.7456,524288,9383936,4,1
naive,256,diagonal,D0,b,7,3,16.364,524288,9383936,4,1
strassen,256,diagonal,D0,b,1,3,6.31017,2096768,9383936,4,1
strassen,256,diagonal,D0,b,2,3,6.27563,2096768,9383936,4,1
strassen,256,diagonal,D0,b,3,3,6.224,2096768,9383936,4,1
strassen,256,diagonal,D0,b,4,3,6.2501,2096768,9383936,4,1
strassen,256,diagonal,D0,b,5,3,6.31593,2096768,9383936,4,1
strassen,256,diagonal,D0,b,6,3,6.26237,2096768,9383936,4,1
strassen,256,diagonal,D0,b,7,3,6.3187,2096768,9383936,4,1
naive,256,diagonal,D0,c,1,3,16.7368,524288,9383936,4,1
naive,256,diagonal,D0,c,2,3,16.5496,524288,9383936,4,1
naive,256,diagonal,D0,c,3,3,16.6847,524288,9383936,4,1
naive,256,diagonal,D0,c,4,3,16.5442,524288,9383936,4,1
naive,256,diagonal,D0,c,5,3,16.5435,524288,9383936,4,1
naive,256,diagonal,D0,c,6,3,16.327,524288,9383936,4,1
naive,256,diagonal,D0,c,7,3,16.5882,524288,9383936,4,1
strassen,256,diagonal,D0,c,1,3,6.22947,2096768,9383936,4,1
strassen,256,diagonal,D0,c,2,3,6.2612,2096768,9383936,4,1
strassen,256,diagonal,D0,c,3,3,6.28673,2096768,9383936,4,1
strassen,256,diagonal,D0,c,4,3,6.26867,2096768,9383936,4,1
strassen,256,diagonal,D0,c,5,3,6.24383,2096768,9383936,4,1
strassen,256,diagonal,D0,c,6,3,6.24993,2096768,9383936,4,1
strassen,256,diagonal,D0,c,7,3,6.2728,2096768,9383936,4,1
naive,256,diagonal,D10,a,1,3,16.7876,524288,9383936,4,1
naive,256,diagonal,D10,a,2,3,16.7299,524288,9383936,4,1
naive,256,diagonal,D10,a,3,3,16.7099,524288,9383936,4,1
naive,256,diagonal,D10,a,4,3,16.7058,524288,9383936,4,1
naive,256,diagonal,D10,a,5,3,16.763,524288,9383936,4,1
naive,256,diagonal,D10,a,6,3,16.7491,524288,9383936,4,1
naive,256,diagonal,D10,a,7,3,16.7503,524288,9383936,4,1
strassen,256,diagonal,D10,a,1,3,6.23597,2096768,9383936,4,1
strassen,256,diagonal,D10,a,2,3,6.2378,2096768,9383936,4,1
strassen,256,diagonal,D10,a,3,3,6.25467,2096768,9383936,4,1
strassen,256,diagonal,D10,a,4,3,6.28027,2096768,9383936,4,1
strassen,256,diagonal,D10,a,5,3,6.3277,2096768,9383936,4,1
strassen,256,diagonal,D10,a,6,3,6.30583,2096768,9383936,4,1
strassen,256,diagonal,D10,a,7,3,6.2384,2096768,9383936,4,1
naive,256,diagonal,D10,b,1,3,16.8809,524288,9383936,4,1
naive,256,diagonal,D10,b,2,3,16.9693,524288,9383936,4,1
naive,256,diagonal,D10,b,3,3,16.5585,524288,9383936,4,1
naive,256,diagonal,D10,b,4,3,16.4495,524288,9383936,4,1
naive,256,diagonal,D10,b,5,3,15.6315,524288,9383936,4,1
naive,256,diagonal,D10,b,6,3,16.3011,524288,9383936,4,1
naive,256,diagonal,D10,b,7,3,16.3917,524288,9383936,4,1
strassen,256,diagonal,D10,b,1,3,6.2686,2096768,9383936,4,1
strassen,256,diagonal,D10,b,2,3,6.31353,2096768,9383936,4,1
strassen,256,diagonal,D10,b,3,3,6.54263,2096768,9383936,4,1
strassen,256,diagonal,D10,b,4,3,6.3614,2096768,9383936,4,1
strassen,256,diagonal,D10,b,5,3,6.45347,2096768,9383936,4,1
strassen,256,diagonal,D10,b,6,3,6.4556,2096768,9383936,4,1
strassen,256,diagonal,D10,b,7,3,6.42627,2096768,9383936,4,1
naive,256,diagonal,D10,c,1,3,16.7813,524288,9383936,4,1
naive,256,diagonal,D10,c,2,3,16.7099,524288,9383936,4,1
naive,256,diagonal,D10,c,3,3,16.7654,524288,9383936,4,1
naive,256,diagonal,D10,c,4,3,16.9954,524288,9383936,4,1
naive,256,diagonal,D10,c,5,3,16.7269,524288,9383936,4,1
naive,256,diagonal,D10,c,6,3,16.6702,524288,9383936,4,1
naive,256,diagonal,D10,c,7,3,16.6739,524288,9383936,4,1
strassen,256,diagonal,D10,c,1,3,6.20787,2096768,9383936,4,1
strassen,256,diagonal,D10,c,2,3,6.8148,2096768,9383936,4,1
strassen,256,diagonal,D10,c,3,3,6.26837,2096768,9383936,4,1
strassen,256,diagonal,D10,c,4,3,6.42403,2096768,9383936,4,1
strassen,256,diagonal,D10,c,5,3,6.34243,2096768,9383936,4,1
strassen,256,diagonal,D10,c,6,3,6.277,2096768,9383936,4,1
strassen,256,diagonal,D10,c,7,3,6.342,2096768,9383936,4,1
naive,256,dispersa,D0,a,1,3,16.7286,524288,9383936,4,1
naive,256,dispersa,D0,a,2,3,16.7549,524288,9383936,4,1
naive,256,dispersa,D0,a,3,3,16.7647,524288,9383936,4,1
naive,256,dispersa,D0,a,4,3,16.7748,524288,9383936,4,1
naive,256,dispersa,D0,a,5,3,16.7719,524288,9383936,4,1
naive,256,dispersa,D0,a,6,3,16.7573,524288,9383936,4,1
naive,256,dispersa,D0,a,7,3,16.9085,524288,9383936,4,1
strassen,256,dispersa,D0,a,1,3,6.25233,2096768,9383936,4,1
strassen,256,dispersa,D0,a,2,3,6.19577,2096768,9383936,4,1
strassen,256,dispersa,D0,a,3,3,6.27097,2096768,9383936,4,1
strassen,256,dispersa,D0,a,4,3,6.27947,2096768,9383936,4,1
strassen,256,dispersa,D0,a,5,3,6.32977,2096768,9383936,4,1
strassen,256,dispersa,D0,a,6,3,6.5051,2096768,9383936,4,1
strassen,256,dispersa,D0,a,7,3,6.3348,2096768,9383936,4,1
naive,256,dispersa,D0,b,1,3,16.6976,524288,9383936,4,1
naive,256,dispersa,D0,b,2,3,16.7683,524288,9383936,4,1
naive,256,dispersa,D0,b,3,3,16.6789,524288,9383936,4,1
naive,256,dispersa,D0,b,4,3,16.7022,524288,9383936,4,1
naive,256,dispersa,D0,b,5,3,17.3067,524288,9383936,4,1
naive,256,dispersa,D0,b,6,3,17.7555,524288,9383936,4,1
naive,256,dispersa,D0,b,7,3,17.0566,524288,9383936,4,1
strassen,256,dispersa,D0,b,1,3,6.53923,2096768,9383936,4,1
strassen,256,dispersa,D0,b,2,3,6.49107,2096768,9383936,4,1
strassen,256,dispersa,D0,b,3,3,6.33027,2096768,9383936,4,1
strassen,256,dispersa,D0,b,4,3,6.3062,2096768,9383936,4,1
strassen,256,dispersa,D0,b,5,3,6.24993,2096768,9383936,4,1
strassen,256,dispersa,D0,b,6,3,6.3579,2096768,9383936,4,1
strassen,256,dispersa,D0,b,7,3,6.27577,2096768,9383936,4,1
naive,256,dispersa,D0,c,1,3,16.7315,524288,9383936,4,1
naive,256,dispersa,D0,c,2,3,16.7787,524288,9383936,4,1
naive,256,dispersa,D0,c,3,3,16.7638,524288,9383936,4,1
naive,256,dispersa,D0,c,4,3,16.7474,524288,9383936,4,1
naive,256,dispersa,D0,c,5,3,16.738,524288,9383936,4,1
naive,256,dispersa,D0,c,6,3,16.8257,524288,9383936,4,1
naive,256,dispersa,D0,c,7,3,17.0182,524288,9383936,4,1
strassen,256,dispersa,D0,c,1,3,6.70653,2096768,9383936,4,1
strassen,256,dispersa,D0,c,2,3,6.81743,2096768,9383936,4,1
strassen,256,dispersa,D0,c,3,3,6.86623,2096768,9383936,4,1
strassen,256,dispersa,D0,c,4,3,6.91193,2096768,9383936,4,1
strassen,256,dispersa,D0,c,5,3,7.45833,2096768,9383936,4,1
strassen,256,dispersa,D0,c,6,3,6.55383,2096768,9383936,4,1
strassen,256,dispersa,D0,c,7,3,6.50977,2096768,9383936,4,1
naive,256,dispersa,D10,a,1,3,17.6067,524288,9383936,4,1
naive,256,dispersa,D10,a,2,3,16.6318,524288,9383936,4,1
naive,256,dispersa,D10,a,3,3,16.4572,524288,9383936,4,1
naive,256,dispersa,D10,a,4,3,16.4286,524288,9383936,4,1
naive,256,dispersa,D10,a,5,3,16.6956,524288,9383936,4,1
naive,256,dispersa,D10,a,6,3,16.6659,524288,9383936,4,1
naive,256,dispersa,D10,a,7,3,16.4109,524288,9383936,4,1
strassen,256,dispersa,D10,a,1,3,6.42983,2096768,9383936,4,1
strassen,256,dispersa,D10,a,2,3,6.69273,2096768,9383936,4,1
strassen,256,dispersa,D10,a,3,3,6.6761,2096768,9383936,4,1
strassen,256,dispersa,D10,a,4,3,6.985,2096768,9383936,4,1
strassen,256,dispersa,D10,a,5,3,7.11673,2096768,9383936,4,1
strassen,256,dispersa,D10,a,6,3,7.6639,2096768,9383936,4,1
strassen,256,dispersa,D10,a,7,3,7.52473,2096768,9383936,4,1
naive,256,dispersa,D10,b,1,3,17.134,524288,9383936,4,1
naive,256,dispersa,D10,b,2,3,17.2277,524288,9383936,4,1
naive,256,dispersa,D10,b,3,3,17.5083,524288,9383936,4,1
naive,256,dispersa,D10,b,4,3,16.5685,524288,9383936,4,1
naive,256,dispersa,D10,b,5,3,16.7332,524288,9383936,4,1
naive,256,dispersa,D10,b,6,3,16.4524,524288,9383936,4,1
naive,256,dispersa,D10,b,7,3,17.4848,524288,9383936,4,1
strassen,256,dispersa,D10,b,1,3,6.83703,2096768,9383936,4,1
strassen,256,dispersa,D10,b,2,3,6.73213,2096768,9383936,4,1
strassen,256,dispersa,D10,b,3,3,6.76667,2096768,9383936,4,1
strassen,256,dispersa,D10,b,4,3,7.208,2096768,9383936,4,1
strassen,256,dispersa,D10,b,5,3,7.19897,2096768,9383936,4,1
strassen,256,dispersa,D10,b,6,3,7.14533,2096768,9383936,4,1
strassen,256,dispersa,D10,b,7,3,7.18707,2096768,9383936,4,1
naive,256,dispersa,D10,c,1,3,17.5499,524288,9383936,4,1
naive,256,dispersa,D10,c,2,3,16.579,524288,9383936,4,1
naive,256,dispersa,D10,c,3,3,16.5919,524288,9383936,4,1
naive,256,dispersa,D10,c,4,3,17.2664,524288,9383936,4,1
naive,256,dispersa,D10,c,5,3,17.5995,524288,9383936,4,1
naive,256,dispersa,D10,c,6,3,17.6141,524288,9383936,4,1
naive,256,dispersa,D10,c,7,3,17.653,524288,9383936,4,1
strassen,256,dispersa,D10,c,1,3,6.64527,2096768,9383936,4,1
strassen,256,dispersa,D10,c,2,3,6.691,2096768,9383936,4,1
strassen,256,dispersa,D10,c,3,3,6.75613,2096768,9383936,4,1
strassen,256,dispersa,D10,c,4,3,6.75853,2096768,9383936,4,1
strassen,256,dispersa,D10,c,5,3,6.54123,2096768,9383936,4,1
strassen,256,dispersa,D10,c,6,3,6.32063,2096768,9383936,4,1
strassen,256,dispersa,D10,c,7,3,6.28363,2096768,9383936,4,1
naive,16,densa,D0,a,1,200,0.0012815,2048,4960256,8,1
naive,16,densa,D0,a,2,200,0.0012765,2048,4960256,8,1
naive,16,densa,D0,a,3,200,0.0012785,2048,4960256,8,1
naive,16,densa,D0,a,4,200,0.001275,2048,4960256,8,1
naive,16,densa,D0,a,5,200,0.001278,2048,4960256,8,1
naive,16,densa,D0,a,6,200,0.0012765,2048,4960256,8,1
naive,16,densa,D0,a,7,200,0.0012725,2048,4960256,8,1
naive,16,densa,D0,a,8,200,0.00129,2048,4960256,8,1
naive,16,densa,D0,a,9,200,0.001277,2048,4960256,8,1
naive,16,densa,D0,a,10,200,0.001274,2048,4960256,8,1
naive,16,densa,D0,a,11,200,0.0012855,2048,4960256,8,1
naive,16,densa,D0,a,12,200,0.0012265,2048,4960256,8,1
naive,16,densa,D0,a,13,200,0.0012265,2048,4960256,8,1
naive,16,densa,D0,a,14,200,0.0012245,2048,4960256,8,1
naive,16,densa,D0,a,15,200,0.0012245,2048,4960256,8,1
strassen,16,densa,D0,a,1,200,0.0014215,6656,5091328,8,1
strassen,16,densa,D0,a,2,200,0.001409,6656,5091328,8,1
strassen,16,densa,D0,a,3,200,0.0014095,6656,5091328,8,1
strassen,16,densa,D0,a,4,200,0.001409,6656,5091328,8,1
strassen,16,densa,D0,a,5,200,0.0014315,6656,5091328,8,1
strassen,16,densa,D0,a,6,200,0.001415,6656,5091328,8,1
strassen,16,densa,D0,a,7,200,0.0014155,6656,5091328,8,1
strassen,16,densa,D0,a,8,200,0.001464,6656,5091328,8,1
strassen,16,densa,D0,a,9,200,0.001414,6656,5091328,8,1
strassen,16,densa,D0,a,10,200,0.0014135,6656,5091328,8,1
strassen,16,densa,D0,a,11,200,0.001435,6656,5091328,8,1
strassen,16,densa,D0,a,12,200,0.001363,6656,5091328,8,1
strassen,16,densa,D0,a,13,200,0.0013615,6656,5091328,8,1
strassen,16,densa,D0,a,14,200,0.0013625,6656,5091328,8,1
strassen,16,densa,D0,a,15,200,0.001375,6656,5091328,8,1
naive,16,densa,D0,b,1,200,0.001226,2048,5152768,8,1
naive,16,densa,D0,b,2,200,0.0012255,2048,5152768,8,1
naive,16,densa,D0,b,3,200,0.0012245,2048,5152768,8,1
naive,16,densa,D0,b,4,200,0.001228,2048,5152768,8,1
naive,16,densa,D0,b,5,200,0.0012235,2048,5152768,8,1
naive,16,densa,D0,b,6,200,0.0012465,2048,5152768,8,1
naive,16,densa,D0,b,7,200,0.0012265,2048,5152768,8,1
naive,16,densa,D0,b,8,200,0.0012835,2048,5152768,8,1
naive,16,densa,D0,b,9,200,0.0012235,2048,5152768,8,1
naive,16,densa,D0,b,10,200,0.0012245,2048,5152768,8,1
naive,16,densa,D0,b,11,200,0.001224,2048,5152768,8,1
naive,16,densa,D0,b,12,200,0.0012265,2048,5152768,8,1
naive,16,densa,D0,b,13,200,0.0012235,2048,5152768,8,1
naive,16,densa,D0,b,14,200,0.001238,2048,5152768,8,1
naive,16,densa,D0,b,15,200,0.0012265,2048,5152768,8,1
strassen,16,densa,D0,b,1,200,0.001356,6656,5152768,8,1
strassen,16,densa,D0,b,2,200,0.001355,6656,5152768,8,1
strassen,16,densa,D0,b,3,200,0.001355,6656,5152768,8,1
strassen,16,densa,D0,b,4,200,0.0013545,6656,5152768,8,1
strassen,16,densa,D0,b,5,200,0.001355,6656,5152768,8,1
strassen,16,densa,D0,b,6,200,0.00137,6656,5152768,8,1
strassen,16,densa,D0,b,7,200,0.001355,6656,5152768,8,1
strassen,16,densa,D0,b,8,200,0.001356,6656,5152768,8,1
strassen,16,densa,D0,b,9,200,0.001355,6656,5152768,8,1
strassen,16,densa,D0,b,10,200,0.0013555,6656,5152768,8,1
strassen,16,densa,D0,b,11,200,0.001354,6656,5152768,8,1
strassen,16,densa,D0,b,12,200,0.0013555,6656,5152768,8,1
strassen,16,densa,D0,b,13,200,0.0013665,6656,5152768,8,1
strassen,16,densa,D0,b,14,200,0.001356,6656,5152768,8,1
strassen,16,densa,D0,b,15,200,0.001356,6656,5152768,8,1
naive,16,densa,D0,c,1,200,0.001226,2048,5152768,8,1
naive,16,densa,D0,c,2,200,0.001226,2048,5152768,8,1
naive,16,densa,D0,c,3,200,0.001227,2048,5152768,8,1
naive,16,densa,D0,c,4,200,0.001226,2048,5152768,8,1
naive,16,densa,D0,c,5,200,0.0012435,2048,5152768,8,1
naive,16,densa,D0,c,6,200,0.0012265,2048,5152768,8,1
naive,16,densa,D0,c,7,200,0.001226,2048,5152768,8,1
naive,16,densa,D0,c,8,200,0.001225,2048,5152768,8,1
naive,16,densa,D0,c,9,200,0.001226,2048,5152768,8,1
naive,16,densa,D0,c,10,200,0.0012255,2048,5152768,8,1
naive,16,densa,D0,c,11,200,0.0012265,2048,5152768,8,1
naive,16,densa,D0,c,12,200,0.001226,2048,5152768,8,1
naive,16,densa,D0,c,13,200,0.001239,2048,5152768,8,1
naive,16,densa,D0,c,14,200,0.001228,2048,5152768,8,1
naive,16,densa,D0,c,15,200,0.0012265,2048,5152768,8,1
strassen,16,densa,D0,c,1,200,0.001356,6656,5152768,8,1
strassen,16,densa,D0,c,2,200,0.0013565,6656,5152768,8,1
strassen,16,densa,D0,c,3,200,0.001355,6656,5152768,8,1
strassen,16,densa,D0,c,4,200,0.001368,6656,5152768,8,1
strassen,16,densa,D0,c,5,200,0.001355,6656,5152768,8,1
strassen,16,densa,D0,c,6,200,0.0013555,6656,5152768,8,1
strassen,16,densa,D0,c,7,200,0.001355,6656,5152768,8,1
strassen,16,densa,D0,c,8,200,0.001364,6656,5152768,8,1
strassen,16,densa,D0,c,9,200,0.0021005,6656,5152768,8,1
strassen,16,densa,D0,c,10,200,0.002176,6656,5152768,8,1
strassen,16,densa,D0,c,11,200,0.001926,6656,5152768,8,1
strassen,16,densa,D0,c,12,200,0.0017365,6656,5152768,8,1
strassen,16,densa,D0,c,13,200,0.0013555,6656,5152768,8,1
strassen,16,densa,D0,c,14,200,0.001356,6656,5152768,8,1
strassen,16,densa,D0,c,15,200,0.001354,6656,5152768,8,1
naive,16,densa,D10,a,1,200,0.0012265,2048,5152768,8,1
naive,16,densa,D10,a,2,200,0.001298,2048,5152768,8,1
naive,16,densa,D10,a,3,200,0.001227,2048,5152768,8,1
naive,16,densa,D10,a,4,200,0.001228,2048,5152768,8,1
naive,16,densa,D10,a,5,200,0.001227,2048,5152768,8,1
naive,16,densa,D10,a,6,200,0.0012265,2048,5152768,8,1
naive,16,densa,D10,a,7,200,0.001227,2048,5152768,8,1
naive,16,densa,D10,a,8,200,0.001227,2048,5152768,8,1
naive,16,densa,D10,a,9,200,0.001227,2048,5152768,8,1
naive,16,densa,D10,a,10,200,0.001237,2048,5152768,8,1
naive,16,densa,D10,a,11,200,0.001228,2048,5152768,8,1
naive,16,densa,D10,a,12,200,0.001227,2048,5152768,8,1
naive,16,densa,D10,a,13,200,0.0012285,2048,5152768,8,1
naive,16,densa,D10,a,14,200,0.001227,2048,5152768,8,1
naive,16,densa,D10,a,15,200,0.001228,2048,5152768,8,1
strassen,16,densa,D10,a,1,200,0.0013555,6656,5152768,8,1
strassen,16,densa,D10,a,2,200,0.001355,6656,5152768,8,1
strassen,16,densa,D10,a,3,200,0.001367,6656,5152768,8,1
strassen,16,densa,D10,a,4,200,0.001356,6656,5152768,8,1
strassen,16,densa,D10,a,5,200,0.001355,6656,5152768,8,1
strassen,16,densa,D10,a,6,200,0.0013555,6656,5152768,8,1
strassen,16,densa,D10,a,7,200,0.001356,6656,5152768,8,1
strassen,16,densa,D10,a,8,200,0.0013555,6656,5152768,8,1
strassen,16,densa,D10,a,9,200,0.0013555,6656,5152768,8,1
strassen,16,densa,D10,a,10,200,0.001374,6656,5152768,8,1
strassen,16,densa,D10,a,11,200,0.001357,6656,5152768,8,1
strassen,16,densa,D10,a,12,200,0.001357,6656,5152768,8,1
strassen,16,densa,D10,a,13,200,0.0013565,6656,5152768,8,1
strassen,16,densa,D10,a,14,200,0.001356,6656,5152768,8,1
strassen,16,densa,D10,a,15,200,0.0013565,6656,5152768,8,1
naive,16,densa,D10,b,1,200,0.0012265,2048,5152768,8,1
naive,16,densa,D10,b,2,200,0.0012265,2048,5152768,8,1
naive,16,densa,D10,b,3,200,0.0012255,2048,5152768,8,1
naive,16,densa,D10,b,4,200,0.001225,2048,5152768,8,1
naive,16,densa,D10,b,5,200,0.0012265,2048,5152768,8,1
naive,16,densa,D10,b,6,200,0.001226,2048,5152768,8,1
naive,16,densa,D10,b,7,200,0.001225,2048,5152768,8,1
naive,16,densa,D10,b,8,200,0.0012245,2048,5152768,8,1
naive,16,densa,D10,b,9,200,0.001226,2048,5152768,8,1
naive,16,densa,D10,b,10,200,0.001239,2048,5152768,8,1
naive,16,densa,D10,b,11,200,0.001225,2048,5152768,8,1
naive,16,densa,D10,b,12,200,0.001228,2048,5152768,8,1
naive,16,densa,D10,b,13,200,0.0012285,2048,5152768,8,1
naive,16,densa,D10,b,14,200,0.0012255,2048,5152768,8,1
naive,16,densa,D10,b,15,200,0.001227,2048,5152768,8,1
strassen,16,densa,D10,b,1,200,0.001355,6656,5152768,8,1
strassen,16,densa,D10,b,2,200,0.0013615,6656,5152768,8,1
strassen,16,densa,D10,b,3,200,0.001355,6656,5152768,8,1
strassen,16,densa,D10,b,4,200,0.0013555,6656,5152768,8,1
strassen,16,densa,D10,b,5,200,0.001356,6656,5152768,8,1
strassen,16,densa,D10,b,6,200,0.0013555,6656,5152768,8,1
strassen,16,densa,D10,b,7,200,0.0013545,6656,5152768,8,1
strassen,16,densa,D10,b,8,200,0.001369,6656,5152768,8,1
strassen,16,densa,D10,b,9,200,0.0013545,6656,5152768,8,1
strassen,16,densa,D10,b,10,200,0.0013535,6656,5152768,8,1
strassen,16,densa,D10,b,11,200,0.0013545,6656,5152768,8,1
strassen,16,densa,D10,b,12,200,0.0013555,6656,5152768,8,1
strassen,16,densa,D10,b,13,200,0.0013545,6656,5152768,8,1
strassen,16,densa,D10,b,14,200,0.0013545,6656,5152768,8,1
strassen,16,densa,D10,b,15,200,0.001413,6656,5152768,8,1
naive,16,densa,D10,c,1,200,0.001228,2048,5152768,8,1
naive,16,densa,D10,c,2,200,0.0012275,2048,5152768,8,1
naive,16,densa,D10,c,3,200,0.0012275,2048,5152768,8,1
naive,16,densa,D10,c,4,200,0.001228,2048,5152768,8,1
naive,16,densa,D10,c,5,200,0.001228,2048,5152768,8,1
naive,16,densa,D10,c,6,200,0.001228,2048,5152768,8,1
naive,16,densa,D10,c,7,200,0.0012265,2048,5152768,8,1
naive,16,densa,D10,c,8,200,0.0012445,2048,5152768,8,1
naive,16,densa,D10,c,9,200,0.0012265,2048,5152768,8,1
naive,16,densa,D10,c,10,200,0.0012265,2048,5152768,8,1
naive,16,densa,D10,c,11,200,0.0012265,2048,5152768,8,1
naive,16,densa,D10,c,12,200,0.001227,2048,5152768,8,1
naive,16,densa,D10,c,13,200,0.0012265,2048,5152768,8,1
naive,16,densa,D10,c,14,200,0.0012275,2048,5152768,8,1
naive,16,densa,D10,c,15,200,0.001226,2048,5152768,8,1
strassen,16,densa,D10,c,1,200,0.0013685,6656,5152768,8,1
strassen,16,densa,D10,c,2,200,0.0013575,6656,5152768,8,1
strassen,16,densa,D10,c,3,200,0.001357,6656,5152768,8,1
strassen,16,densa,D10,c,4,200,0.001357,6656,5152768,8,1
strassen,16,densa,D10,c,5,200,0.001356,6656,5152768,8,1
strassen,16,densa,D10,c,6,200,0.001357,6656,5152768,8,1
strassen,16,densa,D10,c,7,200,0.0013565,6656,5152768,8,1
strassen,16,densa,D10,c,8,200,0.0013665,6656,5152768,8,1
strassen,16,densa,D10,c,9,200,0.0013565,6656,5152768,8,1
strassen,16,densa,D10,c,10,200,0.0013565,6656,5152768,8,1
strassen,16,densa,D10,c,11,200,0.0013565,6656,5152768,8,1
strassen,16,densa,D10,c,12,200,0.0013555,6656,5152768,8,1
strassen,16,densa,D10,c,13,200,0.0013565,6656,5152768,8,1
strassen,16,densa,D10,c,14,200,0.001356,6656,5152768,8,1
strassen,16,densa,D10,c,15,200,0.0013565,6656,5152768,8,1
naive,16,diagonal,D0,a,1,200,0.0012275,2048,5152768,8,1
naive,16,diagonal,D0,a,2,200,0.001224,2048,5152768,8,1
naive,16,diagonal,D0,a,3,200,0.0012265,2048,5152768,8,1
naive,16,diagonal,D0,a,4,200,0.001226,2048,5152768,8,1
naive,16,diagonal,D0,a,5,200,0.001227,2048,5152768,8,1
naive,16,diagonal,D0,a,6,200,0.001227,2048,5152768,8,1
naive,16,diagonal,D0,a,7,200,0.001227,2048,5152768,8,1
naive,16,diagonal,D0,a,8,200,0.0012285,2048,5152768,8,1
naive,16,diagonal,D0,a,9,200,0.001239,2048,5152768,8,1
naive,16,diagonal,D0,a,10,200,0.0012255,2048,5152768,8,1
naive,16,diagonal,D0,a,11,200,0.001227,2048,5152768,8,1
naive,16,diagonal,D0,a,12,200,0.001226,2048,5152768,8,1
naive,16,diagonal,D0,a,13,200,0.0012245,2048,5152768,8,1
naive,16,diagonal,D0,a,14,200,0.001225,2048,5152768,8,1
naive,16,diagonal,D0,a,15,200,0.0012265,2048,5152768,8,1
strassen,16,diagonal,D0,a,1,200,0.0013685,6656,5152768,8,1
strassen,16,diagonal,D0,a,2,200,0.0013545,6656,5152768,8,1
strassen,16,diagonal,D0,a,3,200,0.001356,6656,5152768,8,1
strassen,16,diagonal,D0,a,4,200,0.0013565,6656,5152768,8,1
strassen,16,diagonal,D0,a,5,200,0.001355,6656,5152768,8,1
strassen,16,diagonal,D0,a,6,200,0.001355,6656,5152768,8,1
strassen,16,diagonal,D0,a,7,200,0.0013545,6656,5152768,8,1
strassen,16,diagonal,D0,a,8,200,0.001368,6656,5152768,8,1
strassen,16,diagonal,D0,a,9,200,0.0013555,6656,5152768,8,1
strassen,16,diagonal,D0,a,10,200,0.0013545,6656,5152768,8,1
strassen,16,diagonal,D0,a,11,200,0.0013555,6656,5152768,8,1
strassen,16,diagonal,D0,a,12,200,0.001355,6656,5152768,8,1
strassen,16,diagonal,D0,a,13,200,0.0013555,6656,5152768,8,1
strassen,16,diagonal,D0,a,14,200,0.001438,6656,5152768,8,1
strassen,16,diagonal,D0,a,15,200,0.001355,6656,5152768,8,1
naive,16,diagonal,D0,b,1,200,0.001227,2048,5152768,8,1
naive,16,diagonal,D0,b,2,200,0.001226,2048,5152768,8,1
naive,16,diagonal,D0,b,3,200,0.0012265,2048,5152768,8,1
naive,16,diagonal,D0,b,4,200,0.0012255,2048,5152768,8,1
naive,16,diagonal,D0,b,5,200,0.0012245,2048,5152768,8,1
naive,16,diagonal,D0,b,6,200,0.0012255,2048,5152768,8,1
naive,16,diagonal,D0,b,7,200,0.0012435,2048,5152768,8,1
naive,16,diagonal,D0,b,8,200,0.0012255,2048,5152768,8,1
naive,16,diagonal,D0,b,9,200,0.001225,2048,5152768,8,1
naive,16,diagonal,D0,b,10,200,0.001227,2048,5152768,8,1
naive,16,diagonal,D0,b,11,200,0.0012255,2048,5152768,8,1
naive,16,diagonal,D0,b,12,200,0.001227,2048,5152768,8,1
naive,16,diagonal,D0,b,13,200,0.0012265,2048,5152768,8,1
naive,16,diagonal,D0,b,14,200,0.001242,2048,5152768,8,1
naive,16,diagonal,D0,b,15,200,0.001227,2048,5152768,8,1
strassen,16,diagonal,D0,b,1,200,0.0013555,6656,5152768,8,1
strassen,16,diagonal,D0,b,2,200,0.001356,6656,5152768,8,1
strassen,16,diagonal,D0,b,3,200,0.0013555,6656,5152768,8,1
strassen,16,diagonal,D0,b,4,200,0.001356,6656,5152768,8,1
strassen,16,diagonal,D0,b,5,200,0.0013565,6656,5152768,8,1
strassen,16,diagonal,D0,b,6,200,0.0013575,6656,5152768,8,1
strassen,16,diagonal,D0,b,7,200,0.001366,6656,5152768,8,1
strassen,16,diagonal,D0,b,8,200,0.0013565,6656,5152768,8,1
strassen,16,diagonal,D0,b,9,200,0.0013555,6656,5152768,8,1
strassen,16,diagonal,D0,b,10,200,0.001356,6656,5152768,8,1
strassen,16,diagonal,D0,b,11,200,0.001355,6656,5152768,8,1
strassen,16,diagonal,D0,b,12,200,0.0013555,6656,5152768,8,1
strassen,16,diagonal,D0,b,13,200,0.001354,6656,5152768,8,1
strassen,16,diagonal,D0,b,14,200,0.0013725,6656,5152768,8,1
strassen,16,diagonal,D0,b,15,200,0.0013565,6656,5152768,8,1
naive,16,diagonal,D0,c,1,200,0.001226,2048,5152768,8,1
naive,16,diagonal,D0,c,2,200,0.001226,2048,5152768,8,1
naive,16,diagonal,D0,c,3,200,0.0012255,2048,5152768,8,1
naive,16,diagonal,D0,c,4,200,0.0012255,2048,5152768,8,1
naive,16,diagonal,D0,c,5,200,0.001244,2048,5152768,8,1
naive,16,diagonal,D0,c,6,200,0.001226,2048,5152768,8,1
naive,16,diagonal,D0,c,7,200,0.0012245,2048,5152768,8,1
naive,16,diagonal,D0,c,8,200,0.0012295,2048,5152768,8,1
naive,16,diagonal,D0,c,9,200,0.0012275,2048,5152768,8,1
naive,16,diagonal,D0,c,10,200,0.001227,2048,5152768,8,1
naive,16,diagonal,D0,c,11,200,0.0012275,2048,5152768,8,1
naive,16,diagonal,D0,c,12,200,0.001227,2048,5152768,8,1
naive,16,diagonal,D0,c,13,200,0.001229,2048,5152768,8,1
naive,16,diagonal,D0,c,14,200,0.0012415,2048,5152768,8,1
naive,16,diagonal,D0,c,15,200,0.0012265,2048,5152768,8,1
strassen,16,diagonal,D0,c,1,200,0.001355,6656,5152768,8,1
strassen,16,diagonal,D0,c,2,200,0.001355,6656,5152768,8,1
strassen,16,diagonal,D0,c,3,200,0.0013545,6656,5152768,8,1
strassen,16,diagonal,D0,c,4,200,0.001357,6656,5152768,8,1
strassen,16,diagonal,D0,c,5,200,0.001364,6656,5152768,8,1
strassen,16,diagonal,D0,c,6,200,0.0013565,6656,5152768,8,1
strassen,16,diagonal,D0,c,7,200,0.001354,6656,5152768,8,1
strassen,16,diagonal,D0,c,8,200,0.001356,6656,5152768,8,1
strassen,16,diagonal,D0,c,9,200,0.0013565,6656,5152768,8,1
strassen,16,diagonal,D0,c,10,200,0.0014025,6656,5152768,8,1
strassen,16,diagonal,D0,c,11,200,0.0013555,6656,5152768,8,1
strassen,16,diagonal,D0,c,12,200,0.0013685,6656,5152768,8,1
strassen,16,diagonal,D0,c,13,200,0.001357,6656,5152768,8,1
strassen,16,diagonal,D0,c,14,200,0.001357,6656,5152768,8,1
strassen,16,diagonal,D0,c,15,200,0.001356,6656,5152768,8,1
naive,16,diagonal,D10,a,1,200,0.0012275,2048,5152768,8,1
naive,16,diagonal,D10,a,2,200,0.0012265,2048,5152768,8,1
naive,16,diagonal,D10,a,3,200,0.001226,2048,5152768,8,1
naive,16,diagonal,D10,a,4,200,0.001244,2048,5152768,8,1
naive,16,diagonal,D10,a,5,200,0.001229,2048,5152768,8,1
naive,16,diagonal,D10,a,6,200,0.0012285,2048,5152768,8,1
naive,16,diagonal,D10,a,7,200,0.001226,2048,5152768,8,1
naive,16,diagonal,D10,a,8,200,0.001228,2048,5152768,8,1
naive,16,diagonal,D10,a,9,200,0.001226,2048,5152768,8,1
naive,16,diagonal,D10,a,10,200,0.001227,2048,5152768,8,1
naive,16,diagonal,D10,a,11,200,0.001235,2048,5152768,8,1
naive,16,diagonal,D10,a,12,200,0.0012275,2048,5152768,8,1
naive,16,diagonal,D10,a,13,200,0.0012265,2048,5152768,8,1
naive,16,diagonal,D10,a,14,200,0.001229,2048,5152768,8,1
naive,16,diagonal,D10,a,15,200,0.001227,2048,5152768,8,1
strassen,16,diagonal,D10,a,1,200,0.0013565,6656,5152768,8,1
strassen,16,diagonal,D10,a,2,200,0.0013565,6656,5152768,8,1
strassen,16,diagonal,D10,a,3,200,0.0013875,6656,5152768,8,1
strassen,16,diagonal,D10,a,4,200,0.001356,6656,5152768,8,1
strassen,16,diagonal,D10,a,5,200,0.001356,6656,5152768,8,1
strassen,16,diagonal,D10,a,6,200,0.0013545,6656,5152768,8,1
strassen,16,diagonal,D10,a,7,200,0.0013555,6656,5152768,8,1
strassen,16,diagonal,D10,a,8,200,0.0013565,6656,5152768,8,1
strassen,16,diagonal,D10,a,9,200,0.0013545,6656,5152768,8,1
strassen,16,diagonal,D10,a,10,200,0.0013665,6656,5152768,8,1
strassen,16,diagonal,D10,a,11,200,0.0013575,6656,5152768,8,1
strassen,16,diagonal,D10,a,12,200,0.001358,6656,5152768,8,1
strassen,16,diagonal,D10,a,13,200,0.001357,6656,5152768,8,1
strassen,16,diagonal,D10,a,14,200,0.0013555,6656,5152768,8,1
strassen,16,diagonal,D10,a,15,200,0.0013565,6656,5152768,8,1
naive,16,diagonal,D10,b,1,200,0.001228,2048,5152768,8,1
naive,16,diagonal,D10,b,2,200,0.001246,2048,5152768,8,1
naive,16,diagonal,D10,b,3,200,0.0012235,2048,5152768,8,1
naive,16,diagonal,D10,b,4,200,0.0012265,2048,5152768,8,1
naive,16,diagonal,D10,b,5,200,0.0012255,2048,5152768,8,1
naive,16,diagonal,D10,b,6,200,0.0012265,2048,5152768,8,1
naive,16,diagonal,D10,b,7,200,0.0012245,2048,5152768,8,1
naive,16,diagonal,D10,b,8,200,0.001224,2048,5152768,8,1
naive,16,diagonal,D10,b,9,200,0.001226,2048,5152768,8,1
naive,16,diagonal,D10,b,10,200,0.0012355,2048,5152768,8,1
naive,16,diagonal,D10,b,11,200,0.0012265,2048,5152768,8,1
naive,16,diagonal,D10,b,12,200,0.001226,2048,5152768,8,1
naive,16,diagonal,D10,b,13,200,0.001226,2048,5152768,8,1
naive,16,diagonal,D10,b,14,200,0.0012255,2048,5152768,8,1
naive,16,diagonal,D10,b,15,200,0.0012265,2048,5152768,8,1
strassen,16,diagonal,D10,b,1,200,0.0013565,6656,5152768,8,1
strassen,16,diagonal,D10,b,2,200,0.0013565,6656,5152768,8,1
strassen,16,diagonal,D10,b,3,200,0.001369,6656,5152768,8,1
strassen,16,diagonal,D10,b,4,200,0.001357,6656,5152768,8,1
strassen,16,diagonal,D10,b,5,200,0.0013565,6656,5152768,8,1
strassen,16,diagonal,D10,b,6,200,0.0013565,6656,5152768,8,1
strassen,16,diagonal,D10,b,7,200,0.001358,6656,5152768,8,1
strassen,16,diagonal,D10,b,8,200,0.001654,6656,5152768,8,1
strassen,16,diagonal,D10,b,9,200,0.001371,6656,5152768,8,1
strassen,16,diagonal,D10,b,10,200,0.0013565,6656,5152768,8,1
strassen,16,diagonal,D10,b,11,200,0.001357,6656,5152768,8,1
strassen,16,diagonal,D10,b,12,200,0.0013565,6656,5152768,8,1
strassen,16,diagonal,D10,b,13,200,0.0013565,6656,5152768,8,1
strassen,16,diagonal,D10,b,14,200,0.001355,6656,5152768,8,1
strassen,16,diagonal,D10,b,15,200,0.0013555,6656,5152768,8,1
naive,16,diagonal,D10,c,1,200,0.001229,2048,5152768,8,1
naive,16,diagonal,D10,c,2,200,0.0012395,2048,5152768,8,1
naive,16,diagonal,D10,c,3,200,0.0012265,2048,5152768,8,1
naive,16,diagonal,D10,c,4,200,0.0012255,2048,5152768,8,1
naive,16,diagonal,D10,c,5,200,0.001225,2048,5152768,8,1
naive,16,diagonal,D10,c,6,200,0.0012255,2048,5152768,8,1
naive,16,diagonal,D10,c,7,200,0.0012265,2048,5152768,8,1
naive,16,diagonal,D10,c,8,200,0.0012275,2048,5152768,8,1
naive,16,diagonal,D10,c,9,200,0.0012245,2048,5152768,8,1
naive,16,diagonal,D10,c,10,200,0.0012375,2048,5152768,8,1
naive,16,diagonal,D10,c,11,200,0.0012275,2048,5152768,8,1
naive,16,diagonal,D10,c,12,200,0.001226,2048,5152768,8,1
naive,16,diagonal,D10,c,13,200,0.001227,2048,5152768,8,1
naive,16,diagonal,D10,c,14,200,0.0012285,2048,5152768,8,1
naive,16,diagonal,D10,c,15,200,0.001228,2048,5152768,8,1
strassen,16,diagonal,D10,c,1,200,0.0013555,6656,5152768,8,1
strassen,16,diagonal,D10,c,2,200,0.001356,6656,5152768,8,1
strassen,16,diagonal,D10,c,3,200,0.0013675,6656,5152768,8,1
strassen,16,diagonal,D10,c,4,200,0.0013545,6656,5152768,8,1
strassen,16,diagonal,D10,c,5,200,0.001355,6656,5152768,8,1
strassen,16,diagonal,D10,c,6,200,0.001356,6656,5152768,8,1
strassen,16,diagonal,D10,c,7,200,0.001356,6656,5152768,8,1
strassen,16,diagonal,D10,c,8,200,0.0013565,6656,5152768,8,1
strassen,16,diagonal,D10,c,9,200,0.0013555,6656,5152768,8,1
strassen,16,diagonal,D10,c,10,200,0.001369,6656,5152768,8,1
strassen,16,diagonal,D10,c,11,200,0.0013565,6656,5152768,8,1
strassen,16,diagonal,D10,c,12,200,0.001356,6656,5152768,8,1
strassen,16,diagonal,D10,c,13,200,0.0013565,6656,5152768,8,1
strassen,16,diagonal,D10,c,14,200,0.0013555,6656,5152768,8,1
strassen,16,diagonal,D10,c,15,200,0.0013555,6656,5152768,8,1
naive,16,dispersa,D0,a,1,200,0.001244,2048,5152768,8,1
naive,16,dispersa,D0,a,2,200,0.0012275,2048,5152768,8,1
naive,16,dispersa,D0,a,3,200,0.0012255,2048,5152768,8,1
naive,16,dispersa,D0,a,4,200,0.0012265,2048,5152768,8,1
naive,16,dispersa,D0,a,5,200,0.001225,2048,5152768,8,1
naive,16,dispersa,D0,a,6,200,0.0012255,2048,5152768,8,1
naive,16,dispersa,D0,a,7,200,0.0012255,2048,5152768,8,1
naive,16,dispersa,D0,a,8,200,0.001234,2048,5152768,8,1
naive,16,dispersa,D0,a,9,200,0.001225,2048,5152768,8,1
naive,16,dispersa,D0,a,10,200,0.0012255,2048,5152768,8,1
naive,16,dispersa,D0,a,11,200,0.001227,2048,5152768,8,1
naive,16,dispersa,D0,a,12,200,0.0012255,2048,5152768,8,1
naive,16,dispersa,D0,a,13,200,0.001225,2048,5152768,8,1
naive,16,dispersa,D0,a,14,200,0.0012265,2048,5152768,8,1
naive,16,dispersa,D0,a,15,200,0.0012395,2048,5152768,8,1
strassen,16,dispersa,D0,a,1,200,0.0013555,6656,5152768,8,1
strassen,16,dispersa,D0,a,2,200,0.0013565,6656,5152768,8,1
strassen,16,dispersa,D0,a,3,200,0.0013735,6656,5152768,8,1
strassen,16,dispersa,D0,a,4,200,0.0013575,6656,5152768,8,1
strassen,16,dispersa,D0,a,5,200,0.001356,6656,5152768,8,1
strassen,16,dispersa,D0,a,6,200,0.001355,6656,5152768,8,1
strassen,16,dispersa,D0,a,7,200,0.0013555,6656,5152768,8,1
strassen,16,dispersa,D0,a,8,200,0.001368,6656,5152768,8,1
strassen,16,dispersa,D0,a,9,200,0.001357,6656,5152768,8,1
strassen,16,dispersa,D0,a,10,200,0.001357,6656,5152768,8,1
strassen,16,dispersa,D0,a,11,200,0.0013565,6656,5152768,8,1
strassen,16,dispersa,D0,a,12,200,0.0013565,6656,5152768,8,1
strassen,16,dispersa,D0,a,13,200,0.001356,6656,5152768,8,1
strassen,16,dispersa,D0,a,14,200,0.0013555,6656,5152768,8,1
strassen,16,dispersa,D0,a,15,200,0.001369,6656,5152768,8,1
naive,16,dispersa,D0,b,1,200,0.0012275,2048,5152768,8,1
naive,16,dispersa,D0,b,2,200,0.0012255,2048,5152768,8,1
naive,16,dispersa,D0,b,3,200,0.0012265,2048,5152768,8,1
naive,16,dispersa,D0,b,4,200,0.0012265,2048,5152768,8,1
naive,16,dispersa,D0,b,5,200,0.0012265,2048,5152768,8,1
naive,16,dispersa,D0,b,6,200,0.001226,2048,5152768,8,1
naive,16,dispersa,D0,b,7,200,0.001244,2048,5152768,8,1
naive,16,dispersa,D0,b,8,200,0.001227,2048,5152768,8,1
naive,16,dispersa,D0,b,9,200,0.0012275,2048,5152768,8,1
naive,16,dispersa,D0,b,10,200,0.0012255,2048,5152768,8,1
naive,16,dispersa,D0,b,11,200,0.0012275,2048,5152768,8,1
naive,16,dispersa,D0,b,12,200,0.001228,2048,5152768,8,1
naive,16,dispersa,D0,b,13,200,0.0012285,2048,5152768,8,1
naive,16,dispersa,D0,b,14,200,0.0012255,2048,5152768,8,1
naive,16,dispersa,D0,b,15,200,0.001237,2048,5152768,8,1
strassen,16,dispersa,D0,b,1,200,0.001356,6656,5152768,8,1
strassen,16,dispersa,D0,b,2,200,0.0013555,6656,5152768,8,1
strassen,16,dispersa,D0,b,3,200,0.0013555,6656,5152768,8,1
strassen,16,dispersa,D0,b,4,200,0.001356,6656,5152768,8,1
strassen,16,dispersa,D0,b,5,200,0.001356,6656,5152768,8,1
strassen,16,dispersa,D0,b,6,200,0.001355,6656,5152768,8,1
strassen,16,dispersa,D0,b,7,200,0.001368,6656,5152768,8,1
strassen,16,dispersa,D0,b,8,200,0.001358,6656,5152768,8,1
strassen,16,dispersa,D0,b,9,200,0.001357,6656,5152768,8,1
strassen,16,dispersa,D0,b,10,200,0.001355,6656,5152768,8,1
strassen,16,dispersa,D0,b,11,200,0.0013565,6656,5152768,8,1
strassen,16,dispersa,D0,b,12,200,0.0013565,6656,5152768,8,1
strassen,16,dispersa,D0,b,13,200,0.001358,6656,5152768,8,1
strassen,16,dispersa,D0,b,14,200,0.001364,6656,5152768,8,1
strassen,16,dispersa,D0,b,15,200,0.001355,6656,5152768,8,1
naive,16,dispersa,D0,c,1,200,0.001227,2048,5152768,8,1
naive,16,dispersa,D0,c,2,200,0.0012265,2048,5152768,8,1
naive,16,dispersa,D0,c,3,200,0.0012245,2048,5152768,8,1
naive,16,dispersa,D0,c,4,200,0.0012255,2048,5152768,8,1
naive,16,dispersa,D0,c,5,200,0.0012455,2048,5152768,8,1
naive,16,dispersa,D0,c,6,200,0.0012265,2048,5152768,8,1
naive,16,dispersa,D0,c,7,200,0.001226,2048,5152768,8,1
naive,16,dispersa,D0,c,8,200,0.0012265,2048,5152768,8,1
naive,16,dispersa,D0,c,9,200,0.0012255,2048,5152768,8,1
naive,16,dispersa,D0,c,10,200,0.0012265,2048,5152768,8,1
naive,16,dispersa,D0,c,11,200,0.001227,2048,5152768,8,1
naive,16,dispersa,D0,c,12,200,0.001227,2048,5152768,8,1
naive,16,dispersa,D0,c,13,200,0.0012375,2048,5152768,8,1
naive,16,dispersa,D0,c,14,200,0.0012265,2048,5152768,8,1
naive,16,dispersa,D0,c,15,200,0.001226,2048,5152768,8,1
strassen,16,dispersa,D0,c,1,200,0.0013715,6656,5152768,8,1
strassen,16,dispersa,D0,c,2,200,0.001356,6656,5152768,8,1
strassen,16,dispersa,D0,c,3,200,0.001356,6656,5152768,8,1
strassen,16,dispersa,D0,c,4,200,0.001357,6656,5152768,8,1
strassen,16,dispersa,D0,c,5,200,0.0013565,6656,5152768,8,1
strassen,16,dispersa,D0,c,6,200,0.0013695,6656,5152768,8,1
strassen,16,dispersa,D0,c,7,200,0.001357,6656,5152768,8,1
strassen,16,dispersa,D0,c,8,200,0.0013565,6656,5152768,8,1
strassen,16,dispersa,D0,c,9,200,0.0013565,6656,5152768,8,1
strassen,16,dispersa,D0,c,10,200,0.001355,6656,5152768,8,1
strassen,16,dispersa,D0,c,11,200,0.001355,6656,5152768,8,1
strassen,16,dispersa,D0,c,12,200,0.0013635,6656,5152768,8,1
strassen,16,dispersa,D0,c,13,200,0.0013575,6656,5152768,8,1
strassen,16,dispersa,D0,c,14,200,0.001358,6656,5152768,8,1
strassen,16,dispersa,D0,c,15,200,0.0013555,6656,5152768,8,1
naive,16,dispersa,D10,a,1,200,0.001225,2048,5152768,8,1
naive,16,dispersa,D10,a,2,200,0.001227,2048,5152768,8,1
naive,16,dispersa,D10,a,3,200,0.001225,2048,5152768,8,1
naive,16,dispersa,D10,a,4,200,0.001242,2048,5152768,8,1
naive,16,dispersa,D10,a,5,200,0.0012275,2048,5152768,8,1
naive,16,dispersa,D10,a,6,200,0.001226,2048,5152768,8,1
naive,16,dispersa,D10,a,7,200,0.001227,2048,5152768,8,1
naive,16,dispersa,D10,a,8,200,0.0012235,2048,5152768,8,1
naive,16,dispersa,D10,a,9,200,0.001227,2048,5152768,8,1
naive,16,dispersa,D10,a,10,200,0.00123,2048,5152768,8,1
naive,16,dispersa,D10,a,11,200,0.0012385,2048,5152768,8,1
naive,16,dispersa,D10,a,12,200,0.0012255,2048,5152768,8,1
naive,16,dispersa,D10,a,13,200,0.001226,2048,5152768,8,1
naive,16,dispersa,D10,a,14,200,0.0012265,2048,5152768,8,1
naive,16,dispersa,D10,a,15,200,0.0012275,2048,5152768,8,1
strassen,16,dispersa,D10,a,1,200,0.001356,6656,5152768,8,1
strassen,16,dispersa,D10,a,2,200,0.0013575,6656,5152768,8,1
strassen,16,dispersa,D10,a,3,200,0.001366,6656,5152768,8,1
strassen,16,dispersa,D10,a,4,200,0.001357,6656,5152768,8,1
strassen,16,dispersa,D10,a,5,200,0.001354,6656,5152768,8,1
strassen,16,dispersa,D10,a,6,200,0.001355,6656,5152768,8,1
strassen,16,dispersa,D10,a,7,200,0.001356,6656,5152768,8,1
strassen,16,dispersa,D10,a,8,200,0.0013555,6656,5152768,8,1
strassen,16,dispersa,D10,a,9,200,0.0013545,6656,5152768,8,1
strassen,16,dispersa,D10,a,10,200,0.0013575,6656,5152768,8,1
strassen,16,dispersa,D10,a,11,200,0.0013655,6656,5152768,8,1
strassen,16,dispersa,D10,a,12,200,0.001356,6656,5152768,8,1
strassen,16,dispersa,D10,a,13,200,0.001355,6656,5152768,8,1
strassen,16,dispersa,D10,a,14,200,0.0013555,6656,5152768,8,1
strassen,16,dispersa,D10,a,15,200,0.0013555,6656,5152768,8,1
naive,16,dispersa,D10,b,1,200,0.0012265,2048,5152768,8,1
naive,16,dispersa,D10,b,2,200,0.001225,2048,5152768,8,1
naive,16,dispersa,D10,b,3,200,0.0012455,2048,5152768,8,1
naive,16,dispersa,D10,b,4,200,0.001227,2048,5152768,8,1
naive,16,dispersa,D10,b,5,200,0.001228,2048,5152768,8,1
naive,16,dispersa,D10,b,6,200,0.0012265,2048,5152768,8,1
naive,16,dispersa,D10,b,7,200,0.001227,2048,5152768,8,1
naive,16,dispersa,D10,b,8,200,0.0012265,2048,5152768,8,1
naive,16,dispersa,D10,b,9,200,0.0012285,2048,5152768,8,1
naive,16,dispersa,D10,b,10,200,0.0012275,2048,5152768,8,1
naive,16,dispersa,D10,b,11,200,0.0012375,2048,5152768,8,1
naive,16,dispersa,D10,b,12,200,0.001228,2048,5152768,8,1
naive,16,dispersa,D10,b,13,200,0.0012265,2048,5152768,8,1
naive,16,dispersa,D10,b,14,200,0.0012235,2048,5152768,8,1
naive,16,dispersa,D10,b,15,200,0.001274,2048,5152768,8,1
strassen,16,dispersa,D10,b,1,200,0.001355,6656,5152768,8,1
strassen,16,dispersa,D10,b,2,200,0.0013565,6656,5152768,8,1
strassen,16,dispersa,D10,b,3,200,0.0013555,6656,5152768,8,1
strassen,16,dispersa,D10,b,4,200,0.0013695,6656,5152768,8,1
strassen,16,dispersa,D10,b,5,200,0.001356,6656,5152768,8,1
strassen,16,dispersa,D10,b,6,200,0.001356,6656,5152768,8,1
strassen,16,dispersa,D10,b,7,200,0.001357,6656,5152768,8,1
strassen,16,dispersa,D10,b,8,200,0.001357,6656,5152768,8,1
strassen,16,dispersa,D10,b,9,200,0.0013555,6656,5152768,8,1
strassen,16,dispersa,D10,b,10,200,0.0013625,6656,5152768,8,1
strassen,16,dispersa,D10,b,11,200,0.0013555,6656,5152768,8,1
strassen,16,dispersa,D10,b,12,200,0.0013555,6656,5152768,8,1
strassen,16,dispersa,D10,b,13,200,0.001355,6656,5152768,8,1
strassen,16,dispersa,D10,b,14,200,0.001356,6656,5152768,8,1
strassen,16,dispersa,D10,b,15,200,0.001355,6656,5152768,8,1
naive,16,dispersa,D10,c,1,200,0.001247,2048,5152768,8,1
naive,16,dispersa,D10,c,2,200,0.0012265,2048,5152768,8,1
naive,16,dispersa,D10,c,3,200,0.0012255,2048,5152768,8,1
naive,16,dispersa,D10,c,4,200,0.0012265,2048,5152768,8,1
naive,16,dispersa,D10,c,5,200,0.001227,2048,5152768,8,1
naive,16,dispersa,D10,c,6,200,0.0012265,2048,5152768,8,1
naive,16,dispersa,D10,c,7,200,0.0012265,2048,5152768,8,1
naive,16,dispersa,D10,c,8,200,0.001225,2048,5152768,8,1
naive,16,dispersa,D10,c,9,200,0.0012265,2048,5152768,8,1
naive,16,dispersa,D10,c,10,200,0.001249,2048,5152768,8,1
naive,16,dispersa,D10,c,11,200,0.0012265,2048,5152768,8,1
naive,16,dispersa,D10,c,12,200,0.001228,2048,5152768,8,1
naive,16,dispersa,D10,c,13,200,0.001225,2048,5152768,8,1
naive,16,dispersa,D10,c,14,200,0.0012265,2048,5152768,8,1
naive,16,dispersa,D10,c,15,200,0.0012265,2048,5152768,8,1
strassen,16,dispersa,D10,c,1,200,0.001357,6656,5152768,8,1
strassen,16,dispersa,D10,c,2,200,0.0013685,6656,5152768,8,1
strassen,16,dispersa,D10,c,3,200,0.001356,6656,5152768,8,1
strassen,16,dispersa,D10,c,4,200,0.0013565,6656,5152768,8,1
strassen,16,dispersa,D10,c,5,200,0.001355,6656,5152768,8,1
strassen,16,dispersa,D10,c,6,200,0.001356,6656,5152768,8,1
strassen,16,dispersa,D10,c,7,200,0.001354,6656,5152768,8,1
strassen,16,dispersa,D10,c,8,200,0.001356,6656,5152768,8,1
strassen,16,dispersa,D10,c,9,200,0.001369,6656,5152768,8,1
strassen,16,dispersa,D10,c,10,200,0.0013555,6656,5152768,8,1
strassen,16,dispersa,D10,c,11,200,0.001355,6656,5152768,8,1
strassen,16,dispersa,D10,c,12,200,0.001355,6656,5152768,8,1
strassen,16,dispersa,D10,c,13,200,0.0013545,6656,5152768,8,1
strassen,16,dispersa,D10,c,14,200,0.0013545,6656,5152768,8,1
strassen,16,dispersa,D10,c,15,200,0.001356,6656,5152768,8,1
naive,64,densa,D0,a,1,20,0.0949,32768,5292032,8,1
naive,64,densa,D0,a,2,20,0.09523,32768,5292032,8,1
naive,64,densa,D0,a,3,20,0.09523,32768,5292032,8,1
naive,64,densa,D0,a,4,20,0.09501,32768,5292032,8,1
naive,64,densa,D0,a,5,20,0.095045,32768,5292032,8,1
naive,64,densa,D0,a,6,20,0.095205,32768,5292032,8,1
naive,64,densa,D0,a,7,20,0.095175,32768,5292032,8,1
naive,64,densa,D0,a,8,20,0.0951,32768,5292032,8,1
naive,64,densa,D0,a,9,20,0.095215,32768,5292032,8,1
naive,64,densa,D0,a,10,20,0.09532,32768,5292032,8,1
naive,64,densa,D0,a,11,20,0.09553,32768,5292032,8,1
naive,64,densa,D0,a,12,20,0.095225,32768,5292032,8,1
naive,64,densa,D0,a,13,20,0.095085,32768,5292032,8,1
naive,64,densa,D0,a,14,20,0.09513,32768,5292032,8,1
naive,64,densa,D0,a,15,20,0.09508,32768,5292032,8,1
strassen,64,densa,D0,a,1,20,0.10395,129536,5378048,8,1
strassen,64,densa,D0,a,2,20,0.10376,129536,5378048,8,1
strassen,64,densa,D0,a,3,20,0.10373,129536,5378048,8,1
strassen,64,densa,D0,a,4,20,0.10474,129536,5378048,8,1
strassen,64,densa,D0,a,5,20,0.10633,129536,5378048,8,1
strassen,64,densa,D0,a,6,20,0.107705,129536,5378048,8,1
strassen,64,densa,D0,a,7,20,0.106935,129536,5378048,8,1
strassen,64,densa,D0,a,8,20,0.1061,129536,5378048,8,1
strassen,64,densa,D0,a,9,20,0.10164,129536,5378048,8,1
strassen,64,densa,D0,a,10,20,0.10139,129536,5378048,8,1
strassen,64,densa,D0,a,11,20,0.101985,129536,5378048,8,1
strassen,64,densa,D0,a,12,20,0.10242,129536,5378048,8,1
strassen,64,densa,D0,a,13,20,0.103135,129536,5378048,8,1
strassen,64,densa,D0,a,14,20,0.10492,129536,5378048,8,1
strassen,64,densa,D0,a,15,20,0.10732,129536,5378048,8,1
naive,64,densa,D0,b,1,20,0.09531,32768,5410816,8,1
naive,64,densa,D0,b,2,20,0.094445,32768,5410816,8,1
naive,64,densa,D0,b,3,20,0.095235,32768,5410816,8,1
naive,64,densa,D0,b,4,20,0.095165,32768,5410816,8,1
naive,64,densa,D0,b,5,20,0.09502,32768,5410816,8,1
naive,64,densa,D0,b,6,20,0.09535,32768,5410816,8,1
naive,64,densa,D0,b,7,20,0.09451,32768,5410816,8,1
naive,64,densa,D0,b,8,20,0.094755,32768,5410816,8,1
naive,64,densa,D0,b,9,20,0.095285,32768,5410816,8,1
naive,64,densa,D0,b,10,20,0.09573,32768,5410816,8,1
naive,64,densa,D0,b,11,20,0.09503,32768,5410816,8,1
naive,64,densa,D0,b,12,20,0.09534,32768,5410816,8,1
naive,64,densa,D0,b,13,20,0.095265,32768,5410816,8,1
naive,64,densa,D0,b,14,20,0.095635,32768,5410816,8,1
naive,64,densa,D0,b,15,20,0.095805,32768,5410816,8,1
strassen,64,densa,D0,b,1,20,0.10606,129536,5410816,8,1
strassen,64,densa,D0,b,2,20,0.10442,129536,5410816,8,1
strassen,64,densa,D0,b,3,20,0.104445,129536,5410816,8,1
strassen,64,densa,D0,b,4,20,0.103865,129536,5410816,8,1
strassen,64,densa,D0,b,5,20,0.109195,129536,5410816,8,1
strassen,64,densa,D0,b,6,20,0.10943,129536,5410816,8,1
strassen,64,densa,D0,b,7,20,0.111475,129536,5410816,8,1
strassen,64,densa,D0,b,8,20,0.105,129536,5410816,8,1
strassen,64,densa,D0,b,9,20,0.1061,129536,5410816,8,1
strassen,64,densa,D0,b,10,20,0.108935,129536,5410816,8,1
strassen,64,densa,D0,b,11,20,0.105175,129536,5410816,8,1
strassen,64,densa,D0,b,12,20,0.106375,129536,5410816,8,1
strassen,64,densa,D0,b,13,20,0.108085,129536,5410816,8,1
strassen,64,densa,D0,b,14,20,0.110335,129536,5410816,8,1
strassen,64,densa,D0,b,15,20,0.105785,129536,5410816,8,1
naive,64,densa,D0,c,1,20,0.09546,32768,5410816,8,1
naive,64,densa,D0,c,2,20,0.09561,32768,5410816,8,1
naive,64,densa,D0,c,3,20,0.095585,32768,5410816,8,1
naive,64,densa,D0,c,4,20,0.095365,32768,5410816,8,1
naive,64,densa,D0,c,5,20,0.11087,32768,5410816,8,1
naive,64,densa,D0,c,6,20,0.12725,32768,5410816,8,1
naive,64,densa,D0,c,7,20,0.095715,32768,5410816,8,1
naive,64,densa,D0,c,8,20,0.095285,32768,5410816,8,1
naive,64,densa,D0,c,9,20,0.095625,32768,5410816,8,1
naive,64,densa,D0,c,10,20,0.095625,32768,5410816,8,1
naive,64,densa,D0,c,11,20,0.095595,32768,5410816,8,1
naive,64,densa,D0,c,12,20,0.09542,32768,5410816,8,1
naive,64,densa,D0,c,13,20,0.10874,32768,5410816,8,1
naive,64,densa,D0,c,14,20,0.094025,32768,5410816,8,1
naive,64,densa,D0,c,15,20,0.093515,32768,5410816,8,1
strassen,64,densa,D0,c,1,20,0.103095,129536,5410816,8,1
strassen,64,densa,D0,c,2,20,0.100045,129536,5410816,8,1
strassen,64,densa,D0,c,3,20,0.10039,129536,5410816,8,1
strassen,64,densa,D0,c,4,20,0.09965,129536,5410816,8,1
strassen,64,densa,D0,c,5,20,0.1009,129536,5410816,8,1
strassen,64,densa,D0,c,6,20,0.100255,129536,5410816,8,1
strassen,64,densa,D0,c,7,20,0.10039,129536,5410816,8,1
strassen,64,densa,D0,c,8,20,0.10134,129536,5410816,8,1
strassen,64,densa,D0,c,9,20,0.098295,129536,5410816,8,1
strassen,64,densa,D0,c,10,20,0.10081,129536,5410816,8,1
strassen,64,densa,D0,c,11,20,0.10084,129536,5410816,8,1
strassen,64,densa,D0,c,12,20,0.09818,129536,5410816,8,1
strassen,64,densa,D0,c,13,20,0.09476,129536,5410816,8,1
strassen,64,densa,D0,c,14,20,0.09853,129536,5410816,8,1
strassen,64,densa,D0,c,15,20,0.09462,129536,5410816,8,1
naive,64,densa,D10,a,1,20,0.09445,32768,5410816,8,1
naive,64,densa,D10,a,2,20,0.094515,32768,5410816,8,1
naive,64,densa,D10,a,3,20,0.094415,32768,5410816,8,1
naive,64,densa,D10,a,4,20,0.095055,32768,5410816,8,1
naive,64,densa,D10,a,5,20,0.0944,32768,5410816,8,1
naive,64,densa,D10,a,6,20,0.094935,32768,5410816,8,1
naive,64,densa,D10,a,7,20,0.09494,32768,5410816,8,1
naive,64,densa,D10,a,8,20,0.094585,32768,5410816,8,1
naive,64,densa,D10,a,9,20,0.09494,32768,5410816,8,1
naive,64,densa,D10,a,10,20,0.094025,32768,5410816,8,1
naive,64,densa,D10,a,11,20,0.094575,32768,5410816,8,1
naive,64,densa,D10,a,12,20,0.09509,32768,5410816,8,1
naive,64,densa,D10,a,13,20,0.094075,32768,5410816,8,1
naive,64,densa,D10,a,14,20,0.094465,32768,5410816,8,1
naive,64,densa,D10,a,15,20,0.094885,32768,5410816,8,1
strassen,64,densa,D10,a,1,20,0.08905,129536,5410816,8,1
strassen,64,densa,D10,a,2,20,0.089045,129536,5410816,8,1
strassen,64,densa,D10,a,3,20,0.089445,129536,5410816,8,1
strassen,64,densa,D10,a,4,20,0.089225,129536,5410816,8,1
strassen,64,densa,D10,a,5,20,0.08934,129536,5410816,8,1
strassen,64,densa,D10,a,6,20,0.089445,129536,5410816,8,1
strassen,64,densa,D10,a,7,20,0.08695,129536,5410816,8,1
strassen,64,densa,D10,a,8,20,0.08493,129536,5410816,8,1
strassen,64,densa,D10,a,9,20,0.085985,129536,5410816,8,1
strassen,64,densa,D10,a,10,20,0.0865,129536,5410816,8,1
strassen,64,densa,D10,a,11,20,0.085865,129536,5410816,8,1
strassen,64,densa,D10,a,12,20,0.086165,129536,5410816,8,1
strassen,64,densa,D10,a,13,20,0.085195,129536,5410816,8,1
strassen,64,densa,D10,a,14,20,0.08488,129536,5410816,8,1
strassen,64,densa,D10,a,15,20,0.08618,129536,5410816,8,1
naive,64,densa,D10,b,1,20,0.09477,32768,5410816,8,1
naive,64,densa,D10,b,2,20,0.09539,32768,5410816,8,1
naive,64,densa,D10,b,3,20,0.094875,32768,5410816,8,1
naive,64,densa,D10,b,4,20,0.09438,32768,5410816,8,1
naive,64,densa,D10,b,5,20,0.095065,32768,5410816,8,1
naive,64,densa,D10,b,6,20,0.094395,32768,5410816,8,1
naive,64,densa,D10,b,7,20,0.094315,32768,5410816,8,1
naive,64,densa,D10,b,8,20,0.0951,32768,5410816,8,1
naive,64,densa,D10,b,9,20,0.094415,32768,5410816,8,1
naive,64,densa,D10,b,10,20,0.09435,32768,5410816,8,1
naive,64,densa,D10,b,11,20,0.10142,32768,5410816,8,1
naive,64,densa,D10,b,12,20,0.09438,32768,5410816,8,1
naive,64,densa,D10,b,13,20,0.09445,32768,5410816,8,1
naive,64,densa,D10,b,14,20,0.094385,32768,5410816,8,1
naive,64,densa,D10,b,15,20,0.094475,32768,5410816,8,1
strassen,64,densa,D10,b,1,20,0.083905,129536,5410816,8,1
strassen,64,densa,D10,b,2,20,0.08292,129536,5410816,8,1
strassen,64,densa,D10,b,3,20,0.082605,129536,5410816,8,1
strassen,64,densa,D10,b,4,20,0.08538,129536,5410816,8,1
strassen,64,densa,D10,b,5,20,0.082875,129536,5410816,8,1
strassen,64,densa,D10,b,6,20,0.08163,129536,5410816,8,1
strassen,64,densa,D10,b,7,20,0.08366,129536,5410816,8,1
strassen,64,densa,D10,b,8,20,0.082995,129536,5410816,8,1
strassen,64,densa,D10,b,9,20,0.0835,129536,5410816,8,1
strassen,64,densa,D10,b,10,20,0.08688,129536,5410816,8,1
strassen,64,densa,D10,b,11,20,0.08275,129536,5410816,8,1
strassen,64,densa,D10,b,12,20,0.08726,129536,5410816,8,1
strassen,64,densa,D10,b,13,20,0.08336,129536,5410816,8,1
strassen,64,densa,D10,b,14,20,0.08687,129536,5410816,8,1
strassen,64,densa,D10,b,15,20,0.08413,129536,5410816,8,1
naive,64,densa,D10,c,1,20,0.094775,32768,5410816,8,1
naive,64,densa,D10,c,2,20,0.094495,32768,5410816,8,1
naive,64,densa,D10,c,3,20,0.09441,32768,5410816,8,1
naive,64,densa,D10,c,4,20,0.094435,32768,5410816,8,1
naive,64,densa,D10,c,5,20,0.09435,32768,5410816,8,1
naive,64,densa,D10,c,6,20,0.094875,32768,5410816,8,1
naive,64,densa,D10,c,7,20,0.0946,32768,5410816,8,1
naive,64,densa,D10,c,8,20,0.09439,32768,5410816,8,1
naive,64,densa,D10,c,9,20,0.094995,32768,5410816,8,1
naive,64,densa,D10,c,10,20,0.094415,32768,5410816,8,1
naive,64,densa,D10,c,11,20,0.094335,32768,5410816,8,1
naive,64,densa,D10,c,12,20,0.094375,32768,5410816,8,1
naive,64,densa,D10,c,13,20,0.094405,32768,5410816,8,1
naive,64,densa,D10,c,14,20,0.09474,32768,5410816,8,1
naive,64,densa,D10,c,15,20,0.094495,32768,5410816,8,1
strassen,64,densa,D10,c,1,20,0.080135,129536,5410816,8,1
strassen,64,densa,D10,c,2,20,0.08141,129536,5410816,8,1
strassen,64,densa,D10,c,3,20,0.08137,129536,5410816,8,1
strassen,64,densa,D10,c,4,20,0.081405,129536,5410816,8,1
strassen,64,densa,D10,c,5,20,0.081305,129536,5410816,8,1
strassen,64,densa,D10,c,6,20,0.08139,129536,5410816,8,1
strassen,64,densa,D10,c,7,20,0.081325,129536,5410816,8,1
strassen,64,densa,D10,c,8,20,0.081935,129536,5410816,8,1
strassen,64,densa,D10,c,9,20,0.08019,129536,5410816,8,1
strassen,64,densa,D10,c,10,20,0.078535,129536,5410816,8,1
strassen,64,densa,D10,c,11,20,0.07977,129536,5410816,8,1
strassen,64,densa,D10,c,12,20,0.081375,129536,5410816,8,1
strassen,64,densa,D10,c,13,20,0.080155,129536,5410816,8,1
strassen,64,densa,D10,c,14,20,0.07972,129536,5410816,8,1
strassen,64,densa,D10,c,15,20,0.081335,129536,5410816,8,1
naive,64,diagonal,D0,a,1,20,0.09466,32768,5410816,8,1
naive,64,diagonal,D0,a,2,20,0.094755,32768,5410816,8,1
naive,64,diagonal,D0,a,3,20,0.094505,32768,5410816,8,1
naive,64,diagonal,D0,a,4,20,0.09431,32768,5410816,8,1
naive,64,diagonal,D0,a,5,20,0.094415,32768,5410816,8,1
naive,64,diagonal,D0,a,6,20,0.09445,32768,5410816,8,1
naive,64,diagonal,D0,a,7,20,0.094495,32768,5410816,8,1
naive,64,diagonal,D0,a,8,20,0.0944,32768,5410816,8,1
naive,64,diagonal,D0,a,9,20,0.09442,32768,5410816,8,1
naive,64,diagonal,D0,a,10,20,0.09467,32768,5410816,8,1
naive,64,diagonal,D0,a,11,20,0.094855,32768,5410816,8,1
naive,64,diagonal,D0,a,12,20,0.094515,32768,5410816,8,1
naive,64,diagonal,D0,a,13,20,0.09443,32768,5410816,8,1
naive,64,diagonal,D0,a,14,20,0.094355,32768,5410816,8,1
naive,64,diagonal,D0,a,15,20,0.09431,32768,5410816,8,1
strassen,64,diagonal,D0,a,1,20,0.08025,129536,5410816,8,1
strassen,64,diagonal,D0,a,2,20,0.080285,129536,5410816,8,1
strassen,64,diagonal,D0,a,3,20,0.07895,129536,5410816,8,1
strassen,64,diagonal,D0,a,4,20,0.079745,129536,5410816,8,1
strassen,64,diagonal,D0,a,5,20,0.081035,129536,5410816,8,1
strassen,64,diagonal,D0,a,6,20,0.07868,129536,5410816,8,1
strassen,64,diagonal,D0,a,7,20,0.079805,129536,5410816,8,1
strassen,64,diagonal,D0,a,8,20,0.08029,129536,5410816,8,1
strassen,64,diagonal,D0,a,9,20,0.07837,129536,5410816,8,1
strassen,64,diagonal,D0,a,10,20,0.07978,129536,5410816,8,1
strassen,64,diagonal,D0,a,11,20,0.08026,129536,5410816,8,1
strassen,64,diagonal,D0,a,12,20,0.0789,129536,5410816,8,1
strassen,64,diagonal,D0,a,13,20,0.08039,129536,5410816,8,1
strassen,64,diagonal,D0,a,14,20,0.078545,129536,5410816,8,1
strassen,64,diagonal,D0,a,15,20,0.079665,129536,5410816,8,1
naive,64,diagonal,D0,b,1,20,0.094595,32768,5419008,8,1
naive,64,diagonal,D0,b,2,20,0.09441,32768,5419008,8,1
naive,64,diagonal,D0,b,3,20,0.094455,32768,5419008,8,1
naive,64,diagonal,D0,b,4,20,0.09435,32768,5419008,8,1
naive,64,diagonal,D0,b,5,20,0.094955,32768,5419008,8,1
naive,64,diagonal,D0,b,6,20,0.094455,32768,5419008,8,1
naive,64,diagonal,D0,b,7,20,0.09448,32768,5419008,8,1
naive,64,diagonal,D0,b,8,20,0.094455,32768,5419008,8,1
naive,64,diagonal,D0,b,9,20,0.094345,32768,5419008,8,1
naive,64,diagonal,D0,b,10,20,0.09441,32768,5419008,8,1
naive,64,diagonal,D0,b,11,20,0.094385,32768,5419008,8,1
naive,64,diagonal,D0,b,12,20,0.09445,32768,5419008,8,1
naive,64,diagonal,D0,b,13,20,0.094565,32768,5419008,8,1
naive,64,diagonal,D0,b,14,20,0.09442,32768,5419008,8,1
naive,64,diagonal,D0,b,15,20,0.094365,32768,5419008,8,1
strassen,64,diagonal,D0,b,1,20,0.08019,129536,5419008,8,1
strassen,64,diagonal,D0,b,2,20,0.080275,129536,5419008,8,1
strassen,64,diagonal,D0,b,3,20,0.078375,129536,5419008,8,1
strassen,64,diagonal,D0,b,4,20,0.079755,129536,5419008,8,1
strassen,64,diagonal,D0,b,5,20,0.080435,129536,5419008,8,1
strassen,64,diagonal,D0,b,6,20,0.078515,129536,5419008,8,1
strassen,64,diagonal,D0,b,7,20,0.079735,129536,5419008,8,1
strassen,64,diagonal,D0,b,8,20,0.08071,129536,5419008,8,1
strassen,64,diagonal,D0,b,9,20,0.07842,129536,5419008,8,1
strassen,64,diagonal,D0,b,10,20,0.07854,129536,5419008,8,1
strassen,64,diagonal,D0,b,11,20,0.078475,129536,5419008,8,1
strassen,64,diagonal,D0,b,12,20,0.078555,129536,5419008,8,1
strassen,64,diagonal,D0,b,13,20,0.0798,129536,5419008,8,1
strassen,64,diagonal,D0,b,14,20,0.08034,129536,5419008,8,1
strassen,64,diagonal,D0,b,15,20,0.078755,129536,5419008,8,1
naive,64,diagonal,D0,c,1,20,0.09487,32768,5419008,8,1
naive,64,diagonal,D0,c,2,20,0.09471,32768,5419008,8,1
naive,64,diagonal,D0,c,3,20,0.09443,32768,5419008,8,1
naive,64,diagonal,D0,c,4,20,0.09439,32768,5419008,8,1
naive,64,diagonal,D0,c,5,20,0.09422,32768,5419008,8,1
naive,64,diagonal,D0,c,6,20,0.094235,32768,5419008,8,1
naive,64,diagonal,D0,c,7,20,0.09437,32768,5419008,8,1
naive,64,diagonal,D0,c,8,20,0.09439,32768,5419008,8,1
naive,64,diagonal,D0,c,9,20,0.094495,32768,5419008,8,1
naive,64,diagonal,D0,c,10,20,0.094065,32768,5419008,8,1
naive,64,diagonal,D0,c,11,20,0.09439,32768,5419008,8,1
naive,64,diagonal,D0,c,12,20,0.094095,32768,5419008,8,1
naive,64,diagonal,D0,c,13,20,0.09435,32768,5419008,8,1
naive,64,diagonal,D0,c,14,20,0.094325,32768,5419008,8,1
naive,64,diagonal,D0,c,15,20,0.09438,32768,5419008,8,1
strassen,64,diagonal,D0,c,1,20,0.07886,129536,5419008,8,1
strassen,64,diagonal,D0,c,2,20,0.08063,129536,5419008,8,1
strassen,64,diagonal,D0,c,3,20,0.078535,129536,5419008,8,1
strassen,64,diagonal,D0,c,4,20,0.07965,129536,5419008,8,1
strassen,64,diagonal,D0,c,5,20,0.080245,129536,5419008,8,1
strassen,64,diagonal,D0,c,6,20,0.07843,129536,5419008,8,1
strassen,64,diagonal,D0,c,7,20,0.079725,129536,5419008,8,1
strassen,64,diagonal,D0,c,8,20,0.08027,129536,5419008,8,1
strassen,64,diagonal,D0,c,9,20,0.07846,129536,5419008,8,1
strassen,64,diagonal,D0,c,10,20,0.07976,129536,5419008,8,1
strassen,64,diagonal,D0,c,11,20,0.080265,129536,5419008,8,1
strassen,64,diagonal,D0,c,12,20,0.078855,129536,5419008,8,1
strassen,64,diagonal,D0,c,13,20,0.0797,129536,5419008,8,1
strassen,64,diagonal,D0,c,14,20,0.0802,129536,5419008,8,1
strassen,64,diagonal,D0,c,15,20,0.07854,129536,5419008,8,1
naive,64,diagonal,D10,a,1,20,0.094735,32768,5419008,8,1
naive,64,diagonal,D10,a,2,20,0.094425,32768,5419008,8,1
naive,64,diagonal,D10,a,3,20,0.09442,32768,5419008,8,1
naive,64,diagonal,D10,a,4,20,0.09444,32768,5419008,8,1
naive,64,diagonal,D10,a,5,20,0.09459,32768,5419008,8,1
naive,64,diagonal,D10,a,6,20,0.09428,32768,5419008,8,1
naive,64,diagonal,D10,a,7,20,0.09445,32768,5419008,8,1
naive,64,diagonal,D10,a,8,20,0.094395,32768,5419008,8,1
naive,64,diagonal,D10,a,9,20,0.094335,32768,5419008,8,1
naive,64,diagonal,D10,a,10,20,0.09438,32768,5419008,8,1
naive,64,diagonal,D10,a,11,20,0.094355,32768,5419008,8,1
naive,64,diagonal,D10,a,12,20,0.096905,32768,5419008,8,1
naive,64,diagonal,D10,a,13,20,0.094645,32768,5419008,8,1
naive,64,diagonal,D10,a,14,20,0.094285,32768,5419008,8,1
naive,64,diagonal,D10,a,15,20,0.094365,32768,5419008,8,1
strassen,64,diagonal,D10,a,1,20,0.07889,129536,5419008,8,1
strassen,64,diagonal,D10,a,2,20,0.07988,129536,5419008,8,1
strassen,64,diagonal,D10,a,3,20,0.08029,129536,5419008,8,1
strassen,64,diagonal,D10,a,4,20,0.07977,129536,5419008,8,1
strassen,64,diagonal,D10,a,5,20,0.080245,129536,5419008,8,1
strassen,64,diagonal,D10,a,6,20,0.078425,129536,5419008,8,1
strassen,64,diagonal,D10,a,7,20,0.080305,129536,5419008,8,1
strassen,64,diagonal,D10,a,8,20,0.080315,129536,5419008,8,1
strassen,64,diagonal,D10,a,9,20,0.07852,129536,5419008,8,1
strassen,64,diagonal,D10,a,10,20,0.079745,129536,5419008,8,1
strassen,64,diagonal,D10,a,11,20,0.080245,129536,5419008,8,1
strassen,64,diagonal,D10,a,12,20,0.078455,129536,5419008,8,1
strassen,64,diagonal,D10,a,13,20,0.079805,129536,5419008,8,1
strassen,64,diagonal,D10,a,14,20,0.080205,129536,5419008,8,1
strassen,64,diagonal,D10,a,15,20,0.07906,129536,5419008,8,1
naive,64,diagonal,D10,b,1,20,0.09531,32768,5419008,8,1
naive,64,diagonal,D10,b,2,20,0.094375,32768,5419008,8,1
naive,64,diagonal,D10,b,3,20,0.09439,32768,5419008,8,1
naive,64,diagonal,D10,b,4,20,0.094485,32768,5419008,8,1
naive,64,diagonal,D10,b,5,20,0.094295,32768,5419008,8,1
naive,64,diagonal,D10,b,6,20,0.094475,32768,5419008,8,1
naive,64,diagonal,D10,b,7,20,0.094375,32768,5419008,8,1
naive,64,diagonal,D10,b,8,20,0.09438,32768,5419008,8,1
naive,64,diagonal,D10,b,9,20,0.09596,32768,5419008,8,1
naive,64,diagonal,D10,b,10,20,0.094425,32768,5419008,8,1
naive,64,diagonal,D10,b,11,20,0.094495,32768,5419008,8,1
naive,64,diagonal,D10,b,12,20,0.094335,32768,5419008,8,1
naive,64,diagonal,D10,b,13,20,0.09452,32768,5419008,8,1
naive,64,diagonal,D10,b,14,20,0.09438,32768,5419008,8,1
naive,64,diagonal,D10,b,15,20,0.094365,32768,5419008,8,1
strassen,64,diagonal,D10,b,1,20,0.078815,129536,5419008,8,1
strassen,64,diagonal,D10,b,2,20,0.08139,129536,5419008,8,1
strassen,64,diagonal,D10,b,3,20,0.08076,129536,5419008,8,1
strassen,64,diagonal,D10,b,4,20,0.078485,129536,5419008,8,1
strassen,64,diagonal,D10,b,5,20,0.07988,129536,5419008,8,1
strassen,64,diagonal,D10,b,6,20,0.08026,129536,5419008,8,1
strassen,64,diagonal,D10,b,7,20,0.07852,129536,5419008,8,1
strassen,64,diagonal,D10,b,8,20,0.080265,129536,5419008,8,1
strassen,64,diagonal,D10,b,9,20,0.0784,129536,5419008,8,1
strassen,64,diagonal,D10,b,10,20,0.07975,129536,5419008,8,1
strassen,64,diagonal,D10,b,11,20,0.08032,129536,5419008,8,1
strassen,64,diagonal,D10,b,12,20,0.080295,129536,5419008,8,1
strassen,64,diagonal,D10,b,13,20,0.07999,129536,5419008,8,1
strassen,64,diagonal,D10,b,14,20,0.080245,129536,5419008,8,1
strassen,64,diagonal,D10,b,15,20,0.07839,129536,5419008,8,1
naive,64,diagonal,D10,c,1,20,0.09382,32768,5419008,8,1
naive,64,diagonal,D10,c,2,20,0.09441,32768,5419008,8,1
naive,64,diagonal,D10,c,3,20,0.094435,32768,5419008,8,1
naive,64,diagonal,D10,c,4,20,0.0944,32768,5419008,8,1
naive,64,diagonal,D10,c,5,20,0.09471,32768,5419008,8,1
naive,64,diagonal,D10,c,6,20,0.09447,32768,5419008,8,1
naive,64,diagonal,D10,c,7,20,0.09428,32768,5419008,8,1
naive,64,diagonal,D10,c,8,20,0.09417,32768,5419008,8,1
naive,64,diagonal,D10,c,9,20,0.094565,32768,5419008,8,1
naive,64,diagonal,D10,c,10,20,0.094295,32768,5419008,8,1
naive,64,diagonal,D10,c,11,20,0.09444,32768,5419008,8,1
naive,64,diagonal,D10,c,12,20,0.09433,32768,5419008,8,1
naive,64,diagonal,D10,c,13,20,0.094695,32768,5419008,8,1
naive,64,diagonal,D10,c,14,20,0.094455,32768,5419008,8,1
naive,64,diagonal,D10,c,15,20,0.094415,32768,5419008,8,1
strassen,64,diagonal,D10,c,1,20,0.078895,129536,5419008,8,1
strassen,64,diagonal,D10,c,2,20,0.079935,129536,5419008,8,1
strassen,64,diagonal,D10,c,3,20,0.0807,129536,5419008,8,1
strassen,64,diagonal,D10,c,4,20,0.078505,129536,5419008,8,1
strassen,64,diagonal,D10,c,5,20,0.079715,129536,5419008,8,1
strassen,64,diagonal,D10,c,6,20,0.08025,129536,5419008,8,1
strassen,64,diagonal,D10,c,7,20,0.07894,129536,5419008,8,1
strassen,64,diagonal,D10,c,8,20,0.08411,129536,5419008,8,1
strassen,64,diagonal,D10,c,9,20,0.078535,129536,5419008,8,1
strassen,64,diagonal,D10,c,10,20,0.07976,129536,5419008,8,1
strassen,64,diagonal,D10,c,11,20,0.08026,129536,5419008,8,1
strassen,64,diagonal,D10,c,12,20,0.078525,129536,5419008,8,1
strassen,64,diagonal,D10,c,13,20,0.07983,129536,5419008,8,1
strassen,64,diagonal,D10,c,14,20,0.0803,129536,5419008,8,1
strassen,64,diagonal,D10,c,15,20,0.07843,129536,5419008,8,1
naive,64,dispersa,D0,a,1,20,0.09544,32768,5419008,8,1
naive,64,dispersa,D0,a,2,20,0.094395,32768,5419008,8,1
naive,64,dispersa,D0,a,3,20,0.09431,32768,5419008,8,1
naive,64,dispersa,D0,a,4,20,0.094385,32768,5419008,8,1
naive,64,dispersa,D0,a,5,20,0.09431,32768,5419008,8,1
naive,64,dispersa,D0,a,6,20,0.094325,32768,5419008,8,1
naive,64,dispersa,D0,a,7,20,0.094305,32768,5419008,8,1
naive,64,dispersa,D0,a,8,20,0.094415,32768,5419008,8,1
naive,64,dispersa,D0,a,9,20,0.094695,32768,5419008,8,1
naive,64,dispersa,D0,a,10,20,0.094425,32768,5419008,8,1
naive,64,dispersa,D0,a,11,20,0.105275,32768,5419008,8,1
naive,64,dispersa,D0,a,12,20,0.094365,32768,5419008,8,1
naive,64,dispersa,D0,a,13,20,0.094365,32768,5419008,8,1
naive,64,dispersa,D0,a,14,20,0.094265,32768,5419008,8,1
naive,64,dispersa,D0,a,15,20,0.094415,32768,5419008,8,1
strassen,64,dispersa,D0,a,1,20,0.078925,129536,5419008,8,1
strassen,64,dispersa,D0,a,2,20,0.08078,129536,5419008,8,1
strassen,64,dispersa,D0,a,3,20,0.08021,129536,5419008,8,1
strassen,64,dispersa,D0,a,4,20,0.07849,129536,5419008,8,1
strassen,64,dispersa,D0,a,5,20,0.0813,129536,5419008,8,1
strassen,64,dispersa,D0,a,6,20,0.08046,129536,5419008,8,1
strassen,64,dispersa,D0,a,7,20,0.07856,129536,5419008,8,1
strassen,64,dispersa,D0,a,8,20,0.079685,129536,5419008,8,1
strassen,64,dispersa,D0,a,9,20,0.08026,129536,5419008,8,1
strassen,64,dispersa,D0,a,10,20,0.078515,129536,5419008,8,1
strassen,64,dispersa,D0,a,11,20,0.0818,129536,5419008,8,1
strassen,64,dispersa,D0,a,12,20,0.07839,129536,5419008,8,1
strassen,64,dispersa,D0,a,13,20,0.07851,129536,5419008,8,1
strassen,64,dispersa,D0,a,14,20,0.081175,129536,5419008,8,1
strassen,64,dispersa,D0,a,15,20,0.079145,129536,5419008,8,1
naive,64,dispersa,D0,b,1,20,0.09476,32768,5419008,8,1
naive,64,dispersa,D0,b,2,20,0.094345,32768,5419008,8,1
naive,64,dispersa,D0,b,3,20,0.0944,32768,5419008,8,1
naive,64,dispersa,D0,b,4,20,0.09488,32768,5419008,8,1
naive,64,dispersa,D0,b,5,20,0.09446,32768,5419008,8,1
naive,64,dispersa,D0,b,6,20,0.0943,32768,5419008,8,1
naive,64,dispersa,D0,b,7,20,0.094475,32768,5419008,8,1
naive,64,dispersa,D0,b,8,20,0.094365,32768,5419008,8,1
naive,64,dispersa,D0,b,9,20,0.094355,32768,5419008,8,1
naive,64,dispersa,D0,b,10,20,0.09446,32768,5419008,8,1
naive,64,dispersa,D0,b,11,20,0.09435,32768,5419008,8,1
naive,64,dispersa,D0,b,12,20,0.09448,32768,5419008,8,1
naive,64,dispersa,D0,b,13,20,0.0956,32768,5419008,8,1
naive,64,dispersa,D0,b,14,20,0.094405,32768,5419008,8,1
naive,64,dispersa,D0,b,15,20,0.094295,32768,5419008,8,1
strassen,64,dispersa,D0,b,1,20,0.07891,129536,5419008,8,1
strassen,64,dispersa,D0,b,2,20,0.08045,129536,5419008,8,1
strassen,64,dispersa,D0,b,3,20,0.0816,129536,5419008,8,1
strassen,64,dispersa,D0,b,4,20,0.07854,129536,5419008,8,1
strassen,64,dispersa,D0,b,5,20,0.0785,129536,5419008,8,1
strassen,64,dispersa,D0,b,6,20,0.078385,129536,5419008,8,1
strassen,64,dispersa,D0,b,7,20,0.0786,129536,5419008,8,1
strassen,64,dispersa,D0,b,8,20,0.07992,129536,5419008,8,1
strassen,64,dispersa,D0,b,9,20,0.0814,129536,5419008,8,1
strassen,64,dispersa,D0,b,10,20,0.07857,129536,5419008,8,1
strassen,64,dispersa,D0,b,11,20,0.07974,129536,5419008,8,1
strassen,64,dispersa,D0,b,12,20,0.081575,129536,5419008,8,1
strassen,64,dispersa,D0,b,13,20,0.078385,129536,5419008,8,1
strassen,64,dispersa,D0,b,14,20,0.081655,129536,5419008,8,1
strassen,64,dispersa,D0,b,15,20,0.078545,129536,5419008,8,1
naive,64,dispersa,D0,c,1,20,0.094835,32768,5419008,8,1
naive,64,dispersa,D0,c,2,20,0.094455,32768,5419008,8,1
naive,64,dispersa,D0,c,3,20,0.09432,32768,5419008,8,1
naive,64,dispersa,D0,c,4,20,0.094445,32768,5419008,8,1
naive,64,dispersa,D0,c,5,20,0.094535,32768,5419008,8,1
naive,64,dispersa,D0,c,6,20,0.09441,32768,5419008,8,1
naive,64,dispersa,D0,c,7,20,0.094395,32768,5419008,8,1
naive,64,dispersa,D0,c,8,20,0.094655,32768,5419008,8,1
naive,64,dispersa,D0,c,9,20,0.09381,32768,5419008,8,1
naive,64,dispersa,D0,c,10,20,0.09435,32768,5419008,8,1
naive,64,dispersa,D0,c,11,20,0.094375,32768,5419008,8,1
naive,64,dispersa,D0,c,12,20,0.09437,32768,5419008,8,1
naive,64,dispersa,D0,c,13,20,0.09449,32768,5419008,8,1
naive,64,dispersa,D0,c,14,20,0.094685,32768,5419008,8,1
naive,64,dispersa,D0,c,15,20,0.09435,32768,5419008,8,1
strassen,64,dispersa,D0,c,1,20,0.08249,129536,5419008,8,1
strassen,64,dispersa,D0,c,2,20,0.080845,129536,5419008,8,1
strassen,64,dispersa,D0,c,3,20,0.08188,129536,5419008,8,1
strassen,64,dispersa,D0,c,4,20,0.07855,129536,5419008,8,1
strassen,64,dispersa,D0,c,5,20,0.08085,129536,5419008,8,1
strassen,64,dispersa,D0,c,6,20,0.080325,129536,5419008,8,1
strassen,64,dispersa,D0,c,7,20,0.07871,129536,5419008,8,1
strassen,64,dispersa,D0,c,8,20,0.083195,129536,5419008,8,1
strassen,64,dispersa,D0,c,9,20,0.08205,129536,5419008,8,1
strassen,64,dispersa,D0,c,10,20,0.079175,129536,5419008,8,1
strassen,64,dispersa,D0,c,11,20,0.080165,129536,5419008,8,1
strassen,64,dispersa,D0,c,12,20,0.081035,129536,5419008,8,1
strassen,64,dispersa,D0,c,13,20,0.07848,129536,5419008,8,1
strassen,64,dispersa,D0,c,14,20,0.08031,129536,5419008,8,1
strassen,64,dispersa,D0,c,15,20,0.080795,129536,5419008,8,1
naive,64,dispersa,D10,a,1,20,0.09575,32768,5419008,8,1
naive,64,dispersa,D10,a,2,20,0.094575,32768,5419008,8,1
naive,64,dispersa,D10,a,3,20,0.09569,32768,5419008,8,1
naive,64,dispersa,D10,a,4,20,0.094925,32768,5419008,8,1
naive,64,dispersa,D10,a,5,20,0.094645,32768,5419008,8,1
naive,64,dispersa,D10,a,6,20,0.094525,32768,5419008,8,1
naive,64,dispersa,D10,a,7,20,0.096635,32768,5419008,8,1
naive,64,dispersa,D10,a,8,20,0.094445,32768,5419008,8,1
naive,64,dispersa,D10,a,9,20,0.094325,32768,5419008,8,1
naive,64,dispersa,D10,a,10,20,0.094625,32768,5419008,8,1
naive,64,dispersa,D10,a,11,20,0.094625,32768,5419008,8,1
naive,64,dispersa,D10,a,12,20,0.094675,32768,5419008,8,1
naive,64,dispersa,D10,a,13,20,0.094635,32768,5419008,8,1
naive,64,dispersa,D10,a,14,20,0.094515,32768,5419008,8,1
naive,64,dispersa,D10,a,15,20,0.09497,32768,5419008,8,1
strassen,64,dispersa,D10,a,1,20,0.078995,129536,5419008,8,1
strassen,64,dispersa,D10,a,2,20,0.07934,129536,5419008,8,1
strassen,64,dispersa,D10,a,3,20,0.081105,129536,5419008,8,1
strassen,64,dispersa,D10,a,4,20,0.079395,129536,5419008,8,1
strassen,64,dispersa,D10,a,5,20,0.080615,129536,5419008,8,1
strassen,64,dispersa,D10,a,6,20,0.080655,129536,5419008,8,1
strassen,64,dispersa,D10,a,7,20,0.078755,129536,5419008,8,1
strassen,64,dispersa,D10,a,8,20,0.08022,129536,5419008,8,1
strassen,64,dispersa,D10,a,9,20,0.080895,129536,5419008,8,1
strassen,64,dispersa,D10,a,10,20,0.07893,129536,5419008,8,1
strassen,64,dispersa,D10,a,11,20,0.07891,129536,5419008,8,1
strassen,64,dispersa,D10,a,12,20,0.079035,129536,5419008,8,1
strassen,64,dispersa,D10,a,13,20,0.07937,129536,5419008,8,1
strassen,64,dispersa,D10,a,14,20,0.08029,129536,5419008,8,1
strassen,64,dispersa,D10,a,15,20,0.081225,129536,5419008,8,1
naive,64,dispersa,D10,b,1,20,0.0977,32768,5419008,8,1
naive,64,dispersa,D10,b,2,20,0.094485,32768,5419008,8,1
naive,64,dispersa,D10,b,3,20,0.09445,32768,5419008,8,1
naive,64,dispersa,D10,b,4,20,0.094585,32768,5419008,8,1
naive,64,dispersa,D10,b,5,20,0.09461,32768,5419008,8,1
naive,64,dispersa,D10,b,6,20,0.094475,32768,5419008,8,1
naive,64,dispersa,D10,b,7,20,0.097075,32768,5419008,8,1
naive,64,dispersa,D10,b,8,20,0.096985,32768,5419008,8,1
naive,64,dispersa,D10,b,9,20,0.094435,32768,5419008,8,1
naive,64,dispersa,D10,b,10,20,0.094375,32768,5419008,8,1
naive,64,dispersa,D10,b,11,20,0.094465,32768,5419008,8,1
naive,64,dispersa,D10,b,12,20,0.105395,32768,5419008,8,1
naive,64,dispersa,D10,b,13,20,0.205295,32768,5419008,8,1
naive,64,dispersa,D10,b,14,20,0.13261,32768,5419008,8,1
naive,64,dispersa,D10,b,15,20,0.133595,32768,5419008,8,1
strassen,64,dispersa,D10,b,1,20,0.097845,129536,5419008,8,1
strassen,64,dispersa,D10,b,2,20,0.079265,129536,5419008,8,1
strassen,64,dispersa,D10,b,3,20,0.118435,129536,5419008,8,1
strassen,64,dispersa,D10,b,4,20,0.088475,129536,5419008,8,1
strassen,64,dispersa,D10,b,5,20,0.103875,129536,5419008,8,1
strassen,64,dispersa,D10,b,6,20,0.086335,129536,5419008,8,1
strassen,64,dispersa,D10,b,7,20,0.079865,129536,5419008,8,1
strassen,64,dispersa,D10,b,8,20,0.08159,129536,5419008,8,1
strassen,64,dispersa,D10,b,9,20,0.080945,129536,5419008,8,1
strassen,64,dispersa,D10,b,10,20,0.079045,129536,5419008,8,1
strassen,64,dispersa,D10,b,11,20,0.08025,129536,5419008,8,1
strassen,64,dispersa,D10,b,12,20,0.08091,129536,5419008,8,1
strassen,64,dispersa,D10,b,13,20,0.07887,129536,5419008,8,1
strassen,64,dispersa,D10,b,14,20,0.08106,129536,5419008,8,1
strassen,64,dispersa,D10,b,15,20,0.0812,129536,5419008,8,1
naive,64,dispersa,D10,c,1,20,0.09544,32768,5419008,8,1
naive,64,dispersa,D10,c,2,20,0.094325,32768,5419008,8,1
naive,64,dispersa,D10,c,3,20,0.093985,32768,5419008,8,1
naive,64,dispersa,D10,c,4,20,0.09455,32768,5419008,8,1
naive,64,dispersa,D10,c,5,20,0.09375,32768,5419008,8,1
naive,64,dispersa,D10,c,6,20,0.09415,32768,5419008,8,1
naive,64,dispersa,D10,c,7,20,0.09439,32768,5419008,8,1
naive,64,dispersa,D10,c,8,20,0.09629,32768,5419008,8,1
naive,64,dispersa,D10,c,9,20,0.094415,32768,5419008,8,1
naive,64,dispersa,D10,c,10,20,0.09447,32768,5419008,8,1
naive,64,dispersa,D10,c,11,20,0.094685,32768,5419008,8,1
naive,64,dispersa,D10,c,12,20,0.094345,32768,5419008,8,1
naive,64,dispersa,D10,c,13,20,0.09434,32768,5419008,8,1
naive,64,dispersa,D10,c,14,20,0.09448,32768,5419008,8,1
naive,64,dispersa,D10,c,15,20,0.093875,32768,5419008,8,1
strassen,64,dispersa,D10,c,1,20,0.079545,129536,5419008,8,1
strassen,64,dispersa,D10,c,2,20,0.078395,129536,5419008,8,1
strassen,64,dispersa,D10,c,3,20,0.080115,129536,5419008,8,1
strassen,64,dispersa,D10,c,4,20,0.080265,129536,5419008,8,1
strassen,64,dispersa,D10,c,5,20,0.07849,129536,5419008,8,1
strassen,64,dispersa,D10,c,6,20,0.079795,129536,5419008,8,1
strassen,64,dispersa,D10,c,7,20,0.080235,129536,5419008,8,1
strassen,64,dispersa,D10,c,8,20,0.079675,129536,5419008,8,1
strassen,64,dispersa,D10,c,9,20,0.080305,129536,5419008,8,1
strassen,64,dispersa,D10,c,10,20,0.078695,129536,5419008,8,1
strassen,64,dispersa,D10,c,11,20,0.080035,129536,5419008,8,1
strassen,64,dispersa,D10,c,12,20,0.08034,129536,5419008,8,1
strassen,64,dispersa,D10,c,13,20,0.078565,129536,5419008,8,1
strassen,64,dispersa,D10,c,14,20,0.07968,129536,5419008,8,1
strassen,64,dispersa,D10,c,15,20,0.08071,129536,5419008,8,1
naive,256,densa,D0,a,1,3,16.7356,524288,7397376,8,1
naive,256,densa,D0,a,2,3,16.7097,524288,7397376,8,1
naive,256,densa,D0,a,3,3,16.7943,524288,7397376,8,1
naive,256,densa,D0,a,4,3,16.722,524288,7397376,8,1
naive,256,densa,D0,a,5,3,16.7891,524288,7397376,8,1
naive,256,densa,D0,a,6,3,16.7469,524288,7397376,8,1
naive,256,densa,D0,a,7,3,16.8194,524288,7397376,8,1
strassen,256,densa,D0,a,1,3,4.40283,2095616,9113600,8,1
strassen,256,densa,D0,a,2,3,4.74827,2095616,9113600,8,1
strassen,256,densa,D0,a,3,3,4.43553,2095616,9113600,8,1
strassen,256,densa,D0,a,4,3,4.37853,2095616,9113600,8,1
strassen,256,densa,D0,a,5,3,4.43437,2095616,9113600,8,1
strassen,256,densa,D0,a,6,3,4.44927,2095616,9113600,8,1
strassen,256,densa,D0,a,7,3,4.38393,2095616,9113600,8,1
naive,256,densa,D0,b,1,3,16.7408,524288,9363456,8,1
naive,256,densa,D0,b,2,3,16.7647,524288,9363456,8,1
naive,256,densa,D0,b,3,3,16.7166,524288,9363456,8,1
naive,256,densa,D0,b,4,3,16.7574,524288,9363456,8,1
naive,256,densa,D0,b,5,3,16.7177,524288,9363456,8,1
naive,256,densa,D0,b,6,3,16.7269,524288,9363456,8,1
naive,256,densa,D0,b,7,3,16.7396,524288,9363456,8,1
strassen,256,densa,D0,b,1,3,4.4722,2095616,9363456,8,1
strassen,256,densa,D0,b,2,3,4.44243,2095616,9363456,8,1
strassen,256,densa,D0,b,3,3,4.37007,2095616,9363456,8,1
strassen,256,densa,D0,b,4,3,4.67333,2095616,9363456,8,1
strassen,256,densa,D0,b,5,3,4.3978,2095616,9363456,8,1
strassen,256,densa,D0,b,6,3,4.32547,2095616,9363456,8,1
strassen,256,densa,D0,b,7,3,4.35103,2095616,9363456,8,1
naive,256,densa,D0,c,1,3,16.9649,524288,9363456,8,1
naive,256,densa,D0,c,2,3,16.9637,524288,9363456,8,1
naive,256,densa,D0,c,3,3,16.9583,524288,9363456,8,1
naive,256,densa,D0,c,4,3,16.9656,524288,9363456,8,1
naive,256,densa,D0,c,5,3,16.994,524288,9363456,8,1
naive,256,densa,D0,c,6,3,16.9883,524288,9363456,8,1
naive,256,densa,D0,c,7,3,16.9746,524288,9363456,8,1
strassen,256,densa,D0,c,1,3,4.38723,2095616,9363456,8,1
strassen,256,densa,D0,c,2,3,4.3327,2095616,9363456,8,1
strassen,256,densa,D0,c,3,3,4.31227,2095616,9363456,8,1
strassen,256,densa,D0,c,4,3,4.3382,2095616,9363456,8,1
strassen,256,densa,D0,c,5,3,4.3551,2095616,9363456,8,1
strassen,256,densa,D0,c,6,3,4.38737,2095616,9363456,8,1
strassen,256,densa,D0,c,7,3,4.3861,2095616,9363456,8,1
naive,256,densa,D10,a,1,3,16.9109,524288,9371648,8,1
naive,256,densa,D10,a,2,3,16.9567,524288,9371648,8,1
naive,256,densa,D10,a,3,3,16.6595,524288,9371648,8,1
naive,256,densa,D10,a,4,3,16.9863,524288,9371648,8,1
naive,256,densa,D10,a,5,3,16.876,524288,9371648,8,1
naive,256,densa,D10,a,6,3,16.9737,524288,9371648,8,1
naive,256,densa,D10,a,7,3,16.9139,524288,9371648,8,1
strassen,256,densa,D10,a,1,3,4.3866,2095616,9371648,8,1
strassen,256,densa,D10,a,2,3,4.57817,2095616,9371648,8,1
strassen,256,densa,D10,a,3,3,4.45363,2095616,9371648,8,1
strassen,256,densa,D10,a,4,3,4.46437,2095616,9371648,8,1
strassen,256,densa,D10,a,5,3,4.39957,2095616,9371648,8,1
strassen,256,densa,D10,a,6,3,4.45753,2095616,9371648,8,1
strassen,256,densa,D10,a,7,3,4.43947,2095616,9371648,8,1
naive,256,densa,D10,b,1,3,16.8201,524288,9371648,8,1
naive,256,densa,D10,b,2,3,16.9131,524288,9371648,8,1
naive,256,densa,D10,b,3,3,17.0625,524288,9371648,8,1
naive,256,densa,D10,b,4,3,17.4494,524288,9371648,8,1
naive,256,densa,D10,b,5,3,17.9036,524288,9371648,8,1
naive,256,densa,D10,b,6,3,17.1073,524288,9371648,8,1
naive,256,densa,D10,b,7,3,16.6206,524288,9371648,8,1
strassen,256,densa,D10,b,1,3,4.42583,2095616,9371648,8,1
strassen,256,densa,D10,b,2,3,4.51947,2095616,9371648,8,1
strassen,256,densa,D10,b,3,3,4.44593,2095616,9371648,8,1
strassen,256,densa,D10,b,4,3,4.49627,2095616,9371648,8,1
strassen,256,densa,D10,b,5,3,4.47843,2095616,9371648,8,1
strassen,256,densa,D10,b,6,3,4.67947,2095616,9371648,8,1
strassen,256,densa,D10,b,7,3,4.42303,2095616,9371648,8,1
naive,256,densa,D10,c,1,3,14.7371,524288,9371648,8,1
naive,256,densa,D10,c,2,3,16.8289,524288,9371648,8,1
naive,256,densa,D10,c,3,3,16.719,524288,9371648,8,1
naive,256,densa,D10,c,4,3,16.4643,524288,9371648,8,1
naive,256,densa,D10,c,5,3,16.5473,524288,9371648,8,1
naive,256,densa,D10,c,6,3,16.5173,524288,9371648,8,1
naive,256,densa,D10,c,7,3,16.5658,524288,9371648,8,1
strassen,256,densa,D10,c,1,3,4.49757,2095616,9371648,8,1
strassen,256,densa,D10,c,2,3,4.49437,2095616,9371648,8,1
strassen,256,densa,D10,c,3,3,4.43803,2095616,9371648,8,1
strassen,256,densa,D10,c,4,3,4.439,2095616,9371648,8,1
strassen,256,densa,D10,c,5,3,4.4576,2095616,9371648,8,1
strassen,256,densa,D10,c,6,3,4.45733,2095616,9371648,8,1
strassen,256,densa,D10,c,7,3,4.50773,2095616,9371648,8,1
naive,256,diagonal,D0,a,1,3,16.9813,524288,9371648,8,1
naive,256,diagonal,D0,a,2,3,16.916,524288,9371648,8,1
naive,256,diagonal,D0,a,3,3,16.7991,524288,9371648,8,1
naive,256,diagonal,D0,a,4,3,16.8939,524288,9371648,8,1
naive,256,diagonal,D0,a,5,3,16.9353,524288,9371648,8,1
naive,256,diagonal,D0,a,6,3,16.9343,524288,9371648,8,1
naive,256,diagonal,D0,a,7,3,16.7937,524288,9371648,8,1
strassen,256,diagonal,D0,a,1,3,4.43923,2095616,9371648,8,1
strassen,256,diagonal,D0,a,2,3,4.41507,2095616,9371648,8,1
strassen,256,diagonal,D0,a,3,3,4.46697,2095616,9371648,8,1
strassen,256,diagonal,D0,a,4,3,4.5225,2095616,9371648,8,1
strassen,256,diagonal,D0,a,5,3,4.4737,2095616,9371648,8,1
strassen,256,diagonal,D0,a,6,3,4.4128,2095616,9371648,8,1
strassen,256,diagonal,D0,a,7,3,4.44387,2095616,9371648,8,1
naive,256,diagonal,D0,b,1,3,16.8534,524288,9371648,8,1
naive,256,diagonal,D0,b,2,3,16.9313,524288,9371648,8,1
naive,256,diagonal,D0,b,3,3,16.8964,524288,9371648,8,1
naive,256,diagonal,D0,b,4,3,16.9321,524288,9371648,8,1
naive,256,diagonal,D0,b,5,3,16.8303,524288,9371648,8,1
naive,256,diagonal,D0,b,6,3,16.9792,524288,9371648,8,1
naive,256,diagonal,D0,b,7,3,16.8522,524288,9371648,8,1
strassen,256,diagonal,D0,b,1,3,4.40123,2095616,9371648,8,1
strassen,256,diagonal,D0,b,2,3,4.41817,2095616,9371648,8,1
strassen,256,diagonal,D0,b,3,3,4.43337,2095616,9371648,8,1
strassen,256,diagonal,D0,b,4,3,4.44537,2095616,9371648,8,1
strassen,256,diagonal,D0,b,5,3,4.48183,2095616,9371648,8,1
strassen,256,diagonal,D0,b,6,3,4.46943,2095616,9371648,8,1
strassen,256,diagonal,D0,b,7,3,4.40483,2095616,9371648,8,1
naive,256,diagonal,D0,c,1,3,16.8012,524288,9371648,8,1
naive,256,diagonal,D0,c,2,3,16.8586,524288,9371648,8,1
naive,256,diagonal,D0,c,3,3,16.8527,524288,9371648,8,1
naive,256,diagonal,D0,c,4,3,16.8298,524288,9371648,8,1
naive,256,diagonal,D0,c,5,3,16.8357,524288,9371648,8,1
naive,256,diagonal,D0,c,6,3,16.8587,524288,9371648,8,1
naive,256,diagonal,D0,c,7,3,16.8161,524288,9371648,8,1
strassen,256,diagonal,D0,c,1,3,4.5831,2095616,9371648,8,1
strassen,256,diagonal,D0,c,2,3,4.4945,2095616,9371648,8,1
strassen,256,diagonal,D0,c,3,3,4.45323,2095616,9371648,8,1
strassen,256,diagonal,D0,c,4,3,4.39633,2095616,9371648,8,1
strassen,256,diagonal,D0,c,5,3,4.43367,2095616,9371648,8,1
strassen,256,diagonal,D0,c,6,3,4.46293,2095616,9371648,8,1
strassen,256,diagonal,D0,c,7,3,4.51427,2095616,9371648,8,1
naive,256,diagonal,D10,a,1,3,16.8245,524288,9371648,8,1
naive,256,diagonal,D10,a,2,3,16.8651,524288,9371648,8,1
naive,256,diagonal,D10,a,3,3,16.8452,524288,9371648,8,1
naive,256,diagonal,D10,a,4,3,16.8319,524288,9371648,8,1
naive,256,diagonal,D10,a,5,3,16.7652,524288,9371648,8,1
naive,256,diagonal,D10,a,6,3,16.8465,524288,9371648,8,1
naive,256,diagonal,D10,a,7,3,16.7857,524288,9371648,8,1
strassen,256,diagonal,D10,a,1,3,4.4493,2095616,9371648,8,1
strassen,256,diagonal,D10,a,2,3,4.4453,2095616,9371648,8,1
strassen,256,diagonal,D10,a,3,3,4.44153,2095616,9371648,8,1
strassen,256,diagonal,D10,a,4,3,4.47917,2095616,9371648,8,1
strassen,256,diagonal,D10,a,5,3,4.476,2095616,9371648,8,1
strassen,256,diagonal,D10,a,6,3,4.43253,2095616,9371648,8,1
strassen,256,diagonal,D10,a,7,3,4.44547,2095616,9371648,8,1
naive,256,diagonal,D10,b,1,3,16.8461,524288,9371648,8,1
naive,256,diagonal,D10,b,2,3,15.6108,524288,9371648,8,1
naive,256,diagonal,D10,b,3,3,16.8723,524288,9371648,8,1
naive,256,diagonal,D10,b,4,3,16.8448,524288,9371648,8,1
naive,256,diagonal,D10,b,5,3,16.8589,524288,9371648,8,1
naive,256,diagonal,D10,b,6,3,16.8493,524288,9371648,8,1
naive,256,diagonal,D10,b,7,3,16.8184,524288,9371648,8,1
strassen,256,diagonal,D10,b,1,3,4.477,2095616,9371648,8,1
strassen,256,diagonal,D10,b,2,3,4.41277,2095616,9371648,8,1
strassen,256,diagonal,D10,b,3,3,4.4247,2095616,9371648,8,1
strassen,256,diagonal,D10,b,4,3,4.49573,2095616,9371648,8,1
strassen,256,diagonal,D10,b,5,3,4.44373,2095616,9371648,8,1
strassen,256,diagonal,D10,b,6,3,4.4902,2095616,9371648,8,1
strassen,256,diagonal,D10,b,7,3,4.48553,2095616,9371648,8,1
naive,256,diagonal,D10,c,1,3,16.826,524288,9371648,8,1
naive,256,diagonal,D10,c,2,3,16.7848,524288,9371648,8,1
naive,256,diagonal,D10,c,3,3,16.466,524288,9371648,8,1
naive,256,diagonal,D10,c,4,3,16.3604,524288,9371648,8,1
naive,256,diagonal,D10,c,5,3,16.4171,524288,9371648,8,1
naive,256,diagonal,D10,c,6,3,16.2827,524288,9371648,8,1
naive,256,diagonal,D10,c,7,3,16.1457,524288,9371648,8,1
strassen,256,diagonal,D10,c,1,3,4.8881,2095616,9371648,8,1
strassen,256,diagonal,D10,c,2,3,4.91433,2095616,9371648,8,1
strassen,256,diagonal,D10,c,3,3,4.76033,2095616,9371648,8,1
strassen,256,diagonal,D10,c,4,3,4.63647,2095616,9371648,8,1
strassen,256,diagonal,D10,c,5,3,4.668,2095616,9371648,8,1
strassen,256,diagonal,D10,c,6,3,4.7069,2095616,9371648,8,1
strassen,256,diagonal,D10,c,7,3,4.68417,2095616,9371648,8,1
naive,256,dispersa,D0,a,1,3,16.6052,524288,9371648,8,1
naive,256,dispersa,D0,a,2,3,16.4946,524288,9371648,8,1
naive,256,dispersa,D0,a,3,3,16.5872,524288,9371648,8,1
naive,256,dispersa,D0,a,4,3,16.3676,524288,9371648,8,1
naive,256,dispersa,D0,a,5,3,16.624,524288,9371648,8,1
naive,256,dispersa,D0,a,6,3,16.5496,524288,9371648,8,1
naive,256,dispersa,D0,a,7,3,16.7385,524288,9371648,8,1
strassen,256,dispersa,D0,a,1,3,4.4713,2095616,9371648,8,1
strassen,256,dispersa,D0,a,2,3,4.52303,2095616,9371648,8,1
strassen,256,dispersa,D0,a,3,3,4.4847,2095616,9371648,8,1
strassen,256,dispersa,D0,a,4,3,4.50583,2095616,9371648,8,1
strassen,256,dispersa,D0,a,5,3,4.54223,2095616,9371648,8,1
strassen,256,dispersa,D0,a,6,3,4.50353,2095616,9371648,8,1
strassen,256,dispersa,D0,a,7,3,4.6281,2095616,9371648,8,1
naive,256,dispersa,D0,b,1,3,16.7823,524288,9371648,8,1
naive,256,dispersa,D0,b,2,3,16.567,524288,9371648,8,1
naive,256,dispersa,D0,b,3,3,16.5439,524288,9371648,8,1
naive,256,dispersa,D0,b,4,3,16.5607,524288,9371648,8,1
naive,256,dispersa,D0,b,5,3,16.5643,524288,9371648,8,1
naive,256,dispersa,D0,b,6,3,16.7584,524288,9371648,8,1
naive,256,dispersa,D0,b,7,3,16.7788,524288,9371648,8,1
strassen,256,dispersa,D0,b,1,3,4.5413,2095616,9371648,8,1
strassen,256,dispersa,D0,b,2,3,4.46627,2095616,9371648,8,1
strassen,256,dispersa,D0,b,3,3,4.44283,2095616,9371648,8,1
strassen,256,dispersa,D0,b,4,3,4.4564,2095616,9371648,8,1
strassen,256,dispersa,D0,b,5,3,4.4629,2095616,9371648,8,1
strassen,256,dispersa,D0,b,6,3,4.48067,2095616,9371648,8,1
strassen,256,dispersa,D0,b,7,3,4.46313,2095616,9371648,8,1
naive,256,dispersa,D0,c,1,3,16.8119,524288,9371648,8,1
naive,256,dispersa,D0,c,2,3,16.8464,524288,9371648,8,1
naive,256,dispersa,D0,c,3,3,16.6117,524288,9371648,8,1
naive,256,dispersa,D0,c,4,3,16.8405,524288,9371648,8,1
naive,256,dispersa,D0,c,5,3,16.8029,524288,9371648,8,1
naive,256,dispersa,D0,c,6,3,16.5486,524288,9371648,8,1
naive,256,dispersa,D0,c,7,3,16.7236,524288,9371648,8,1
strassen,256,dispersa,D0,c,1,3,4.44303,2095616,9371648,8,1
strassen,256,dispersa,D0,c,2,3,4.47647,2095616,9371648,8,1
strassen,256,dispersa,D0,c,3,3,4.4821,2095616,9371648,8,1
strassen,256,dispersa,D0,c,4,3,4.45813,2095616,9371648,8,1
strassen,256,dispersa,D0,c,5,3,4.4477,2095616,9371648,8,1
strassen,256,dispersa,D0,c,6,3,4.49683,2095616,9371648,8,1
strassen,256,dispersa,D0,c,7,3,4.45933,2095616,9371648,8,1
naive,256,dispersa,D10,a,1,3,16.7488,524288,9371648,8,1
naive,256,dispersa,D10,a,2,3,16.6983,524288,9371648,8,1
naive,256,dispersa,D10,a,3,3,16.8265,524288,9371648,8,1
naive,256,dispersa,D10,a,4,3,16.7442,524288,9371648,8,1
naive,256,dispersa,D10,a,5,3,16.8323,524288,9371648,8,1
naive,256,dispersa,D10,a,6,3,16.775,524288,9371648,8,1
naive,256,dispersa,D10,a,7,3,16.8285,524288,9371648,8,1
strassen,256,dispersa,D10,a,1,3,4.41857,2095616,9371648,8,1
strassen,256,dispersa,D10,a,2,3,4.43133,2095616,9371648,8,1
strassen,256,dispersa,D10,a,3,3,4.43257,2095616,9371648,8,1
strassen,256,dispersa,D10,a,4,3,4.4197,2095616,9371648,8,1
strassen,256,dispersa,D10,a,5,3,4.49323,2095616,9371648,8,1
strassen,256,dispersa,D10,a,6,3,4.4716,2095616,9371648,8,1
strassen,256,dispersa,D10,a,7,3,4.4398,2095616,9371648,8,1
naive,256,dispersa,D10,b,1,3,16.8856,524288,9371648,8,1
naive,256,dispersa,D10,b,2,3,16.8485,524288,9371648,8,1
naive,256,dispersa,D10,b,3,3,16.8437,524288,9371648,8,1
naive,256,dispersa,D10,b,4,3,16.7955,524288,9371648,8,1
naive,256,dispersa,D10,b,5,3,16.8028,524288,9371648,8,1
naive,256,dispersa,D10,b,6,3,16.8088,524288,9371648,8,1
naive,256,dispersa,D10,b,7,3,16.7742,524288,9371648,8,1
strassen,256,dispersa,D10,b,1,3,4.4954,2095616,9371648,8,1
strassen,256,dispersa,D10,b,2,3,4.44557,2095616,9371648,8,1
strassen,256,dispersa,D10,b,3,3,4.41233,2095616,9371648,8,1
strassen,256,dispersa,D10,b,4,3,4.41293,2095616,9371648,8,1
strassen,256,dispersa,D10,b,5,3,4.4432,2095616,9371648,8,1
strassen,256,dispersa,D10,b,6,3,4.4644,2095616,9371648,8,1
strassen,256,dispersa,D10,b,7,3,4.4972,2095616,9371648,8,1
naive,256,dispersa,D10,c,1,3,16.8394,524288,9371648,8,1
naive,256,dispersa,D10,c,2,3,16.6858,524288,9371648,8,1
naive,256,dispersa,D10,c,3,3,16.7831,524288,9371648,8,1
naive,256,dispersa,D10,c,4,3,16.8274,524288,9371648,8,1
naive,256,dispersa,D10,c,5,3,16.8244,524288,9371648,8,1
naive,256,dispersa,D10,c,6,3,16.8398,524288,9371648,8,1
naive,256,dispersa,D10,c,7,3,16.8456,524288,9371648,8,1
strassen,256,dispersa,D10,c,1,3,4.4792,2095616,9371648,8,1
strassen,256,dispersa,D10,c,2,3,4.49953,2095616,9371648,8,1
strassen,256,dispersa,D10,c,3,3,4.5043,2095616,9371648,8,1
strassen,256,dispersa,D10,c,4,3,4.89177,2095616,9371648,8,1
strassen,256,dispersa,D10,c,5,3,4.7144,2095616,9371648,8,1
strassen,256,dispersa,D10,c,6,3,4.5395,2095616,9371648,8,1
strassen,256,dispersa,D10,c,7,3,4.50223,2095616,9371648,8,1
naive,16,densa,D0,a,1,200,0.001282,2048,4960256,16,1
naive,16,densa,D0,a,2,200,0.00127,2048,4960256,16,1
naive,16,densa,D0,a,3,200,0.001297,2048,4960256,16,1
naive,16,densa,D0,a,4,200,0.0012735,2048,4960256,16,1
naive,16,densa,D0,a,5,200,0.0012765,2048,4960256,16,1
naive,16,densa,D0,a,6,200,0.0012765,2048,4960256,16,1
naive,16,densa,D0,a,7,200,0.00127,2048,4960256,16,1
naive,16,densa,D0,a,8,200,0.0012715,2048,4960256,16,1
naive,16,densa,D0,a,9,200,0.0012765,2048,4960256,16,1
naive,16,densa,D0,a,10,200,0.001272,2048,4960256,16,1
naive,16,densa,D0,a,11,200,0.0013025,2048,4960256,16,1
naive,16,densa,D0,a,12,200,0.0012265,2048,4960256,16,1
naive,16,densa,D0,a,13,200,0.0012265,2048,4960256,16,1
naive,16,densa,D0,a,14,200,0.001224,2048,4960256,16,1
naive,16,densa,D0,a,15,200,0.001227,2048,4960256,16,1
strassen,16,densa,D0,a,1,200,0.0012305,2048,5091328,16,1
strassen,16,densa,D0,a,2,200,0.001231,2048,5091328,16,1
strassen,16,densa,D0,a,3,200,0.001246,2048,5091328,16,1
strassen,16,densa,D0,a,4,200,0.0012305,2048,5091328,16,1
strassen,16,densa,D0,a,5,200,0.0012345,2048,5091328,16,1
strassen,16,densa,D0,a,6,200,0.0012335,2048,5091328,16,1
strassen,16,densa,D0,a,7,200,0.001231,2048,5091328,16,1
strassen,16,densa,D0,a,8,200,0.001232,2048,5091328,16,1
strassen,16,densa,D0,a,9,200,0.0012325,2048,5091328,16,1
strassen,16,densa,D0,a,10,200,0.0012325,2048,5091328,16,1
strassen,16,densa,D0,a,11,200,0.0012455,2048,5091328,16,1
strassen,16,densa,D0,a,12,200,0.0012325,2048,5091328,16,1
strassen,16,densa,D0,a,13,200,0.0012345,2048,5091328,16,1
strassen,16,densa,D0,a,14,200,0.0012325,2048,5091328,16,1
strassen,16,densa,D0,a,15,200,0.001231,2048,5091328,16,1
naive,16,densa,D0,b,1,200,0.001226,2048,5095424,16,1
naive,16,densa,D0,b,2,200,0.001241,2048,5095424,16,1
naive,16,densa,D0,b,3,200,0.0012255,2048,5095424,16,1
naive,16,densa,D0,b,4,200,0.0012265,2048,5095424,16,1
naive,16,densa,D0,b,5,200,0.001227,2048,5095424,16,1
naive,16,densa,D0,b,6,200,0.0012245,2048,5095424,16,1
naive,16,densa,D0,b,7,200,0.001224,2048,5095424,16,1
naive,16,densa,D0,b,8,200,0.001225,2048,5095424,16,1
naive,16,densa,D0,b,9,200,0.0012325,2048,5095424,16,1
naive,16,densa,D0,b,10,200,0.001225,2048,5095424,16,1
naive,16,densa,D0,b,11,200,0.0012275,2048,5095424,16,1
naive,16,densa,D0,b,12,200,0.0012265,2048,5095424,16,1
naive,16,densa,D0,b,13,200,0.001227,2048,5095424,16,1
naive,16,densa,D0,b,14,200,0.001225,2048,5095424,16,1
naive,16,densa,D0,b,15,200,0.0012265,2048,5095424,16,1
strassen,16,densa,D0,b,1,200,0.001239,2048,5095424,16,1
strassen,16,densa,D0,b,2,200,0.0012555,2048,5095424,16,1
strassen,16,densa,D0,b,3,200,0.0012315,2048,5095424,16,1
strassen,16,densa,D0,b,4,200,0.0012325,2048,5095424,16,1
strassen,16,densa,D0,b,5,200,0.0012305,2048,5095424,16,1
strassen,16,densa,D0,b,6,200,0.001232,2048,5095424,16,1
strassen,16,densa,D0,b,7,200,0.0012325,2048,5095424,16,1
strassen,16,densa,D0,b,8,200,0.001236,2048,5095424,16,1
strassen,16,densa,D0,b,9,200,0.001229,2048,5095424,16,1
strassen,16,densa,D0,b,10,200,0.001227,2048,5095424,16,1
strassen,16,densa,D0,b,11,200,0.001231,2048,5095424,16,1
strassen,16,densa,D0,b,12,200,0.001233,2048,5095424,16,1
strassen,16,densa,D0,b,13,200,0.001229,2048,5095424,16,1
strassen,16,densa,D0,b,14,200,0.001232,2048,5095424,16,1
strassen,16,densa,D0,b,15,200,0.001246,2048,5095424,16,1
naive,16,densa,D0,c,1,200,0.001225,2048,5095424,16,1
naive,16,densa,D0,c,2,200,0.0012255,2048,5095424,16,1
naive,16,densa,D0,c,3,200,0.001225,2048,5095424,16,1
naive,16,densa,D0,c,4,200,0.001225,2048,5095424,16,1
naive,16,densa,D0,c,5,200,0.0012255,2048,5095424,16,1
naive,16,densa,D0,c,6,200,0.0012265,2048,5095424,16,1
naive,16,densa,D0,c,7,200,0.001225,2048,5095424,16,1
naive,16,densa,D0,c,8,200,0.0012395,2048,5095424,16,1
naive,16,densa,D0,c,9,200,0.0012255,2048,5095424,16,1
naive,16,densa,D0,c,10,200,0.001225,2048,5095424,16,1
naive,16,densa,D0,c,11,200,0.001225,2048,5095424,16,1
naive,16,densa,D0,c,12,200,0.001223,2048,5095424,16,1
naive,16,densa,D0,c,13,200,0.0012245,2048,5095424,16,1
naive,16,densa,D0,c,14,200,0.0012235,2048,5095424,16,1
naive,16,densa,D0,c,15,200,0.0012245,2048,5095424,16,1
strassen,16,densa,D0,c,1,200,0.001242,2048,5095424,16,1
strassen,16,densa,D0,c,2,200,0.001231,2048,5095424,16,1
strassen,16,densa,D0,c,3,200,0.0012305,2048,5095424,16,1
strassen,16,densa,D0,c,4,200,0.0012315,2048,5095424,16,1
strassen,16,densa,D0,c,5,200,0.001232,2048,5095424,16,1
strassen,16,densa,D0,c,6,200,0.0012305,2048,5095424,16,1
strassen,16,densa,D0,c,7,200,0.001232,2048,5095424,16,1
strassen,16,densa,D0,c,8,200,0.0012285,2048,5095424,16,1
strassen,16,densa,D0,c,9,200,0.0012405,2048,5095424,16,1
strassen,16,densa,D0,c,10,200,0.001233,2048,5095424,16,1
strassen,16,densa,D0,c,11,200,0.0012305,2048,5095424,16,1
strassen,16,densa,D0,c,12,200,0.0012305,2048,5095424,16,1
strassen,16,densa,D0,c,13,200,0.0012305,2048,5095424,16,1
strassen,16,densa,D0,c,14,200,0.0012315,2048,5095424,16,1
strassen,16,densa,D0,c,15,200,0.001232,2048,5095424,16,1
naive,16,densa,D10,a,1,200,0.001227,2048,5095424,16,1
naive,16,densa,D10,a,2,200,0.001245,2048,5095424,16,1
naive,16,densa,D10,a,3,200,0.001227,2048,5095424,16,1
naive,16,densa,D10,a,4,200,0.001227,2048,5095424,16,1
naive,16,densa,D10,a,5,200,0.0012255,2048,5095424,16,1
naive,16,densa,D10,a,6,200,0.0012265,2048,5095424,16,1
naive,16,densa,D10,a,7,200,0.001227,2048,5095424,16,1
naive,16,densa,D10,a,8,200,0.0012255,2048,5095424,16,1
naive,16,densa,D10,a,9,200,0.0012265,2048,5095424,16,1
naive,16,densa,D10,a,10,200,0.0012365,2048,5095424,16,1
naive,16,densa,D10,a,11,200,0.0012235,2048,5095424,16,1
naive,16,densa,D10,a,12,200,0.001225,2048,5095424,16,1
naive,16,densa,D10,a,13,200,0.0012245,2048,5095424,16,1
naive,16,densa,D10,a,14,200,0.001225,2048,5095424,16,1
naive,16,densa,D10,a,15,200,0.001241,2048,5095424,16,1
strassen,16,densa,D10,a,1,200,0.001232,2048,5095424,16,1
strassen,16,densa,D10,a,2,200,0.001238,2048,5095424,16,1
strassen,16,densa,D10,a,3,200,0.0012305,2048,5095424,16,1
strassen,16,densa,D10,a,4,200,0.00123,2048,5095424,16,1
strassen,16,densa,D10,a,5,200,0.0012315,2048,5095424,16,1
strassen,16,densa,D10,a,6,200,0.001231,2048,5095424,16,1
strassen,16,densa,D10,a,7,200,0.001229,2048,5095424,16,1
strassen,16,densa,D10,a,8,200,0.00123,2048,5095424,16,1
strassen,16,densa,D10,a,9,200,0.001244,2048,5095424,16,1
strassen,16,densa,D10,a,10,200,0.001229,2048,5095424,16,1
strassen,16,densa,D10,a,11,200,0.0012325,2048,5095424,16,1
strassen,16,densa,D10,a,12,200,0.001231,2048,5095424,16,1
strassen,16,densa,D10,a,13,200,0.001231,2048,5095424,16,1
strassen,16,densa,D10,a,14,200,0.001234,2048,5095424,16,1
strassen,16,densa,D10,a,15,200,0.0012335,2048,5095424,16,1
naive,16,densa,D10,b,1,200,0.001229,2048,5095424,16,1
naive,16,densa,D10,b,2,200,0.001245,2048,5095424,16,1
naive,16,densa,D10,b,3,200,0.0012265,2048,5095424,16,1
naive,16,densa,D10,b,4,200,0.0012255,2048,5095424,16,1
naive,16,densa,D10,b,5,200,0.001226,2048,5095424,16,1
naive,16,densa,D10,b,6,200,0.001225,2048,5095424,16,1
naive,16,densa,D10,b,7,200,0.0012255,2048,5095424,16,1
naive,16,densa,D10,b,8,200,0.0012275,2048,5095424,16,1
naive,16,densa,D10,b,9,200,0.001227,2048,5095424,16,1
naive,16,densa,D10,b,10,200,0.0012375,2048,5095424,16,1
naive,16,densa,D10,b,11,200,0.001225,2048,5095424,16,1
naive,16,densa,D10,b,12,200,0.0012255,2048,5095424,16,1
naive,16,densa,D10,b,13,200,0.0012255,2048,5095424,16,1
naive,16,densa,D10,b,14,200,0.001224,2048,5095424,16,1
naive,16,densa,D10,b,15,200,0.001226,2048,5095424,16,1
strassen,16,densa,D10,b,1,200,0.0012335,2048,5095424,16,1
strassen,16,densa,D10,b,2,200,0.001231,2048,5095424,16,1
strassen,16,densa,D10,b,3,200,0.001242,2048,5095424,16,1
strassen,16,densa,D10,b,4,200,0.0012325,2048,5095424,16,1
strassen,16,densa,D10,b,5,200,0.001233,2048,5095424,16,1
strassen,16,densa,D10,b,6,200,0.001229,2048,5095424,16,1
strassen,16,densa,D10,b,7,200,0.0012305,2048,5095424,16,1
strassen,16,densa,D10,b,8,200,0.0012305,2048,5095424,16,1
strassen,16,densa,D10,b,9,200,0.0012325,2048,5095424,16,1
strassen,16,densa,D10,b,10,200,0.001231,2048,5095424,16,1
strassen,16,densa,D10,b,11,200,0.0012435,2048,5095424,16,1
strassen,16,densa,D10,b,12,200,0.001234,2048,5095424,16,1
strassen,16,densa,D10,b,13,200,0.0012325,2048,5095424,16,1
strassen,16,densa,D10,b,14,200,0.001232,2048,5095424,16,1
strassen,16,densa,D10,b,15,200,0.001233,2048,5095424,16,1
naive,16,densa,D10,c,1,200,0.001228,2048,5095424,16,1
naive,16,densa,D10,c,2,200,0.0012295,2048,5095424,16,1
naive,16,densa,D10,c,3,200,0.001229,2048,5095424,16,1
naive,16,densa,D10,c,4,200,0.001243,2048,5095424,16,1
naive,16,densa,D10,c,5,200,0.0012265,2048,5095424,16,1
naive,16,densa,D10,c,6,200,0.0012265,2048,5095424,16,1
naive,16,densa,D10,c,7,200,0.001227,2048,5095424,16,1
naive,16,densa,D10,c,8,200,0.0012265,2048,5095424,16,1
naive,16,densa,D10,c,9,200,0.0012235,2048,5095424,16,1
naive,16,densa,D10,c,10,200,0.0012255,2048,5095424,16,1
naive,16,densa,D10,c,11,200,0.001228,2048,5095424,16,1
naive,16,densa,D10,c,12,200,0.001237,2048,5095424,16,1
naive,16,densa,D10,c,13,200,0.0012265,2048,5095424,16,1
naive,16,densa,D10,c,14,200,0.0012275,2048,5095424,16,1
naive,16,densa,D10,c,15,200,0.001243,2048,5095424,16,1
strassen,16,densa,D10,c,1,200,0.0012325,2048,5095424,16,1
strassen,16,densa,D10,c,2,200,0.0012325,2048,5095424,16,1
strassen,16,densa,D10,c,3,200,0.001232,2048,5095424,16,1
strassen,16,densa,D10,c,4,200,0.001239,2048,5095424,16,1
strassen,16,densa,D10,c,5,200,0.0012335,2048,5095424,16,1
strassen,16,densa,D10,c,6,200,0.001234,2048,5095424,16,1
strassen,16,densa,D10,c,7,200,0.001232,2048,5095424,16,1
strassen,16,densa,D10,c,8,200,0.0012315,2048,5095424,16,1
strassen,16,densa,D10,c,9,200,0.0012335,2048,5095424,16,1
strassen,16,densa,D10,c,10,200,0.0012325,2048,5095424,16,1
strassen,16,densa,D10,c,11,200,0.0012455,2048,5095424,16,1
strassen,16,densa,D10,c,12,200,0.0012305,2048,5095424,16,1
strassen,16,densa,D10,c,13,200,0.0012315,2048,5095424,16,1
strassen,16,densa,D10,c,14,200,0.0012295,2048,5095424,16,1
strassen,16,densa,D10,c,15,200,0.0012315,2048,5095424,16,1
naive,16,diagonal,D0,a,1,200,0.001227,2048,5095424,16,1
naive,16,diagonal,D0,a,2,200,0.0012255,2048,5095424,16,1
naive,16,diagonal,D0,a,3,200,0.0012255,2048,5095424,16,1
naive,16,diagonal,D0,a,4,200,0.001244,2048,5095424,16,1
naive,16,diagonal,D0,a,5,200,0.001228,2048,5095424,16,1
naive,16,diagonal,D0,a,6,200,0.0012265,2048,5095424,16,1
naive,16,diagonal,D0,a,7,200,0.001227,2048,5095424,16,1
naive,16,diagonal,D0,a,8,200,0.0012275,2048,5095424,16,1
naive,16,diagonal,D0,a,9,200,0.0012275,2048,5095424,16,1
naive,16,diagonal,D0,a,10,200,0.001227,2048,5095424,16,1
naive,16,diagonal,D0,a,11,200,0.00124,2048,5095424,16,1
naive,16,diagonal,D0,a,12,200,0.001226,2048,5095424,16,1
naive,16,diagonal,D0,a,13,200,0.001227,2048,5095424,16,1
naive,16,diagonal,D0,a,14,200,0.001224,2048,5095424,16,1
naive,16,diagonal,D0,a,15,200,0.001225,2048,5095424,16,1
strassen,16,diagonal,D0,a,1,200,0.001232,2048,5095424,16,1
strassen,16,diagonal,D0,a,2,200,0.00123,2048,5095424,16,1
strassen,16,diagonal,D0,a,3,200,0.0012325,2048,5095424,16,1
strassen,16,diagonal,D0,a,4,200,0.0012435,2048,5095424,16,1
strassen,16,diagonal,D0,a,5,200,0.001232,2048,5095424,16,1
strassen,16,diagonal,D0,a,6,200,0.00123,2048,5095424,16,1
strassen,16,diagonal,D0,a,7,200,0.001233,2048,5095424,16,1
strassen,16,diagonal,D0,a,8,200,0.001231,2048,5095424,16,1
strassen,16,diagonal,D0,a,9,200,0.001232,2048,5095424,16,1
strassen,16,diagonal,D0,a,10,200,0.001233,2048,5095424,16,1
strassen,16,diagonal,D0,a,11,200,0.001234,2048,5095424,16,1
strassen,16,diagonal,D0,a,12,200,0.001243,2048,5095424,16,1
strassen,16,diagonal,D0,a,13,200,0.001231,2048,5095424,16,1
strassen,16,diagonal,D0,a,14,200,0.0012315,2048,5095424,16,1
strassen,16,diagonal,D0,a,15,200,0.0012315,2048,5095424,16,1
naive,16,diagonal,D0,b,1,200,0.0012265,2048,5095424,16,1
naive,16,diagonal,D0,b,2,200,0.001225,2048,5095424,16,1
naive,16,diagonal,D0,b,3,200,0.0012255,2048,5095424,16,1
naive,16,diagonal,D0,b,4,200,0.0012245,2048,5095424,16,1
naive,16,diagonal,D0,b,5,200,0.001242,2048,5095424,16,1
naive,16,diagonal,D0,b,6,200,0.001223,2048,5095424,16,1
naive,16,diagonal,D0,b,7,200,0.0012255,2048,5095424,16,1
naive,16,diagonal,D0,b,8,200,0.001225,2048,5095424,16,1
naive,16,diagonal,D0,b,9,200,0.001226,2048,5095424,16,1
naive,16,diagonal,D0,b,10,200,0.001225,2048,5095424,16,1
naive,16,diagonal,D0,b,11,200,0.0012245,2048,5095424,16,1
naive,16,diagonal,D0,b,12,200,0.0012325,2048,5095424,16,1
naive,16,diagonal,D0,b,13,200,0.0012265,2048,5095424,16,1
naive,16,diagonal,D0,b,14,200,0.0012255,2048,5095424,16,1
naive,16,diagonal,D0,b,15,200,0.001224,2048,5095424,16,1
strassen,16,diagonal,D0,b,1,200,0.001231,2048,5095424,16,1
strassen,16,diagonal,D0,b,2,200,0.0012485,2048,5095424,16,1
strassen,16,diagonal,D0,b,3,200,0.0012305,2048,5095424,16,1
strassen,16,diagonal,D0,b,4,200,0.0012385,2048,5095424,16,1
strassen,16,diagonal,D0,b,5,200,0.00123,2048,5095424,16,1
strassen,16,diagonal,D0,b,6,200,0.0012315,2048,5095424,16,1
strassen,16,diagonal,D0,b,7,200,0.001231,2048,5095424,16,1
strassen,16,diagonal,D0,b,8,200,0.0012305,2048,5095424,16,1
strassen,16,diagonal,D0,b,9,200,0.00123,2048,5095424,16,1
strassen,16,diagonal,D0,b,10,200,0.00123,2048,5095424,16,1
strassen,16,diagonal,D0,b,11,200,0.001245,2048,5095424,16,1
strassen,16,diagonal,D0,b,12,200,0.0012295,2048,5095424,16,1
strassen,16,diagonal,D0,b,13,200,0.0012305,2048,5095424,16,1
strassen,16,diagonal,D0,b,14,200,0.001231,2048,5095424,16,1
strassen,16,diagonal,D0,b,15,200,0.00123,2048,5095424,16,1
naive,16,diagonal,D0,c,1,200,0.001224,2048,5095424,16,1
naive,16,diagonal,D0,c,2,200,0.0012245,2048,5095424,16,1
naive,16,diagonal,D0,c,3,200,0.001224,2048,5095424,16,1
naive,16,diagonal,D0,c,4,200,0.001242,2048,5095424,16,1
naive,16,diagonal,D0,c,5,200,0.0012265,2048,5095424,16,1
naive,16,diagonal,D0,c,6,200,0.0012275,2048,5095424,16,1
naive,16,diagonal,D0,c,7,200,0.001226,2048,5095424,16,1
naive,16,diagonal,D0,c,8,200,0.0012275,2048,5095424,16,1
naive,16,diagonal,D0,c,9,200,0.0012255,2048,5095424,16,1
naive,16,diagonal,D0,c,10,200,0.0012275,2048,5095424,16,1
naive,16,diagonal,D0,c,11,200,0.0012265,2048,5095424,16,1
naive,16,diagonal,D0,c,12,200,0.001262,2048,5095424,16,1
naive,16,diagonal,D0,c,13,200,0.0012275,2048,5095424,16,1
naive,16,diagonal,D0,c,14,200,0.001226,2048,5095424,16,1
naive,16,diagonal,D0,c,15,200,0.001227,2048,5095424,16,1
strassen,16,diagonal,D0,c,1,200,0.001232,2048,5095424,16,1
strassen,16,diagonal,D0,c,2,200,0.001232,2048,5095424,16,1
strassen,16,diagonal,D0,c,3,200,0.0012325,2048,5095424,16,1
strassen,16,diagonal,D0,c,4,200,0.001236,2048,5095424,16,1
strassen,16,diagonal,D0,c,5,200,0.0012335,2048,5095424,16,1
strassen,16,diagonal,D0,c,6,200,0.0012315,2048,5095424,16,1
strassen,16,diagonal,D0,c,7,200,0.0012315,2048,5095424,16,1
strassen,16,diagonal,D0,c,8,200,0.001229,2048,5095424,16,1
strassen,16,diagonal,D0,c,9,200,0.001233,2048,5095424,16,1
strassen,16,diagonal,D0,c,10,200,0.0012315,2048,5095424,16,1
strassen,16,diagonal,D0,c,11,200,0.0012455,2048,5095424,16,1
strassen,16,diagonal,D0,c,12,200,0.0012335,2048,5095424,16,1
strassen,16,diagonal,D0,c,13,200,0.001232,2048,5095424,16,1
strassen,16,diagonal,D0,c,14,200,0.001234,2048,5095424,16,1
strassen,16,diagonal,D0,c,15,200,0.0012335,2048,5095424,16,1
naive,16,diagonal,D10,a,1,200,0.0012245,2048,5095424,16,1
naive,16,diagonal,D10,a,2,200,0.0012245,2048,5095424,16,1
naive,16,diagonal,D10,a,3,200,0.001225,2048,5095424,16,1
naive,16,diagonal,D10,a,4,200,0.00124,2048,5095424,16,1
naive,16,diagonal,D10,a,5,200,0.0012255,2048,5095424,16,1
naive,16,diagonal,D10,a,6,200,0.0012275,2048,5095424,16,1
naive,16,diagonal,D10,a,7,200,0.001226,2048,5095424,16,1
naive,16,diagonal,D10,a,8,200,0.001226,2048,5095424,16,1
naive,16,diagonal,D10,a,9,200,0.001227,2048,5095424,16,1
naive,16,diagonal,D10,a,10,200,0.0012255,2048,5095424,16,1
naive,16,diagonal,D10,a,11,200,0.001225,2048,5095424,16,1
naive,16,diagonal,D10,a,12,200,0.001237,2048,5095424,16,1
naive,16,diagonal,D10,a,13,200,0.0012245,2048,5095424,16,1
naive,16,diagonal,D10,a,14,200,0.0012255,2048,5095424,16,1
naive,16,diagonal,D10,a,15,200,0.0012785,2048,5095424,16,1
strassen,16,diagonal,D10,a,1,200,0.0012325,2048,5095424,16,1
strassen,16,diagonal,D10,a,2,200,0.001234,2048,5095424,16,1
strassen,16,diagonal,D10,a,3,200,0.001233,2048,5095424,16,1
strassen,16,diagonal,D10,a,4,200,0.001244,2048,5095424,16,1
strassen,16,diagonal,D10,a,5,200,0.00123,2048,5095424,16,1
strassen,16,diagonal,D10,a,6,200,0.001233,2048,5095424,16,1
strassen,16,diagonal,D10,a,7,200,0.0012325,2048,5095424,16,1
strassen,16,diagonal,D10,a,8,200,0.0012305,2048,5095424,16,1
strassen,16,diagonal,D10,a,9,200,0.001233,2048,5095424,16,1
strassen,16,diagonal,D10,a,10,200,0.001232,2048,5095424,16,1
strassen,16,diagonal,D10,a,11,200,0.001232,2048,5095424,16,1
strassen,16,diagonal,D10,a,12,200,0.001241,2048,5095424,16,1
strassen,16,diagonal,D10,a,13,200,0.0012315,2048,5095424,16,1
strassen,16,diagonal,D10,a,14,200,0.0012315,2048,5095424,16,1
strassen,16,diagonal,D10,a,15,200,0.001231,2048,5095424,16,1
naive,16,diagonal,D10,b,1,200,0.0012295,2048,5095424,16,1
naive,16,diagonal,D10,b,2,200,0.001228,2048,5095424,16,1
naive,16,diagonal,D10,b,3,200,0.001227,2048,5095424,16,1
naive,16,diagonal,D10,b,4,200,0.001227,2048,5095424,16,1
naive,16,diagonal,D10,b,5,200,0.0012425,2048,5095424,16,1
naive,16,diagonal,D10,b,6,200,0.001226,2048,5095424,16,1
naive,16,diagonal,D10,b,7,200,0.001225,2048,5095424,16,1
naive,16,diagonal,D10,b,8,200,0.0012255,2048,5095424,16,1
naive,16,diagonal,D10,b,9,200,0.0012265,2048,5095424,16,1
naive,16,diagonal,D10,b,10,200,0.001226,2048,5095424,16,1
naive,16,diagonal,D10,b,11,200,0.0012255,2048,5095424,16,1
naive,16,diagonal,D10,b,12,200,0.001226,2048,5095424,16,1
naive,16,diagonal,D10,b,13,200,0.001235,2048,5095424,16,1
naive,16,diagonal,D10,b,14,200,0.0012255,2048,5095424,16,1
naive,16,diagonal,D10,b,15,200,0.001227,2048,5095424,16,1
strassen,16,diagonal,D10,b,1,200,0.0012325,2048,5095424,16,1
strassen,16,diagonal,D10,b,2,200,0.0012335,2048,5095424,16,1
strassen,16,diagonal,D10,b,3,200,0.0012325,2048,5095424,16,1
strassen,16,diagonal,D10,b,4,200,0.0012335,2048,5095424,16,1
strassen,16,diagonal,D10,b,5,200,0.001231,2048,5095424,16,1
strassen,16,diagonal,D10,b,6,200,0.0012445,2048,5095424,16,1
strassen,16,diagonal,D10,b,7,200,0.0012305,2048,5095424,16,1
strassen,16,diagonal,D10,b,8,200,0.0012335,2048,5095424,16,1
strassen,16,diagonal,D10,b,9,200,0.0012315,2048,5095424,16,1
strassen,16,diagonal,D10,b,10,200,0.0012325,2048,5095424,16,1
strassen,16,diagonal,D10,b,11,200,0.0012335,2048,5095424,16,1
strassen,16,diagonal,D10,b,12,200,0.0012335,2048,5095424,16,1
strassen,16,diagonal,D10,b,13,200,0.001247,2048,5095424,16,1
strassen,16,diagonal,D10,b,14,200,0.001232,2048,5095424,16,1
strassen,16,diagonal,D10,b,15,200,0.0012335,2048,5095424,16,1
naive,16,diagonal,D10,c,1,200,0.001225,2048,5095424,16,1
naive,16,diagonal,D10,c,2,200,0.0012265,2048,5095424,16,1
naive,16,diagonal,D10,c,3,200,0.001226,2048,5095424,16,1
naive,16,diagonal,D10,c,4,200,0.0012255,2048,5095424,16,1
naive,16,diagonal,D10,c,5,200,0.001226,2048,5095424,16,1
naive,16,diagonal,D10,c,6,200,0.0012415,2048,5095424,16,1
naive,16,diagonal,D10,c,7,200,0.0012235,2048,5095424,16,1
naive,16,diagonal,D10,c,8,200,0.001224,2048,5095424,16,1
naive,16,diagonal,D10,c,9,200,0.001225,2048,5095424,16,1
naive,16,diagonal,D10,c,10,200,0.0012265,2048,5095424,16,1
naive,16,diagonal,D10,c,11,200,0.001226,2048,5095424,16,1
naive,16,diagonal,D10,c,12,200,0.001224,2048,5095424,16,1
naive,16,diagonal,D10,c,13,200,0.0012245,2048,5095424,16,1
naive,16,diagonal,D10,c,14,200,0.001236,2048,5095424,16,1
naive,16,diagonal,D10,c,15,200,0.0012245,2048,5095424,16,1
strassen,16,diagonal,D10,c,1,200,0.001231,2048,5095424,16,1
strassen,16,diagonal,D10,c,2,200,0.00128,2048,5095424,16,1
strassen,16,diagonal,D10,c,3,200,0.0012325,2048,5095424,16,1
strassen,16,diagonal,D10,c,4,200,0.001232,2048,5095424,16,1
strassen,16,diagonal,D10,c,5,200,0.00123,2048,5095424,16,1
strassen,16,diagonal,D10,c,6,200,0.0012385,2048,5095424,16,1
strassen,16,diagonal,D10,c,7,200,0.00123,2048,5095424,16,1
strassen,16,diagonal,D10,c,8,200,0.00123,2048,5095424,16,1
strassen,16,diagonal,D10,c,9,200,0.001229,2048,5095424,16,1
strassen,16,diagonal,D10,c,10,200,0.0012315,2048,5095424,16,1
strassen,16,diagonal,D10,c,11,200,0.0012305,2048,5095424,16,1
strassen,16,diagonal,D10,c,12,200,0.001228,2048,5095424,16,1
strassen,16,diagonal,D10,c,13,200,0.0012435,2048,5095424,16,1
strassen,16,diagonal,D10,c,14,200,0.0012305,2048,5095424,16,1
strassen,16,diagonal,D10,c,15,200,0.001228,2048,5095424,16,1
naive,16,dispersa,D0,a,1,200,0.001227,2048,5095424,16,1
naive,16,dispersa,D0,a,2,200,0.001227,2048,5095424,16,1
naive,16,dispersa,D0,a,3,200,0.001227,2048,5095424,16,1
naive,16,dispersa,D0,a,4,200,0.0012245,2048,5095424,16,1
naive,16,dispersa,D0,a,5,200,0.0012255,2048,5095424,16,1
naive,16,dispersa,D0,a,6,200,0.001243,2048,5095424,16,1
naive,16,dispersa,D0,a,7,200,0.0012265,2048,5095424,16,1
naive,16,dispersa,D0,a,8,200,0.001227,2048,5095424,16,1
naive,16,dispersa,D0,a,9,200,0.0012235,2048,5095424,16,1
naive,16,dispersa,D0,a,10,200,0.001227,2048,5095424,16,1
naive,16,dispersa,D0,a,11,200,0.001226,2048,5095424,16,1
naive,16,dispersa,D0,a,12,200,0.001225,2048,5095424,16,1
naive,16,dispersa,D0,a,13,200,0.0012395,2048,5095424,16,1
naive,16,dispersa,D0,a,14,200,0.0012755,2048,5095424,16,1
naive,16,dispersa,D0,a,15,200,0.0012755,2048,5095424,16,1
strassen,16,dispersa,D0,a,1,200,0.0012325,2048,5095424,16,1
strassen,16,dispersa,D0,a,2,200,0.0012325,2048,5095424,16,1
strassen,16,dispersa,D0,a,3,200,0.001232,2048,5095424,16,1
strassen,16,dispersa,D0,a,4,200,0.0012325,2048,5095424,16,1
strassen,16,dispersa,D0,a,5,200,0.001233,2048,5095424,16,1
strassen,16,dispersa,D0,a,6,200,0.001248,2048,5095424,16,1
strassen,16,dispersa,D0,a,7,200,0.0012315,2048,5095424,16,1
strassen,16,dispersa,D0,a,8,200,0.0012305,2048,5095424,16,1
strassen,16,dispersa,D0,a,9,200,0.0012335,2048,5095424,16,1
strassen,16,dispersa,D0,a,10,200,0.0012325,2048,5095424,16,1
strassen,16,dispersa,D0,a,11,200,0.001234,2048,5095424,16,1
strassen,16,dispersa,D0,a,12,200,0.001232,2048,5095424,16,1
strassen,16,dispersa,D0,a,13,200,0.001241,2048,5095424,16,1
strassen,16,dispersa,D0,a,14,200,0.001231,2048,5095424,16,1
strassen,16,dispersa,D0,a,15,200,0.0012325,2048,5095424,16,1
naive,16,dispersa,D0,b,1,200,0.001225,2048,5095424,16,1
naive,16,dispersa,D0,b,2,200,0.0012265,2048,5095424,16,1
naive,16,dispersa,D0,b,3,200,0.001226,2048,5095424,16,1
naive,16,dispersa,D0,b,4,200,0.001226,2048,5095424,16,1
naive,16,dispersa,D0,b,5,200,0.0012455,2048,5095424,16,1
naive,16,dispersa,D0,b,6,200,0.001227,2048,5095424,16,1
naive,16,dispersa,D0,b,7,200,0.001226,2048,5095424,16,1
naive,16,dispersa,D0,b,8,200,0.0012275,2048,5095424,16,1
naive,16,dispersa,D0,b,9,200,0.001226,2048,5095424,16,1
naive,16,dispersa,D0,b,10,200,0.0012265,2048,5095424,16,1
naive,16,dispersa,D0,b,11,200,0.001225,2048,5095424,16,1
naive,16,dispersa,D0,b,12,200,0.0012265,2048,5095424,16,1
naive,16,dispersa,D0,b,13,200,0.001284,2048,5095424,16,1
naive,16,dispersa,D0,b,14,200,0.001227,2048,5095424,16,1
naive,16,dispersa,D0,b,15,200,0.0012275,2048,5095424,16,1
strassen,16,dispersa,D0,b,1,200,0.0012315,2048,5095424,16,1
strassen,16,dispersa,D0,b,2,200,0.001231,2048,5095424,16,1
strassen,16,dispersa,D0,b,3,200,0.0012315,2048,5095424,16,1
strassen,16,dispersa,D0,b,4,200,0.0012325,2048,5095424,16,1
strassen,16,dispersa,D0,b,5,200,0.001233,2048,5095424,16,1
strassen,16,dispersa,D0,b,6,200,0.001244,2048,5095424,16,1
strassen,16,dispersa,D0,b,7,200,0.001231,2048,5095424,16,1
strassen,16,dispersa,D0,b,8,200,0.001232,2048,5095424,16,1
strassen,16,dispersa,D0,b,9,200,0.0012305,2048,5095424,16,1
strassen,16,dispersa,D0,b,10,200,0.00123,2048,5095424,16,1
strassen,16,dispersa,D0,b,11,200,0.0012315,2048,5095424,16,1
strassen,16,dispersa,D0,b,12,200,0.0012335,2048,5095424,16,1
strassen,16,dispersa,D0,b,13,200,0.0012395,2048,5095424,16,1
strassen,16,dispersa,D0,b,14,200,0.0012335,2048,5095424,16,1
strassen,16,dispersa,D0,b,15,200,0.001232,2048,5095424,16,1
naive,16,dispersa,D0,c,1,200,0.001227,2048,5095424,16,1
naive,16,dispersa,D0,c,2,200,0.001226,2048,5095424,16,1
naive,16,dispersa,D0,c,3,200,0.0012255,2048,5095424,16,1
naive,16,dispersa,D0,c,4,200,0.001227,2048,5095424,16,1
naive,16,dispersa,D0,c,5,200,0.001237,2048,5095424,16,1
naive,16,dispersa,D0,c,6,200,0.001223,2048,5095424,16,1
naive,16,dispersa,D0,c,7,200,0.0012255,2048,5095424,16,1
naive,16,dispersa,D0,c,8,200,0.0012265,2048,5095424,16,1
naive,16,dispersa,D0,c,9,200,0.001225,2048,5095424,16,1
naive,16,dispersa,D0,c,10,200,0.0012265,2048,5095424,16,1
naive,16,dispersa,D0,c,11,200,0.0012275,2048,5095424,16,1
naive,16,dispersa,D0,c,12,200,0.0012375,2048,5095424,16,1
naive,16,dispersa,D0,c,13,200,0.0012945,2048,5095424,16,1
naive,16,dispersa,D0,c,14,200,0.0012255,2048,5095424,16,1
naive,16,dispersa,D0,c,15,200,0.0012265,2048,5095424,16,1
strassen,16,dispersa,D0,c,1,200,0.001231,2048,5095424,16,1
strassen,16,dispersa,D0,c,2,200,0.0012355,2048,5095424,16,1
strassen,16,dispersa,D0,c,3,200,0.0012305,2048,5095424,16,1
strassen,16,dispersa,D0,c,4,200,0.001231,2048,5095424,16,1
strassen,16,dispersa,D0,c,5,200,0.001251,2048,5095424,16,1
strassen,16,dispersa,D0,c,6,200,0.001231,2048,5095424,16,1
strassen,16,dispersa,D0,c,7,200,0.0012325,2048,5095424,16,1
strassen,16,dispersa,D0,c,8,200,0.001232,2048,5095424,16,1
strassen,16,dispersa,D0,c,9,200,0.0012305,2048,5095424,16,1
strassen,16,dispersa,D0,c,10,200,0.0012305,2048,5095424,16,1
strassen,16,dispersa,D0,c,11,200,0.0012325,2048,5095424,16,1
strassen,16,dispersa,D0,c,12,200,0.0012315,2048,5095424,16,1
strassen,16,dispersa,D0,c,13,200,0.001246,2048,5095424,16,1
strassen,16,dispersa,D0,c,14,200,0.0012355,2048,5095424,16,1
strassen,16,dispersa,D0,c,15,200,0.0012335,2048,5095424,16,1
naive,16,dispersa,D10,a,1,200,0.0012275,2048,5095424,16,1
naive,16,dispersa,D10,a,2,200,0.0012265,2048,5095424,16,1
naive,16,dispersa,D10,a,3,200,0.001228,2048,5095424,16,1
naive,16,dispersa,D10,a,4,200,0.001246,2048,5095424,16,1
naive,16,dispersa,D10,a,5,200,0.001226,2048,5095424,16,1
naive,16,dispersa,D10,a,6,200,0.001227,2048,5095424,16,1
naive,16,dispersa,D10,a,7,200,0.0012265,2048,5095424,16,1
naive,16,dispersa,D10,a,8,200,0.0012265,2048,5095424,16,1
naive,16,dispersa,D10,a,9,200,0.0012285,2048,5095424,16,1
naive,16,dispersa,D10,a,10,200,0.001228,2048,5095424,16,1
naive,16,dispersa,D10,a,11,200,0.0012255,2048,5095424,16,1
naive,16,dispersa,D10,a,12,200,0.0012265,2048,5095424,16,1
naive,16,dispersa,D10,a,13,200,0.0012365,2048,5095424,16,1
naive,16,dispersa,D10,a,14,200,0.001223,2048,5095424,16,1
naive,16,dispersa,D10,a,15,200,0.001278,2048,5095424,16,1
strassen,16,dispersa,D10,a,1,200,0.0012325,2048,5095424,16,1
strassen,16,dispersa,D10,a,2,200,0.0012325,2048,5095424,16,1
strassen,16,dispersa,D10,a,3,200,0.001234,2048,5095424,16,1
strassen,16,dispersa,D10,a,4,200,0.0012335,2048,5095424,16,1
strassen,16,dispersa,D10,a,5,200,0.001233,2048,5095424,16,1
strassen,16,dispersa,D10,a,6,200,0.001243,2048,5095424,16,1
strassen,16,dispersa,D10,a,7,200,0.0012325,2048,5095424,16,1
strassen,16,dispersa,D10,a,8,200,0.001232,2048,5095424,16,1
strassen,16,dispersa,D10,a,9,200,0.0012325,2048,5095424,16,1
strassen,16,dispersa,D10,a,10,200,0.001234,2048,5095424,16,1
strassen,16,dispersa,D10,a,11,200,0.0012305,2048,5095424,16,1
strassen,16,dispersa,D10,a,12,200,0.001234,2048,5095424,16,1
strassen,16,dispersa,D10,a,13,200,0.0012435,2048,5095424,16,1
strassen,16,dispersa,D10,a,14,200,0.001229,2048,5095424,16,1
strassen,16,dispersa,D10,a,15,200,0.0012305,2048,5095424,16,1
naive,16,dispersa,D10,b,1,200,0.001226,2048,5095424,16,1
naive,16,dispersa,D10,b,2,200,0.0012255,2048,5095424,16,1
naive,16,dispersa,D10,b,3,200,0.0012275,2048,5095424,16,1
naive,16,dispersa,D10,b,4,200,0.0012275,2048,5095424,16,1
naive,16,dispersa,D10,b,5,200,0.001242,2048,5095424,16,1
naive,16,dispersa,D10,b,6,200,0.0012245,2048,5095424,16,1
naive,16,dispersa,D10,b,7,200,0.0012255,2048,5095424,16,1
naive,16,dispersa,D10,b,8,200,0.001226,2048,5095424,16,1
naive,16,dispersa,D10,b,9,200,0.001226,2048,5095424,16,1
naive,16,dispersa,D10,b,10,200,0.0012265,2048,5095424,16,1
naive,16,dispersa,D10,b,11,200,0.0012265,2048,5095424,16,1
naive,16,dispersa,D10,b,12,200,0.0012255,2048,5095424,16,1
naive,16,dispersa,D10,b,13,200,0.001227,2048,5095424,16,1
naive,16,dispersa,D10,b,14,200,0.001238,2048,5095424,16,1
naive,16,dispersa,D10,b,15,200,0.001227,2048,5095424,16,1
strassen,16,dispersa,D10,b,1,200,0.0012315,2048,5095424,16,1
strassen,16,dispersa,D10,b,2,200,0.0012335,2048,5095424,16,1
strassen,16,dispersa,D10,b,3,200,0.0012305,2048,5095424,16,1
strassen,16,dispersa,D10,b,4,200,0.0012315,2048,5095424,16,1
strassen,16,dispersa,D10,b,5,200,0.001232,2048,5095424,16,1
strassen,16,dispersa,D10,b,6,200,0.001244,2048,5095424,16,1
strassen,16,dispersa,D10,b,7,200,0.001233,2048,5095424,16,1
strassen,16,dispersa,D10,b,8,200,0.001231,2048,5095424,16,1
strassen,16,dispersa,D10,b,9,200,0.0012325,2048,5095424,16,1
strassen,16,dispersa,D10,b,10,200,0.001232,2048,5095424,16,1
strassen,16,dispersa,D10,b,11,200,0.0012325,2048,5095424,16,1
strassen,16,dispersa,D10,b,12,200,0.0012315,2048,5095424,16,1
strassen,16,dispersa,D10,b,13,200,0.001231,2048,5095424,16,1
strassen,16,dispersa,D10,b,14,200,0.0012475,2048,5095424,16,1
strassen,16,dispersa,D10,b,15,200,0.001233,2048,5095424,16,1
naive,16,dispersa,D10,c,1,200,0.001225,2048,5095424,16,1
naive,16,dispersa,D10,c,2,200,0.001226,2048,5095424,16,1
naive,16,dispersa,D10,c,3,200,0.001227,2048,5095424,16,1
naive,16,dispersa,D10,c,4,200,0.0012245,2048,5095424,16,1
naive,16,dispersa,D10,c,5,200,0.0012435,2048,5095424,16,1
naive,16,dispersa,D10,c,6,200,0.001225,2048,5095424,16,1
naive,16,dispersa,D10,c,7,200,0.001224,2048,5095424,16,1
naive,16,dispersa,D10,c,8,200,0.0012255,2048,5095424,16,1
naive,16,dispersa,D10,c,9,200,0.0012255,2048,5095424,16,1
naive,16,dispersa,D10,c,10,200,0.001224,2048,5095424,16,1
naive,16,dispersa,D10,c,11,200,0.0012255,2048,5095424,16,1
naive,16,dispersa,D10,c,12,200,0.0012245,2048,5095424,16,1
naive,16,dispersa,D10,c,13,200,0.0012855,2048,5095424,16,1
naive,16,dispersa,D10,c,14,200,0.0012255,2048,5095424,16,1
naive,16,dispersa,D10,c,15,200,0.001227,2048,5095424,16,1
strassen,16,dispersa,D10,c,1,200,0.001231,2048,5095424,16,1
strassen,16,dispersa,D10,c,2,200,0.0012325,2048,5095424,16,1
strassen,16,dispersa,D10,c,3,200,0.001233,2048,5095424,16,1
strassen,16,dispersa,D10,c,4,200,0.0012335,2048,5095424,16,1
strassen,16,dispersa,D10,c,5,200,0.0012325,2048,5095424,16,1
strassen,16,dispersa,D10,c,6,200,0.0012435,2048,5095424,16,1
strassen,16,dispersa,D10,c,7,200,0.001232,2048,5095424,16,1
strassen,16,dispersa,D10,c,8,200,0.001233,2048,5095424,16,1
strassen,16,dispersa,D10,c,9,200,0.0012335,2048,5095424,16,1
strassen,16,dispersa,D10,c,10,200,0.0012335,2048,5095424,16,1
strassen,16,dispersa,D10,c,11,200,0.0012315,2048,5095424,16,1
strassen,16,dispersa,D10,c,12,200,0.0012315,2048,5095424,16,1
strassen,16,dispersa,D10,c,13,200,0.0012345,2048,5095424,16,1
strassen,16,dispersa,D10,c,14,200,0.0012325,2048,5095424,16,1
strassen,16,dispersa,D10,c,15,200,0.0012445,2048,5095424,16,1
naive,64,densa,D0,a,1,20,0.10224,32768,5234688,16,1
naive,64,densa,D0,a,2,20,0.101815,32768,5234688,16,1
naive,64,densa,D0,a,3,20,0.10198,32768,5234688,16,1
naive,64,densa,D0,a,4,20,0.10169,32768,5234688,16,1
naive,64,densa,D0,a,5,20,0.10185,32768,5234688,16,1
naive,64,densa,D0,a,6,20,0.10309,32768,5234688,16,1
naive,64,densa,D0,a,7,20,0.1026,32768,5234688,16,1
naive,64,densa,D0,a,8,20,0.10242,32768,5234688,16,1
naive,64,densa,D0,a,9,20,0.102965,32768,5234688,16,1
naive,64,densa,D0,a,10,20,0.103175,32768,5234688,16,1
naive,64,densa,D0,a,11,20,0.1038,32768,5234688,16,1
naive,64,densa,D0,a,12,20,0.103335,32768,5234688,16,1
naive,64,densa,D0,a,13,20,0.103225,32768,5234688,16,1
naive,64,densa,D0,a,14,20,0.10428,32768,5234688,16,1
naive,64,densa,D0,a,15,20,0.10347,32768,5234688,16,1
strassen,64,densa,D0,a,1,20,0.138165,124928,5320704,16,1
strassen,64,densa,D0,a,2,20,0.10741,124928,5320704,16,1
strassen,64,densa,D0,a,3,20,0.10905,124928,5320704,16,1
strassen,64,densa,D0,a,4,20,0.108185,124928,5320704,16,1
strassen,64,densa,D0,a,5,20,0.110715,124928,5320704,16,1
strassen,64,densa,D0,a,6,20,0.127665,124928,5320704,16,1
strassen,64,densa,D0,a,7,20,0.11254,124928,5320704,16,1
strassen,64,densa,D0,a,8,20,0.10459,124928,5320704,16,1
strassen,64,densa,D0,a,9,20,0.105545,124928,5320704,16,1
strassen,64,densa,D0,a,10,20,0.105195,124928,5320704,16,1
strassen,64,densa,D0,a,11,20,0.105375,124928,5320704,16,1
strassen,64,densa,D0,a,12,20,0.109035,124928,5320704,16,1
strassen,64,densa,D0,a,13,20,0.11477,124928,5320704,16,1
strassen,64,densa,D0,a,14,20,0.10733,124928,5320704,16,1
strassen,64,densa,D0,a,15,20,0.101265,124928,5320704,16,1
naive,64,densa,D0,b,1,20,0.096455,32768,5353472,16,1
naive,64,densa,D0,b,2,20,0.0942,32768,5353472,16,1
naive,64,densa,D0,b,3,20,0.097475,32768,5353472,16,1
naive,64,densa,D0,b,4,20,0.096495,32768,5353472,16,1
naive,64,densa,D0,b,5,20,0.09509,32768,5353472,16,1
naive,64,densa,D0,b,6,20,0.096755,32768,5353472,16,1
naive,64,densa,D0,b,7,20,0.096355,32768,5353472,16,1
naive,64,densa,D0,b,8,20,0.095505,32768,5353472,16,1
naive,64,densa,D0,b,9,20,0.096275,32768,5353472,16,1
naive,64,densa,D0,b,10,20,0.09672,32768,5353472,16,1
naive,64,densa,D0,b,11,20,0.096,32768,5353472,16,1
naive,64,densa,D0,b,12,20,0.09625,32768,5353472,16,1
naive,64,densa,D0,b,13,20,0.096335,32768,5353472,16,1
naive,64,densa,D0,b,14,20,0.09598,32768,5353472,16,1
naive,64,densa,D0,b,15,20,0.09675,32768,5353472,16,1
strassen,64,densa,D0,b,1,20,0.10329,124928,5353472,16,1
strassen,64,densa,D0,b,2,20,0.1042,124928,5353472,16,1
strassen,64,densa,D0,b,3,20,0.106925,124928,5353472,16,1
strassen,64,densa,D0,b,4,20,0.114395,124928,5353472,16,1
strassen,64,densa,D0,b,5,20,0.106645,124928,5353472,16,1
strassen,64,densa,D0,b,6,20,0.101185,124928,5353472,16,1
strassen,64,densa,D0,b,7,20,0.101405,124928,5353472,16,1
strassen,64,densa,D0,b,8,20,0.10172,124928,5353472,16,1
strassen,64,densa,D0,b,9,20,0.10303,124928,5353472,16,1
strassen,64,densa,D0,b,10,20,0.10509,124928,5353472,16,1
strassen,64,densa,D0,b,11,20,0.117465,124928,5353472,16,1
strassen,64,densa,D0,b,12,20,0.10807,124928,5353472,16,1
strassen,64,densa,D0,b,13,20,0.101585,124928,5353472,16,1
strassen,64,densa,D0,b,14,20,0.101865,124928,5353472,16,1
strassen,64,densa,D0,b,15,20,0.102015,124928,5353472,16,1
naive,64,densa,D0,c,1,20,0.095755,32768,5353472,16,1
naive,64,densa,D0,c,2,20,0.095885,32768,5353472,16,1
naive,64,densa,D0,c,3,20,0.0962,32768,5353472,16,1
naive,64,densa,D0,c,4,20,0.095845,32768,5353472,16,1
naive,64,densa,D0,c,5,20,0.09382,32768,5353472,16,1
naive,64,densa,D0,c,6,20,0.09394,32768,5353472,16,1
naive,64,densa,D0,c,7,20,0.09597,32768,5353472,16,1
naive,64,densa,D0,c,8,20,0.095215,32768,5353472,16,1
naive,64,densa,D0,c,9,20,0.095935,32768,5353472,16,1
naive,64,densa,D0,c,10,20,0.09589,32768,5353472,16,1
naive,64,densa,D0,c,11,20,0.09583,32768,5353472,16,1
naive,64,densa,D0,c,12,20,0.095915,32768,5353472,16,1
naive,64,densa,D0,c,13,20,0.096205,32768,5353472,16,1
naive,64,densa,D0,c,14,20,0.095815,32768,5353472,16,1
naive,64,densa,D0,c,15,20,0.09548,32768,5353472,16,1
strassen,64,densa,D0,c,1,20,0.105805,124928,5353472,16,1
strassen,64,densa,D0,c,2,20,0.11241,124928,5353472,16,1
strassen,64,densa,D0,c,3,20,0.110865,124928,5353472,16,1
strassen,64,densa,D0,c,4,20,0.10297,124928,5353472,16,1
strassen,64,densa,D0,c,5,20,0.10199,124928,5353472,16,1
strassen,64,densa,D0,c,6,20,0.10137,124928,5353472,16,1
strassen,64,densa,D0,c,7,20,0.103125,124928,5353472,16,1
strassen,64,densa,D0,c,8,20,0.10468,124928,5353472,16,1
strassen,64,densa,D0,c,9,20,0.113975,124928,5353472,16,1
strassen,64,densa,D0,c,10,20,0.11218,124928,5353472,16,1
strassen,64,densa,D0,c,11,20,0.10442,124928,5353472,16,1
strassen,64,densa,D0,c,12,20,0.099815,124928,5353472,16,1
strassen,64,densa,D0,c,13,20,0.089975,124928,5353472,16,1
strassen,64,densa,D0,c,14,20,0.0899,124928,5353472,16,1
strassen,64,densa,D0,c,15,20,0.088715,124928,5353472,16,1
naive,64,densa,D10,a,1,20,0.09374,32768,5353472,16,1
naive,64,densa,D10,a,2,20,0.095045,32768,5353472,16,1
naive,64,densa,D10,a,3,20,0.095005,32768,5353472,16,1
naive,64,densa,D10,a,4,20,0.0955,32768,5353472,16,1
naive,64,densa,D10,a,5,20,0.09091,32768,5353472,16,1
naive,64,densa,D10,a,6,20,0.09417,32768,5353472,16,1
naive,64,densa,D10,a,7,20,0.091395,32768,5353472,16,1
naive,64,densa,D10,a,8,20,0.09495,32768,5353472,16,1
naive,64,densa,D10,a,9,20,0.095405,32768,5353472,16,1
naive,64,densa,D10,a,10,20,0.095085,32768,5353472,16,1
naive,64,densa,D10,a,11,20,0.09563,32768,5353472,16,1
naive,64,densa,D10,a,12,20,0.09548,32768,5353472,16,1
naive,64,densa,D10,a,13,20,0.0953,32768,5353472,16,1
naive,64,densa,D10,a,14,20,0.09558,32768,5353472,16,1
naive,64,densa,D10,a,15,20,0.095485,32768,5353472,16,1
strassen,64,densa,D10,a,1,20,0.09166,124928,5353472,16,1
strassen,64,densa,D10,a,2,20,0.092585,124928,5353472,16,1
strassen,64,densa,D10,a,3,20,0.09159,124928,5353472,16,1
strassen,64,densa,D10,a,4,20,0.09813,124928,5353472,16,1
strassen,64,densa,D10,a,5,20,0.094075,124928,5353472,16,1
strassen,64,densa,D10,a,6,20,0.09065,124928,5353472,16,1
strassen,64,densa,D10,a,7,20,0.08096,124928,5353472,16,1
strassen,64,densa,D10,a,8,20,0.08213,124928,5353472,16,1
strassen,64,densa,D10,a,9,20,0.081085,124928,5353472,16,1
strassen,64,densa,D10,a,10,20,0.081125,124928,5353472,16,1
strassen,64,densa,D10,a,11,20,0.079805,124928,5353472,16,1
strassen,64,densa,D10,a,12,20,0.081985,124928,5353472,16,1
strassen,64,densa,D10,a,13,20,0.08244,124928,5353472,16,1
strassen,64,densa,D10,a,14,20,0.081315,124928,5353472,16,1
strassen,64,densa,D10,a,15,20,0.081,124928,5353472,16,1
naive,64,densa,D10,b,1,20,0.09316,32768,5353472,16,1
naive,64,densa,D10,b,2,20,0.094865,32768,5353472,16,1
naive,64,densa,D10,b,3,20,0.09501,32768,5353472,16,1
naive,64,densa,D10,b,4,20,0.09249,32768,5353472,16,1
naive,64,densa,D10,b,5,20,0.09486,32768,5353472,16,1
naive,64,densa,D10,b,6,20,0.09239,32768,5353472,16,1
naive,64,densa,D10,b,7,20,0.094735,32768,5353472,16,1
naive,64,densa,D10,b,8,20,0.09122,32768,5353472,16,1
naive,64,densa,D10,b,9,20,0.09393,32768,5353472,16,1
naive,64,densa,D10,b,10,20,0.094805,32768,5353472,16,1
naive,64,densa,D10,b,11,20,0.093065,32768,5353472,16,1
naive,64,densa,D10,b,12,20,0.09423,32768,5353472,16,1
naive,64,densa,D10,b,13,20,0.09238,32768,5353472,16,1
naive,64,densa,D10,b,14,20,0.092295,32768,5353472,16,1
naive,64,densa,D10,b,15,20,0.09436,32768,5353472,16,1
strassen,64,densa,D10,b,1,20,0.07988,124928,5353472,16,1
strassen,64,densa,D10,b,2,20,0.077495,124928,5353472,16,1
strassen,64,densa,D10,b,3,20,0.07724,124928,5353472,16,1
strassen,64,densa,D10,b,4,20,0.079175,124928,5353472,16,1
strassen,64,densa,D10,b,5,20,0.07874,124928,5353472,16,1
strassen,64,densa,D10,b,6,20,0.079155,124928,5353472,16,1
strassen,64,densa,D10,b,7,20,0.07737,124928,5353472,16,1
strassen,64,densa,D10,b,8,20,0.07816,124928,5353472,16,1
strassen,64,densa,D10,b,9,20,0.08039,124928,5353472,16,1
strassen,64,densa,D10,b,10,20,0.080405,124928,5353472,16,1
strassen,64,densa,D10,b,11,20,0.082455,124928,5353472,16,1
strassen,64,densa,D10,b,12,20,0.081655,124928,5353472,16,1
strassen,64,densa,D10,b,13,20,0.076415,124928,5353472,16,1
strassen,64,densa,D10,b,14,20,0.07797,124928,5353472,16,1
strassen,64,densa,D10,b,15,20,0.07568,124928,5353472,16,1
naive,64,densa,D10,c,1,20,0.09531,32768,5353472,16,1
naive,64,densa,D10,c,2,20,0.091625,32768,5353472,16,1
naive,64,densa,D10,c,3,20,0.09412,32768,5353472,16,1
naive,64,densa,D10,c,4,20,0.094235,32768,5353472,16,1
naive,64,densa,D10,c,5,20,0.094225,32768,5353472,16,1
naive,64,densa,D10,c,6,20,0.094265,32768,5353472,16,1
naive,64,densa,D10,c,7,20,0.094265,32768,5353472,16,1
naive,64,densa,D10,c,8,20,0.09422,32768,5353472,16,1
naive,64,densa,D10,c,9,20,0.094235,32768,5353472,16,1
naive,64,densa,D10,c,10,20,0.095045,32768,5353472,16,1
naive,64,densa,D10,c,11,20,0.09426,32768,5353472,16,1
naive,64,densa,D10,c,12,20,0.09436,32768,5353472,16,1
naive,64,densa,D10,c,13,20,0.094235,32768,5353472,16,1
naive,64,densa,D10,c,14,20,0.094235,32768,5353472,16,1
naive,64,densa,D10,c,15,20,0.092105,32768,5353472,16,1
strassen,64,densa,D10,c,1,20,0.074055,124928,5353472,16,1
strassen,64,densa,D10,c,2,20,0.077035,124928,5353472,16,1
strassen,64,densa,D10,c,3,20,0.07556,124928,5353472,16,1
strassen,64,densa,D10,c,4,20,0.07521,124928,5353472,16,1
strassen,64,densa,D10,c,5,20,0.07547,124928,5353472,16,1
strassen,64,densa,D10,c,6,20,0.075505,124928,5353472,16,1
strassen,64,densa,D10,c,7,20,0.07546,124928,5353472,16,1
strassen,64,densa,D10,c,8,20,0.075465,124928,5353472,16,1
strassen,64,densa,D10,c,9,20,0.07397,124928,5353472,16,1
strassen,64,densa,D10,c,10,20,0.074295,124928,5353472,16,1
strassen,64,densa,D10,c,11,20,0.07383,124928,5353472,16,1
strassen,64,densa,D10,c,12,20,0.075785,124928,5353472,16,1
strassen,64,densa,D10,c,13,20,0.073955,124928,5353472,16,1
strassen,64,densa,D10,c,14,20,0.07362,124928,5353472,16,1
strassen,64,densa,D10,c,15,20,0.075465,124928,5353472,16,1
naive,64,diagonal,D0,a,1,20,0.09467,32768,5353472,16,1
naive,64,diagonal,D0,a,2,20,0.09422,32768,5353472,16,1
naive,64,diagonal,D0,a,3,20,0.09426,32768,5353472,16,1
naive,64,diagonal,D0,a,4,20,0.094225,32768,5353472,16,1
naive,64,diagonal,D0,a,5,20,0.09428,32768,5353472,16,1
naive,64,diagonal,D0,a,6,20,0.094485,32768,5353472,16,1
naive,64,diagonal,D0,a,7,20,0.094285,32768,5353472,16,1
naive,64,diagonal,D0,a,8,20,0.094305,32768,5353472,16,1
naive,64,diagonal,D0,a,9,20,0.094285,32768,5353472,16,1
naive,64,diagonal,D0,a,10,20,0.091135,32768,5353472,16,1
naive,64,diagonal,D0,a,11,20,0.098225,32768,5353472,16,1
naive,64,diagonal,D0,a,12,20,0.10482,32768,5353472,16,1
naive,64,diagonal,D0,a,13,20,0.09473,32768,5353472,16,1
naive,64,diagonal,D0,a,14,20,0.096315,32768,5353472,16,1
naive,64,diagonal,D0,a,15,20,0.09322,32768,5353472,16,1
strassen,64,diagonal,D0,a,1,20,0.074655,124928,5353472,16,1
strassen,64,diagonal,D0,a,2,20,0.074045,124928,5353472,16,1
strassen,64,diagonal,D0,a,3,20,0.07198,124928,5353472,16,1
strassen,64,diagonal,D0,a,4,20,0.0719,124928,5353472,16,1
strassen,64,diagonal,D0,a,5,20,0.073745,124928,5353472,16,1
strassen,64,diagonal,D0,a,6,20,0.07199,124928,5353472,16,1
strassen,64,diagonal,D0,a,7,20,0.074315,124928,5353472,16,1
strassen,64,diagonal,D0,a,8,20,0.074055,124928,5353472,16,1
strassen,64,diagonal,D0,a,9,20,0.072085,124928,5353472,16,1
strassen,64,diagonal,D0,a,10,20,0.073945,124928,5353472,16,1
strassen,64,diagonal,D0,a,11,20,0.07391,124928,5353472,16,1
strassen,64,diagonal,D0,a,12,20,0.07413,124928,5353472,16,1
strassen,64,diagonal,D0,a,13,20,0.074315,124928,5353472,16,1
strassen,64,diagonal,D0,a,14,20,0.07187,124928,5353472,16,1
strassen,64,diagonal,D0,a,15,20,0.073745,124928,5353472,16,1
naive,64,diagonal,D0,b,1,20,0.091015,32768,5353472,16,1
naive,64,diagonal,D0,b,2,20,0.093355,32768,5353472,16,1
naive,64,diagonal,D0,b,3,20,0.09502,32768,5353472,16,1
naive,64,diagonal,D0,b,4,20,0.094295,32768,5353472,16,1
naive,64,diagonal,D0,b,5,20,0.094375,32768,5353472,16,1
naive,64,diagonal,D0,b,6,20,0.094365,32768,5353472,16,1
naive,64,diagonal,D0,b,7,20,0.094225,32768,5353472,16,1
naive,64,diagonal,D0,b,8,20,0.09436,32768,5353472,16,1
naive,64,diagonal,D0,b,9,20,0.09431,32768,5353472,16,1
naive,64,diagonal,D0,b,10,20,0.09446,32768,5353472,16,1
naive,64,diagonal,D0,b,11,20,0.09472,32768,5353472,16,1
naive,64,diagonal,D0,b,12,20,0.094305,32768,5353472,16,1
naive,64,diagonal,D0,b,13,20,0.09425,32768,5353472,16,1
naive,64,diagonal,D0,b,14,20,0.09424,32768,5353472,16,1
naive,64,diagonal,D0,b,15,20,0.094305,32768,5353472,16,1
strassen,64,diagonal,D0,b,1,20,0.07452,124928,5353472,16,1
strassen,64,diagonal,D0,b,2,20,0.074075,124928,5353472,16,1
strassen,64,diagonal,D0,b,3,20,0.072005,124928,5353472,16,1
strassen,64,diagonal,D0,b,4,20,0.07433,124928,5353472,16,1
strassen,64,diagonal,D0,b,5,20,0.074175,124928,5353472,16,1
strassen,64,diagonal,D0,b,6,20,0.07187,124928,5353472,16,1
strassen,64,diagonal,D0,b,7,20,0.073895,124928,5353472,16,1
strassen,64,diagonal,D0,b,8,20,0.07372,124928,5353472,16,1
strassen,64,diagonal,D0,b,9,20,0.071975,124928,5353472,16,1
strassen,64,diagonal,D0,b,10,20,0.07413,124928,5353472,16,1
strassen,64,diagonal,D0,b,11,20,0.073985,124928,5353472,16,1
strassen,64,diagonal,D0,b,12,20,0.071875,124928,5353472,16,1
strassen,64,diagonal,D0,b,13,20,0.074025,124928,5353472,16,1
strassen,64,diagonal,D0,b,14,20,0.07442,124928,5353472,16,1
strassen,64,diagonal,D0,b,15,20,0.074875,124928,5353472,16,1
naive,64,diagonal,D0,c,1,20,0.09184,32768,5361664,16,1
naive,64,diagonal,D0,c,2,20,0.094305,32768,5361664,16,1
naive,64,diagonal,D0,c,3,20,0.094345,32768,5361664,16,1
naive,64,diagonal,D0,c,4,20,0.09425,32768,5361664,16,1
naive,64,diagonal,D0,c,5,20,0.09424,32768,5361664,16,1
naive,64,diagonal,D0,c,6,20,0.0942,32768,5361664,16,1
naive,64,diagonal,D0,c,7,20,0.09435,32768,5361664,16,1
naive,64,diagonal,D0,c,8,20,0.09515,32768,5361664,16,1
naive,64,diagonal,D0,c,9,20,0.09446,32768,5361664,16,1
naive,64,diagonal,D0,c,10,20,0.094205,32768,5361664,16,1
naive,64,diagonal,D0,c,11,20,0.09424,32768,5361664,16,1
naive,64,diagonal,D0,c,12,20,0.09426,32768,5361664,16,1
naive,64,diagonal,D0,c,13,20,0.09425,32768,5361664,16,1
naive,64,diagonal,D0,c,14,20,0.09425,32768,5361664,16,1
naive,64,diagonal,D0,c,15,20,0.09436,32768,5361664,16,1
strassen,64,diagonal,D0,c,1,20,0.074295,124928,5361664,16,1
strassen,64,diagonal,D0,c,2,20,0.076365,124928,5361664,16,1
strassen,64,diagonal,D0,c,3,20,0.0721,124928,5361664,16,1
strassen,64,diagonal,D0,c,4,20,0.071875,124928,5361664,16,1
strassen,64,diagonal,D0,c,5,20,0.07202,124928,5361664,16,1
strassen,64,diagonal,D0,c,6,20,0.07194,124928,5361664,16,1
strassen,64,diagonal,D0,c,7,20,0.073875,124928,5361664,16,1
strassen,64,diagonal,D0,c,8,20,0.073705,124928,5361664,16,1
strassen,64,diagonal,D0,c,9,20,0.07188,124928,5361664,16,1
strassen,64,diagonal,D0,c,10,20,0.071965,124928,5361664,16,1
strassen,64,diagonal,D0,c,11,20,0.073955,124928,5361664,16,1
strassen,64,diagonal,D0,c,12,20,0.072035,124928,5361664,16,1
strassen,64,diagonal,D0,c,13,20,0.073535,124928,5361664,16,1
strassen,64,diagonal,D0,c,14,20,0.07364,124928,5361664,16,1
strassen,64,diagonal,D0,c,15,20,0.07207,124928,5361664,16,1
naive,64,diagonal,D10,a,1,20,0.090745,32768,5361664,16,1
naive,64,diagonal,D10,a,2,20,0.09429,32768,5361664,16,1
naive,64,diagonal,D10,a,3,20,0.09425,32768,5361664,16,1
naive,64,diagonal,D10,a,4,20,0.094195,32768,5361664,16,1
naive,64,diagonal,D10,a,5,20,0.09161,32768,5361664,16,1
naive,64,diagonal,D10,a,6,20,0.09437,32768,5361664,16,1
naive,64,diagonal,D10,a,7,20,0.09416,32768,5361664,16,1
naive,64,diagonal,D10,a,8,20,0.094335,32768,5361664,16,1
naive,64,diagonal,D10,a,9,20,0.094405,32768,5361664,16,1
naive,64,diagonal,D10,a,10,20,0.09442,32768,5361664,16,1
naive,64,diagonal,D10,a,11,20,0.094345,32768,5361664,16,1
naive,64,diagonal,D10,a,12,20,0.09429,32768,5361664,16,1
naive,64,diagonal,D10,a,13,20,0.092455,32768,5361664,16,1
naive,64,diagonal,D10,a,14,20,0.09438,32768,5361664,16,1
naive,64,diagonal,D10,a,15,20,0.09433,32768,5361664,16,1
strassen,64,diagonal,D10,a,1,20,0.072375,124928,5361664,16,1
strassen,64,diagonal,D10,a,2,20,0.073915,124928,5361664,16,1
strassen,64,diagonal,D10,a,3,20,0.073585,124928,5361664,16,1
strassen,64,diagonal,D10,a,4,20,0.072005,124928,5361664,16,1
strassen,64,diagonal,D10,a,5,20,0.072,124928,5361664,16,1
strassen,64,diagonal,D10,a,6,20,0.07197,124928,5361664,16,1
strassen,64,diagonal,D10,a,7,20,0.07436,124928,5361664,16,1
strassen,64,diagonal,D10,a,8,20,0.073725,124928,5361664,16,1
strassen,64,diagonal,D10,a,9,20,0.071965,124928,5361664,16,1
strassen,64,diagonal,D10,a,10,20,0.071875,124928,5361664,16,1
strassen,64,diagonal,D10,a,11,20,0.073105,124928,5361664,16,1
strassen,64,diagonal,D10,a,12,20,0.07211,124928,5361664,16,1
strassen,64,diagonal,D10,a,13,20,0.07386,124928,5361664,16,1
strassen,64,diagonal,D10,a,14,20,0.0736,124928,5361664,16,1
strassen,64,diagonal,D10,a,15,20,0.07197,124928,5361664,16,1
naive,64,diagonal,D10,b,1,20,0.09038,32768,5361664,16,1
naive,64,diagonal,D10,b,2,20,0.09252,32768,5361664,16,1
naive,64,diagonal,D10,b,3,20,0.090065,32768,5361664,16,1
naive,64,diagonal,D10,b,4,20,0.094295,32768,5361664,16,1
naive,64,diagonal,D10,b,5,20,0.09428,32768,5361664,16,1
naive,64,diagonal,D10,b,6,20,0.09432,32768,5361664,16,1
naive,64,diagonal,D10,b,7,20,0.094375,32768,5361664,16,1
naive,64,diagonal,D10,b,8,20,0.094255,32768,5361664,16,1
naive,64,diagonal,D10,b,9,20,0.09425,32768,5361664,16,1
naive,64,diagonal,D10,b,10,20,0.09299,32768,5361664,16,1
naive,64,diagonal,D10,b,11,20,0.094225,32768,5361664,16,1
naive,64,diagonal,D10,b,12,20,0.0943,32768,5361664,16,1
naive,64,diagonal,D10,b,13,20,0.09438,32768,5361664,16,1
naive,64,diagonal,D10,b,14,20,0.094665,32768,5361664,16,1
naive,64,diagonal,D10,b,15,20,0.091735,32768,5361664,16,1
strassen,64,diagonal,D10,b,1,20,0.07238,124928,5361664,16,1
strassen,64,diagonal,D10,b,2,20,0.07379,124928,5361664,16,1
strassen,64,diagonal,D10,b,3,20,0.07377,124928,5361664,16,1
strassen,64,diagonal,D10,b,4,20,0.07203,124928,5361664,16,1
strassen,64,diagonal,D10,b,5,20,0.071965,124928,5361664,16,1
strassen,64,diagonal,D10,b,6,20,0.071985,124928,5361664,16,1
strassen,64,diagonal,D10,b,7,20,0.0746,124928,5361664,16,1
strassen,64,diagonal,D10,b,8,20,0.07393,124928,5361664,16,1
strassen,64,diagonal,D10,b,9,20,0.072025,124928,5361664,16,1
strassen,64,diagonal,D10,b,10,20,0.072065,124928,5361664,16,1
strassen,64,diagonal,D10,b,11,20,0.07191,124928,5361664,16,1
strassen,64,diagonal,D10,b,12,20,0.071995,124928,5361664,16,1
strassen,64,diagonal,D10,b,13,20,0.0738,124928,5361664,16,1
strassen,64,diagonal,D10,b,14,20,0.07394,124928,5361664,16,1
strassen,64,diagonal,D10,b,15,20,0.07187,124928,5361664,16,1
naive,64,diagonal,D10,c,1,20,0.094695,32768,5361664,16,1
naive,64,diagonal,D10,c,2,20,0.094285,32768,5361664,16,1
naive,64,diagonal,D10,c,3,20,0.09431,32768,5361664,16,1
naive,64,diagonal,D10,c,4,20,0.0942,32768,5361664,16,1
naive,64,diagonal,D10,c,5,20,0.094425,32768,5361664,16,1
naive,64,diagonal,D10,c,6,20,0.09424,32768,5361664,16,1
naive,64,diagonal,D10,c,7,20,0.094245,32768,5361664,16,1
naive,64,diagonal,D10,c,8,20,0.09431,32768,5361664,16,1
naive,64,diagonal,D10,c,9,20,0.11517,32768,5361664,16,1
naive,64,diagonal,D10,c,10,20,0.094355,32768,5361664,16,1
naive,64,diagonal,D10,c,11,20,0.09434,32768,5361664,16,1
naive,64,diagonal,D10,c,12,20,0.094305,32768,5361664,16,1
naive,64,diagonal,D10,c,13,20,0.09191,32768,5361664,16,1
naive,64,diagonal,D10,c,14,20,0.094505,32768,5361664,16,1
naive,64,diagonal,D10,c,15,20,0.094275,32768,5361664,16,1
strassen,64,diagonal,D10,c,1,20,0.072425,124928,5361664,16,1
strassen,64,diagonal,D10,c,2,20,0.07417,124928,5361664,16,1
strassen,64,diagonal,D10,c,3,20,0.07379,124928,5361664,16,1
strassen,64,diagonal,D10,c,4,20,0.072035,124928,5361664,16,1
strassen,64,diagonal,D10,c,5,20,0.07199,124928,5361664,16,1
strassen,64,diagonal,D10,c,6,20,0.07188,124928,5361664,16,1
strassen,64,diagonal,D10,c,7,20,0.07269,124928,5361664,16,1
strassen,64,diagonal,D10,c,8,20,0.07385,124928,5361664,16,1
strassen,64,diagonal,D10,c,9,20,0.07236,124928,5361664,16,1
strassen,64,diagonal,D10,c,10,20,0.072005,124928,5361664,16,1
strassen,64,diagonal,D10,c,11,20,0.07188,124928,5361664,16,1
strassen,64,diagonal,D10,c,12,20,0.071975,124928,5361664,16,1
strassen,64,diagonal,D10,c,13,20,0.073805,124928,5361664,16,1
strassen,64,diagonal,D10,c,14,20,0.07375,124928,5361664,16,1
strassen,64,diagonal,D10,c,15,20,0.07202,124928,5361664,16,1
naive,64,dispersa,D0,a,1,20,0.09449,32768,5361664,16,1
naive,64,dispersa,D0,a,2,20,0.09428,32768,5361664,16,1
naive,64,dispersa,D0,a,3,20,0.094305,32768,5361664,16,1
naive,64,dispersa,D0,a,4,20,0.092225,32768,5361664,16,1
naive,64,dispersa,D0,a,5,20,0.094295,32768,5361664,16,1
naive,64,dispersa,D0,a,6,20,0.094135,32768,5361664,16,1
naive,64,dispersa,D0,a,7,20,0.09425,32768,5361664,16,1
naive,64,dispersa,D0,a,8,20,0.094195,32768,5361664,16,1
naive,64,dispersa,D0,a,9,20,0.09424,32768,5361664,16,1
naive,64,dispersa,D0,a,10,20,0.094485,32768,5361664,16,1
naive,64,dispersa,D0,a,11,20,0.094335,32768,5361664,16,1
naive,64,dispersa,D0,a,12,20,0.09456,32768,5361664,16,1
naive,64,dispersa,D0,a,13,20,0.09414,32768,5361664,16,1
naive,64,dispersa,D0,a,14,20,0.094315,32768,5361664,16,1
naive,64,dispersa,D0,a,15,20,0.094295,32768,5361664,16,1
strassen,64,dispersa,D0,a,1,20,0.072315,124928,5361664,16,1
strassen,64,dispersa,D0,a,2,20,0.073675,124928,5361664,16,1
strassen,64,dispersa,D0,a,3,20,0.07344,124928,5361664,16,1
strassen,64,dispersa,D0,a,4,20,0.072,124928,5361664,16,1
strassen,64,dispersa,D0,a,5,20,0.072025,124928,5361664,16,1
strassen,64,dispersa,D0,a,6,20,0.072425,124928,5361664,16,1
strassen,64,dispersa,D0,a,7,20,0.071885,124928,5361664,16,1
strassen,64,dispersa,D0,a,8,20,0.07349,124928,5361664,16,1
strassen,64,dispersa,D0,a,9,20,0.07351,124928,5361664,16,1
strassen,64,dispersa,D0,a,10,20,0.072005,124928,5361664,16,1
strassen,64,dispersa,D0,a,11,20,0.0719,124928,5361664,16,1
strassen,64,dispersa,D0,a,12,20,0.07195,124928,5361664,16,1
strassen,64,dispersa,D0,a,13,20,0.07353,124928,5361664,16,1
strassen,64,dispersa,D0,a,14,20,0.07362,124928,5361664,16,1
strassen,64,dispersa,D0,a,15,20,0.071955,124928,5361664,16,1
naive,64,dispersa,D0,b,1,20,0.09499,32768,5361664,16,1
naive,64,dispersa,D0,b,2,20,0.094325,32768,5361664,16,1
naive,64,dispersa,D0,b,3,20,0.09426,32768,5361664,16,1
naive,64,dispersa,D0,b,4,20,0.09431,32768,5361664,16,1
naive,64,dispersa,D0,b,5,20,0.09434,32768,5361664,16,1
naive,64,dispersa,D0,b,6,20,0.094355,32768,5361664,16,1
naive,64,dispersa,D0,b,7,20,0.09431,32768,5361664,16,1
naive,64,dispersa,D0,b,8,20,0.09445,32768,5361664,16,1
naive,64,dispersa,D0,b,9,20,0.08997,32768,5361664,16,1
naive,64,dispersa,D0,b,10,20,0.094305,32768,5361664,16,1
naive,64,dispersa,D0,b,11,20,0.094255,32768,5361664,16,1
naive,64,dispersa,D0,b,12,20,0.094255,32768,5361664,16,1
naive,64,dispersa,D0,b,13,20,0.094275,32768,5361664,16,1
naive,64,dispersa,D0,b,14,20,0.09422,32768,5361664,16,1
naive,64,dispersa,D0,b,15,20,0.0943,32768,5361664,16,1
strassen,64,dispersa,D0,b,1,20,0.07236,124928,5361664,16,1
strassen,64,dispersa,D0,b,2,20,0.077615,124928,5361664,16,1
strassen,64,dispersa,D0,b,3,20,0.073795,124928,5361664,16,1
strassen,64,dispersa,D0,b,4,20,0.072115,124928,5361664,16,1
strassen,64,dispersa,D0,b,5,20,0.07203,124928,5361664,16,1
strassen,64,dispersa,D0,b,6,20,0.071995,124928,5361664,16,1
strassen,64,dispersa,D0,b,7,20,0.071895,124928,5361664,16,1
strassen,64,dispersa,D0,b,8,20,0.073865,124928,5361664,16,1
strassen,64,dispersa,D0,b,9,20,0.07372,124928,5361664,16,1
strassen,64,dispersa,D0,b,10,20,0.07217,124928,5361664,16,1
strassen,64,dispersa,D0,b,11,20,0.07192,124928,5361664,16,1
strassen,64,dispersa,D0,b,12,20,0.073285,124928,5361664,16,1
strassen,64,dispersa,D0,b,13,20,0.074245,124928,5361664,16,1
strassen,64,dispersa,D0,b,14,20,0.073645,124928,5361664,16,1
strassen,64,dispersa,D0,b,15,20,0.0725,124928,5361664,16,1
naive,64,dispersa,D0,c,1,20,0.09454,32768,5361664,16,1
naive,64,dispersa,D0,c,2,20,0.09436,32768,5361664,16,1
naive,64,dispersa,D0,c,3,20,0.09411,32768,5361664,16,1
naive,64,dispersa,D0,c,4,20,0.09429,32768,5361664,16,1
naive,64,dispersa,D0,c,5,20,0.09426,32768,5361664,16,1
naive,64,dispersa,D0,c,6,20,0.09141,32768,5361664,16,1
naive,64,dispersa,D0,c,7,20,0.094355,32768,5361664,16,1
naive,64,dispersa,D0,c,8,20,0.0942,32768,5361664,16,1
naive,64,dispersa,D0,c,9,20,0.094095,32768,5361664,16,1
naive,64,dispersa,D0,c,10,20,0.094175,32768,5361664,16,1
naive,64,dispersa,D0,c,11,20,0.094205,32768,5361664,16,1
naive,64,dispersa,D0,c,12,20,0.094295,32768,5361664,16,1
naive,64,dispersa,D0,c,13,20,0.094405,32768,5361664,16,1
naive,64,dispersa,D0,c,14,20,0.09416,32768,5361664,16,1
naive,64,dispersa,D0,c,15,20,0.094295,32768,5361664,16,1
strassen,64,dispersa,D0,c,1,20,0.072265,124928,5361664,16,1
strassen,64,dispersa,D0,c,2,20,0.074145,124928,5361664,16,1
strassen,64,dispersa,D0,c,3,20,0.0737,124928,5361664,16,1
strassen,64,dispersa,D0,c,4,20,0.07198,124928,5361664,16,1
strassen,64,dispersa,D0,c,5,20,0.071865,124928,5361664,16,1
strassen,64,dispersa,D0,c,6,20,0.072,124928,5361664,16,1
strassen,64,dispersa,D0,c,7,20,0.071955,124928,5361664,16,1
strassen,64,dispersa,D0,c,8,20,0.07414,124928,5361664,16,1
strassen,64,dispersa,D0,c,9,20,0.073745,124928,5361664,16,1
strassen,64,dispersa,D0,c,10,20,0.07201,124928,5361664,16,1
strassen,64,dispersa,D0,c,11,20,0.071895,124928,5361664,16,1
strassen,64,dispersa,D0,c,12,20,0.07201,124928,5361664,16,1
strassen,64,dispersa,D0,c,13,20,0.07204,124928,5361664,16,1
strassen,64,dispersa,D0,c,14,20,0.07372,124928,5361664,16,1
strassen,64,dispersa,D0,c,15,20,0.07364,124928,5361664,16,1
naive,64,dispersa,D10,a,1,20,0.094705,32768,5361664,16,1
naive,64,dispersa,D10,a,2,20,0.092495,32768,5361664,16,1
naive,64,dispersa,D10,a,3,20,0.093255,32768,5361664,16,1
naive,64,dispersa,D10,a,4,20,0.09418,32768,5361664,16,1
naive,64,dispersa,D10,a,5,20,0.0942,32768,5361664,16,1
naive,64,dispersa,D10,a,6,20,0.09416,32768,5361664,16,1
naive,64,dispersa,D10,a,7,20,0.09422,32768,5361664,16,1
naive,64,dispersa,D10,a,8,20,0.094175,32768,5361664,16,1
naive,64,dispersa,D10,a,9,20,0.09425,32768,5361664,16,1
naive,64,dispersa,D10,a,10,20,0.09426,32768,5361664,16,1
naive,64,dispersa,D10,a,11,20,0.092795,32768,5361664,16,1
naive,64,dispersa,D10,a,12,20,0.09429,32768,5361664,16,1
naive,64,dispersa,D10,a,13,20,0.09492,32768,5361664,16,1
naive,64,dispersa,D10,a,14,20,0.09434,32768,5361664,16,1
naive,64,dispersa,D10,a,15,20,0.09443,32768,5361664,16,1
strassen,64,dispersa,D10,a,1,20,0.072435,124928,5361664,16,1
strassen,64,dispersa,D10,a,2,20,0.07405,124928,5361664,16,1
strassen,64,dispersa,D10,a,3,20,0.073735,124928,5361664,16,1
strassen,64,dispersa,D10,a,4,20,0.071965,124928,5361664,16,1
strassen,64,dispersa,D10,a,5,20,0.07237,124928,5361664,16,1
strassen,64,dispersa,D10,a,6,20,0.072015,124928,5361664,16,1
strassen,64,dispersa,D10,a,7,20,0.071995,124928,5361664,16,1
strassen,64,dispersa,D10,a,8,20,0.0741,124928,5361664,16,1
strassen,64,dispersa,D10,a,9,20,0.073585,124928,5361664,16,1
strassen,64,dispersa,D10,a,10,20,0.07198,124928,5361664,16,1
strassen,64,dispersa,D10,a,11,20,0.071955,124928,5361664,16,1
strassen,64,dispersa,D10,a,12,20,0.07198,124928,5361664,16,1
strassen,64,dispersa,D10,a,13,20,0.07188,124928,5361664,16,1
strassen,64,dispersa,D10,a,14,20,0.073885,124928,5361664,16,1
strassen,64,dispersa,D10,a,15,20,0.074265,124928,5361664,16,1
naive,64,dispersa,D10,b,1,20,0.094695,32768,5361664,16,1
naive,64,dispersa,D10,b,2,20,0.09464,32768,5361664,16,1
naive,64,dispersa,D10,b,3,20,0.09367,32768,5361664,16,1
naive,64,dispersa,D10,b,4,20,0.09433,32768,5361664,16,1
naive,64,dispersa,D10,b,5,20,0.09434,32768,5361664,16,1
naive,64,dispersa,D10,b,6,20,0.09432,32768,5361664,16,1
naive,64,dispersa,D10,b,7,20,0.09423,32768,5361664,16,1
naive,64,dispersa,D10,b,8,20,0.094575,32768,5361664,16,1
naive,64,dispersa,D10,b,9,20,0.094325,32768,5361664,16,1
naive,64,dispersa,D10,b,10,20,0.094265,32768,5361664,16,1
naive,64,dispersa,D10,b,11,20,0.09443,32768,5361664,16,1
naive,64,dispersa,D10,b,12,20,0.094185,32768,5361664,16,1
naive,64,dispersa,D10,b,13,20,0.09429,32768,5361664,16,1
naive,64,dispersa,D10,b,14,20,0.09429,32768,5361664,16,1
naive,64,dispersa,D10,b,15,20,0.094385,32768,5361664,16,1
strassen,64,dispersa,D10,b,1,20,0.07241,124928,5361664,16,1
strassen,64,dispersa,D10,b,2,20,0.072815,124928,5361664,16,1
strassen,64,dispersa,D10,b,3,20,0.073735,124928,5361664,16,1
strassen,64,dispersa,D10,b,4,20,0.07199,124928,5361664,16,1
strassen,64,dispersa,D10,b,5,20,0.07197,124928,5361664,16,1
strassen,64,dispersa,D10,b,6,20,0.07196,124928,5361664,16,1
strassen,64,dispersa,D10,b,7,20,0.07189,124928,5361664,16,1
strassen,64,dispersa,D10,b,8,20,0.07198,124928,5361664,16,1
strassen,64,dispersa,D10,b,9,20,0.07374,124928,5361664,16,1
strassen,64,dispersa,D10,b,10,20,0.071915,124928,5361664,16,1
strassen,64,dispersa,D10,b,11,20,0.073415,124928,5361664,16,1
strassen,64,dispersa,D10,b,12,20,0.071955,124928,5361664,16,1
strassen,64,dispersa,D10,b,13,20,0.07196,124928,5361664,16,1
strassen,64,dispersa,D10,b,14,20,0.073885,124928,5361664,16,1
strassen,64,dispersa,D10,b,15,20,0.073725,124928,5361664,16,1
naive,64,dispersa,D10,c,1,20,0.092755,32768,5361664,16,1
naive,64,dispersa,D10,c,2,20,0.09442,32768,5361664,16,1
naive,64,dispersa,D10,c,3,20,0.094285,32768,5361664,16,1
naive,64,dispersa,D10,c,4,20,0.094335,32768,5361664,16,1
naive,64,dispersa,D10,c,5,20,0.091635,32768,5361664,16,1
naive,64,dispersa,D10,c,6,20,0.094325,32768,5361664,16,1
naive,64,dispersa,D10,c,7,20,0.09434,32768,5361664,16,1
naive,64,dispersa,D10,c,8,20,0.094275,32768,5361664,16,1
naive,64,dispersa,D10,c,9,20,0.094245,32768,5361664,16,1
naive,64,dispersa,D10,c,10,20,0.094255,32768,5361664,16,1
naive,64,dispersa,D10,c,11,20,0.09423,32768,5361664,16,1
naive,64,dispersa,D10,c,12,20,0.094365,32768,5361664,16,1
naive,64,dispersa,D10,c,13,20,0.09424,32768,5361664,16,1
naive,64,dispersa,D10,c,14,20,0.09425,32768,5361664,16,1
naive,64,dispersa,D10,c,15,20,0.094675,32768,5361664,16,1
strassen,64,dispersa,D10,c,1,20,0.072445,124928,5361664,16,1
strassen,64,dispersa,D10,c,2,20,0.072205,124928,5361664,16,1
strassen,64,dispersa,D10,c,3,20,0.07409,124928,5361664,16,1
strassen,64,dispersa,D10,c,4,20,0.07361,124928,5361664,16,1
strassen,64,dispersa,D10,c,5,20,0.071975,124928,5361664,16,1
strassen,64,dispersa,D10,c,6,20,0.07198,124928,5361664,16,1
strassen,64,dispersa,D10,c,7,20,0.072815,124928,5361664,16,1
strassen,64,dispersa,D10,c,8,20,0.073645,124928,5361664,16,1
strassen,64,dispersa,D10,c,9,20,0.073655,124928,5361664,16,1
strassen,64,dispersa,D10,c,10,20,0.072005,124928,5361664,16,1
strassen,64,dispersa,D10,c,11,20,0.07197,124928,5361664,16,1
strassen,64,dispersa,D10,c,12,20,0.071855,124928,5361664,16,1
strassen,64,dispersa,D10,c,13,20,0.07319,124928,5361664,16,1
strassen,64,dispersa,D10,c,14,20,0.07375,124928,5361664,16,1
strassen,64,dispersa,D10,c,15,20,0.07371,124928,5361664,16,1
naive,256,densa,D0,a,1,3,16.768,524288,7340032,16,1
naive,256,densa,D0,a,2,3,16.7911,524288,7340032,16,1
naive,256,densa,D0,a,3,3,16.8149,524288,7340032,16,1
naive,256,densa,D0,a,4,3,16.794,524288,7340032,16,1
naive,256,densa,D0,a,5,3,16.7932,524288,7340032,16,1
naive,256,densa,D0,a,6,3,16.7751,524288,7340032,16,1
naive,256,densa,D0,a,7,3,16.796,524288,7340032,16,1
strassen,256,densa,D0,a,1,3,4.002,2091008,9056256,16,1
strassen,256,densa,D0,a,2,3,4.00203,2091008,9056256,16,1
strassen,256,densa,D0,a,3,3,4.0135,2091008,9056256,16,1
strassen,256,densa,D0,a,4,3,4.02717,2091008,9056256,16,1
strassen,256,densa,D0,a,5,3,4.04187,2091008,9056256,16,1
strassen,256,densa,D0,a,6,3,4.11207,2091008,9056256,16,1
strassen,256,densa,D0,a,7,3,4.01527,2091008,9056256,16,1
naive,256,densa,D0,b,1,3,16.7269,524288,9306112,16,1
naive,256,densa,D0,b,2,3,17.0234,524288,9306112,16,1
naive,256,densa,D0,b,3,3,17.0175,524288,9306112,16,1
naive,256,densa,D0,b,4,3,17.0374,524288,9306112,16,1
naive,256,densa,D0,b,5,3,17.0231,524288,9306112,16,1
naive,256,densa,D0,b,6,3,17.0171,524288,9306112,16,1
naive,256,densa,D0,b,7,3,16.963,524288,9306112,16,1
strassen,256,densa,D0,b,1,3,4.29433,2091008,9306112,16,1
strassen,256,densa,D0,b,2,3,4.1192,2091008,9306112,16,1
strassen,256,densa,D0,b,3,3,4.04997,2091008,9306112,16,1
strassen,256,densa,D0,b,4,3,4.06203,2091008,9306112,16,1
strassen,256,densa,D0,b,5,3,4.05683,2091008,9306112,16,1
strassen,256,densa,D0,b,6,3,4.0806,2091008,9306112,16,1
strassen,256,densa,D0,b,7,3,4.12727,2091008,9306112,16,1
naive,256,densa,D0,c,1,3,16.9499,524288,9306112,16,1
naive,256,densa,D0,c,2,3,16.9566,524288,9306112,16,1
naive,256,densa,D0,c,3,3,16.9084,524288,9306112,16,1
naive,256,densa,D0,c,4,3,16.6377,524288,9306112,16,1
naive,256,densa,D0,c,5,3,16.7995,524288,9306112,16,1
naive,256,densa,D0,c,6,3,16.9813,524288,9306112,16,1
naive,256,densa,D0,c,7,3,17.1192,524288,9306112,16,1
strassen,256,densa,D0,c,1,3,4.05257,2091008,9306112,16,1
strassen,256,densa,D0,c,2,3,4.0226,2091008,9306112,16,1
strassen,256,densa,D0,c,3,3,4.05387,2091008,9306112,16,1
strassen,256,densa,D0,c,4,3,4.06813,2091008,9306112,16,1
strassen,256,densa,D0,c,5,3,3.97373,2091008,9306112,16,1
strassen,256,densa,D0,c,6,3,3.9913,2091008,9306112,16,1
strassen,256,densa,D0,c,7,3,4.02193,2091008,9306112,16,1
naive,256,densa,D10,a,1,3,16.9775,524288,9310208,16,1
naive,256,densa,D10,a,2,3,16.8793,524288,9310208,16,1
naive,256,densa,D10,a,3,3,16.9504,524288,9310208,16,1
naive,256,densa,D10,a,4,3,16.8903,524288,9310208,16,1
naive,256,densa,D10,a,5,3,16.5644,524288,9310208,16,1
naive,256,densa,D10,a,6,3,16.9541,524288,9310208,16,1
naive,256,densa,D10,a,7,3,16.9638,524288,9310208,16,1
strassen,256,densa,D10,a,1,3,4.03847,2091008,9310208,16,1
strassen,256,densa,D10,a,2,3,4.01383,2091008,9310208,16,1
strassen,256,densa,D10,a,3,3,4.0529,2091008,9310208,16,1
strassen,256,densa,D10,a,4,3,4.02153,2091008,9310208,16,1
strassen,256,densa,D10,a,5,3,4.04573,2091008,9310208,16,1
strassen,256,densa,D10,a,6,3,4.05993,2091008,9310208,16,1
strassen,256,densa,D10,a,7,3,4.15667,2091008,9310208,16,1
naive,256,densa,D10,b,1,3,16.8269,524288,9310208,16,1
naive,256,densa,D10,b,2,3,17.4653,524288,9310208,16,1
naive,256,densa,D10,b,3,3,17.6533,524288,9310208,16,1
naive,256,densa,D10,b,4,3,16.6982,524288,9310208,16,1
naive,256,densa,D10,b,5,3,15.5724,524288,9310208,16,1
naive,256,densa,D10,b,6,3,17.0163,524288,9310208,16,1
naive,256,densa,D10,b,7,3,17.1645,524288,9310208,16,1
strassen,256,densa,D10,b,1,3,5.55153,2091008,9310208,16,1
strassen,256,densa,D10,b,2,3,6.4399,2091008,9310208,16,1
strassen,256,densa,D10,b,3,3,5.5834,2091008,9310208,16,1
strassen,256,densa,D10,b,4,3,5.33233,2091008,9310208,16,1
strassen,256,densa,D10,b,5,3,4.7117,2091008,9310208,16,1
strassen,256,densa,D10,b,6,3,4.50953,2091008,9310208,16,1
strassen,256,densa,D10,b,7,3,5.42043,2091008,9310208,16,1
naive,256,densa,D10,c,1,3,17.8488,524288,9310208,16,1
naive,256,densa,D10,c,2,3,17.7868,524288,9310208,16,1
naive,256,densa,D10,c,3,3,17.2914,524288,9310208,16,1
naive,256,densa,D10,c,4,3,17.1505,524288,9310208,16,1
naive,256,densa,D10,c,5,3,16.9323,524288,9310208,16,1
naive,256,densa,D10,c,6,3,16.9622,524288,9310208,16,1
naive,256,densa,D10,c,7,3,16.9001,524288,9310208,16,1
strassen,256,densa,D10,c,1,3,4.13787,2091008,9310208,16,1
strassen,256,densa,D10,c,2,3,4.23603,2091008,9310208,16,1
strassen,256,densa,D10,c,3,3,4.3303,2091008,9310208,16,1
strassen,256,densa,D10,c,4,3,4.2777,2091008,9310208,16,1
strassen,256,densa,D10,c,5,3,4.32523,2091008,9310208,16,1
strassen,256,densa,D10,c,6,3,4.2342,2091008,9310208,16,1
strassen,256,densa,D10,c,7,3,4.326,2091008,9310208,16,1
naive,256,diagonal,D0,a,1,3,17.028,524288,9310208,16,1
naive,256,diagonal,D0,a,2,3,17.2558,524288,9310208,16,1
naive,256,diagonal,D0,a,3,3,17.1586,524288,9310208,16,1
naive,256,diagonal,D0,a,4,3,16.8922,524288,9310208,16,1
naive,256,diagonal,D0,a,5,3,17.09,524288,9310208,16,1
naive,256,diagonal,D0,a,6,3,16.747,524288,9310208,16,1
naive,256,diagonal,D0,a,7,3,16.9046,524288,9310208,16,1
strassen,256,diagonal,D0,a,1,3,4.37137,2091008,9310208,16,1
strassen,256,diagonal,D0,a,2,3,4.47107,2091008,9310208,16,1
strassen,256,diagonal,D0,a,3,3,4.3947,2091008,9310208,16,1
strassen,256,diagonal,D0,a,4,3,4.49267,2091008,9310208,16,1
strassen,256,diagonal,D0,a,5,3,4.3651,2091008,9310208,16,1
strassen,256,diagonal,D0,a,6,3,4.359,2091008,9310208,16,1
strassen,256,diagonal,D0,a,7,3,4.19147,2091008,9310208,16,1
naive,256,diagonal,D0,b,1,3,17.2651,524288,9310208,16,1
naive,256,diagonal,D0,b,2,3,17.3716,524288,9310208,16,1
naive,256,diagonal,D0,b,3,3,16.8926,524288,9310208,16,1
naive,256,diagonal,D0,b,4,3,16.5747,524288,9310208,16,1
naive,256,diagonal,D0,b,5,3,16.5454,524288,9310208,16,1
naive,256,diagonal,D0,b,6,3,16.5876,524288,9310208,16,1
naive,256,diagonal,D0,b,7,3,16.52,524288,9310208,16,1
strassen,256,diagonal,D0,b,1,3,4.15363,2091008,9310208,16,1
strassen,256,diagonal,D0,b,2,3,4.25387,2091008,9310208,16,1
strassen,256,diagonal,D0,b,3,3,4.1582,2091008,9310208,16,1
strassen,256,diagonal,D0,b,4,3,4.09677,2091008,9310208,16,1
strassen,256,diagonal,D0,b,5,3,4.1267,2091008,9310208,16,1
strassen,256,diagonal,D0,b,6,3,4.58773,2091008,9310208,16,1
strassen,256,diagonal,D0,b,7,3,4.203,2091008,9310208,16,1
naive,256,diagonal,D0,c,1,3,16.6883,524288,9310208,16,1
naive,256,diagonal,D0,c,2,3,16.5974,524288,9310208,16,1
naive,256,diagonal,D0,c,3,3,16.5261,524288,9310208,16,1
naive,256,diagonal,D0,c,4,3,17.3358,524288,9310208,16,1
naive,256,diagonal,D0,c,5,3,17.5402,524288,9310208,16,1
naive,256,diagonal,D0,c,6,3,17.538,524288,9310208,16,1
naive,256,diagonal,D0,c,7,3,17.2406,524288,9310208,16,1
strassen,256,diagonal,D0,c,1,3,4.2486,2091008,9310208,16,1
strassen,256,diagonal,D0,c,2,3,4.36277,2091008,9310208,16,1
strassen,256,diagonal,D0,c,3,3,4.2848,2091008,9310208,16,1
strassen,256,diagonal,D0,c,4,3,4.28263,2091008,9310208,16,1
strassen,256,diagonal,D0,c,5,3,4.33147,2091008,9310208,16,1
strassen,256,diagonal,D0,c,6,3,4.21023,2091008,9310208,16,1
strassen,256,diagonal,D0,c,7,3,4.2626,2091008,9310208,16,1
naive,256,diagonal,D10,a,1,3,17.5617,524288,9310208,16,1
naive,256,diagonal,D10,a,2,3,17.2637,524288,9310208,16,1
naive,256,diagonal,D10,a,3,3,17.0498,524288,9310208,16,1
naive,256,diagonal,D10,a,4,3,17.016,524288,9310208,16,1
naive,256,diagonal,D10,a,5,3,16.9338,524288,9310208,16,1
naive,256,diagonal,D10,a,6,3,17.0666,524288,9310208,16,1
naive,256,diagonal,D10,a,7,3,17.1124,524288,9310208,16,1
strassen,256,diagonal,D10,a,1,3,4.2988,2091008,9310208,16,1
strassen,256,diagonal,D10,a,2,3,4.35097,2091008,9310208,16,1
strassen,256,diagonal,D10,a,3,3,4.25337,2091008,9310208,16,1
strassen,256,diagonal,D10,a,4,3,4.60867,2091008,9310208,16,1
strassen,256,diagonal,D10,a,5,3,4.2959,2091008,9310208,16,1
strassen,256,diagonal,D10,a,6,3,4.2417,2091008,9310208,16,1
strassen,256,diagonal,D10,a,7,3,4.24947,2091008,9310208,16,1
naive,256,diagonal,D10,b,1,3,16.7389,524288,9310208,16,1
naive,256,diagonal,D10,b,2,3,16.6741,524288,9310208,16,1
naive,256,diagonal,D10,b,3,3,16.8063,524288,9310208,16,1
naive,256,diagonal,D10,b,4,3,16.8251,524288,9310208,16,1
naive,256,diagonal,D10,b,5,3,16.8724,524288,9310208,16,1
naive,256,diagonal,D10,b,6,3,16.8142,524288,9310208,16,1
naive,256,diagonal,D10,b,7,3,16.7714,524288,9310208,16,1
strassen,256,diagonal,D10,b,1,3,4.14973,2091008,9310208,16,1
strassen,256,diagonal,D10,b,2,3,4.10007,2091008,9310208,16,1
strassen,256,diagonal,D10,b,3,3,4.1327,2091008,9310208,16,1
strassen,256,diagonal,D10,b,4,3,4.1166,2091008,9310208,16,1
strassen,256,diagonal,D10,b,5,3,4.06973,2091008,9310208,16,1
strassen,256,diagonal,D10,b,6,3,4.08827,2091008,9310208,16,1
strassen,256,diagonal,D10,b,7,3,4.08543,2091008,9310208,16,1
naive,256,diagonal,D10,c,1,3,16.7282,524288,9310208,16,1
naive,256,diagonal,D10,c,2,3,16.8202,524288,9310208,16,1
naive,256,diagonal,D10,c,3,3,16.5369,524288,9310208,16,1
naive,256,diagonal,D10,c,4,3,16.5795,524288,9310208,16,1
naive,256,diagonal,D10,c,5,3,16.6736,524288,9310208,16,1
naive,256,diagonal,D10,c,6,3,16.7506,524288,9310208,16,1
naive,256,diagonal,D10,c,7,3,16.7893,524288,9310208,16,1
strassen,256,diagonal,D10,c,1,3,4.11027,2091008,9310208,16,1
strassen,256,diagonal,D10,c,2,3,4.15387,2091008,9310208,16,1
strassen,256,diagonal,D10,c,3,3,4.14037,2091008,9310208,16,1
strassen,256,diagonal,D10,c,4,3,4.11197,2091008,9310208,16,1
strassen,256,diagonal,D10,c,5,3,4.15373,2091008,9310208,16,1
strassen,256,diagonal,D10,c,6,3,4.13413,2091008,9310208,16,1
strassen,256,diagonal,D10,c,7,3,4.10393,2091008,9310208,16,1
naive,256,dispersa,D0,a,1,3,16.6643,524288,9310208,16,1
naive,256,dispersa,D0,a,2,3,16.6384,524288,9310208,16,1
naive,256,dispersa,D0,a,3,3,16.6424,524288,9310208,16,1
naive,256,dispersa,D0,a,4,3,16.6197,524288,9310208,16,1
naive,256,dispersa,D0,a,5,3,16.6281,524288,9310208,16,1
naive,256,dispersa,D0,a,6,3,16.6272,524288,9310208,16,1
naive,256,dispersa,D0,a,7,3,16.6048,524288,9310208,16,1
strassen,256,dispersa,D0,a,1,3,4.20257,2091008,9310208,16,1
strassen,256,dispersa,D0,a,2,3,4.2219,2091008,9310208,16,1
strassen,256,dispersa,D0,a,3,3,4.08707,2091008,9310208,16,1
strassen,256,dispersa,D0,a,4,3,4.10423,2091008,9310208,16,1
strassen,256,dispersa,D0,a,5,3,4.16973,2091008,9310208,16,1
strassen,256,dispersa,D0,a,6,3,4.17063,2091008,9310208,16,1
strassen,256,dispersa,D0,a,7,3,4.18303,2091008,9310208,16,1
naive,256,dispersa,D0,b,1,3,16.7467,524288,9310208,16,1
naive,256,dispersa,D0,b,2,3,16.7571,524288,9310208,16,1
naive,256,dispersa,D0,b,3,3,16.7399,524288,9310208,16,1
naive,256,dispersa,D0,b,4,3,16.8719,524288,9310208,16,1
naive,256,dispersa,D0,b,5,3,16.8375,524288,9310208,16,1
naive,256,dispersa,D0,b,6,3,16.8751,524288,9310208,16,1
naive,256,dispersa,D0,b,7,3,16.8083,524288,9310208,16,1
strassen,256,dispersa,D0,b,1,3,4.08937,2091008,9310208,16,1
strassen,256,dispersa,D0,b,2,3,4.08913,2091008,9310208,16,1
strassen,256,dispersa,D0,b,3,3,4.12907,2091008,9310208,16,1
strassen,256,dispersa,D0,b,4,3,4.14203,2091008,9310208,16,1
strassen,256,dispersa,D0,b,5,3,4.26053,2091008,9310208,16,1
strassen,256,dispersa,D0,b,6,3,4.3416,2091008,9310208,16,1
strassen,256,dispersa,D0,b,7,3,4.33563,2091008,9310208,16,1
naive,256,dispersa,D0,c,1,3,16.4054,524288,9310208,16,1
naive,256,dispersa,D0,c,2,3,16.3877,524288,9310208,16,1
naive,256,dispersa,D0,c,3,3,16.2655,524288,9310208,16,1
naive,256,dispersa,D0,c,4,3,16.3486,524288,9310208,16,1
naive,256,dispersa,D0,c,5,3,16.225,524288,9310208,16,1
naive,256,dispersa,D0,c,6,3,16.3875,524288,9310208,16,1
naive,256,dispersa,D0,c,7,3,16.4523,524288,9310208,16,1
strassen,256,dispersa,D0,c,1,3,4.31573,2091008,9310208,16,1
strassen,256,dispersa,D0,c,2,3,4.13597,2091008,9310208,16,1
strassen,256,dispersa,D0,c,3,3,4.1652,2091008,9310208,16,1
strassen,256,dispersa,D0,c,4,3,4.19603,2091008,9310208,16,1
strassen,256,dispersa,D0,c,5,3,4.1713,2091008,9310208,16,1
strassen,256,dispersa,D0,c,6,3,4.1881,2091008,9310208,16,1
strassen,256,dispersa,D0,c,7,3,4.11053,2091008,9310208,16,1
naive,256,dispersa,D10,a,1,3,16.745,524288,9310208,16,1
naive,256,dispersa,D10,a,2,3,16.6493,524288,9310208,16,1
naive,256,dispersa,D10,a,3,3,16.6294,524288,9310208,16,1
naive,256,dispersa,D10,a,4,3,16.6421,524288,9310208,16,1
naive,256,dispersa,D10,a,5,3,16.76,524288,9310208,16,1
naive,256,dispersa,D10,a,6,3,16.7495,524288,9310208,16,1
naive,256,dispersa,D10,a,7,3,16.7737,524288,9310208,16,1
strassen,256,dispersa,D10,a,1,3,4.1601,2091008,9310208,16,1
strassen,256,dispersa,D10,a,2,3,4.20703,2091008,9310208,16,1
strassen,256,dispersa,D10,a,3,3,4.14273,2091008,9310208,16,1
strassen,256,dispersa,D10,a,4,3,4.1165,2091008,9310208,16,1
strassen,256,dispersa,D10,a,5,3,4.15653,2091008,9310208,16,1
strassen,256,dispersa,D10,a,6,3,4.1364,2091008,9310208,16,1
strassen,256,dispersa,D10,a,7,3,4.16877,2091008,9310208,16,1
naive,256,dispersa,D10,b,1,3,17.0793,524288,9310208,16,1
naive,256,dispersa,D10,b,2,3,16.8946,524288,9310208,16,1
naive,256,dispersa,D10,b,3,3,16.9457,524288,9310208,16,1
naive,256,dispersa,D10,b,4,3,16.9705,524288,9310208,16,1
naive,256,dispersa,D10,b,5,3,17.0256,524288,9310208,16,1
naive,256,dispersa,D10,b,6,3,16.9858,524288,9310208,16,1
naive,256,dispersa,D10,b,7,3,17.0288,524288,9310208,16,1
strassen,256,dispersa,D10,b,1,3,4.1058,2091008,9310208,16,1
strassen,256,dispersa,D10,b,2,3,4.11143,2091008,9310208,16,1
strassen,256,dispersa,D10,b,3,3,4.107,2091008,9310208,16,1
strassen,256,dispersa,D10,b,4,3,4.14447,2091008,9310208,16,1
strassen,256,dispersa,D10,b,5,3,4.131,2091008,9310208,16,1
strassen,256,dispersa,D10,b,6,3,4.0588,2091008,9310208,16,1
strassen,256,dispersa,D10,b,7,3,4.1085,2091008,9310208,16,1
naive,256,dispersa,D10,c,1,3,17.223,524288,9310208,16,1
naive,256,dispersa,D10,c,2,3,17.0931,524288,9310208,16,1
naive,256,dispersa,D10,c,3,3,17.0363,524288,9310208,16,1
naive,256,dispersa,D10,c,4,3,17.0678,524288,9310208,16,1
naive,256,dispersa,D10,c,5,3,17.1287,524288,9310208,16,1
naive,256,dispersa,D10,c,6,3,17.0022,524288,9310208,16,1
naive,256,dispersa,D10,c,7,3,17.0361,524288,9310208,16,1
strassen,256,dispersa,D10,c,1,3,4.11433,2091008,9310208,16,1
strassen,256,dispersa,D10,c,2,3,4.30203,2091008,9310208,16,1
strassen,256,dispersa,D10,c,3,3,4.40847,2091008,9310208,16,1
strassen,256,dispersa,D10,c,4,3,4.4382,2091008,9310208,16,1
strassen,256,dispersa,D10,c,5,3,4.49363,2091008,9310208,16,1
strassen,256,dispersa,D10,c,6,3,4.79373,2091008,9310208,16,1
strassen,256,dispersa,D10,c,7,3,4.63893,2091008,9310208,16,1
naive,16,densa,D0,a,1,200,0.0012765,2048,4956160,32,1
naive,16,densa,D0,a,2,200,0.0012765,2048,4956160,32,1
naive,16,densa,D0,a,3,200,0.001281,2048,4956160,32,1
naive,16,densa,D0,a,4,200,0.001277,2048,4956160,32,1
naive,16,densa,D0,a,5,200,0.001271,2048,4956160,32,1
naive,16,densa,D0,a,6,200,0.0012715,2048,4956160,32,1
naive,16,densa,D0,a,7,200,0.0013015,2048,4956160,32,1
naive,16,densa,D0,a,8,200,0.0012725,2048,4956160,32,1
naive,16,densa,D0,a,9,200,0.001276,2048,4956160,32,1
naive,16,densa,D0,a,10,200,0.001273,2048,4956160,32,1
naive,16,densa,D0,a,11,200,0.001288,2048,4956160,32,1
naive,16,densa,D0,a,12,200,0.001226,2048,4956160,32,1
naive,16,densa,D0,a,13,200,0.001227,2048,4956160,32,1
naive,16,densa,D0,a,14,200,0.001226,2048,4956160,32,1
naive,16,densa,D0,a,15,200,0.001243,2048,4956160,32,1
strassen,16,densa,D0,a,1,200,0.0012615,2048,5087232,32,1
strassen,16,densa,D0,a,2,200,0.001234,2048,5087232,32,1
strassen,16,densa,D0,a,3,200,0.0012335,2048,5087232,32,1
strassen,16,densa,D0,a,4,200,0.001231,2048,5087232,32,1
strassen,16,densa,D0,a,5,200,0.001256,2048,5087232,32,1
strassen,16,densa,D0,a,6,200,0.001239,2048,5087232,32,1
strassen,16,densa,D0,a,7,200,0.0012535,2048,5087232,32,1
strassen,16,densa,D0,a,8,200,0.001238,2048,5087232,32,1
strassen,16,densa,D0,a,9,200,0.0012385,2048,5087232,32,1
strassen,16,densa,D0,a,10,200,0.0012385,2048,5087232,32,1
strassen,16,densa,D0,a,11,200,0.0012385,2048,5087232,32,1
strassen,16,densa,D0,a,12,200,0.0012385,2048,5087232,32,1
strassen,16,densa,D0,a,13,200,0.0012575,2048,5087232,32,1
strassen,16,densa,D0,a,14,200,0.001232,2048,5087232,32,1
strassen,16,densa,D0,a,15,200,0.0012835,2048,5087232,32,1
naive,16,densa,D0,b,1,200,0.0012295,2048,5091328,32,1
naive,16,densa,D0,b,2,200,0.001228,2048,5091328,32,1
naive,16,densa,D0,b,3,200,0.0012265,2048,5091328,32,1
naive,16,densa,D0,b,4,200,0.0012275,2048,5091328,32,1
naive,16,densa,D0,b,5,200,0.0012275,2048,5091328,32,1
naive,16,densa,D0,b,6,200,0.001249,2048,5091328,32,1
naive,16,densa,D0,b,7,200,0.001226,2048,5091328,32,1
naive,16,densa,D0,b,8,200,0.001226,2048,5091328,32,1
naive,16,densa,D0,b,9,200,0.0012255,2048,5091328,32,1
naive,16,densa,D0,b,10,200,0.001224,2048,5091328,32,1
naive,16,densa,D0,b,11,200,0.0012255,2048,5091328,32,1
naive,16,densa,D0,b,12,200,0.001227,2048,5091328,32,1
naive,16,densa,D0,b,13,200,0.001232,2048,5091328,32,1
naive,16,densa,D0,b,14,200,0.0012395,2048,5091328,32,1
naive,16,densa,D0,b,15,200,0.001226,2048,5091328,32,1
strassen,16,densa,D0,b,1,200,0.001231,2048,5091328,32,1
strassen,16,densa,D0,b,2,200,0.0012315,2048,5091328,32,1
strassen,16,densa,D0,b,3,200,0.0012365,2048,5091328,32,1
strassen,16,densa,D0,b,4,200,0.0012335,2048,5091328,32,1
strassen,16,densa,D0,b,5,200,0.001232,2048,5091328,32,1
strassen,16,densa,D0,b,6,200,0.00152,2048,5091328,32,1
strassen,16,densa,D0,b,7,200,0.001233,2048,5091328,32,1
strassen,16,densa,D0,b,8,200,0.001233,2048,5091328,32,1
strassen,16,densa,D0,b,9,200,0.001232,2048,5091328,32,1
strassen,16,densa,D0,b,10,200,0.0012335,2048,5091328,32,1
strassen,16,densa,D0,b,11,200,0.001234,2048,5091328,32,1
strassen,16,densa,D0,b,12,200,0.0012345,2048,5091328,32,1
strassen,16,densa,D0,b,13,200,0.0012465,2048,5091328,32,1
strassen,16,densa,D0,b,14,200,0.0012335,2048,5091328,32,1
strassen,16,densa,D0,b,15,200,0.0012345,2048,5091328,32,1
naive,16,densa,D0,c,1,200,0.0012305,2048,5091328,32,1
naive,16,densa,D0,c,2,200,0.001227,2048,5091328,32,1
naive,16,densa,D0,c,3,200,0.001227,2048,5091328,32,1
naive,16,densa,D0,c,4,200,0.001227,2048,5091328,32,1
naive,16,densa,D0,c,5,200,0.0012265,2048,5091328,32,1
naive,16,densa,D0,c,6,200,0.0012405,2048,5091328,32,1
naive,16,densa,D0,c,7,200,0.001225,2048,5091328,32,1
naive,16,densa,D0,c,8,200,0.001228,2048,5091328,32,1
naive,16,densa,D0,c,9,200,0.001232,2048,5091328,32,1
naive,16,densa,D0,c,10,200,0.001227,2048,5091328,32,1
naive,16,densa,D0,c,11,200,0.001226,2048,5091328,32,1
naive,16,densa,D0,c,12,200,0.001226,2048,5091328,32,1
naive,16,densa,D0,c,13,200,0.001226,2048,5091328,32,1
naive,16,densa,D0,c,14,200,0.001237,2048,5091328,32,1
naive,16,densa,D0,c,15,200,0.001225,2048,5091328,32,1
strassen,16,densa,D0,c,1,200,0.0012305,2048,5091328,32,1
strassen,16,densa,D0,c,2,200,0.001232,2048,5091328,32,1
strassen,16,densa,D0,c,3,200,0.0012275,2048,5091328,32,1
strassen,16,densa,D0,c,4,200,0.001232,2048,5091328,32,1
strassen,16,densa,D0,c,5,200,0.0012325,2048,5091328,32,1
strassen,16,densa,D0,c,6,200,0.0012435,2048,5091328,32,1
strassen,16,densa,D0,c,7,200,0.0012325,2048,5091328,32,1
strassen,16,densa,D0,c,8,200,0.001232,2048,5091328,32,1
strassen,16,densa,D0,c,9,200,0.0012325,2048,5091328,32,1
strassen,16,densa,D0,c,10,200,0.001232,2048,5091328,32,1
strassen,16,densa,D0,c,11,200,0.0012315,2048,5091328,32,1
strassen,16,densa,D0,c,12,200,0.001231,2048,5091328,32,1
strassen,16,densa,D0,c,13,200,0.001234,2048,5091328,32,1
strassen,16,densa,D0,c,14,200,0.0012425,2048,5091328,32,1
strassen,16,densa,D0,c,15,200,0.00123,2048,5091328,32,1
naive,16,densa,D10,a,1,200,0.0012285,2048,5091328,32,1
naive,16,densa,D10,a,2,200,0.0012285,2048,5091328,32,1
naive,16,densa,D10,a,3,200,0.001228,2048,5091328,32,1
naive,16,densa,D10,a,4,200,0.0012265,2048,5091328,32,1
naive,16,densa,D10,a,5,200,0.0012275,2048,5091328,32,1
naive,16,densa,D10,a,6,200,0.001292,2048,5091328,32,1
naive,16,densa,D10,a,7,200,0.001255,2048,5091328,32,1
naive,16,densa,D10,a,8,200,0.001227,2048,5091328,32,1
naive,16,densa,D10,a,9,200,0.001226,2048,5091328,32,1
naive,16,densa,D10,a,10,200,0.0012275,2048,5091328,32,1
naive,16,densa,D10,a,11,200,0.001227,2048,5091328,32,1
naive,16,densa,D10,a,12,200,0.001228,2048,5091328,32,1
naive,16,densa,D10,a,13,200,0.001228,2048,5091328,32,1
naive,16,densa,D10,a,14,200,0.0012275,2048,5091328,32,1
naive,16,densa,D10,a,15,200,0.0012385,2048,5091328,32,1
strassen,16,densa,D10,a,1,200,0.001234,2048,5091328,32,1
strassen,16,densa,D10,a,2,200,0.0012335,2048,5091328,32,1
strassen,16,densa,D10,a,3,200,0.0012335,2048,5091328,32,1
strassen,16,densa,D10,a,4,200,0.0012335,2048,5091328,32,1
strassen,16,densa,D10,a,5,200,0.0012335,2048,5091328,32,1
strassen,16,densa,D10,a,6,200,0.0012325,2048,5091328,32,1
strassen,16,densa,D10,a,7,200,0.0012685,2048,5091328,32,1
strassen,16,densa,D10,a,8,200,0.0012335,2048,5091328,32,1
strassen,16,densa,D10,a,9,200,0.001235,2048,5091328,32,1
strassen,16,densa,D10,a,10,200,0.0012315,2048,5091328,32,1
strassen,16,densa,D10,a,11,200,0.001233,2048,5091328,32,1
strassen,16,densa,D10,a,12,200,0.0012345,2048,5091328,32,1
strassen,16,densa,D10,a,13,200,0.001233,2048,5091328,32,1
strassen,16,densa,D10,a,14,200,0.0012335,2048,5091328,32,1
strassen,16,densa,D10,a,15,200,0.001252,2048,5091328,32,1
naive,16,densa,D10,b,1,200,0.0012265,2048,5091328,32,1
naive,16,densa,D10,b,2,200,0.001228,2048,5091328,32,1
naive,16,densa,D10,b,3,200,0.0012265,2048,5091328,32,1
naive,16,densa,D10,b,4,200,0.0012255,2048,5091328,32,1
naive,16,densa,D10,b,5,200,0.0012275,2048,5091328,32,1
naive,16,densa,D10,b,6,200,0.0012435,2048,5091328,32,1
naive,16,densa,D10,b,7,200,0.0012255,2048,5091328,32,1
naive,16,densa,D10,b,8,200,0.001223,2048,5091328,32,1
naive,16,densa,D10,b,9,200,0.0012265,2048,5091328,32,1
naive,16,densa,D10,b,10,200,0.0012255,2048,5091328,32,1
naive,16,densa,D10,b,11,200,0.0012245,2048,5091328,32,1
naive,16,densa,D10,b,12,200,0.0012235,2048,5091328,32,1
naive,16,densa,D10,b,13,200,0.001223,2048,5091328,32,1
naive,16,densa,D10,b,14,200,0.001224,2048,5091328,32,1
naive,16,densa,D10,b,15,200,0.0012395,2048,5091328,32,1
strassen,16,densa,D10,b,1,200,0.001234,2048,5091328,32,1
strassen,16,densa,D10,b,2,200,0.0012325,2048,5091328,32,1
strassen,16,densa,D10,b,3,200,0.0012325,2048,5091328,32,1
strassen,16,densa,D10,b,4,200,0.0012325,2048,5091328,32,1
strassen,16,densa,D10,b,5,200,0.0012305,2048,5091328,32,1
strassen,16,densa,D10,b,6,200,0.0012315,2048,5091328,32,1
strassen,16,densa,D10,b,7,200,0.001238,2048,5091328,32,1
strassen,16,densa,D10,b,8,200,0.001232,2048,5091328,32,1
strassen,16,densa,D10,b,9,200,0.001233,2048,5091328,32,1
strassen,16,densa,D10,b,10,200,0.001234,2048,5091328,32,1
strassen,16,densa,D10,b,11,200,0.0012325,2048,5091328,32,1
strassen,16,densa,D10,b,12,200,0.001232,2048,5091328,32,1
strassen,16,densa,D10,b,13,200,0.001231,2048,5091328,32,1
strassen,16,densa,D10,b,14,200,0.0012405,2048,5091328,32,1
strassen,16,densa,D10,b,15,200,0.0012325,2048,5091328,32,1
naive,16,densa,D10,c,1,200,0.001225,2048,5091328,32,1
naive,16,densa,D10,c,2,200,0.001237,2048,5091328,32,1
naive,16,densa,D10,c,3,200,0.0012255,2048,5091328,32,1
naive,16,densa,D10,c,4,200,0.0012245,2048,5091328,32,1
naive,16,densa,D10,c,5,200,0.0012435,2048,5091328,32,1
naive,16,densa,D10,c,6,200,0.001225,2048,5091328,32,1
naive,16,densa,D10,c,7,200,0.001229,2048,5091328,32,1
naive,16,densa,D10,c,8,200,0.0012255,2048,5091328,32,1
naive,16,densa,D10,c,9,200,0.001226,2048,5091328,32,1
naive,16,densa,D10,c,10,200,0.001226,2048,5091328,32,1
naive,16,densa,D10,c,11,200,0.0012465,2048,5091328,32,1
naive,16,densa,D10,c,12,200,0.0012535,2048,5091328,32,1
naive,16,densa,D10,c,13,200,0.0012385,2048,5091328,32,1
naive,16,densa,D10,c,14,200,0.0012245,2048,5091328,32,1
naive,16,densa,D10,c,15,200,0.001225,2048,5091328,32,1
strassen,16,densa,D10,c,1,200,0.0012305,2048,5091328,32,1
strassen,16,densa,D10,c,2,200,0.001232,2048,5091328,32,1
strassen,16,densa,D10,c,3,200,0.00123,2048,5091328,32,1
strassen,16,densa,D10,c,4,200,0.00123,2048,5091328,32,1
strassen,16,densa,D10,c,5,200,0.0012435,2048,5091328,32,1
strassen,16,densa,D10,c,6,200,0.001334,2048,5091328,32,1
strassen,16,densa,D10,c,7,200,0.001233,2048,5091328,32,1
strassen,16,densa,D10,c,8,200,0.001233,2048,5091328,32,1
strassen,16,densa,D10,c,9,200,0.001231,2048,5091328,32,1
strassen,16,densa,D10,c,10,200,0.001241,2048,5091328,32,1
strassen,16,densa,D10,c,11,200,0.0012315,2048,5091328,32,1
strassen,16,densa,D10,c,12,200,0.001232,2048,5091328,32,1
strassen,16,densa,D10,c,13,200,0.001241,2048,5091328,32,1
strassen,16,densa,D10,c,14,200,0.001231,2048,5091328,32,1
strassen,16,densa,D10,c,15,200,0.001231,2048,5091328,32,1
naive,16,diagonal,D0,a,1,200,0.0012285,2048,5091328,32,1
naive,16,diagonal,D0,a,2,200,0.001227,2048,5091328,32,1
naive,16,diagonal,D0,a,3,200,0.0012265,2048,5091328,32,1
naive,16,diagonal,D0,a,4,200,0.0012265,2048,5091328,32,1
naive,16,diagonal,D0,a,5,200,0.0012265,2048,5091328,32,1
naive,16,diagonal,D0,a,6,200,0.0012475,2048,5091328,32,1
naive,16,diagonal,D0,a,7,200,0.0012285,2048,5091328,32,1
naive,16,diagonal,D0,a,8,200,0.0012275,2048,5091328,32,1
naive,16,diagonal,D0,a,9,200,0.001228,2048,5091328,32,1
naive,16,diagonal,D0,a,10,200,0.001228,2048,5091328,32,1
naive,16,diagonal,D0,a,11,200,0.0012275,2048,5091328,32,1
naive,16,diagonal,D0,a,12,200,0.001227,2048,5091328,32,1
naive,16,diagonal,D0,a,13,200,0.001233,2048,5091328,32,1
naive,16,diagonal,D0,a,14,200,0.0012405,2048,5091328,32,1
naive,16,diagonal,D0,a,15,200,0.001225,2048,5091328,32,1
strassen,16,diagonal,D0,a,1,200,0.001232,2048,5091328,32,1
strassen,16,diagonal,D0,a,2,200,0.0012335,2048,5091328,32,1
strassen,16,diagonal,D0,a,3,200,0.001234,2048,5091328,32,1
strassen,16,diagonal,D0,a,4,200,0.001234,2048,5091328,32,1
strassen,16,diagonal,D0,a,5,200,0.001232,2048,5091328,32,1
strassen,16,diagonal,D0,a,6,200,0.0012455,2048,5091328,32,1
strassen,16,diagonal,D0,a,7,200,0.001234,2048,5091328,32,1
strassen,16,diagonal,D0,a,8,200,0.001236,2048,5091328,32,1
strassen,16,diagonal,D0,a,9,200,0.0012345,2048,5091328,32,1
strassen,16,diagonal,D0,a,10,200,0.0012355,2048,5091328,32,1
strassen,16,diagonal,D0,a,11,200,0.001236,2048,5091328,32,1
strassen,16,diagonal,D0,a,12,200,0.0012365,2048,5091328,32,1
strassen,16,diagonal,D0,a,13,200,0.0012355,2048,5091328,32,1
strassen,16,diagonal,D0,a,14,200,0.0013475,2048,5091328,32,1
strassen,16,diagonal,D0,a,15,200,0.0012825,2048,5091328,32,1
naive,16,diagonal,D0,b,1,200,0.001321,2048,5091328,32,1
naive,16,diagonal,D0,b,2,200,0.001228,2048,5091328,32,1
naive,16,diagonal,D0,b,3,200,0.0012275,2048,5091328,32,1
naive,16,diagonal,D0,b,4,200,0.001228,2048,5091328,32,1
naive,16,diagonal,D0,b,5,200,0.0012265,2048,5091328,32,1
naive,16,diagonal,D0,b,6,200,0.001251,2048,5091328,32,1
naive,16,diagonal,D0,b,7,200,0.0012265,2048,5091328,32,1
naive,16,diagonal,D0,b,8,200,0.0012265,2048,5091328,32,1
naive,16,diagonal,D0,b,9,200,0.001226,2048,5091328,32,1
naive,16,diagonal,D0,b,10,200,0.0012895,2048,5091328,32,1
naive,16,diagonal,D0,b,11,200,0.001334,2048,5091328,32,1
naive,16,diagonal,D0,b,12,200,0.001226,2048,5091328,32,1
naive,16,diagonal,D0,b,13,200,0.0012275,2048,5091328,32,1
naive,16,diagonal,D0,b,14,200,0.0012425,2048,5091328,32,1
naive,16,diagonal,D0,b,15,200,0.0012275,2048,5091328,32,1
strassen,16,diagonal,D0,b,1,200,0.001233,2048,5091328,32,1
strassen,16,diagonal,D0,b,2,200,0.001234,2048,5091328,32,1
strassen,16,diagonal,D0,b,3,200,0.001232,2048,5091328,32,1
strassen,16,diagonal,D0,b,4,200,0.0012325,2048,5091328,32,1
strassen,16,diagonal,D0,b,5,200,0.0012355,2048,5091328,32,1
strassen,16,diagonal,D0,b,6,200,0.001233,2048,5091328,32,1
strassen,16,diagonal,D0,b,7,200,0.0012665,2048,5091328,32,1
strassen,16,diagonal,D0,b,8,200,0.0012345,2048,5091328,32,1
strassen,16,diagonal,D0,b,9,200,0.0012315,2048,5091328,32,1
strassen,16,diagonal,D0,b,10,200,0.0012335,2048,5091328,32,1
strassen,16,diagonal,D0,b,11,200,0.0012335,2048,5091328,32,1
strassen,16,diagonal,D0,b,12,200,0.0012325,2048,5091328,32,1
strassen,16,diagonal,D0,b,13,200,0.001232,2048,5091328,32,1
strassen,16,diagonal,D0,b,14,200,0.0012325,2048,5091328,32,1
strassen,16,diagonal,D0,b,15,200,0.001247,2048,5091328,32,1
naive,16,diagonal,D0,c,1,200,0.001228,2048,5091328,32,1
naive,16,diagonal,D0,c,2,200,0.0012265,2048,5091328,32,1
naive,16,diagonal,D0,c,3,200,0.0012285,2048,5091328,32,1
naive,16,diagonal,D0,c,4,200,0.001226,2048,5091328,32,1
naive,16,diagonal,D0,c,5,200,0.001227,2048,5091328,32,1
naive,16,diagonal,D0,c,6,200,0.0012555,2048,5091328,32,1
naive,16,diagonal,D0,c,7,200,0.0012265,2048,5091328,32,1
naive,16,diagonal,D0,c,8,200,0.0012275,2048,5091328,32,1
naive,16,diagonal,D0,c,9,200,0.0012275,2048,5091328,32,1
naive,16,diagonal,D0,c,10,200,0.0012265,2048,5091328,32,1
naive,16,diagonal,D0,c,11,200,0.001225,2048,5091328,32,1
naive,16,diagonal,D0,c,12,200,0.0012255,2048,5091328,32,1
naive,16,diagonal,D0,c,13,200,0.001227,2048,5091328,32,1
naive,16,diagonal,D0,c,14,200,0.001238,2048,5091328,32,1
naive,16,diagonal,D0,c,15,200,0.001227,2048,5091328,32,1
strassen,16,diagonal,D0,c,1,200,0.001272,2048,5091328,32,1
strassen,16,diagonal,D0,c,2,200,0.001233,2048,5091328,32,1
strassen,16,diagonal,D0,c,3,200,0.001233,2048,5091328,32,1
strassen,16,diagonal,D0,c,4,200,0.0012325,2048,5091328,32,1
strassen,16,diagonal,D0,c,5,200,0.0012335,2048,5091328,32,1
strassen,16,diagonal,D0,c,6,200,0.001235,2048,5091328,32,1
strassen,16,diagonal,D0,c,7,200,0.0012445,2048,5091328,32,1
strassen,16,diagonal,D0,c,8,200,0.001235,2048,5091328,32,1
strassen,16,diagonal,D0,c,9,200,0.0012405,2048,5091328,32,1
strassen,16,diagonal,D0,c,10,200,0.001236,2048,5091328,32,1
strassen,16,diagonal,D0,c,11,200,0.001235,2048,5091328,32,1
strassen,16,diagonal,D0,c,12,200,0.0012345,2048,5091328,32,1
strassen,16,diagonal,D0,c,13,200,0.001234,2048,5091328,32,1
strassen,16,diagonal,D0,c,14,200,0.001233,2048,5091328,32,1
strassen,16,diagonal,D0,c,15,200,0.001247,2048,5091328,32,1
naive,16,diagonal,D10,a,1,200,0.0012275,2048,5091328,32,1
naive,16,diagonal,D10,a,2,200,0.001227,2048,5091328,32,1
naive,16,diagonal,D10,a,3,200,0.0012265,2048,5091328,32,1
naive,16,diagonal,D10,a,4,200,0.0012255,2048,5091328,32,1
naive,16,diagonal,D10,a,5,200,0.001225,2048,5091328,32,1
naive,16,diagonal,D10,a,6,200,0.0012245,2048,5091328,32,1
naive,16,diagonal,D10,a,7,200,0.0012455,2048,5091328,32,1
naive,16,diagonal,D10,a,8,200,0.0012265,2048,5091328,32,1
naive,16,diagonal,D10,a,9,200,0.0012265,2048,5091328,32,1
naive,16,diagonal,D10,a,10,200,0.001262,2048,5091328,32,1
naive,16,diagonal,D10,a,11,200,0.0012255,2048,5091328,32,1
naive,16,diagonal,D10,a,12,200,0.001313,2048,5091328,32,1
naive,16,diagonal,D10,a,13,200,0.001227,2048,5091328,32,1
naive,16,diagonal,D10,a,14,200,0.001226,2048,5091328,32,1
naive,16,diagonal,D10,a,15,200,0.001249,2048,5091328,32,1
strassen,16,diagonal,D10,a,1,200,0.001233,2048,5091328,32,1
strassen,16,diagonal,D10,a,2,200,0.001232,2048,5091328,32,1
strassen,16,diagonal,D10,a,3,200,0.001234,2048,5091328,32,1
strassen,16,diagonal,D10,a,4,200,0.001232,2048,5091328,32,1
strassen,16,diagonal,D10,a,5,200,0.0012565,2048,5091328,32,1
strassen,16,diagonal,D10,a,6,200,0.001272,2048,5091328,32,1
strassen,16,diagonal,D10,a,7,200,0.0012315,2048,5091328,32,1
strassen,16,diagonal,D10,a,8,200,0.001245,2048,5091328,32,1
strassen,16,diagonal,D10,a,9,200,0.0012335,2048,5091328,32,1
strassen,16,diagonal,D10,a,10,200,0.001233,2048,5091328,32,1
strassen,16,diagonal,D10,a,11,200,0.0012315,2048,5091328,32,1
strassen,16,diagonal,D10,a,12,200,0.001232,2048,5091328,32,1
strassen,16,diagonal,D10,a,13,200,0.0012335,2048,5091328,32,1
strassen,16,diagonal,D10,a,14,200,0.001233,2048,5091328,32,1
strassen,16,diagonal,D10,a,15,200,0.00124,2048,5091328,32,1
naive,16,diagonal,D10,b,1,200,0.0012275,2048,5091328,32,1
naive,16,diagonal,D10,b,2,200,0.001227,2048,5091328,32,1
naive,16,diagonal,D10,b,3,200,0.001228,2048,5091328,32,1
naive,16,diagonal,D10,b,4,200,0.0012265,2048,5091328,32,1
naive,16,diagonal,D10,b,5,200,0.0012275,2048,5091328,32,1
naive,16,diagonal,D10,b,6,200,0.001227,2048,5091328,32,1
naive,16,diagonal,D10,b,7,200,0.001247,2048,5091328,32,1
naive,16,diagonal,D10,b,8,200,0.0012285,2048,5091328,32,1
naive,16,diagonal,D10,b,9,200,0.0012265,2048,5091328,32,1
naive,16,diagonal,D10,b,10,200,0.0012265,2048,5091328,32,1
naive,16,diagonal,D10,b,11,200,0.0012275,2048,5091328,32,1
naive,16,diagonal,D10,b,12,200,0.001227,2048,5091328,32,1
naive,16,diagonal,D10,b,13,200,0.001229,2048,5091328,32,1
naive,16,diagonal,D10,b,14,200,0.001226,2048,5091328,32,1
naive,16,diagonal,D10,b,15,200,0.0012415,2048,5091328,32,1
strassen,16,diagonal,D10,b,1,200,0.001234,2048,5091328,32,1
strassen,16,diagonal,D10,b,2,200,0.001233,2048,5091328,32,1
strassen,16,diagonal,D10,b,3,200,0.001234,2048,5091328,32,1
strassen,16,diagonal,D10,b,4,200,0.001232,2048,5091328,32,1
strassen,16,diagonal,D10,b,5,200,0.0012335,2048,5091328,32,1
strassen,16,diagonal,D10,b,6,200,0.0012335,2048,5091328,32,1
strassen,16,diagonal,D10,b,7,200,0.0012415,2048,5091328,32,1
strassen,16,diagonal,D10,b,8,200,0.0012345,2048,5091328,32,1
strassen,16,diagonal,D10,b,9,200,0.0012335,2048,5091328,32,1
strassen,16,diagonal,D10,b,10,200,0.0012335,2048,5091328,32,1
strassen,16,diagonal,D10,b,11,200,0.0012325,2048,5091328,32,1
strassen,16,diagonal,D10,b,12,200,0.0012345,2048,5091328,32,1
strassen,16,diagonal,D10,b,13,200,0.0012345,2048,5091328,32,1
strassen,16,diagonal,D10,b,14,200,0.0012465,2048,5091328,32,1
strassen,16,diagonal,D10,b,15,200,0.0012335,2048,5091328,32,1
naive,16,diagonal,D10,c,1,200,0.0012285,2048,5091328,32,1
naive,16,diagonal,D10,c,2,200,0.001226,2048,5091328,32,1
naive,16,diagonal,D10,c,3,200,0.001226,2048,5091328,32,1
naive,16,diagonal,D10,c,4,200,0.001226,2048,5091328,32,1
naive,16,diagonal,D10,c,5,200,0.001224,2048,5091328,32,1
naive,16,diagonal,D10,c,6,200,0.0012265,2048,5091328,32,1
naive,16,diagonal,D10,c,7,200,0.0012425,2048,5091328,32,1
naive,16,diagonal,D10,c,8,200,0.0012275,2048,5091328,32,1
naive,16,diagonal,D10,c,9,200,0.001229,2048,5091328,32,1
naive,16,diagonal,D10,c,10,200,0.001227,2048,5091328,32,1
naive,16,diagonal,D10,c,11,200,0.001226,2048,5091328,32,1
naive,16,diagonal,D10,c,12,200,0.0012265,2048,5091328,32,1
naive,16,diagonal,D10,c,13,200,0.0012515,2048,5091328,32,1
naive,16,diagonal,D10,c,14,200,0.001227,2048,5091328,32,1
naive,16,diagonal,D10,c,15,200,0.0012395,2048,5091328,32,1
strassen,16,diagonal,D10,c,1,200,0.0012325,2048,5091328,32,1
strassen,16,diagonal,D10,c,2,200,0.0012345,2048,5091328,32,1
strassen,16,diagonal,D10,c,3,200,0.0012335,2048,5091328,32,1
strassen,16,diagonal,D10,c,4,200,0.001233,2048,5091328,32,1
strassen,16,diagonal,D10,c,5,200,0.001234,2048,5091328,32,1
strassen,16,diagonal,D10,c,6,200,0.001232,2048,5091328,32,1
strassen,16,diagonal,D10,c,7,200,0.0012565,2048,5091328,32,1
strassen,16,diagonal,D10,c,8,200,0.001246,2048,5091328,32,1
strassen,16,diagonal,D10,c,9,200,0.001233,2048,5091328,32,1
strassen,16,diagonal,D10,c,10,200,0.0012325,2048,5091328,32,1
strassen,16,diagonal,D10,c,11,200,0.001233,2048,5091328,32,1
strassen,16,diagonal,D10,c,12,200,0.001233,2048,5091328,32,1
strassen,16,diagonal,D10,c,13,200,0.001235,2048,5091328,32,1
strassen,16,diagonal,D10,c,14,200,0.0012325,2048,5091328,32,1
strassen,16,diagonal,D10,c,15,200,0.001244,2048,5091328,32,1
naive,16,dispersa,D0,a,1,200,0.0012255,2048,5091328,32,1
naive,16,dispersa,D0,a,2,200,0.0012265,2048,5091328,32,1
naive,16,dispersa,D0,a,3,200,0.0012275,2048,5091328,32,1
naive,16,dispersa,D0,a,4,200,0.0012255,2048,5091328,32,1
naive,16,dispersa,D0,a,5,200,0.001228,2048,5091328,32,1
naive,16,dispersa,D0,a,6,200,0.0012445,2048,5091328,32,1
naive,16,dispersa,D0,a,7,200,0.001229,2048,5091328,32,1
naive,16,dispersa,D0,a,8,200,0.0012285,2048,5091328,32,1
naive,16,dispersa,D0,a,9,200,0.001227,2048,5091328,32,1
naive,16,dispersa,D0,a,10,200,0.001229,2048,5091328,32,1
naive,16,dispersa,D0,a,11,200,0.001229,2048,5091328,32,1
naive,16,dispersa,D0,a,12,200,0.0012285,2048,5091328,32,1
naive,16,dispersa,D0,a,13,200,0.001228,2048,5091328,32,1
naive,16,dispersa,D0,a,14,200,0.001227,2048,5091328,32,1
naive,16,dispersa,D0,a,15,200,0.0012465,2048,5091328,32,1
strassen,16,dispersa,D0,a,1,200,0.001234,2048,5091328,32,1
strassen,16,dispersa,D0,a,2,200,0.001233,2048,5091328,32,1
strassen,16,dispersa,D0,a,3,200,0.001234,2048,5091328,32,1
strassen,16,dispersa,D0,a,4,200,0.001236,2048,5091328,32,1
strassen,16,dispersa,D0,a,5,200,0.001234,2048,5091328,32,1
strassen,16,dispersa,D0,a,6,200,0.0012345,2048,5091328,32,1
strassen,16,dispersa,D0,a,7,200,0.001234,2048,5091328,32,1
strassen,16,dispersa,D0,a,8,200,0.0012425,2048,5091328,32,1
strassen,16,dispersa,D0,a,9,200,0.0012325,2048,5091328,32,1
strassen,16,dispersa,D0,a,10,200,0.0012305,2048,5091328,32,1
strassen,16,dispersa,D0,a,11,200,0.001231,2048,5091328,32,1
strassen,16,dispersa,D0,a,12,200,0.001232,2048,5091328,32,1
strassen,16,dispersa,D0,a,13,200,0.001232,2048,5091328,32,1
strassen,16,dispersa,D0,a,14,200,0.001232,2048,5091328,32,1
strassen,16,dispersa,D0,a,15,200,0.0012435,2048,5091328,32,1
naive,16,dispersa,D0,b,1,200,0.0012265,2048,5091328,32,1
naive,16,dispersa,D0,b,2,200,0.001227,2048,5091328,32,1
naive,16,dispersa,D0,b,3,200,0.001226,2048,5091328,32,1
naive,16,dispersa,D0,b,4,200,0.001227,2048,5091328,32,1
naive,16,dispersa,D0,b,5,200,0.0012265,2048,5091328,32,1
naive,16,dispersa,D0,b,6,200,0.001225,2048,5091328,32,1
naive,16,dispersa,D0,b,7,200,0.0012425,2048,5091328,32,1
naive,16,dispersa,D0,b,8,200,0.001228,2048,5091328,32,1
naive,16,dispersa,D0,b,9,200,0.0012275,2048,5091328,32,1
naive,16,dispersa,D0,b,10,200,0.001228,2048,5091328,32,1
naive,16,dispersa,D0,b,11,200,0.0012285,2048,5091328,32,1
naive,16,dispersa,D0,b,12,200,0.001227,2048,5091328,32,1
naive,16,dispersa,D0,b,13,200,0.001228,2048,5091328,32,1
naive,16,dispersa,D0,b,14,200,0.0012265,2048,5091328,32,1
naive,16,dispersa,D0,b,15,200,0.0012275,2048,5091328,32,1
strassen,16,dispersa,D0,b,1,200,0.0012455,2048,5091328,32,1
strassen,16,dispersa,D0,b,2,200,0.001231,2048,5091328,32,1
strassen,16,dispersa,D0,b,3,200,0.001233,2048,5091328,32,1
strassen,16,dispersa,D0,b,4,200,0.001233,2048,5091328,32,1
strassen,16,dispersa,D0,b,5,200,0.001234,2048,5091328,32,1
strassen,16,dispersa,D0,b,6,200,0.0012495,2048,5091328,32,1
strassen,16,dispersa,D0,b,7,200,0.001235,2048,5091328,32,1
strassen,16,dispersa,D0,b,8,200,0.00123,2048,5091328,32,1
strassen,16,dispersa,D0,b,9,200,0.001243,2048,5091328,32,1
strassen,16,dispersa,D0,b,10,200,0.001232,2048,5091328,32,1
strassen,16,dispersa,D0,b,11,200,0.001231,2048,5091328,32,1
strassen,16,dispersa,D0,b,12,200,0.0012335,2048,5091328,32,1
strassen,16,dispersa,D0,b,13,200,0.0012305,2048,5091328,32,1
strassen,16,dispersa,D0,b,14,200,0.0012315,2048,5091328,32,1
strassen,16,dispersa,D0,b,15,200,0.0012315,2048,5091328,32,1
naive,16,dispersa,D0,c,1,200,0.001243,2048,5091328,32,1
naive,16,dispersa,D0,c,2,200,0.001226,2048,5091328,32,1
naive,16,dispersa,D0,c,3,200,0.001226,2048,5091328,32,1
naive,16,dispersa,D0,c,4,200,0.001227,2048,5091328,32,1
naive,16,dispersa,D0,c,5,200,0.001225,2048,5091328,32,1
naive,16,dispersa,D0,c,6,200,0.0012275,2048,5091328,32,1
naive,16,dispersa,D0,c,7,200,0.001229,2048,5091328,32,1
naive,16,dispersa,D0,c,8,200,0.001227,2048,5091328,32,1
naive,16,dispersa,D0,c,9,200,0.001226,2048,5091328,32,1
naive,16,dispersa,D0,c,10,200,0.0012385,2048,5091328,32,1
naive,16,dispersa,D0,c,11,200,0.0012275,2048,5091328,32,1
naive,16,dispersa,D0,c,12,200,0.0012275,2048,5091328,32,1
naive,16,dispersa,D0,c,13,200,0.0012275,2048,5091328,32,1
naive,16,dispersa,D0,c,14,200,0.0012275,2048,5091328,32,1
naive,16,dispersa,D0,c,15,200,0.001229,2048,5091328,32,1
strassen,16,dispersa,D0,c,1,200,0.0012335,2048,5091328,32,1
strassen,16,dispersa,D0,c,2,200,0.0012405,2048,5091328,32,1
strassen,16,dispersa,D0,c,3,200,0.0012335,2048,5091328,32,1
strassen,16,dispersa,D0,c,4,200,0.0012325,2048,5091328,32,1
strassen,16,dispersa,D0,c,5,200,0.001233,2048,5091328,32,1
strassen,16,dispersa,D0,c,6,200,0.001233,2048,5091328,32,1
strassen,16,dispersa,D0,c,7,200,0.0012325,2048,5091328,32,1
strassen,16,dispersa,D0,c,8,200,0.001233,2048,5091328,32,1
strassen,16,dispersa,D0,c,9,200,0.001246,2048,5091328,32,1
strassen,16,dispersa,D0,c,10,200,0.0012335,2048,5091328,32,1
strassen,16,dispersa,D0,c,11,200,0.001232,2048,5091328,32,1
strassen,16,dispersa,D0,c,12,200,0.0012325,2048,5091328,32,1
strassen,16,dispersa,D0,c,13,200,0.0012325,2048,5091328,32,1
strassen,16,dispersa,D0,c,14,200,0.001232,2048,5091328,32,1
strassen,16,dispersa,D0,c,15,200,0.0012315,2048,5091328,32,1
naive,16,dispersa,D10,a,1,200,0.0012435,2048,5091328,32,1
naive,16,dispersa,D10,a,2,200,0.0012305,2048,5091328,32,1
naive,16,dispersa,D10,a,3,200,0.001228,2048,5091328,32,1
naive,16,dispersa,D10,a,4,200,0.001229,2048,5091328,32,1
naive,16,dispersa,D10,a,5,200,0.0012285,2048,5091328,32,1
naive,16,dispersa,D10,a,6,200,0.0012275,2048,5091328,32,1
naive,16,dispersa,D10,a,7,200,0.00123,2048,5091328,32,1
naive,16,dispersa,D10,a,8,200,0.0012285,2048,5091328,32,1
naive,16,dispersa,D10,a,9,200,0.00124,2048,5091328,32,1
naive,16,dispersa,D10,a,10,200,0.001227,2048,5091328,32,1
naive,16,dispersa,D10,a,11,200,0.0012285,2048,5091328,32,1
naive,16,dispersa,D10,a,12,200,0.0012275,2048,5091328,32,1
naive,16,dispersa,D10,a,13,200,0.0012285,2048,5091328,32,1
naive,16,dispersa,D10,a,14,200,0.001227,2048,5091328,32,1
naive,16,dispersa,D10,a,15,200,0.00123,2048,5091328,32,1
strassen,16,dispersa,D10,a,1,200,0.001234,2048,5091328,32,1
strassen,16,dispersa,D10,a,2,200,0.0012445,2048,5091328,32,1
strassen,16,dispersa,D10,a,3,200,0.001233,2048,5091328,32,1
strassen,16,dispersa,D10,a,4,200,0.00125,2048,5091328,32,1
strassen,16,dispersa,D10,a,5,200,0.001234,2048,5091328,32,1
strassen,16,dispersa,D10,a,6,200,0.0012325,2048,5091328,32,1
strassen,16,dispersa,D10,a,7,200,0.001233,2048,5091328,32,1
strassen,16,dispersa,D10,a,8,200,0.0012325,2048,5091328,32,1
strassen,16,dispersa,D10,a,9,200,0.001231,2048,5091328,32,1
strassen,16,dispersa,D10,a,10,200,0.001244,2048,5091328,32,1
strassen,16,dispersa,D10,a,11,200,0.001233,2048,5091328,32,1
strassen,16,dispersa,D10,a,12,200,0.0012335,2048,5091328,32,1
strassen,16,dispersa,D10,a,13,200,0.0012325,2048,5091328,32,1
strassen,16,dispersa,D10,a,14,200,0.0012325,2048,5091328,32,1
strassen,16,dispersa,D10,a,15,200,0.001233,2048,5091328,32,1
naive,16,dispersa,D10,b,1,200,0.0012265,2048,5091328,32,1
naive,16,dispersa,D10,b,2,200,0.001242,2048,5091328,32,1
naive,16,dispersa,D10,b,3,200,0.001225,2048,5091328,32,1
naive,16,dispersa,D10,b,4,200,0.001225,2048,5091328,32,1
naive,16,dispersa,D10,b,5,200,0.001227,2048,5091328,32,1
naive,16,dispersa,D10,b,6,200,0.0013955,2048,5091328,32,1
naive,16,dispersa,D10,b,7,200,0.0014465,2048,5091328,32,1
naive,16,dispersa,D10,b,8,200,0.001487,2048,5091328,32,1
naive,16,dispersa,D10,b,9,200,0.001224,2048,5091328,32,1
naive,16,dispersa,D10,b,10,200,0.001246,2048,5091328,32,1
naive,16,dispersa,D10,b,11,200,0.001224,2048,5091328,32,1
naive,16,dispersa,D10,b,12,200,0.0012265,2048,5091328,32,1
naive,16,dispersa,D10,b,13,200,0.0012275,2048,5091328,32,1
naive,16,dispersa,D10,b,14,200,0.001226,2048,5091328,32,1
naive,16,dispersa,D10,b,15,200,0.0012265,2048,5091328,32,1
strassen,16,dispersa,D10,b,1,200,0.001232,2048,5091328,32,1
strassen,16,dispersa,D10,b,2,200,0.001232,2048,5091328,32,1
strassen,16,dispersa,D10,b,3,200,0.0012445,2048,5091328,32,1
strassen,16,dispersa,D10,b,4,200,0.001232,2048,5091328,32,1
strassen,16,dispersa,D10,b,5,200,0.001232,2048,5091328,32,1
strassen,16,dispersa,D10,b,6,200,0.0012325,2048,5091328,32,1
strassen,16,dispersa,D10,b,7,200,0.001233,2048,5091328,32,1
strassen,16,dispersa,D10,b,8,200,0.0012315,2048,5091328,32,1
strassen,16,dispersa,D10,b,9,200,0.0012345,2048,5091328,32,1
strassen,16,dispersa,D10,b,10,200,0.001245,2048,5091328,32,1
strassen,16,dispersa,D10,b,11,200,0.0012345,2048,5091328,32,1
strassen,16,dispersa,D10,b,12,200,0.0012325,2048,5091328,32,1
strassen,16,dispersa,D10,b,13,200,0.001235,2048,5091328,32,1
strassen,16,dispersa,D10,b,14,200,0.001232,2048,5091328,32,1
strassen,16,dispersa,D10,b,15,200,0.001234,2048,5091328,32,1
naive,16,dispersa,D10,c,1,200,0.0012465,2048,5091328,32,1
naive,16,dispersa,D10,c,2,200,0.001226,2048,5091328,32,1
naive,16,dispersa,D10,c,3,200,0.0012275,2048,5091328,32,1
naive,16,dispersa,D10,c,4,200,0.0012225,2048,5091328,32,1
naive,16,dispersa,D10,c,5,200,0.0012245,2048,5091328,32,1
naive,16,dispersa,D10,c,6,200,0.0012255,2048,5091328,32,1
naive,16,dispersa,D10,c,7,200,0.0012245,2048,5091328,32,1
naive,16,dispersa,D10,c,8,200,0.001227,2048,5091328,32,1
naive,16,dispersa,D10,c,9,200,0.001238,2048,5091328,32,1
naive,16,dispersa,D10,c,10,200,0.0012245,2048,5091328,32,1
naive,16,dispersa,D10,c,11,200,0.0012265,2048,5091328,32,1
naive,16,dispersa,D10,c,12,200,0.0012245,2048,5091328,32,1
naive,16,dispersa,D10,c,13,200,0.0012255,2048,5091328,32,1
naive,16,dispersa,D10,c,14,200,0.0012225,2048,5091328,32,1
naive,16,dispersa,D10,c,15,200,0.0012235,2048,5091328,32,1
strassen,16,dispersa,D10,c,1,200,0.0012315,2048,5091328,32,1
strassen,16,dispersa,D10,c,2,200,0.0012415,2048,5091328,32,1
strassen,16,dispersa,D10,c,3,200,0.0012315,2048,5091328,32,1
strassen,16,dispersa,D10,c,4,200,0.001232,2048,5091328,32,1
strassen,16,dispersa,D10,c,5,200,0.001255,2048,5091328,32,1
strassen,16,dispersa,D10,c,6,200,0.001437,2048,5091328,32,1
strassen,16,dispersa,D10,c,7,200,0.0012315,2048,5091328,32,1
strassen,16,dispersa,D10,c,8,200,0.001231,2048,5091328,32,1
strassen,16,dispersa,D10,c,9,200,0.001231,2048,5091328,32,1
strassen,16,dispersa,D10,c,10,200,0.0012505,2048,5091328,32,1
strassen,16,dispersa,D10,c,11,200,0.001231,2048,5091328,32,1
strassen,16,dispersa,D10,c,12,200,0.0012305,2048,5091328,32,1
strassen,16,dispersa,D10,c,13,200,0.001232,2048,5091328,32,1
strassen,16,dispersa,D10,c,14,200,0.001232,2048,5091328,32,1
strassen,16,dispersa,D10,c,15,200,0.001232,2048,5091328,32,1
naive,64,densa,D0,a,1,20,0.10379,32768,5230592,32,1
naive,64,densa,D0,a,2,20,0.10399,32768,5230592,32,1
naive,64,densa,D0,a,3,20,0.10487,32768,5230592,32,1
naive,64,densa,D0,a,4,20,0.11184,32768,5230592,32,1
naive,64,densa,D0,a,5,20,0.105015,32768,5230592,32,1
naive,64,densa,D0,a,6,20,0.10633,32768,5230592,32,1
naive,64,densa,D0,a,7,20,0.105945,32768,5230592,32,1
naive,64,densa,D0,a,8,20,0.10606,32768,5230592,32,1
naive,64,densa,D0,a,9,20,0.103805,32768,5230592,32,1
naive,64,densa,D0,a,10,20,0.105055,32768,5230592,32,1
naive,64,densa,D0,a,11,20,0.10334,32768,5230592,32,1
naive,64,densa,D0,a,12,20,0.104195,32768,5230592,32,1
naive,64,densa,D0,a,13,20,0.103325,32768,5230592,32,1
naive,64,densa,D0,a,14,20,0.10321,32768,5230592,32,1
naive,64,densa,D0,a,15,20,0.103615,32768,5230592,32,1
strassen,64,densa,D0,a,1,20,0.102955,106496,5296128,32,1
strassen,64,densa,D0,a,2,20,0.102795,106496,5296128,32,1
strassen,64,densa,D0,a,3,20,0.10306,106496,5296128,32,1
strassen,64,densa,D0,a,4,20,0.10342,106496,5296128,32,1
strassen,64,densa,D0,a,5,20,0.107995,106496,5296128,32,1
strassen,64,densa,D0,a,6,20,0.11739,106496,5296128,32,1
strassen,64,densa,D0,a,7,20,0.10189,106496,5296128,32,1
strassen,64,densa,D0,a,8,20,0.10177,106496,5296128,32,1
strassen,64,densa,D0,a,9,20,0.102295,106496,5296128,32,1
strassen,64,densa,D0,a,10,20,0.10278,106496,5296128,32,1
strassen,64,densa,D0,a,11,20,0.10473,106496,5296128,32,1
strassen,64,densa,D0,a,12,20,0.107905,106496,5296128,32,1
strassen,64,densa,D0,a,13,20,0.10732,106496,5296128,32,1
strassen,64,densa,D0,a,14,20,0.107915,106496,5296128,32,1
strassen,64,densa,D0,a,15,20,0.10267,106496,5296128,32,1
naive,64,densa,D0,b,1,20,0.096635,32768,5328896,32,1
naive,64,densa,D0,b,2,20,0.09749,32768,5328896,32,1
naive,64,densa,D0,b,3,20,0.097915,32768,5328896,32,1
naive,64,densa,D0,b,4,20,0.0977,32768,5328896,32,1
naive,64,densa,D0,b,5,20,0.098335,32768,5328896,32,1
naive,64,densa,D0,b,6,20,0.09727,32768,5328896,32,1
naive,64,densa,D0,b,7,20,0.09773,32768,5328896,32,1
naive,64,densa,D0,b,8,20,0.09773,32768,5328896,32,1
naive,64,densa,D0,b,9,20,0.10025,32768,5328896,32,1
naive,64,densa,D0,b,10,20,0.098015,32768,5328896,32,1
naive,64,densa,D0,b,11,20,0.097875,32768,5328896,32,1
naive,64,densa,D0,b,12,20,0.09793,32768,5328896,32,1
naive,64,densa,D0,b,13,20,0.09779,32768,5328896,32,1
naive,64,densa,D0,b,14,20,0.09723,32768,5328896,32,1
naive,64,densa,D0,b,15,20,0.097805,32768,5328896,32,1
strassen,64,densa,D0,b,1,20,0.103125,106496,5328896,32,1
strassen,64,densa,D0,b,2,20,0.102045,106496,5328896,32,1
strassen,64,densa,D0,b,3,20,0.10364,106496,5328896,32,1
strassen,64,densa,D0,b,4,20,0.10885,106496,5328896,32,1
strassen,64,densa,D0,b,5,20,0.108475,106496,5328896,32,1
strassen,64,densa,D0,b,6,20,0.105075,106496,5328896,32,1
strassen,64,densa,D0,b,7,20,0.104,106496,5328896,32,1
strassen,64,densa,D0,b,8,20,0.10231,106496,5328896,32,1
strassen,64,densa,D0,b,9,20,0.10171,106496,5328896,32,1
strassen,64,densa,D0,b,10,20,0.102625,106496,5328896,32,1
strassen,64,densa,D0,b,11,20,0.10326,106496,5328896,32,1
strassen,64,densa,D0,b,12,20,0.1062,106496,5328896,32,1
strassen,64,densa,D0,b,13,20,0.108915,106496,5328896,32,1
strassen,64,densa,D0,b,14,20,0.10843,106496,5328896,32,1
strassen,64,densa,D0,b,15,20,0.10763,106496,5328896,32,1
naive,64,densa,D0,c,1,20,0.098575,32768,5328896,32,1
naive,64,densa,D0,c,2,20,0.098525,32768,5328896,32,1
naive,64,densa,D0,c,3,20,0.098715,32768,5328896,32,1
naive,64,densa,D0,c,4,20,0.099155,32768,5328896,32,1
naive,64,densa,D0,c,5,20,0.097655,32768,5328896,32,1
naive,64,densa,D0,c,6,20,0.097745,32768,5328896,32,1
naive,64,densa,D0,c,7,20,0.09835,32768,5328896,32,1
naive,64,densa,D0,c,8,20,0.099875,32768,5328896,32,1
naive,64,densa,D0,c,9,20,0.0981,32768,5328896,32,1
naive,64,densa,D0,c,10,20,0.09791,32768,5328896,32,1
naive,64,densa,D0,c,11,20,0.09798,32768,5328896,32,1
naive,64,densa,D0,c,12,20,0.097605,32768,5328896,32,1
naive,64,densa,D0,c,13,20,0.09796,32768,5328896,32,1
naive,64,densa,D0,c,14,20,0.098095,32768,5328896,32,1
naive,64,densa,D0,c,15,20,0.09862,32768,5328896,32,1
strassen,64,densa,D0,c,1,20,0.102005,106496,5328896,32,1
strassen,64,densa,D0,c,2,20,0.102495,106496,5328896,32,1
strassen,64,densa,D0,c,3,20,0.103055,106496,5328896,32,1
strassen,64,densa,D0,c,4,20,0.10306,106496,5328896,32,1
strassen,64,densa,D0,c,5,20,0.098105,106496,5328896,32,1
strassen,64,densa,D0,c,6,20,0.0933,106496,5328896,32,1
strassen,64,densa,D0,c,7,20,0.091845,106496,5328896,32,1
strassen,64,densa,D0,c,8,20,0.097375,106496,5328896,32,1
strassen,64,densa,D0,c,9,20,0.10955,106496,5328896,32,1
strassen,64,densa,D0,c,10,20,0.088905,106496,5328896,32,1
strassen,64,densa,D0,c,11,20,0.09225,106496,5328896,32,1
strassen,64,densa,D0,c,12,20,0.089985,106496,5328896,32,1
strassen,64,densa,D0,c,13,20,0.090355,106496,5328896,32,1
strassen,64,densa,D0,c,14,20,0.09063,106496,5328896,32,1
strassen,64,densa,D0,c,15,20,0.089435,106496,5328896,32,1
naive,64,densa,D10,a,1,20,0.09616,32768,5328896,32,1
naive,64,densa,D10,a,2,20,0.095325,32768,5328896,32,1
naive,64,densa,D10,a,3,20,0.09678,32768,5328896,32,1
naive,64,densa,D10,a,4,20,0.09673,32768,5328896,32,1
naive,64,densa,D10,a,5,20,0.09575,32768,5328896,32,1
naive,64,densa,D10,a,6,20,0.094725,32768,5328896,32,1
naive,64,densa,D10,a,7,20,0.096455,32768,5328896,32,1
naive,64,densa,D10,a,8,20,0.096745,32768,5328896,32,1
naive,64,densa,D10,a,9,20,0.09812,32768,5328896,32,1
naive,64,densa,D10,a,10,20,0.096775,32768,5328896,32,1
naive,64,densa,D10,a,11,20,0.0964,32768,5328896,32,1
naive,64,densa,D10,a,12,20,0.09675,32768,5328896,32,1
naive,64,densa,D10,a,13,20,0.096765,32768,5328896,32,1
naive,64,densa,D10,a,14,20,0.09607,32768,5328896,32,1
naive,64,densa,D10,a,15,20,0.096765,32768,5328896,32,1
strassen,64,densa,D10,a,1,20,0.089635,106496,5328896,32,1
strassen,64,densa,D10,a,2,20,0.09329,106496,5328896,32,1
strassen,64,densa,D10,a,3,20,0.09142,106496,5328896,32,1
strassen,64,densa,D10,a,4,20,0.091645,106496,5328896,32,1
strassen,64,densa,D10,a,5,20,0.09541,106496,5328896,32,1
strassen,64,densa,D10,a,6,20,0.107305,106496,5328896,32,1
strassen,64,densa,D10,a,7,20,0.091315,106496,5328896,32,1
strassen,64,densa,D10,a,8,20,0.089835,106496,5328896,32,1
strassen,64,densa,D10,a,9,20,0.09019,106496,5328896,32,1
strassen,64,densa,D10,a,10,20,0.094615,106496,5328896,32,1
strassen,64,densa,D10,a,11,20,0.115415,106496,5328896,32,1
strassen,64,densa,D10,a,12,20,0.12511,106496,5328896,32,1
strassen,64,densa,D10,a,13,20,0.104135,106496,5328896,32,1
strassen,64,densa,D10,a,14,20,0.091465,106496,5328896,32,1
strassen,64,densa,D10,a,15,20,0.09177,106496,5328896,32,1
naive,64,densa,D10,b,1,20,0.09589,32768,5328896,32,1
naive,64,densa,D10,b,2,20,0.095295,32768,5328896,32,1
naive,64,densa,D10,b,3,20,0.09659,32768,5328896,32,1
naive,64,densa,D10,b,4,20,0.09676,32768,5328896,32,1
naive,64,densa,D10,b,5,20,0.0965,32768,5328896,32,1
naive,64,densa,D10,b,6,20,0.0968,32768,5328896,32,1
naive,64,densa,D10,b,7,20,0.096295,32768,5328896,32,1
naive,64,densa,D10,b,8,20,0.09653,32768,5328896,32,1
naive,64,densa,D10,b,9,20,0.096835,32768,5328896,32,1
naive,64,densa,D10,b,10,20,0.09868,32768,5328896,32,1
naive,64,densa,D10,b,11,20,0.09698,32768,5328896,32,1
naive,64,densa,D10,b,12,20,0.09635,32768,5328896,32,1
naive,64,densa,D10,b,13,20,0.09642,32768,5328896,32,1
naive,64,densa,D10,b,14,20,0.09676,32768,5328896,32,1
naive,64,densa,D10,b,15,20,0.09676,32768,5328896,32,1
strassen,64,densa,D10,b,1,20,0.09686,106496,5328896,32,1
strassen,64,densa,D10,b,2,20,0.09659,106496,5328896,32,1
strassen,64,densa,D10,b,3,20,0.100265,106496,5328896,32,1
strassen,64,densa,D10,b,4,20,0.09023,106496,5328896,32,1
strassen,64,densa,D10,b,5,20,0.09083,106496,5328896,32,1
strassen,64,densa,D10,b,6,20,0.09074,106496,5328896,32,1
strassen,64,densa,D10,b,7,20,0.08964,106496,5328896,32,1
strassen,64,densa,D10,b,8,20,0.092295,106496,5328896,32,1
strassen,64,densa,D10,b,9,20,0.088135,106496,5328896,32,1
strassen,64,densa,D10,b,10,20,0.084965,106496,5328896,32,1
strassen,64,densa,D10,b,11,20,0.084925,106496,5328896,32,1
strassen,64,densa,D10,b,12,20,0.08481,106496,5328896,32,1
strassen,64,densa,D10,b,13,20,0.08561,106496,5328896,32,1
strassen,64,densa,D10,b,14,20,0.08539,106496,5328896,32,1
strassen,64,densa,D10,b,15,20,0.085105,106496,5328896,32,1
naive,64,densa,D10,c,1,20,0.093935,32768,5328896,32,1
naive,64,densa,D10,c,2,20,0.094335,32768,5328896,32,1
naive,64,densa,D10,c,3,20,0.095935,32768,5328896,32,1
naive,64,densa,D10,c,4,20,0.09554,32768,5328896,32,1
naive,64,densa,D10,c,5,20,0.09423,32768,5328896,32,1
naive,64,densa,D10,c,6,20,0.09519,32768,5328896,32,1
naive,64,densa,D10,c,7,20,0.095785,32768,5328896,32,1
naive,64,densa,D10,c,8,20,0.09426,32768,5328896,32,1
naive,64,densa,D10,c,9,20,0.09474,32768,5328896,32,1
naive,64,densa,D10,c,10,20,0.09581,32768,5328896,32,1
naive,64,densa,D10,c,11,20,0.09428,32768,5328896,32,1
naive,64,densa,D10,c,12,20,0.09483,32768,5328896,32,1
naive,64,densa,D10,c,13,20,0.096105,32768,5328896,32,1
naive,64,densa,D10,c,14,20,0.09547,32768,5328896,32,1
naive,64,densa,D10,c,15,20,0.095985,32768,5328896,32,1
strassen,64,densa,D10,c,1,20,0.08562,106496,5328896,32,1
strassen,64,densa,D10,c,2,20,0.091115,106496,5328896,32,1
strassen,64,densa,D10,c,3,20,0.084985,106496,5328896,32,1
strassen,64,densa,D10,c,4,20,0.093335,106496,5328896,32,1
strassen,64,densa,D10,c,5,20,0.083835,106496,5328896,32,1
strassen,64,densa,D10,c,6,20,0.08463,106496,5328896,32,1
strassen,64,densa,D10,c,7,20,0.084555,106496,5328896,32,1
strassen,64,densa,D10,c,8,20,0.08599,106496,5328896,32,1
strassen,64,densa,D10,c,9,20,0.08412,106496,5328896,32,1
strassen,64,densa,D10,c,10,20,0.0842,106496,5328896,32,1
strassen,64,densa,D10,c,11,20,0.084475,106496,5328896,32,1
strassen,64,densa,D10,c,12,20,0.084505,106496,5328896,32,1
strassen,64,densa,D10,c,13,20,0.08437,106496,5328896,32,1
strassen,64,densa,D10,c,14,20,0.084525,106496,5328896,32,1
strassen,64,densa,D10,c,15,20,0.08517,106496,5328896,32,1
naive,64,diagonal,D0,a,1,20,0.095975,32768,5328896,32,1
naive,64,diagonal,D0,a,2,20,0.09495,32768,5328896,32,1
naive,64,diagonal,D0,a,3,20,0.094425,32768,5328896,32,1
naive,64,diagonal,D0,a,4,20,0.091535,32768,5328896,32,1
naive,64,diagonal,D0,a,5,20,0.09548,32768,5328896,32,1
naive,64,diagonal,D0,a,6,20,0.093675,32768,5328896,32,1
naive,64,diagonal,D0,a,7,20,0.094925,32768,5328896,32,1
naive,64,diagonal,D0,a,8,20,0.09549,32768,5328896,32,1
naive,64,diagonal,D0,a,9,20,0.094585,32768,5328896,32,1
naive,64,diagonal,D0,a,10,20,0.094075,32768,5328896,32,1
naive,64,diagonal,D0,a,11,20,0.096045,32768,5328896,32,1
naive,64,diagonal,D0,a,12,20,0.095935,32768,5328896,32,1
naive,64,diagonal,D0,a,13,20,0.09457,32768,5328896,32,1
naive,64,diagonal,D0,a,14,20,0.09555,32768,5328896,32,1
naive,64,diagonal,D0,a,15,20,0.095975,32768,5328896,32,1
strassen,64,diagonal,D0,a,1,20,0.083885,106496,5328896,32,1
strassen,64,diagonal,D0,a,2,20,0.085135,106496,5328896,32,1
strassen,64,diagonal,D0,a,3,20,0.085885,106496,5328896,32,1
strassen,64,diagonal,D0,a,4,20,0.085175,106496,5328896,32,1
strassen,64,diagonal,D0,a,5,20,0.0854,106496,5328896,32,1
strassen,64,diagonal,D0,a,6,20,0.088245,106496,5328896,32,1
strassen,64,diagonal,D0,a,7,20,0.09037,106496,5328896,32,1
strassen,64,diagonal,D0,a,8,20,0.0872,106496,5328896,32,1
strassen,64,diagonal,D0,a,9,20,0.09212,106496,5328896,32,1
strassen,64,diagonal,D0,a,10,20,0.084285,106496,5328896,32,1
strassen,64,diagonal,D0,a,11,20,0.084325,106496,5328896,32,1
strassen,64,diagonal,D0,a,12,20,0.08489,106496,5328896,32,1
strassen,64,diagonal,D0,a,13,20,0.08134,106496,5328896,32,1
strassen,64,diagonal,D0,a,14,20,0.08153,106496,5328896,32,1
strassen,64,diagonal,D0,a,15,20,0.080345,106496,5328896,32,1
naive,64,diagonal,D0,b,1,20,0.09515,32768,5328896,32,1
naive,64,diagonal,D0,b,2,20,0.09541,32768,5328896,32,1
naive,64,diagonal,D0,b,3,20,0.0941,32768,5328896,32,1
naive,64,diagonal,D0,b,4,20,0.095955,32768,5328896,32,1
naive,64,diagonal,D0,b,5,20,0.095575,32768,5328896,32,1
naive,64,diagonal,D0,b,6,20,0.095425,32768,5328896,32,1
naive,64,diagonal,D0,b,7,20,0.09536,32768,5328896,32,1
naive,64,diagonal,D0,b,8,20,0.0957,32768,5328896,32,1
naive,64,diagonal,D0,b,9,20,0.0955,32768,5328896,32,1
naive,64,diagonal,D0,b,10,20,0.095425,32768,5328896,32,1
naive,64,diagonal,D0,b,11,20,0.0944,32768,5328896,32,1
naive,64,diagonal,D0,b,12,20,0.095975,32768,5328896,32,1
naive,64,diagonal,D0,b,13,20,0.095595,32768,5328896,32,1
naive,64,diagonal,D0,b,14,20,0.095385,32768,5328896,32,1
naive,64,diagonal,D0,b,15,20,0.095485,32768,5328896,32,1
strassen,64,diagonal,D0,b,1,20,0.080885,106496,5328896,32,1
strassen,64,diagonal,D0,b,2,20,0.080675,106496,5328896,32,1
strassen,64,diagonal,D0,b,3,20,0.08098,106496,5328896,32,1
strassen,64,diagonal,D0,b,4,20,0.080795,106496,5328896,32,1
strassen,64,diagonal,D0,b,5,20,0.080765,106496,5328896,32,1
strassen,64,diagonal,D0,b,6,20,0.082005,106496,5328896,32,1
strassen,64,diagonal,D0,b,7,20,0.0821,106496,5328896,32,1
strassen,64,diagonal,D0,b,8,20,0.08107,106496,5328896,32,1
strassen,64,diagonal,D0,b,9,20,0.08063,106496,5328896,32,1
strassen,64,diagonal,D0,b,10,20,0.080795,106496,5328896,32,1
strassen,64,diagonal,D0,b,11,20,0.08105,106496,5328896,32,1
strassen,64,diagonal,D0,b,12,20,0.080685,106496,5328896,32,1
strassen,64,diagonal,D0,b,13,20,0.08214,106496,5328896,32,1
strassen,64,diagonal,D0,b,14,20,0.081025,106496,5328896,32,1
strassen,64,diagonal,D0,b,15,20,0.08097,106496,5328896,32,1
naive,64,diagonal,D0,c,1,20,0.094135,32768,5328896,32,1
naive,64,diagonal,D0,c,2,20,0.09485,32768,5328896,32,1
naive,64,diagonal,D0,c,3,20,0.09556,32768,5328896,32,1
naive,64,diagonal,D0,c,4,20,0.095545,32768,5328896,32,1
naive,64,diagonal,D0,c,5,20,0.093725,32768,5328896,32,1
naive,64,diagonal,D0,c,6,20,0.094735,32768,5328896,32,1
naive,64,diagonal,D0,c,7,20,0.093905,32768,5328896,32,1
naive,64,diagonal,D0,c,8,20,0.09548,32768,5328896,32,1
naive,64,diagonal,D0,c,9,20,0.09545,32768,5328896,32,1
naive,64,diagonal,D0,c,10,20,0.09301,32768,5328896,32,1
naive,64,diagonal,D0,c,11,20,0.095545,32768,5328896,32,1
naive,64,diagonal,D0,c,12,20,0.09303,32768,5328896,32,1
naive,64,diagonal,D0,c,13,20,0.095375,32768,5328896,32,1
naive,64,diagonal,D0,c,14,20,0.095485,32768,5328896,32,1
naive,64,diagonal,D0,c,15,20,0.09486,32768,5328896,32,1
strassen,64,diagonal,D0,c,1,20,0.08,106496,5328896,32,1
strassen,64,diagonal,D0,c,2,20,0.08486,106496,5328896,32,1
strassen,64,diagonal,D0,c,3,20,0.081855,106496,5328896,32,1
strassen,64,diagonal,D0,c,4,20,0.08313,106496,5328896,32,1
strassen,64,diagonal,D0,c,5,20,0.086735,106496,5328896,32,1
strassen,64,diagonal,D0,c,6,20,0.082295,106496,5328896,32,1
strassen,64,diagonal,D0,c,7,20,0.084605,106496,5328896,32,1
strassen,64,diagonal,D0,c,8,20,0.083765,106496,5328896,32,1
strassen,64,diagonal,D0,c,9,20,0.08036,106496,5328896,32,1
strassen,64,diagonal,D0,c,10,20,0.080265,106496,5328896,32,1
strassen,64,diagonal,D0,c,11,20,0.080245,106496,5328896,32,1
strassen,64,diagonal,D0,c,12,20,0.081745,106496,5328896,32,1
strassen,64,diagonal,D0,c,13,20,0.08056,106496,5328896,32,1
strassen,64,diagonal,D0,c,14,20,0.080245,106496,5328896,32,1
strassen,64,diagonal,D0,c,15,20,0.08037,106496,5328896,32,1
naive,64,diagonal,D10,a,1,20,0.095265,32768,5328896,32,1
naive,64,diagonal,D10,a,2,20,0.095305,32768,5328896,32,1
naive,64,diagonal,D10,a,3,20,0.095775,32768,5328896,32,1
naive,64,diagonal,D10,a,4,20,0.094945,32768,5328896,32,1
naive,64,diagonal,D10,a,5,20,0.09479,32768,5328896,32,1
naive,64,diagonal,D10,a,6,20,0.095205,32768,5328896,32,1
naive,64,diagonal,D10,a,7,20,0.094905,32768,5328896,32,1
naive,64,diagonal,D10,a,8,20,0.095445,32768,5328896,32,1
naive,64,diagonal,D10,a,9,20,0.09549,32768,5328896,32,1
naive,64,diagonal,D10,a,10,20,0.094925,32768,5328896,32,1
naive,64,diagonal,D10,a,11,20,0.09614,32768,5328896,32,1
naive,64,diagonal,D10,a,12,20,0.095465,32768,5328896,32,1
naive,64,diagonal,D10,a,13,20,0.094925,32768,5328896,32,1
naive,64,diagonal,D10,a,14,20,0.0947,32768,5328896,32,1
naive,64,diagonal,D10,a,15,20,0.090765,32768,5328896,32,1
strassen,64,diagonal,D10,a,1,20,0.07682,106496,5328896,32,1
strassen,64,diagonal,D10,a,2,20,0.078475,106496,5328896,32,1
strassen,64,diagonal,D10,a,3,20,0.07973,106496,5328896,32,1
strassen,64,diagonal,D10,a,4,20,0.080555,106496,5328896,32,1
strassen,64,diagonal,D10,a,5,20,0.082475,106496,5328896,32,1
strassen,64,diagonal,D10,a,6,20,0.079795,106496,5328896,32,1
strassen,64,diagonal,D10,a,7,20,0.07823,106496,5328896,32,1
strassen,64,diagonal,D10,a,8,20,0.079695,106496,5328896,32,1
strassen,64,diagonal,D10,a,9,20,0.079075,106496,5328896,32,1
strassen,64,diagonal,D10,a,10,20,0.078495,106496,5328896,32,1
strassen,64,diagonal,D10,a,11,20,0.0795,106496,5328896,32,1
strassen,64,diagonal,D10,a,12,20,0.08199,106496,5328896,32,1
strassen,64,diagonal,D10,a,13,20,0.0798,106496,5328896,32,1
strassen,64,diagonal,D10,a,14,20,0.08096,106496,5328896,32,1
strassen,64,diagonal,D10,a,15,20,0.078415,106496,5328896,32,1
naive,64,diagonal,D10,b,1,20,0.093625,32768,5328896,32,1
naive,64,diagonal,D10,b,2,20,0.09356,32768,5328896,32,1
naive,64,diagonal,D10,b,3,20,0.095225,32768,5328896,32,1
naive,64,diagonal,D10,b,4,20,0.09448,32768,5328896,32,1
naive,64,diagonal,D10,b,5,20,0.09237,32768,5328896,32,1
naive,64,diagonal,D10,b,6,20,0.0954,32768,5328896,32,1
naive,64,diagonal,D10,b,7,20,0.095665,32768,5328896,32,1
naive,64,diagonal,D10,b,8,20,0.095505,32768,5328896,32,1
naive,64,diagonal,D10,b,9,20,0.095105,32768,5328896,32,1
naive,64,diagonal,D10,b,10,20,0.095465,32768,5328896,32,1
naive,64,diagonal,D10,b,11,20,0.09465,32768,5328896,32,1
naive,64,diagonal,D10,b,12,20,0.09556,32768,5328896,32,1
naive,64,diagonal,D10,b,13,20,0.093475,32768,5328896,32,1
naive,64,diagonal,D10,b,14,20,0.0938,32768,5328896,32,1
naive,64,diagonal,D10,b,15,20,0.094895,32768,5328896,32,1
strassen,64,diagonal,D10,b,1,20,0.080245,106496,5328896,32,1
strassen,64,diagonal,D10,b,2,20,0.084745,106496,5328896,32,1
strassen,64,diagonal,D10,b,3,20,0.08041,106496,5328896,32,1
strassen,64,diagonal,D10,b,4,20,0.08119,106496,5328896,32,1
strassen,64,diagonal,D10,b,5,20,0.07919,106496,5328896,32,1
strassen,64,diagonal,D10,b,6,20,0.082625,106496,5328896,32,1
strassen,64,diagonal,D10,b,7,20,0.07843,106496,5328896,32,1
strassen,64,diagonal,D10,b,8,20,0.07879,106496,5328896,32,1
strassen,64,diagonal,D10,b,9,20,0.083915,106496,5328896,32,1
strassen,64,diagonal,D10,b,10,20,0.080375,106496,5328896,32,1
strassen,64,diagonal,D10,b,11,20,0.079535,106496,5328896,32,1
strassen,64,diagonal,D10,b,12,20,0.080705,106496,5328896,32,1
strassen,64,diagonal,D10,b,13,20,0.078275,106496,5328896,32,1
strassen,64,diagonal,D10,b,14,20,0.078685,106496,5328896,32,1
strassen,64,diagonal,D10,b,15,20,0.07846,106496,5328896,32,1
naive,64,diagonal,D10,c,1,20,0.095325,32768,5328896,32,1
naive,64,diagonal,D10,c,2,20,0.09509,32768,5328896,32,1
naive,64,diagonal,D10,c,3,20,0.09538,32768,5328896,32,1
naive,64,diagonal,D10,c,4,20,0.095525,32768,5328896,32,1
naive,64,diagonal,D10,c,5,20,0.093165,32768,5328896,32,1
naive,64,diagonal,D10,c,6,20,0.09524,32768,5328896,32,1
naive,64,diagonal,D10,c,7,20,0.095025,32768,5328896,32,1
naive,64,diagonal,D10,c,8,20,0.09228,32768,5328896,32,1
naive,64,diagonal,D10,c,9,20,0.09307,32768,5328896,32,1
naive,64,diagonal,D10,c,10,20,0.093715,32768,5328896,32,1
naive,64,diagonal,D10,c,11,20,0.097685,32768,5328896,32,1
naive,64,diagonal,D10,c,12,20,0.095195,32768,5328896,32,1
naive,64,diagonal,D10,c,13,20,0.09497,32768,5328896,32,1
naive,64,diagonal,D10,c,14,20,0.094745,32768,5328896,32,1
naive,64,diagonal,D10,c,15,20,0.09507,32768,5328896,32,1
strassen,64,diagonal,D10,c,1,20,0.077005,106496,5328896,32,1
strassen,64,diagonal,D10,c,2,20,0.078245,106496,5328896,32,1
strassen,64,diagonal,D10,c,3,20,0.078435,106496,5328896,32,1
strassen,64,diagonal,D10,c,4,20,0.07816,106496,5328896,32,1
strassen,64,diagonal,D10,c,5,20,0.076765,106496,5328896,32,1
strassen,64,diagonal,D10,c,6,20,0.078045,106496,5328896,32,1
strassen,64,diagonal,D10,c,7,20,0.07869,106496,5328896,32,1
strassen,64,diagonal,D10,c,8,20,0.07811,106496,5328896,32,1
strassen,64,diagonal,D10,c,9,20,0.078145,106496,5328896,32,1
strassen,64,diagonal,D10,c,10,20,0.076705,106496,5328896,32,1
strassen,64,diagonal,D10,c,11,20,0.079015,106496,5328896,32,1
strassen,64,diagonal,D10,c,12,20,0.07831,106496,5328896,32,1
strassen,64,diagonal,D10,c,13,20,0.080015,106496,5328896,32,1
strassen,64,diagonal,D10,c,14,20,0.078125,106496,5328896,32,1
strassen,64,diagonal,D10,c,15,20,0.07822,106496,5328896,32,1
naive,64,dispersa,D0,a,1,20,0.09116,32768,5328896,32,1
naive,64,dispersa,D0,a,2,20,0.090985,32768,5328896,32,1
naive,64,dispersa,D0,a,3,20,0.09489,32768,5328896,32,1
naive,64,dispersa,D0,a,4,20,0.094575,32768,5328896,32,1
naive,64,dispersa,D0,a,5,20,0.0915,32768,5328896,32,1
naive,64,dispersa,D0,a,6,20,0.093485,32768,5328896,32,1
naive,64,dispersa,D0,a,7,20,0.095145,32768,5328896,32,1
naive,64,dispersa,D0,a,8,20,0.094105,32768,5328896,32,1
naive,64,dispersa,D0,a,9,20,0.09609,32768,5328896,32,1
naive,64,dispersa,D0,a,10,20,0.09116,32768,5328896,32,1
naive,64,dispersa,D0,a,11,20,0.09414,32768,5328896,32,1
naive,64,dispersa,D0,a,12,20,0.098785,32768,5328896,32,1
naive,64,dispersa,D0,a,13,20,0.090735,32768,5328896,32,1
naive,64,dispersa,D0,a,14,20,0.094085,32768,5328896,32,1
naive,64,dispersa,D0,a,15,20,0.09552,32768,5328896,32,1
strassen,64,dispersa,D0,a,1,20,0.075475,106496,5328896,32,1
strassen,64,dispersa,D0,a,2,20,0.078385,106496,5328896,32,1
strassen,64,dispersa,D0,a,3,20,0.0782,106496,5328896,32,1
strassen,64,dispersa,D0,a,4,20,0.078145,106496,5328896,32,1
strassen,64,dispersa,D0,a,5,20,0.0785,106496,5328896,32,1
strassen,64,dispersa,D0,a,6,20,0.07699,106496,5328896,32,1
strassen,64,dispersa,D0,a,7,20,0.079115,106496,5328896,32,1
strassen,64,dispersa,D0,a,8,20,0.07859,106496,5328896,32,1
strassen,64,dispersa,D0,a,9,20,0.078085,106496,5328896,32,1
strassen,64,dispersa,D0,a,10,20,0.078865,106496,5328896,32,1
strassen,64,dispersa,D0,a,11,20,0.077525,106496,5328896,32,1
strassen,64,dispersa,D0,a,12,20,0.077275,106496,5328896,32,1
strassen,64,dispersa,D0,a,13,20,0.078955,106496,5328896,32,1
strassen,64,dispersa,D0,a,14,20,0.078205,106496,5328896,32,1
strassen,64,dispersa,D0,a,15,20,0.080685,106496,5328896,32,1
naive,64,dispersa,D0,b,1,20,0.095865,32768,5328896,32,1
naive,64,dispersa,D0,b,2,20,0.091255,32768,5328896,32,1
naive,64,dispersa,D0,b,3,20,0.09474,32768,5328896,32,1
naive,64,dispersa,D0,b,4,20,0.091735,32768,5328896,32,1
naive,64,dispersa,D0,b,5,20,0.09549,32768,5328896,32,1
naive,64,dispersa,D0,b,6,20,0.094355,32768,5328896,32,1
naive,64,dispersa,D0,b,7,20,0.095415,32768,5328896,32,1
naive,64,dispersa,D0,b,8,20,0.094775,32768,5328896,32,1
naive,64,dispersa,D0,b,9,20,0.09499,32768,5328896,32,1
naive,64,dispersa,D0,b,10,20,0.095165,32768,5328896,32,1
naive,64,dispersa,D0,b,11,20,0.094795,32768,5328896,32,1
naive,64,dispersa,D0,b,12,20,0.09508,32768,5328896,32,1
naive,64,dispersa,D0,b,13,20,0.09497,32768,5328896,32,1
naive,64,dispersa,D0,b,14,20,0.094735,32768,5328896,32,1
naive,64,dispersa,D0,b,15,20,0.09514,32768,5328896,32,1
strassen,64,dispersa,D0,b,1,20,0.077215,106496,5328896,32,1
strassen,64,dispersa,D0,b,2,20,0.077315,106496,5328896,32,1
strassen,64,dispersa,D0,b,3,20,0.077545,106496,5328896,32,1
strassen,64,dispersa,D0,b,4,20,0.07573,106496,5328896,32,1
strassen,64,dispersa,D0,b,5,20,0.07514,106496,5328896,32,1
strassen,64,dispersa,D0,b,6,20,0.07719,106496,5328896,32,1
strassen,64,dispersa,D0,b,7,20,0.07659,106496,5328896,32,1
strassen,64,dispersa,D0,b,8,20,0.07689,106496,5328896,32,1
strassen,64,dispersa,D0,b,9,20,0.07678,106496,5328896,32,1
strassen,64,dispersa,D0,b,10,20,0.07702,106496,5328896,32,1
strassen,64,dispersa,D0,b,11,20,0.07709,106496,5328896,32,1
strassen,64,dispersa,D0,b,12,20,0.076965,106496,5328896,32,1
strassen,64,dispersa,D0,b,13,20,0.07682,106496,5328896,32,1
strassen,64,dispersa,D0,b,14,20,0.077295,106496,5328896,32,1
strassen,64,dispersa,D0,b,15,20,0.075255,106496,5328896,32,1
naive,64,dispersa,D0,c,1,20,0.0953,32768,5328896,32,1
naive,64,dispersa,D0,c,2,20,0.095455,32768,5328896,32,1
naive,64,dispersa,D0,c,3,20,0.09437,32768,5328896,32,1
naive,64,dispersa,D0,c,4,20,0.0943,32768,5328896,32,1
naive,64,dispersa,D0,c,5,20,0.095555,32768,5328896,32,1
naive,64,dispersa,D0,c,6,20,0.09466,32768,5328896,32,1
naive,64,dispersa,D0,c,7,20,0.09512,32768,5328896,32,1
naive,64,dispersa,D0,c,8,20,0.09138,32768,5328896,32,1
naive,64,dispersa,D0,c,9,20,0.094305,32768,5328896,32,1
naive,64,dispersa,D0,c,10,20,0.09434,32768,5328896,32,1
naive,64,dispersa,D0,c,11,20,0.09069,32768,5328896,32,1
naive,64,dispersa,D0,c,12,20,0.094295,32768,5328896,32,1
naive,64,dispersa,D0,c,13,20,0.094275,32768,5328896,32,1
naive,64,dispersa,D0,c,14,20,0.09509,32768,5328896,32,1
naive,64,dispersa,D0,c,15,20,0.093735,32768,5328896,32,1
strassen,64,dispersa,D0,c,1,20,0.07552,106496,5328896,32,1
strassen,64,dispersa,D0,c,2,20,0.076825,106496,5328896,32,1
strassen,64,dispersa,D0,c,3,20,0.07686,106496,5328896,32,1
strassen,64,dispersa,D0,c,4,20,0.07684,106496,5328896,32,1
strassen,64,dispersa,D0,c,5,20,0.077185,106496,5328896,32,1
strassen,64,dispersa,D0,c,6,20,0.076665,106496,5328896,32,1
strassen,64,dispersa,D0,c,7,20,0.081225,106496,5328896,32,1
strassen,64,dispersa,D0,c,8,20,0.076995,106496,5328896,32,1
strassen,64,dispersa,D0,c,9,20,0.0787,106496,5328896,32,1
strassen,64,dispersa,D0,c,10,20,0.076855,106496,5328896,32,1
strassen,64,dispersa,D0,c,11,20,0.076865,106496,5328896,32,1
strassen,64,dispersa,D0,c,12,20,0.07671,106496,5328896,32,1
strassen,64,dispersa,D0,c,13,20,0.077265,106496,5328896,32,1
strassen,64,dispersa,D0,c,14,20,0.076915,106496,5328896,32,1
strassen,64,dispersa,D0,c,15,20,0.079625,106496,5328896,32,1
naive,64,dispersa,D10,a,1,20,0.094735,32768,5328896,32,1
naive,64,dispersa,D10,a,2,20,0.09042,32768,5328896,32,1
naive,64,dispersa,D10,a,3,20,0.0936,32768,5328896,32,1
naive,64,dispersa,D10,a,4,20,0.08998,32768,5328896,32,1
naive,64,dispersa,D10,a,5,20,0.094255,32768,5328896,32,1
naive,64,dispersa,D10,a,6,20,0.091915,32768,5328896,32,1
naive,64,dispersa,D10,a,7,20,0.0915,32768,5328896,32,1
naive,64,dispersa,D10,a,8,20,0.09064,32768,5328896,32,1
naive,64,dispersa,D10,a,9,20,0.091005,32768,5328896,32,1
naive,64,dispersa,D10,a,10,20,0.092175,32768,5328896,32,1
naive,64,dispersa,D10,a,11,20,0.0911,32768,5328896,32,1
naive,64,dispersa,D10,a,12,20,0.09095,32768,5328896,32,1
naive,64,dispersa,D10,a,13,20,0.09105,32768,5328896,32,1
naive,64,dispersa,D10,a,14,20,0.09129,32768,5328896,32,1
naive,64,dispersa,D10,a,15,20,0.09427,32768,5328896,32,1
strassen,64,dispersa,D10,a,1,20,0.075575,106496,5328896,32,1
strassen,64,dispersa,D10,a,2,20,0.077075,106496,5328896,32,1
strassen,64,dispersa,D10,a,3,20,0.077175,106496,5328896,32,1
strassen,64,dispersa,D10,a,4,20,0.076785,106496,5328896,32,1
strassen,64,dispersa,D10,a,5,20,0.077175,106496,5328896,32,1
strassen,64,dispersa,D10,a,6,20,0.07694,106496,5328896,32,1
strassen,64,dispersa,D10,a,7,20,0.075245,106496,5328896,32,1
strassen,64,dispersa,D10,a,8,20,0.075275,106496,5328896,32,1
strassen,64,dispersa,D10,a,9,20,0.076885,106496,5328896,32,1
strassen,64,dispersa,D10,a,10,20,0.07513,106496,5328896,32,1
strassen,64,dispersa,D10,a,11,20,0.07663,106496,5328896,32,1
strassen,64,dispersa,D10,a,12,20,0.076845,106496,5328896,32,1
strassen,64,dispersa,D10,a,13,20,0.07522,106496,5328896,32,1
strassen,64,dispersa,D10,a,14,20,0.07674,106496,5328896,32,1
strassen,64,dispersa,D10,a,15,20,0.07803,106496,5328896,32,1
naive,64,dispersa,D10,b,1,20,0.09477,32768,5328896,32,1
naive,64,dispersa,D10,b,2,20,0.09426,32768,5328896,32,1
naive,64,dispersa,D10,b,3,20,0.09422,32768,5328896,32,1
naive,64,dispersa,D10,b,4,20,0.094275,32768,5328896,32,1
naive,64,dispersa,D10,b,5,20,0.09428,32768,5328896,32,1
naive,64,dispersa,D10,b,6,20,0.09421,32768,5328896,32,1
naive,64,dispersa,D10,b,7,20,0.09416,32768,5328896,32,1
naive,64,dispersa,D10,b,8,20,0.09436,32768,5328896,32,1
naive,64,dispersa,D10,b,9,20,0.094215,32768,5328896,32,1
naive,64,dispersa,D10,b,10,20,0.09422,32768,5328896,32,1
naive,64,dispersa,D10,b,11,20,0.09382,32768,5328896,32,1
naive,64,dispersa,D10,b,12,20,0.094275,32768,5328896,32,1
naive,64,dispersa,D10,b,13,20,0.094165,32768,5328896,32,1
naive,64,dispersa,D10,b,14,20,0.094285,32768,5328896,32,1
naive,64,dispersa,D10,b,15,20,0.094235,32768,5328896,32,1
strassen,64,dispersa,D10,b,1,20,0.076995,106496,5328896,32,1
strassen,64,dispersa,D10,b,2,20,0.076725,106496,5328896,32,1
strassen,64,dispersa,D10,b,3,20,0.075165,106496,5328896,32,1
strassen,64,dispersa,D10,b,4,20,0.0798,106496,5328896,32,1
strassen,64,dispersa,D10,b,5,20,0.077635,106496,5328896,32,1
strassen,64,dispersa,D10,b,6,20,0.075265,106496,5328896,32,1
strassen,64,dispersa,D10,b,7,20,0.07674,106496,5328896,32,1
strassen,64,dispersa,D10,b,8,20,0.07693,106496,5328896,32,1
strassen,64,dispersa,D10,b,9,20,0.075215,106496,5328896,32,1
strassen,64,dispersa,D10,b,10,20,0.075595,106496,5328896,32,1
strassen,64,dispersa,D10,b,11,20,0.076735,106496,5328896,32,1
strassen,64,dispersa,D10,b,12,20,0.07522,106496,5328896,32,1
strassen,64,dispersa,D10,b,13,20,0.07656,106496,5328896,32,1
strassen,64,dispersa,D10,b,14,20,0.07719,106496,5328896,32,1
strassen,64,dispersa,D10,b,15,20,0.07538,106496,5328896,32,1
naive,64,dispersa,D10,c,1,20,0.09465,32768,5328896,32,1
naive,64,dispersa,D10,c,2,20,0.092725,32768,5328896,32,1
naive,64,dispersa,D10,c,3,20,0.09424,32768,5328896,32,1
naive,64,dispersa,D10,c,4,20,0.09301,32768,5328896,32,1
naive,64,dispersa,D10,c,5,20,0.09431,32768,5328896,32,1
naive,64,dispersa,D10,c,6,20,0.09419,32768,5328896,32,1
naive,64,dispersa,D10,c,7,20,0.09428,32768,5328896,32,1
naive,64,dispersa,D10,c,8,20,0.09501,32768,5328896,32,1
naive,64,dispersa,D10,c,9,20,0.09499,32768,5328896,32,1
naive,64,dispersa,D10,c,10,20,0.09475,32768,5328896,32,1
naive,64,dispersa,D10,c,11,20,0.094375,32768,5328896,32,1
naive,64,dispersa,D10,c,12,20,0.094305,32768,5328896,32,1
naive,64,dispersa,D10,c,13,20,0.09191,32768,5328896,32,1
naive,64,dispersa,D10,c,14,20,0.094255,32768,5328896,32,1
naive,64,dispersa,D10,c,15,20,0.095095,32768,5328896,32,1
strassen,64,dispersa,D10,c,1,20,0.075975,106496,5328896,32,1
strassen,64,dispersa,D10,c,2,20,0.07533,106496,5328896,32,1
strassen,64,dispersa,D10,c,3,20,0.07669,106496,5328896,32,1
strassen,64,dispersa,D10,c,4,20,0.076625,106496,5328896,32,1
strassen,64,dispersa,D10,c,5,20,0.075375,106496,5328896,32,1
strassen,64,dispersa,D10,c,6,20,0.076965,106496,5328896,32,1
strassen,64,dispersa,D10,c,7,20,0.077105,106496,5328896,32,1
strassen,64,dispersa,D10,c,8,20,0.075215,106496,5328896,32,1
strassen,64,dispersa,D10,c,9,20,0.07755,106496,5328896,32,1
strassen,64,dispersa,D10,c,10,20,0.077525,106496,5328896,32,1
strassen,64,dispersa,D10,c,11,20,0.07517,106496,5328896,32,1
strassen,64,dispersa,D10,c,12,20,0.075245,106496,5328896,32,1
strassen,64,dispersa,D10,c,13,20,0.075975,106496,5328896,32,1
strassen,64,dispersa,D10,c,14,20,0.075335,106496,5328896,32,1
strassen,64,dispersa,D10,c,15,20,0.077315,106496,5328896,32,1
naive,256,densa,D0,a,1,3,16.5582,524288,7335936,32,1
naive,256,densa,D0,a,2,3,16.5301,524288,7335936,32,1
naive,256,densa,D0,a,3,3,16.3774,524288,7335936,32,1
naive,256,densa,D0,a,4,3,16.4991,524288,7335936,32,1
naive,256,densa,D0,a,5,3,16.5671,524288,7335936,32,1
naive,256,densa,D0,a,6,3,16.5777,524288,7335936,32,1
naive,256,densa,D0,a,7,3,16.5876,524288,7335936,32,1
strassen,256,densa,D0,a,1,3,4.35873,2072576,9052160,32,1
strassen,256,densa,D0,a,2,3,4.32243,2072576,9052160,32,1
strassen,256,densa,D0,a,3,3,4.34877,2072576,9052160,32,1
strassen,256,densa,D0,a,4,3,4.50123,2072576,9052160,32,1
strassen,256,densa,D0,a,5,3,4.35233,2072576,9052160,32,1
strassen,256,densa,D0,a,6,3,4.25497,2072576,9052160,32,1
strassen,256,densa,D0,a,7,3,4.3562,2072576,9052160,32,1
naive,256,densa,D0,b,1,3,16.7713,524288,9289728,32,1
naive,256,densa,D0,b,2,3,16.806,524288,9289728,32,1
naive,256,densa,D0,b,3,3,16.7793,524288,9289728,32,1
naive,256,densa,D0,b,4,3,16.7902,524288,9289728,32,1
naive,256,densa,D0,b,5,3,16.8213,524288,9289728,32,1
naive,256,densa,D0,b,6,3,16.8388,524288,9289728,32,1
naive,256,densa,D0,b,7,3,16.7715,524288,9289728,32,1
strassen,256,densa,D0,b,1,3,4.39617,2072576,9289728,32,1
strassen,256,densa,D0,b,2,3,4.4439,2072576,9289728,32,1
strassen,256,densa,D0,b,3,3,4.39363,2072576,9289728,32,1
strassen,256,densa,D0,b,4,3,4.3893,2072576,9289728,32,1
strassen,256,densa,D0,b,5,3,4.3076,2072576,9289728,32,1
strassen,256,densa,D0,b,6,3,4.31167,2072576,9289728,32,1
strassen,256,densa,D0,b,7,3,4.33617,2072576,9289728,32,1
naive,256,densa,D0,c,1,3,16.8954,524288,9289728,32,1
naive,256,densa,D0,c,2,3,16.8082,524288,9289728,32,1
naive,256,densa,D0,c,3,3,16.8988,524288,9289728,32,1
naive,256,densa,D0,c,4,3,16.8892,524288,9289728,32,1
naive,256,densa,D0,c,5,3,16.9071,524288,9289728,32,1
naive,256,densa,D0,c,6,3,16.8963,524288,9289728,32,1
naive,256,densa,D0,c,7,3,16.9038,524288,9289728,32,1
strassen,256,densa,D0,c,1,3,4.34787,2072576,9289728,32,1
strassen,256,densa,D0,c,2,3,4.29807,2072576,9289728,32,1
strassen,256,densa,D0,c,3,3,4.3143,2072576,9289728,32,1
strassen,256,densa,D0,c,4,3,4.36723,2072576,9289728,32,1
strassen,256,densa,D0,c,5,3,4.29853,2072576,9289728,32,1
strassen,256,densa,D0,c,6,3,4.29737,2072576,9289728,32,1
strassen,256,densa,D0,c,7,3,4.39853,2072576,9289728,32,1
naive,256,densa,D10,a,1,3,16.8955,524288,9342976,32,1
naive,256,densa,D10,a,2,3,16.9129,524288,9342976,32,1
naive,256,densa,D10,a,3,3,16.9081,524288,9342976,32,1
naive,256,densa,D10,a,4,3,16.8938,524288,9342976,32,1
naive,256,densa,D10,a,5,3,16.6595,524288,9342976,32,1
naive,256,densa,D10,a,6,3,16.9052,524288,9342976,32,1
naive,256,densa,D10,a,7,3,16.8995,524288,9342976,32,1
strassen,256,densa,D10,a,1,3,4.31167,2072576,9342976,32,1
strassen,256,densa,D10,a,2,3,4.339,2072576,9342976,32,1
strassen,256,densa,D10,a,3,3,4.31223,2072576,9342976,32,1
strassen,256,densa,D10,a,4,3,4.3442,2072576,9342976,32,1
strassen,256,densa,D10,a,5,3,4.53023,2072576,9342976,32,1
strassen,256,densa,D10,a,6,3,4.3909,2072576,9342976,32,1
strassen,256,densa,D10,a,7,3,4.37167,2072576,9342976,32,1
naive,256,densa,D10,b,1,3,16.9228,524288,9342976,32,1
naive,256,densa,D10,b,2,3,16.9858,524288,9342976,32,1
naive,256,densa,D10,b,3,3,16.9645,524288,9342976,32,1
naive,256,densa,D10,b,4,3,16.5523,524288,9342976,32,1
naive,256,densa,D10,b,5,3,16.8249,524288,9342976,32,1
naive,256,densa,D10,b,6,3,16.529,524288,9342976,32,1
naive,256,densa,D10,b,7,3,16.7764,524288,9342976,32,1
strassen,256,densa,D10,b,1,3,4.33277,2072576,9342976,32,1
strassen,256,densa,D10,b,2,3,4.3694,2072576,9342976,32,1
strassen,256,densa,D10,b,3,3,4.39683,2072576,9342976,32,1
strassen,256,densa,D10,b,4,3,4.42067,2072576,9342976,32,1
strassen,256,densa,D10,b,5,3,4.37287,2072576,9342976,32,1
strassen,256,densa,D10,b,6,3,4.37377,2072576,9342976,32,1
strassen,256,densa,D10,b,7,3,4.37317,2072576,9342976,32,1
naive,256,densa,D10,c,1,3,16.811,524288,9342976,32,1
naive,256,densa,D10,c,2,3,16.808,524288,9342976,32,1
naive,256,densa,D10,c,3,3,16.7895,524288,9342976,32,1
naive,256,densa,D10,c,4,3,16.7784,524288,9342976,32,1
naive,256,densa,D10,c,5,3,16.8182,524288,9342976,32,1
naive,256,densa,D10,c,6,3,16.7879,524288,9342976,32,1
naive,256,densa,D10,c,7,3,16.8065,524288,9342976,32,1
strassen,256,densa,D10,c,1,3,4.33883,2072576,9342976,32,1
strassen,256,densa,D10,c,2,3,4.37833,2072576,9342976,32,1
strassen,256,densa,D10,c,3,3,4.362,2072576,9342976,32,1
strassen,256,densa,D10,c,4,3,4.4178,2072576,9342976,32,1
strassen,256,densa,D10,c,5,3,4.3779,2072576,9342976,32,1
strassen,256,densa,D10,c,6,3,4.37073,2072576,9342976,32,1
strassen,256,densa,D10,c,7,3,4.3805,2072576,9342976,32,1
naive,256,diagonal,D0,a,1,3,16.7987,524288,9342976,32,1
naive,256,diagonal,D0,a,2,3,16.7796,524288,9342976,32,1
naive,256,diagonal,D0,a,3,3,16.8044,524288,9342976,32,1
naive,256,diagonal,D0,a,4,3,16.8001,524288,9342976,32,1
naive,256,diagonal,D0,a,5,3,16.8147,524288,9342976,32,1
naive,256,diagonal,D0,a,6,3,16.802,524288,9342976,32,1
naive,256,diagonal,D0,a,7,3,16.7562,524288,9342976,32,1
strassen,256,diagonal,D0,a,1,3,4.4183,2072576,9342976,32,1
strassen,256,diagonal,D0,a,2,3,4.4629,2072576,9342976,32,1
strassen,256,diagonal,D0,a,3,3,4.4921,2072576,9342976,32,1
strassen,256,diagonal,D0,a,4,3,4.44433,2072576,9342976,32,1
strassen,256,diagonal,D0,a,5,3,4.499,2072576,9342976,32,1
strassen,256,diagonal,D0,a,6,3,4.46713,2072576,9342976,32,1
strassen,256,diagonal,D0,a,7,3,4.55013,2072576,9342976,32,1
naive,256,diagonal,D0,b,1,3,16.884,524288,9342976,32,1
naive,256,diagonal,D0,b,2,3,16.8162,524288,9342976,32,1
naive,256,diagonal,D0,b,3,3,16.3159,524288,9342976,32,1
naive,256,diagonal,D0,b,4,3,16.5613,524288,9342976,32,1
naive,256,diagonal,D0,b,5,3,16.2584,524288,9342976,32,1
naive,256,diagonal,D0,b,6,3,16.2372,524288,9342976,32,1
naive,256,diagonal,D0,b,7,3,16.289,524288,9342976,32,1
strassen,256,diagonal,D0,b,1,3,4.43647,2072576,9342976,32,1
strassen,256,diagonal,D0,b,2,3,4.42953,2072576,9342976,32,1
strassen,256,diagonal,D0,b,3,3,4.42947,2072576,9342976,32,1
strassen,256,diagonal,D0,b,4,3,4.4236,2072576,9342976,32,1
strassen,256,diagonal,D0,b,5,3,4.45903,2072576,9342976,32,1
strassen,256,diagonal,D0,b,6,3,4.4189,2072576,9342976,32,1
strassen,256,diagonal,D0,b,7,3,4.4329,2072576,9342976,32,1
naive,256,diagonal,D0,c,1,3,16.7132,524288,9342976,32,1
naive,256,diagonal,D0,c,2,3,16.6817,524288,9342976,32,1
naive,256,diagonal,D0,c,3,3,17.4363,524288,9342976,32,1
naive,256,diagonal,D0,c,4,3,17.5288,524288,9342976,32,1
naive,256,diagonal,D0,c,5,3,17.4387,524288,9342976,32,1
naive,256,diagonal,D0,c,6,3,17.4317,524288,9342976,32,1
naive,256,diagonal,D0,c,7,3,17.4879,524288,9342976,32,1
strassen,256,diagonal,D0,c,1,3,4.53143,2072576,9342976,32,1
strassen,256,diagonal,D0,c,2,3,4.4763,2072576,9342976,32,1
strassen,256,diagonal,D0,c,3,3,4.48287,2072576,9342976,32,1
strassen,256,diagonal,D0,c,4,3,4.4728,2072576,9342976,32,1
strassen,256,diagonal,D0,c,5,3,4.5186,2072576,9342976,32,1
strassen,256,diagonal,D0,c,6,3,4.5253,2072576,9342976,32,1
strassen,256,diagonal,D0,c,7,3,4.481,2072576,9342976,32,1
naive,256,diagonal,D10,a,1,3,16.7569,524288,9342976,32,1
naive,256,diagonal,D10,a,2,3,16.7,524288,9342976,32,1
naive,256,diagonal,D10,a,3,3,16.7009,524288,9342976,32,1
naive,256,diagonal,D10,a,4,3,16.5846,524288,9342976,32,1
naive,256,diagonal,D10,a,5,3,16.3995,524288,9342976,32,1
naive,256,diagonal,D10,a,6,3,16.4898,524288,9342976,32,1
naive,256,diagonal,D10,a,7,3,16.5287,524288,9342976,32,1
strassen,256,diagonal,D10,a,1,3,4.41997,2072576,9342976,32,1
strassen,256,diagonal,D10,a,2,3,4.50267,2072576,9342976,32,1
strassen,256,diagonal,D10,a,3,3,4.3972,2072576,9342976,32,1
strassen,256,diagonal,D10,a,4,3,4.41717,2072576,9342976,32,1
strassen,256,diagonal,D10,a,5,3,4.3959,2072576,9342976,32,1
strassen,256,diagonal,D10,a,6,3,4.38907,2072576,9342976,32,1
strassen,256,diagonal,D10,a,7,3,4.42613,2072576,9342976,32,1
naive,256,diagonal,D10,b,1,3,16.6554,524288,9342976,32,1
naive,256,diagonal,D10,b,2,3,16.6688,524288,9342976,32,1
naive,256,diagonal,D10,b,3,3,16.6822,524288,9342976,32,1
naive,256,diagonal,D10,b,4,3,16.6986,524288,9342976,32,1
naive,256,diagonal,D10,b,5,3,16.6997,524288,9342976,32,1
naive,256,diagonal,D10,b,6,3,16.6769,524288,9342976,32,1
naive,256,diagonal,D10,b,7,3,16.6762,524288,9342976,32,1
strassen,256,diagonal,D10,b,1,3,4.47707,2072576,9342976,32,1
strassen,256,diagonal,D10,b,2,3,4.47577,2072576,9342976,32,1
strassen,256,diagonal,D10,b,3,3,4.45993,2072576,9342976,32,1
strassen,256,diagonal,D10,b,4,3,4.49937,2072576,9342976,32,1
strassen,256,diagonal,D10,b,5,3,4.46393,2072576,9342976,32,1
strassen,256,diagonal,D10,b,6,3,4.5578,2072576,9342976,32,1
strassen,256,diagonal,D10,b,7,3,4.5366,2072576,9342976,32,1
naive,256,diagonal,D10,c,1,3,17.1387,524288,9342976,32,1
naive,256,diagonal,D10,c,2,3,16.5952,524288,9342976,32,1
naive,256,diagonal,D10,c,3,3,17.0978,524288,9342976,32,1
naive,256,diagonal,D10,c,4,3,17.5224,524288,9342976,32,1
naive,256,diagonal,D10,c,5,3,17.4877,524288,9342976,32,1
naive,256,diagonal,D10,c,6,3,17.422,524288,9342976,32,1
naive,256,diagonal,D10,c,7,3,17.2808,524288,9342976,32,1
strassen,256,diagonal,D10,c,1,3,4.33877,2072576,9342976,32,1
strassen,256,diagonal,D10,c,2,3,4.378,2072576,9342976,32,1
strassen,256,diagonal,D10,c,3,3,4.3731,2072576,9342976,32,1
strassen,256,diagonal,D10,c,4,3,4.3757,2072576,9342976,32,1
strassen,256,diagonal,D10,c,5,3,4.35223,2072576,9342976,32,1
strassen,256,diagonal,D10,c,6,3,4.3995,2072576,9342976,32,1
strassen,256,diagonal,D10,c,7,3,4.3843,2072576,9342976,32,1
naive,256,dispersa,D0,a,1,3,16.987,524288,9342976,32,1
naive,256,dispersa,D0,a,2,3,16.9815,524288,9342976,32,1
naive,256,dispersa,D0,a,3,3,16.9696,524288,9342976,32,1
naive,256,dispersa,D0,a,4,3,17.0308,524288,9342976,32,1
naive,256,dispersa,D0,a,5,3,16.9932,524288,9342976,32,1
naive,256,dispersa,D0,a,6,3,16.9966,524288,9342976,32,1
naive,256,dispersa,D0,a,7,3,17.0907,524288,9342976,32,1
strassen,256,dispersa,D0,a,1,3,4.59093,2072576,9342976,32,1
strassen,256,dispersa,D0,a,2,3,4.69637,2072576,9342976,32,1
strassen,256,dispersa,D0,a,3,3,4.716,2072576,9342976,32,1
strassen,256,dispersa,D0,a,4,3,4.66553,2072576,9342976,32,1
strassen,256,dispersa,D0,a,5,3,4.75307,2072576,9342976,32,1
strassen,256,dispersa,D0,a,6,3,4.88237,2072576,9342976,32,1
strassen,256,dispersa,D0,a,7,3,4.99877,2072576,9342976,32,1
naive,256,dispersa,D0,b,1,3,16.672,524288,9342976,32,1
naive,256,dispersa,D0,b,2,3,16.7161,524288,9342976,32,1
naive,256,dispersa,D0,b,3,3,16.6444,524288,9342976,32,1
naive,256,dispersa,D0,b,4,3,16.6912,524288,9342976,32,1
naive,256,dispersa,D0,b,5,3,16.6727,524288,9342976,32,1
naive,256,dispersa,D0,b,6,3,16.687,524288,9342976,32,1
naive,256,dispersa,D0,b,7,3,16.6216,524288,9342976,32,1
strassen,256,dispersa,D0,b,1,3,4.38853,2072576,9342976,32,1
strassen,256,dispersa,D0,b,2,3,4.50803,2072576,9342976,32,1
strassen,256,dispersa,D0,b,3,3,4.51247,2072576,9342976,32,1
strassen,256,dispersa,D0,b,4,3,4.4347,2072576,9342976,32,1
strassen,256,dispersa,D0,b,5,3,4.4296,2072576,9342976,32,1
strassen,256,dispersa,D0,b,6,3,4.44233,2072576,9342976,32,1
strassen,256,dispersa,D0,b,7,3,4.453,2072576,9342976,32,1
naive,256,dispersa,D0,c,1,3,16.6794,524288,9342976,32,1
naive,256,dispersa,D0,c,2,3,16.6878,524288,9342976,32,1
naive,256,dispersa,D0,c,3,3,17.0885,524288,9342976,32,1
naive,256,dispersa,D0,c,4,3,16.8282,524288,9342976,32,1
naive,256,dispersa,D0,c,5,3,16.8997,524288,9342976,32,1
naive,256,dispersa,D0,c,6,3,16.8826,524288,9342976,32,1
naive,256,dispersa,D0,c,7,3,16.8831,524288,9342976,32,1
strassen,256,dispersa,D0,c,1,3,4.39477,2072576,9342976,32,1
strassen,256,dispersa,D0,c,2,3,4.40627,2072576,9342976,32,1
strassen,256,dispersa,D0,c,3,3,4.38373,2072576,9342976,32,1
strassen,256,dispersa,D0,c,4,3,4.41177,2072576,9342976,32,1
strassen,256,dispersa,D0,c,5,3,4.40043,2072576,9342976,32,1
strassen,256,dispersa,D0,c,6,3,4.4229,2072576,9342976,32,1
strassen,256,dispersa,D0,c,7,3,4.4336,2072576,9342976,32,1
naive,256,dispersa,D10,a,1,3,16.7908,524288,9342976,32,1
naive,256,dispersa,D10,a,2,3,16.8131,524288,9342976,32,1
naive,256,dispersa,D10,a,3,3,16.97,524288,9342976,32,1
naive,256,dispersa,D10,a,4,3,17.0374,524288,9342976,32,1
naive,256,dispersa,D10,a,5,3,17.0066,524288,9342976,32,1
naive,256,dispersa,D10,a,6,3,16.8771,524288,9342976,32,1
naive,256,dispersa,D10,a,7,3,17.021,524288,9342976,32,1
strassen,256,dispersa,D10,a,1,3,4.34517,2072576,9342976,32,1
strassen,256,dispersa,D10,a,2,3,4.3947,2072576,9342976,32,1
strassen,256,dispersa,D10,a,3,3,4.38273,2072576,9342976,32,1
strassen,256,dispersa,D10,a,4,3,4.40407,2072576,9342976,32,1
strassen,256,dispersa,D10,a,5,3,4.40757,2072576,9342976,32,1
strassen,256,dispersa,D10,a,6,3,4.3588,2072576,9342976,32,1
strassen,256,dispersa,D10,a,7,3,4.38727,2072576,9342976,32,1
naive,256,dispersa,D10,b,1,3,16.9347,524288,9342976,32,1
naive,256,dispersa,D10,b,2,3,16.915,524288,9342976,32,1
naive,256,dispersa,D10,b,3,3,16.8588,524288,9342976,32,1
naive,256,dispersa,D10,b,4,3,16.9678,524288,9342976,32,1
naive,256,dispersa,D10,b,5,3,16.9537,524288,9342976,32,1
naive,256,dispersa,D10,b,6,3,16.9701,524288,9342976,32,1
naive,256,dispersa,D10,b,7,3,17.0265,524288,9342976,32,1
strassen,256,dispersa,D10,b,1,3,4.5037,2072576,9342976,32,1
strassen,256,dispersa,D10,b,2,3,4.43237,2072576,9342976,32,1
strassen,256,dispersa,D10,b,3,3,4.4628,2072576,9342976,32,1
strassen,256,dispersa,D10,b,4,3,4.5012,2072576,9342976,32,1
strassen,256,dispersa,D10,b,5,3,4.4984,2072576,9342976,32,1
strassen,256,dispersa,D10,b,6,3,4.54207,2072576,9342976,32,1
strassen,256,dispersa,D10,b,7,3,4.52717,2072576,9342976,32,1
naive,256,dispersa,D10,c,1,3,17.0178,524288,9342976,32,1
naive,256,dispersa,D10,c,2,3,16.9312,524288,9342976,32,1
naive,256,dispersa,D10,c,3,3,17.4681,524288,9342976,32,1
naive,256,dispersa,D10,c,4,3,17.4553,524288,9342976,32,1
naive,256,dispersa,D10,c,5,3,17.5862,524288,9342976,32,1
naive,256,dispersa,D10,c,6,3,17.7811,524288,9342976,32,1
naive,256,dispersa,D10,c,7,3,17.2522,524288,9342976,32,1
strassen,256,dispersa,D10,c,1,3,4.45347,2072576,9342976,32,1
strassen,256,dispersa,D10,c,2,3,4.3693,2072576,9342976,32,1
strassen,256,dispersa,D10,c,3,3,4.5267,2072576,9342976,32,1
strassen,256,dispersa,D10,c,4,3,4.44707,2072576,9342976,32,1
strassen,256,dispersa,D10,c,5,3,4.49587,2072576,9342976,32,1
strassen,256,dispersa,D10,c,6,3,4.8006,2072576,9342976,32,1
strassen,256,dispersa,D10,c,7,3,4.69,2072576,9342976,32,1
naive,16,densa,D0,a,1,200,0.001282,2048,4960256,64,1
naive,16,densa,D0,a,2,200,0.001283,2048,4960256,64,1
naive,16,densa,D0,a,3,200,0.001278,2048,4960256,64,1
naive,16,densa,D0,a,4,200,0.0012755,2048,4960256,64,1
naive,16,densa,D0,a,5,200,0.001299,2048,4960256,64,1
naive,16,densa,D0,a,6,200,0.001272,2048,4960256,64,1
naive,16,densa,D0,a,7,200,0.001281,2048,4960256,64,1
naive,16,densa,D0,a,8,200,0.0012735,2048,4960256,64,1
naive,16,densa,D0,a,9,200,0.001274,2048,4960256,64,1
naive,16,densa,D0,a,10,200,0.001272,2048,4960256,64,1
naive,16,densa,D0,a,11,200,0.0012855,2048,4960256,64,1
naive,16,densa,D0,a,12,200,0.001225,2048,4960256,64,1
naive,16,densa,D0,a,13,200,0.0012395,2048,4960256,64,1
naive,16,densa,D0,a,14,200,0.0012255,2048,4960256,64,1
naive,16,densa,D0,a,15,200,0.001225,2048,4960256,64,1
strassen,16,densa,D0,a,1,200,0.001232,2048,5091328,64,1
strassen,16,densa,D0,a,2,200,0.00123,2048,5091328,64,1
strassen,16,densa,D0,a,3,200,0.001231,2048,5091328,64,1
strassen,16,densa,D0,a,4,200,0.0012535,2048,5091328,64,1
strassen,16,densa,D0,a,5,200,0.001246,2048,5091328,64,1
strassen,16,densa,D0,a,6,200,0.001236,2048,5091328,64,1
strassen,16,densa,D0,a,7,200,0.0012375,2048,5091328,64,1
strassen,16,densa,D0,a,8,200,0.001237,2048,5091328,64,1
strassen,16,densa,D0,a,9,200,0.0012385,2048,5091328,64,1
strassen,16,densa,D0,a,10,200,0.0012375,2048,5091328,64,1
strassen,16,densa,D0,a,11,200,0.0012375,2048,5091328,64,1
strassen,16,densa,D0,a,12,200,0.0012655,2048,5091328,64,1
strassen,16,densa,D0,a,13,200,0.001233,2048,5091328,64,1
strassen,16,densa,D0,a,14,200,0.0012325,2048,5091328,64,1
strassen,16,densa,D0,a,15,200,0.0012325,2048,5091328,64,1
naive,16,densa,D0,b,1,200,0.001226,2048,5095424,64,1
naive,16,densa,D0,b,2,200,0.001226,2048,5095424,64,1
naive,16,densa,D0,b,3,200,0.0012265,2048,5095424,64,1
naive,16,densa,D0,b,4,200,0.001248,2048,5095424,64,1
naive,16,densa,D0,b,5,200,0.001227,2048,5095424,64,1
naive,16,densa,D0,b,6,200,0.001228,2048,5095424,64,1
naive,16,densa,D0,b,7,200,0.001228,2048,5095424,64,1
naive,16,densa,D0,b,8,200,0.0012255,2048,5095424,64,1
naive,16,densa,D0,b,9,200,0.001226,2048,5095424,64,1
naive,16,densa,D0,b,10,200,0.001226,2048,5095424,64,1
naive,16,densa,D0,b,11,200,0.001224,2048,5095424,64,1
naive,16,densa,D0,b,12,200,0.0012375,2048,5095424,64,1
naive,16,densa,D0,b,13,200,0.001228,2048,5095424,64,1
naive,16,densa,D0,b,14,200,0.0012275,2048,5095424,64,1
naive,16,densa,D0,b,15,200,0.0012275,2048,5095424,64,1
strassen,16,densa,D0,b,1,200,0.001235,2048,5095424,64,1
strassen,16,densa,D0,b,2,200,0.0012335,2048,5095424,64,1
strassen,16,densa,D0,b,3,200,0.001232,2048,5095424,64,1
strassen,16,densa,D0,b,4,200,0.001234,2048,5095424,64,1
strassen,16,densa,D0,b,5,200,0.0012445,2048,5095424,64,1
strassen,16,densa,D0,b,6,200,0.0012345,2048,5095424,64,1
strassen,16,densa,D0,b,7,200,0.001233,2048,5095424,64,1
strassen,16,densa,D0,b,8,200,0.0012555,2048,5095424,64,1
strassen,16,densa,D0,b,9,200,0.001233,2048,5095424,64,1
strassen,16,densa,D0,b,10,200,0.0012335,2048,5095424,64,1
strassen,16,densa,D0,b,11,200,0.0012335,2048,5095424,64,1
strassen,16,densa,D0,b,12,200,0.001248,2048,5095424,64,1
strassen,16,densa,D0,b,13,200,0.001232,2048,5095424,64,1
strassen,16,densa,D0,b,14,200,0.0012335,2048,5095424,64,1
strassen,16,densa,D0,b,15,200,0.0012335,2048,5095424,64,1
naive,16,densa,D0,c,1,200,0.001226,2048,5095424,64,1
naive,16,densa,D0,c,2,200,0.0012265,2048,5095424,64,1
naive,16,densa,D0,c,3,200,0.0012255,2048,5095424,64,1
naive,16,densa,D0,c,4,200,0.0012255,2048,5095424,64,1
naive,16,densa,D0,c,5,200,0.0012435,2048,5095424,64,1
naive,16,densa,D0,c,6,200,0.001226,2048,5095424,64,1
naive,16,densa,D0,c,7,200,0.001224,2048,5095424,64,1
naive,16,densa,D0,c,8,200,0.0012255,2048,5095424,64,1
naive,16,densa,D0,c,9,200,0.001226,2048,5095424,64,1
naive,16,densa,D0,c,10,200,0.0012265,2048,5095424,64,1
naive,16,densa,D0,c,11,200,0.0012265,2048,5095424,64,1
naive,16,densa,D0,c,12,200,0.001225,2048,5095424,64,1
naive,16,densa,D0,c,13,200,0.0012385,2048,5095424,64,1
naive,16,densa,D0,c,14,200,0.001226,2048,5095424,64,1
naive,16,densa,D0,c,15,200,0.001227,2048,5095424,64,1
strassen,16,densa,D0,c,1,200,0.001233,2048,5095424,64,1
strassen,16,densa,D0,c,2,200,0.001232,2048,5095424,64,1
strassen,16,densa,D0,c,3,200,0.001231,2048,5095424,64,1
strassen,16,densa,D0,c,4,200,0.0012335,2048,5095424,64,1
strassen,16,densa,D0,c,5,200,0.0012445,2048,5095424,64,1
strassen,16,densa,D0,c,6,200,0.001233,2048,5095424,64,1
strassen,16,densa,D0,c,7,200,0.0012325,2048,5095424,64,1
strassen,16,densa,D0,c,8,200,0.0012315,2048,5095424,64,1
strassen,16,densa,D0,c,9,200,0.001234,2048,5095424,64,1
strassen,16,densa,D0,c,10,200,0.001233,2048,5095424,64,1
strassen,16,densa,D0,c,11,200,0.001232,2048,5095424,64,1
strassen,16,densa,D0,c,12,200,0.001363,2048,5095424,64,1
strassen,16,densa,D0,c,13,200,0.001252,2048,5095424,64,1
strassen,16,densa,D0,c,14,200,0.0012315,2048,5095424,64,1
strassen,16,densa,D0,c,15,200,0.001233,2048,5095424,64,1
naive,16,densa,D10,a,1,200,0.001228,2048,5095424,64,1
naive,16,densa,D10,a,2,200,0.001227,2048,5095424,64,1
naive,16,densa,D10,a,3,200,0.001226,2048,5095424,64,1
naive,16,densa,D10,a,4,200,0.0012485,2048,5095424,64,1
naive,16,densa,D10,a,5,200,0.001228,2048,5095424,64,1
naive,16,densa,D10,a,6,200,0.001227,2048,5095424,64,1
naive,16,densa,D10,a,7,200,0.0012295,2048,5095424,64,1
naive,16,densa,D10,a,8,200,0.001228,2048,5095424,64,1
naive,16,densa,D10,a,9,200,0.0012275,2048,5095424,64,1
naive,16,densa,D10,a,10,200,0.001228,2048,5095424,64,1
naive,16,densa,D10,a,11,200,0.0012285,2048,5095424,64,1
naive,16,densa,D10,a,12,200,0.0012415,2048,5095424,64,1
naive,16,densa,D10,a,13,200,0.001226,2048,5095424,64,1
naive,16,densa,D10,a,14,200,0.001226,2048,5095424,64,1
naive,16,densa,D10,a,15,200,0.0012275,2048,5095424,64,1
strassen,16,densa,D10,a,1,200,0.001236,2048,5095424,64,1
strassen,16,densa,D10,a,2,200,0.001233,2048,5095424,64,1
strassen,16,densa,D10,a,3,200,0.0012315,2048,5095424,64,1
strassen,16,densa,D10,a,4,200,0.0012325,2048,5095424,64,1
strassen,16,densa,D10,a,5,200,0.0012465,2048,5095424,64,1
strassen,16,densa,D10,a,6,200,0.0013,2048,5095424,64,1
strassen,16,densa,D10,a,7,200,0.001233,2048,5095424,64,1
strassen,16,densa,D10,a,8,200,0.0012325,2048,5095424,64,1
strassen,16,densa,D10,a,9,200,0.001232,2048,5095424,64,1
strassen,16,densa,D10,a,10,200,0.0012335,2048,5095424,64,1
strassen,16,densa,D10,a,11,200,0.0012325,2048,5095424,64,1
strassen,16,densa,D10,a,12,200,0.001233,2048,5095424,64,1
strassen,16,densa,D10,a,13,200,0.0012505,2048,5095424,64,1
strassen,16,densa,D10,a,14,200,0.001233,2048,5095424,64,1
strassen,16,densa,D10,a,15,200,0.001233,2048,5095424,64,1
naive,16,densa,D10,b,1,200,0.001229,2048,5095424,64,1
naive,16,densa,D10,b,2,200,0.001229,2048,5095424,64,1
naive,16,densa,D10,b,3,200,0.001228,2048,5095424,64,1
naive,16,densa,D10,b,4,200,0.0012265,2048,5095424,64,1
naive,16,densa,D10,b,5,200,0.0012465,2048,5095424,64,1
naive,16,densa,D10,b,6,200,0.0012285,2048,5095424,64,1
naive,16,densa,D10,b,7,200,0.001227,2048,5095424,64,1
naive,16,densa,D10,b,8,200,0.0012265,2048,5095424,64,1
naive,16,densa,D10,b,9,200,0.001228,2048,5095424,64,1
naive,16,densa,D10,b,10,200,0.0012275,2048,5095424,64,1
naive,16,densa,D10,b,11,200,0.001228,2048,5095424,64,1
naive,16,densa,D10,b,12,200,0.001234,2048,5095424,64,1
naive,16,densa,D10,b,13,200,0.001228,2048,5095424,64,1
naive,16,densa,D10,b,14,200,0.001228,2048,5095424,64,1
naive,16,densa,D10,b,15,200,0.0012265,2048,5095424,64,1
strassen,16,densa,D10,b,1,200,0.001233,2048,5095424,64,1
strassen,16,densa,D10,b,2,200,0.0012325,2048,5095424,64,1
strassen,16,densa,D10,b,3,200,0.0012315,2048,5095424,64,1
strassen,16,densa,D10,b,4,200,0.001243,2048,5095424,64,1
strassen,16,densa,D10,b,5,200,0.001234,2048,5095424,64,1
strassen,16,densa,D10,b,6,200,0.0012325,2048,5095424,64,1
strassen,16,densa,D10,b,7,200,0.001233,2048,5095424,64,1
strassen,16,densa,D10,b,8,200,0.0012335,2048,5095424,64,1
strassen,16,densa,D10,b,9,200,0.0012355,2048,5095424,64,1
strassen,16,densa,D10,b,10,200,0.001234,2048,5095424,64,1
strassen,16,densa,D10,b,11,200,0.001235,2048,5095424,64,1
strassen,16,densa,D10,b,12,200,0.0012425,2048,5095424,64,1
strassen,16,densa,D10,b,13,200,0.001234,2048,5095424,64,1
strassen,16,densa,D10,b,14,200,0.0012335,2048,5095424,64,1
strassen,16,densa,D10,b,15,200,0.001234,2048,5095424,64,1
naive,16,densa,D10,c,1,200,0.0012255,2048,5095424,64,1
naive,16,densa,D10,c,2,200,0.001227,2048,5095424,64,1
naive,16,densa,D10,c,3,200,0.001225,2048,5095424,64,1
naive,16,densa,D10,c,4,200,0.001226,2048,5095424,64,1
naive,16,densa,D10,c,5,200,0.0012415,2048,5095424,64,1
naive,16,densa,D10,c,6,200,0.001225,2048,5095424,64,1
naive,16,densa,D10,c,7,200,0.001225,2048,5095424,64,1
naive,16,densa,D10,c,8,200,0.0012255,2048,5095424,64,1
naive,16,densa,D10,c,9,200,0.0012255,2048,5095424,64,1
naive,16,densa,D10,c,10,200,0.0012265,2048,5095424,64,1
naive,16,densa,D10,c,11,200,0.001225,2048,5095424,64,1
naive,16,densa,D10,c,12,200,0.001224,2048,5095424,64,1
naive,16,densa,D10,c,13,200,0.001239,2048,5095424,64,1
naive,16,densa,D10,c,14,200,0.0012265,2048,5095424,64,1
naive,16,densa,D10,c,15,200,0.0012265,2048,5095424,64,1
strassen,16,densa,D10,c,1,200,0.001231,2048,5095424,64,1
strassen,16,densa,D10,c,2,200,0.001232,2048,5095424,64,1
strassen,16,densa,D10,c,3,200,0.00123,2048,5095424,64,1
strassen,16,densa,D10,c,4,200,0.0012315,2048,5095424,64,1
strassen,16,densa,D10,c,5,200,0.001245,2048,5095424,64,1
strassen,16,densa,D10,c,6,200,0.0012475,2048,5095424,64,1
strassen,16,densa,D10,c,7,200,0.00123,2048,5095424,64,1
strassen,16,densa,D10,c,8,200,0.0012305,2048,5095424,64,1
strassen,16,densa,D10,c,9,200,0.001229,2048,5095424,64,1
strassen,16,densa,D10,c,10,200,0.0012295,2048,5095424,64,1
strassen,16,densa,D10,c,11,200,0.001231,2048,5095424,64,1
strassen,16,densa,D10,c,12,200,0.00123,2048,5095424,64,1
strassen,16,densa,D10,c,13,200,0.001243,2048,5095424,64,1
strassen,16,densa,D10,c,14,200,0.00123,2048,5095424,64,1
strassen,16,densa,D10,c,15,200,0.0012315,2048,5095424,64,1
naive,16,diagonal,D0,a,1,200,0.001225,2048,5095424,64,1
naive,16,diagonal,D0,a,2,200,0.0012245,2048,5095424,64,1
naive,16,diagonal,D0,a,3,200,0.001225,2048,5095424,64,1
naive,16,diagonal,D0,a,4,200,0.001225,2048,5095424,64,1
naive,16,diagonal,D0,a,5,200,0.001244,2048,5095424,64,1
naive,16,diagonal,D0,a,6,200,0.001225,2048,5095424,64,1
naive,16,diagonal,D0,a,7,200,0.001224,2048,5095424,64,1
naive,16,diagonal,D0,a,8,200,0.001226,2048,5095424,64,1
naive,16,diagonal,D0,a,9,200,0.001225,2048,5095424,64,1
naive,16,diagonal,D0,a,10,200,0.0012245,2048,5095424,64,1
naive,16,diagonal,D0,a,11,200,0.001225,2048,5095424,64,1
naive,16,diagonal,D0,a,12,200,0.001226,2048,5095424,64,1
naive,16,diagonal,D0,a,13,200,0.001236,2048,5095424,64,1
naive,16,diagonal,D0,a,14,200,0.001225,2048,5095424,64,1
naive,16,diagonal,D0,a,15,200,0.001223,2048,5095424,64,1
strassen,16,diagonal,D0,a,1,200,0.0012305,2048,5095424,64,1
strassen,16,diagonal,D0,a,2,200,0.001231,2048,5095424,64,1
strassen,16,diagonal,D0,a,3,200,0.001231,2048,5095424,64,1
strassen,16,diagonal,D0,a,4,200,0.0012305,2048,5095424,64,1
strassen,16,diagonal,D0,a,5,200,0.0012325,2048,5095424,64,1
strassen,16,diagonal,D0,a,6,200,0.0012435,2048,5095424,64,1
strassen,16,diagonal,D0,a,7,200,0.001232,2048,5095424,64,1
strassen,16,diagonal,D0,a,8,200,0.001231,2048,5095424,64,1
strassen,16,diagonal,D0,a,9,200,0.001231,2048,5095424,64,1
strassen,16,diagonal,D0,a,10,200,0.00123,2048,5095424,64,1
strassen,16,diagonal,D0,a,11,200,0.0012315,2048,5095424,64,1
strassen,16,diagonal,D0,a,12,200,0.0012305,2048,5095424,64,1
strassen,16,diagonal,D0,a,13,200,0.001245,2048,5095424,64,1
strassen,16,diagonal,D0,a,14,200,0.0012315,2048,5095424,64,1
strassen,16,diagonal,D0,a,15,200,0.0012315,2048,5095424,64,1
naive,16,diagonal,D0,b,1,200,0.0012255,2048,5095424,64,1
naive,16,diagonal,D0,b,2,200,0.001225,2048,5095424,64,1
naive,16,diagonal,D0,b,3,200,0.0012255,2048,5095424,64,1
naive,16,diagonal,D0,b,4,200,0.001226,2048,5095424,64,1
naive,16,diagonal,D0,b,5,200,0.0012245,2048,5095424,64,1
naive,16,diagonal,D0,b,6,200,0.001242,2048,5095424,64,1
naive,16,diagonal,D0,b,7,200,0.0012245,2048,5095424,64,1
naive,16,diagonal,D0,b,8,200,0.0012235,2048,5095424,64,1
naive,16,diagonal,D0,b,9,200,0.0012235,2048,5095424,64,1
naive,16,diagonal,D0,b,10,200,0.0012245,2048,5095424,64,1
naive,16,diagonal,D0,b,11,200,0.001225,2048,5095424,64,1
naive,16,diagonal,D0,b,12,200,0.001224,2048,5095424,64,1
naive,16,diagonal,D0,b,13,200,0.001224,2048,5095424,64,1
naive,16,diagonal,D0,b,14,200,0.0012365,2048,5095424,64,1
naive,16,diagonal,D0,b,15,200,0.0012265,2048,5095424,64,1
strassen,16,diagonal,D0,b,1,200,0.001231,2048,5095424,64,1
strassen,16,diagonal,D0,b,2,200,0.001233,2048,5095424,64,1
strassen,16,diagonal,D0,b,3,200,0.0012305,2048,5095424,64,1
strassen,16,diagonal,D0,b,4,200,0.0012795,2048,5095424,64,1
strassen,16,diagonal,D0,b,5,200,0.001232,2048,5095424,64,1
strassen,16,diagonal,D0,b,6,200,0.00124,2048,5095424,64,1
strassen,16,diagonal,D0,b,7,200,0.0012295,2048,5095424,64,1
strassen,16,diagonal,D0,b,8,200,0.0012275,2048,5095424,64,1
strassen,16,diagonal,D0,b,9,200,0.00123,2048,5095424,64,1
strassen,16,diagonal,D0,b,10,200,0.0012325,2048,5095424,64,1
strassen,16,diagonal,D0,b,11,200,0.0012335,2048,5095424,64,1
strassen,16,diagonal,D0,b,12,200,0.0012305,2048,5095424,64,1
strassen,16,diagonal,D0,b,13,200,0.0012395,2048,5095424,64,1
strassen,16,diagonal,D0,b,14,200,0.0012315,2048,5095424,64,1
strassen,16,diagonal,D0,b,15,200,0.001231,2048,5095424,64,1
naive,16,diagonal,D0,c,1,200,0.001227,2048,5095424,64,1
naive,16,diagonal,D0,c,2,200,0.001226,2048,5095424,64,1
naive,16,diagonal,D0,c,3,200,0.001228,2048,5095424,64,1
naive,16,diagonal,D0,c,4,200,0.0012265,2048,5095424,64,1
naive,16,diagonal,D0,c,5,200,0.0012505,2048,5095424,64,1
naive,16,diagonal,D0,c,6,200,0.001225,2048,5095424,64,1
naive,16,diagonal,D0,c,7,200,0.0012245,2048,5095424,64,1
naive,16,diagonal,D0,c,8,200,0.001225,2048,5095424,64,1
naive,16,diagonal,D0,c,9,200,0.0012255,2048,5095424,64,1
naive,16,diagonal,D0,c,10,200,0.0012235,2048,5095424,64,1
naive,16,diagonal,D0,c,11,200,0.001224,2048,5095424,64,1
naive,16,diagonal,D0,c,12,200,0.001225,2048,5095424,64,1
naive,16,diagonal,D0,c,13,200,0.0012355,2048,5095424,64,1
naive,16,diagonal,D0,c,14,200,0.0012245,2048,5095424,64,1
naive,16,diagonal,D0,c,15,200,0.001224,2048,5095424,64,1
strassen,16,diagonal,D0,c,1,200,0.001228,2048,5095424,64,1
strassen,16,diagonal,D0,c,2,200,0.0012305,2048,5095424,64,1
strassen,16,diagonal,D0,c,3,200,0.00123,2048,5095424,64,1
strassen,16,diagonal,D0,c,4,200,0.001231,2048,5095424,64,1
strassen,16,diagonal,D0,c,5,200,0.001232,2048,5095424,64,1
strassen,16,diagonal,D0,c,6,200,0.0012425,2048,5095424,64,1
strassen,16,diagonal,D0,c,7,200,0.0012315,2048,5095424,64,1
strassen,16,diagonal,D0,c,8,200,0.00123,2048,5095424,64,1
strassen,16,diagonal,D0,c,9,200,0.001232,2048,5095424,64,1
strassen,16,diagonal,D0,c,10,200,0.001231,2048,5095424,64,1
strassen,16,diagonal,D0,c,11,200,0.001232,2048,5095424,64,1
strassen,16,diagonal,D0,c,12,200,0.0012305,2048,5095424,64,1
strassen,16,diagonal,D0,c,13,200,0.0012455,2048,5095424,64,1
strassen,16,diagonal,D0,c,14,200,0.0012335,2048,5095424,64,1
strassen,16,diagonal,D0,c,15,200,0.0012305,2048,5095424,64,1
naive,16,diagonal,D10,a,1,200,0.0012265,2048,5095424,64,1
naive,16,diagonal,D10,a,2,200,0.001225,2048,5095424,64,1
naive,16,diagonal,D10,a,3,200,0.0012265,2048,5095424,64,1
naive,16,diagonal,D10,a,4,200,0.0012275,2048,5095424,64,1
naive,16,diagonal,D10,a,5,200,0.001227,2048,5095424,64,1
naive,16,diagonal,D10,a,6,200,0.0012425,2048,5095424,64,1
naive,16,diagonal,D10,a,7,200,0.001226,2048,5095424,64,1
naive,16,diagonal,D10,a,8,200,0.001224,2048,5095424,64,1
naive,16,diagonal,D10,a,9,200,0.0012245,2048,5095424,64,1
naive,16,diagonal,D10,a,10,200,0.001227,2048,5095424,64,1
naive,16,diagonal,D10,a,11,200,0.0012235,2048,5095424,64,1
naive,16,diagonal,D10,a,12,200,0.001227,2048,5095424,64,1
naive,16,diagonal,D10,a,13,200,0.001226,2048,5095424,64,1
naive,16,diagonal,D10,a,14,200,0.001238,2048,5095424,64,1
naive,16,diagonal,D10,a,15,200,0.0012265,2048,5095424,64,1
strassen,16,diagonal,D10,a,1,200,0.001233,2048,5095424,64,1
strassen,16,diagonal,D10,a,2,200,0.001232,2048,5095424,64,1
strassen,16,diagonal,D10,a,3,200,0.001231,2048,5095424,64,1
strassen,16,diagonal,D10,a,4,200,0.0012325,2048,5095424,64,1
strassen,16,diagonal,D10,a,5,200,0.001282,2048,5095424,64,1
strassen,16,diagonal,D10,a,6,200,0.001241,2048,5095424,64,1
strassen,16,diagonal,D10,a,7,200,0.0012305,2048,5095424,64,1
strassen,16,diagonal,D10,a,8,200,0.001232,2048,5095424,64,1
strassen,16,diagonal,D10,a,9,200,0.0012305,2048,5095424,64,1
strassen,16,diagonal,D10,a,10,200,0.001232,2048,5095424,64,1
strassen,16,diagonal,D10,a,11,200,0.001233,2048,5095424,64,1
strassen,16,diagonal,D10,a,12,200,0.0012335,2048,5095424,64,1
strassen,16,diagonal,D10,a,13,200,0.0012455,2048,5095424,64,1
strassen,16,diagonal,D10,a,14,200,0.0012335,2048,5095424,64,1
strassen,16,diagonal,D10,a,15,200,0.0012325,2048,5095424,64,1
naive,16,diagonal,D10,b,1,200,0.001225,2048,5095424,64,1
naive,16,diagonal,D10,b,2,200,0.0012255,2048,5095424,64,1
naive,16,diagonal,D10,b,3,200,0.001226,2048,5095424,64,1
naive,16,diagonal,D10,b,4,200,0.001225,2048,5095424,64,1
naive,16,diagonal,D10,b,5,200,0.0012245,2048,5095424,64,1
naive,16,diagonal,D10,b,6,200,0.001242,2048,5095424,64,1
naive,16,diagonal,D10,b,7,200,0.0012275,2048,5095424,64,1
naive,16,diagonal,D10,b,8,200,0.0012275,2048,5095424,64,1
naive,16,diagonal,D10,b,9,200,0.001229,2048,5095424,64,1
naive,16,diagonal,D10,b,10,200,0.0012265,2048,5095424,64,1
naive,16,diagonal,D10,b,11,200,0.0012265,2048,5095424,64,1
naive,16,diagonal,D10,b,12,200,0.0012265,2048,5095424,64,1
naive,16,diagonal,D10,b,13,200,0.001227,2048,5095424,64,1
naive,16,diagonal,D10,b,14,200,0.001238,2048,5095424,64,1
naive,16,diagonal,D10,b,15,200,0.0012845,2048,5095424,64,1
strassen,16,diagonal,D10,b,1,200,0.0012335,2048,5095424,64,1
strassen,16,diagonal,D10,b,2,200,0.001277,2048,5095424,64,1
strassen,16,diagonal,D10,b,3,200,0.001325,2048,5095424,64,1
strassen,16,diagonal,D10,b,4,200,0.0012335,2048,5095424,64,1
strassen,16,diagonal,D10,b,5,200,0.0012315,2048,5095424,64,1
strassen,16,diagonal,D10,b,6,200,0.0012305,2048,5095424,64,1
strassen,16,diagonal,D10,b,7,200,0.00125,2048,5095424,64,1
strassen,16,diagonal,D10,b,8,200,0.001231,2048,5095424,64,1
strassen,16,diagonal,D10,b,9,200,0.001231,2048,5095424,64,1
strassen,16,diagonal,D10,b,10,200,0.0012315,2048,5095424,64,1
strassen,16,diagonal,D10,b,11,200,0.001232,2048,5095424,64,1
strassen,16,diagonal,D10,b,12,200,0.001231,2048,5095424,64,1
strassen,16,diagonal,D10,b,13,200,0.0012305,2048,5095424,64,1
strassen,16,diagonal,D10,b,14,200,0.0012315,2048,5095424,64,1
strassen,16,diagonal,D10,b,15,200,0.001245,2048,5095424,64,1
naive,16,diagonal,D10,c,1,200,0.001227,2048,5095424,64,1
naive,16,diagonal,D10,c,2,200,0.001226,2048,5095424,64,1
naive,16,diagonal,D10,c,3,200,0.0012245,2048,5095424,64,1
naive,16,diagonal,D10,c,4,200,0.0012255,2048,5095424,64,1
naive,16,diagonal,D10,c,5,200,0.0012255,2048,5095424,64,1
naive,16,diagonal,D10,c,6,200,0.001225,2048,5095424,64,1
naive,16,diagonal,D10,c,7,200,0.001246,2048,5095424,64,1
naive,16,diagonal,D10,c,8,200,0.001225,2048,5095424,64,1
naive,16,diagonal,D10,c,9,200,0.001226,2048,5095424,64,1
naive,16,diagonal,D10,c,10,200,0.001226,2048,5095424,64,1
naive,16,diagonal,D10,c,11,200,0.001226,2048,5095424,64,1
naive,16,diagonal,D10,c,12,200,0.001226,2048,5095424,64,1
naive,16,diagonal,D10,c,13,200,0.0012265,2048,5095424,64,1
naive,16,diagonal,D10,c,14,200,0.001226,2048,5095424,64,1
naive,16,diagonal,D10,c,15,200,0.00124,2048,5095424,64,1
strassen,16,diagonal,D10,c,1,200,0.001232,2048,5095424,64,1
strassen,16,diagonal,D10,c,2,200,0.001232,2048,5095424,64,1
strassen,16,diagonal,D10,c,3,200,0.001232,2048,5095424,64,1
strassen,16,diagonal,D10,c,4,200,0.0012315,2048,5095424,64,1
strassen,16,diagonal,D10,c,5,200,0.0012325,2048,5095424,64,1
strassen,16,diagonal,D10,c,6,200,0.001232,2048,5095424,64,1
strassen,16,diagonal,D10,c,7,200,0.0012635,2048,5095424,64,1
strassen,16,diagonal,D10,c,8,200,0.001234,2048,5095424,64,1
strassen,16,diagonal,D10,c,9,200,0.0012335,2048,5095424,64,1
strassen,16,diagonal,D10,c,10,200,0.0012345,2048,5095424,64,1
strassen,16,diagonal,D10,c,11,200,0.0012325,2048,5095424,64,1
strassen,16,diagonal,D10,c,12,200,0.001233,2048,5095424,64,1
strassen,16,diagonal,D10,c,13,200,0.001233,2048,5095424,64,1
strassen,16,diagonal,D10,c,14,200,0.0012395,2048,5095424,64,1
strassen,16,diagonal,D10,c,15,200,0.001232,2048,5095424,64,1
naive,16,dispersa,D0,a,1,200,0.001227,2048,5095424,64,1
naive,16,dispersa,D0,a,2,200,0.001228,2048,5095424,64,1
naive,16,dispersa,D0,a,3,200,0.0012275,2048,5095424,64,1
naive,16,dispersa,D0,a,4,200,0.0012285,2048,5095424,64,1
naive,16,dispersa,D0,a,5,200,0.0012265,2048,5095424,64,1
naive,16,dispersa,D0,a,6,200,0.0012265,2048,5095424,64,1
naive,16,dispersa,D0,a,7,200,0.001227,2048,5095424,64,1
naive,16,dispersa,D0,a,8,200,0.001227,2048,5095424,64,1
naive,16,dispersa,D0,a,9,200,0.001226,2048,5095424,64,1
naive,16,dispersa,D0,a,10,200,0.0012265,2048,5095424,64,1
naive,16,dispersa,D0,a,11,200,0.0012265,2048,5095424,64,1
naive,16,dispersa,D0,a,12,200,0.001226,2048,5095424,64,1
naive,16,dispersa,D0,a,13,200,0.001226,2048,5095424,64,1
naive,16,dispersa,D0,a,14,200,0.001242,2048,5095424,64,1
naive,16,dispersa,D0,a,15,200,0.0012275,2048,5095424,64,1
strassen,16,dispersa,D0,a,1,200,0.0012325,2048,5095424,64,1
strassen,16,dispersa,D0,a,2,200,0.0012315,2048,5095424,64,1
strassen,16,dispersa,D0,a,3,200,0.001231,2048,5095424,64,1
strassen,16,dispersa,D0,a,4,200,0.0012295,2048,5095424,64,1
strassen,16,dispersa,D0,a,5,200,0.001231,2048,5095424,64,1
strassen,16,dispersa,D0,a,6,200,0.0012325,2048,5095424,64,1
strassen,16,dispersa,D0,a,7,200,0.001244,2048,5095424,64,1
strassen,16,dispersa,D0,a,8,200,0.0012325,2048,5095424,64,1
strassen,16,dispersa,D0,a,9,200,0.001233,2048,5095424,64,1
strassen,16,dispersa,D0,a,10,200,0.0012325,2048,5095424,64,1
strassen,16,dispersa,D0,a,11,200,0.0012325,2048,5095424,64,1
strassen,16,dispersa,D0,a,12,200,0.001233,2048,5095424,64,1
strassen,16,dispersa,D0,a,13,200,0.001233,2048,5095424,64,1
strassen,16,dispersa,D0,a,14,200,0.0012455,2048,5095424,64,1
strassen,16,dispersa,D0,a,15,200,0.0012335,2048,5095424,64,1
naive,16,dispersa,D0,b,1,200,0.001227,2048,5095424,64,1
naive,16,dispersa,D0,b,2,200,0.0012265,2048,5095424,64,1
naive,16,dispersa,D0,b,3,200,0.001227,2048,5095424,64,1
naive,16,dispersa,D0,b,4,200,0.0012275,2048,5095424,64,1
naive,16,dispersa,D0,b,5,200,0.0012265,2048,5095424,64,1
naive,16,dispersa,D0,b,6,200,0.001226,2048,5095424,64,1
naive,16,dispersa,D0,b,7,200,0.001241,2048,5095424,64,1
naive,16,dispersa,D0,b,8,200,0.001227,2048,5095424,64,1
naive,16,dispersa,D0,b,9,200,0.001226,2048,5095424,64,1
naive,16,dispersa,D0,b,10,200,0.0012265,2048,5095424,64,1
naive,16,dispersa,D0,b,11,200,0.001226,2048,5095424,64,1
naive,16,dispersa,D0,b,12,200,0.0012265,2048,5095424,64,1
naive,16,dispersa,D0,b,13,200,0.001226,2048,5095424,64,1
naive,16,dispersa,D0,b,14,200,0.0012245,2048,5095424,64,1
naive,16,dispersa,D0,b,15,200,0.0012385,2048,5095424,64,1
strassen,16,dispersa,D0,b,1,200,0.0012335,2048,5095424,64,1
strassen,16,dispersa,D0,b,2,200,0.0012335,2048,5095424,64,1
strassen,16,dispersa,D0,b,3,200,0.0012325,2048,5095424,64,1
strassen,16,dispersa,D0,b,4,200,0.0012325,2048,5095424,64,1
strassen,16,dispersa,D0,b,5,200,0.0012335,2048,5095424,64,1
strassen,16,dispersa,D0,b,6,200,0.0012315,2048,5095424,64,1
strassen,16,dispersa,D0,b,7,200,0.001259,2048,5095424,64,1
strassen,16,dispersa,D0,b,8,200,0.001235,2048,5095424,64,1
strassen,16,dispersa,D0,b,9,200,0.001232,2048,5095424,64,1
strassen,16,dispersa,D0,b,10,200,0.0012335,2048,5095424,64,1
strassen,16,dispersa,D0,b,11,200,0.001234,2048,5095424,64,1
strassen,16,dispersa,D0,b,12,200,0.001235,2048,5095424,64,1
strassen,16,dispersa,D0,b,13,200,0.0012345,2048,5095424,64,1
strassen,16,dispersa,D0,b,14,200,0.001246,2048,5095424,64,1
strassen,16,dispersa,D0,b,15,200,0.001232,2048,5095424,64,1
naive,16,dispersa,D0,c,1,200,0.0012275,2048,5095424,64,1
naive,16,dispersa,D0,c,2,200,0.001227,2048,5095424,64,1
naive,16,dispersa,D0,c,3,200,0.001228,2048,5095424,64,1
naive,16,dispersa,D0,c,4,200,0.001229,2048,5095424,64,1
naive,16,dispersa,D0,c,5,200,0.001228,2048,5095424,64,1
naive,16,dispersa,D0,c,6,200,0.001227,2048,5095424,64,1
naive,16,dispersa,D0,c,7,200,0.001243,2048,5095424,64,1
naive,16,dispersa,D0,c,8,200,0.0012275,2048,5095424,64,1
naive,16,dispersa,D0,c,9,200,0.001228,2048,5095424,64,1
naive,16,dispersa,D0,c,10,200,0.0012295,2048,5095424,64,1
naive,16,dispersa,D0,c,11,200,0.0012285,2048,5095424,64,1
naive,16,dispersa,D0,c,12,200,0.001228,2048,5095424,64,1
naive,16,dispersa,D0,c,13,200,0.001227,2048,5095424,64,1
naive,16,dispersa,D0,c,14,200,0.0012295,2048,5095424,64,1
naive,16,dispersa,D0,c,15,200,0.001237,2048,5095424,64,1
strassen,16,dispersa,D0,c,1,200,0.0012325,2048,5095424,64,1
strassen,16,dispersa,D0,c,2,200,0.001235,2048,5095424,64,1
strassen,16,dispersa,D0,c,3,200,0.0012345,2048,5095424,64,1
strassen,16,dispersa,D0,c,4,200,0.0012325,2048,5095424,64,1
strassen,16,dispersa,D0,c,5,200,0.001234,2048,5095424,64,1
strassen,16,dispersa,D0,c,6,200,0.001232,2048,5095424,64,1
strassen,16,dispersa,D0,c,7,200,0.001234,2048,5095424,64,1
strassen,16,dispersa,D0,c,8,200,0.001245,2048,5095424,64,1
strassen,16,dispersa,D0,c,9,200,0.001233,2048,5095424,64,1
strassen,16,dispersa,D0,c,10,200,0.001233,2048,5095424,64,1
strassen,16,dispersa,D0,c,11,200,0.001232,2048,5095424,64,1
strassen,16,dispersa,D0,c,12,200,0.0012335,2048,5095424,64,1
strassen,16,dispersa,D0,c,13,200,0.0012335,2048,5095424,64,1
strassen,16,dispersa,D0,c,14,200,0.001232,2048,5095424,64,1
strassen,16,dispersa,D0,c,15,200,0.001242,2048,5095424,64,1
naive,16,dispersa,D10,a,1,200,0.001227,2048,5095424,64,1
naive,16,dispersa,D10,a,2,200,0.0012265,2048,5095424,64,1
naive,16,dispersa,D10,a,3,200,0.0012275,2048,5095424,64,1
naive,16,dispersa,D10,a,4,200,0.001226,2048,5095424,64,1
naive,16,dispersa,D10,a,5,200,0.001228,2048,5095424,64,1
naive,16,dispersa,D10,a,6,200,0.0012445,2048,5095424,64,1
naive,16,dispersa,D10,a,7,200,0.001226,2048,5095424,64,1
naive,16,dispersa,D10,a,8,200,0.001225,2048,5095424,64,1
naive,16,dispersa,D10,a,9,200,0.0012265,2048,5095424,64,1
naive,16,dispersa,D10,a,10,200,0.001225,2048,5095424,64,1
naive,16,dispersa,D10,a,11,200,0.001222,2048,5095424,64,1
naive,16,dispersa,D10,a,12,200,0.001224,2048,5095424,64,1
naive,16,dispersa,D10,a,13,200,0.001226,2048,5095424,64,1
naive,16,dispersa,D10,a,14,200,0.001224,2048,5095424,64,1
naive,16,dispersa,D10,a,15,200,0.001237,2048,5095424,64,1
strassen,16,dispersa,D10,a,1,200,0.001231,2048,5095424,64,1
strassen,16,dispersa,D10,a,2,200,0.0012315,2048,5095424,64,1
strassen,16,dispersa,D10,a,3,200,0.001232,2048,5095424,64,1
strassen,16,dispersa,D10,a,4,200,0.001232,2048,5095424,64,1
strassen,16,dispersa,D10,a,5,200,0.001232,2048,5095424,64,1
strassen,16,dispersa,D10,a,6,200,0.0012315,2048,5095424,64,1
strassen,16,dispersa,D10,a,7,200,0.0012845,2048,5095424,64,1
strassen,16,dispersa,D10,a,8,200,0.001242,2048,5095424,64,1
strassen,16,dispersa,D10,a,9,200,0.001229,2048,5095424,64,1
strassen,16,dispersa,D10,a,10,200,0.00123,2048,5095424,64,1
strassen,16,dispersa,D10,a,11,200,0.001231,2048,5095424,64,1
strassen,16,dispersa,D10,a,12,200,0.001232,2048,5095424,64,1
strassen,16,dispersa,D10,a,13,200,0.001231,2048,5095424,64,1
strassen,16,dispersa,D10,a,14,200,0.001232,2048,5095424,64,1
strassen,16,dispersa,D10,a,15,200,0.001231,2048,5095424,64,1
naive,16,dispersa,D10,b,1,200,0.001225,2048,5095424,64,1
naive,16,dispersa,D10,b,2,200,0.001227,2048,5095424,64,1
naive,16,dispersa,D10,b,3,200,0.001226,2048,5095424,64,1
naive,16,dispersa,D10,b,4,200,0.001226,2048,5095424,64,1
naive,16,dispersa,D10,b,5,200,0.0012265,2048,5095424,64,1
naive,16,dispersa,D10,b,6,200,0.001226,2048,5095424,64,1
naive,16,dispersa,D10,b,7,200,0.001226,2048,5095424,64,1
naive,16,dispersa,D10,b,8,200,0.001234,2048,5095424,64,1
naive,16,dispersa,D10,b,9,200,0.001227,2048,5095424,64,1
naive,16,dispersa,D10,b,10,200,0.0012255,2048,5095424,64,1
naive,16,dispersa,D10,b,11,200,0.0012265,2048,5095424,64,1
naive,16,dispersa,D10,b,12,200,0.001226,2048,5095424,64,1
naive,16,dispersa,D10,b,13,200,0.0012265,2048,5095424,64,1
naive,16,dispersa,D10,b,14,200,0.001227,2048,5095424,64,1
naive,16,dispersa,D10,b,15,200,0.0012385,2048,5095424,64,1
strassen,16,dispersa,D10,b,1,200,0.0012335,2048,5095424,64,1
strassen,16,dispersa,D10,b,2,200,0.001231,2048,5095424,64,1
strassen,16,dispersa,D10,b,3,200,0.0012325,2048,5095424,64,1
strassen,16,dispersa,D10,b,4,200,0.001233,2048,5095424,64,1
strassen,16,dispersa,D10,b,5,200,0.0012325,2048,5095424,64,1
strassen,16,dispersa,D10,b,6,200,0.001233,2048,5095424,64,1
strassen,16,dispersa,D10,b,7,200,0.0012325,2048,5095424,64,1
strassen,16,dispersa,D10,b,8,200,0.001248,2048,5095424,64,1
strassen,16,dispersa,D10,b,9,200,0.0012325,2048,5095424,64,1
strassen,16,dispersa,D10,b,10,200,0.0012335,2048,5095424,64,1
strassen,16,dispersa,D10,b,11,200,0.0012315,2048,5095424,64,1
strassen,16,dispersa,D10,b,12,200,0.0012325,2048,5095424,64,1
strassen,16,dispersa,D10,b,13,200,0.001232,2048,5095424,64,1
strassen,16,dispersa,D10,b,14,200,0.001233,2048,5095424,64,1
strassen,16,dispersa,D10,b,15,200,0.001248,2048,5095424,64,1
naive,16,dispersa,D10,c,1,200,0.0012275,2048,5095424,64,1
naive,16,dispersa,D10,c,2,200,0.0012265,2048,5095424,64,1
naive,16,dispersa,D10,c,3,200,0.0012265,2048,5095424,64,1
naive,16,dispersa,D10,c,4,200,0.001226,2048,5095424,64,1
naive,16,dispersa,D10,c,5,200,0.0012285,2048,5095424,64,1
naive,16,dispersa,D10,c,6,200,0.0012265,2048,5095424,64,1
naive,16,dispersa,D10,c,7,200,0.0012245,2048,5095424,64,1
naive,16,dispersa,D10,c,8,200,0.0012415,2048,5095424,64,1
naive,16,dispersa,D10,c,9,200,0.001225,2048,5095424,64,1
naive,16,dispersa,D10,c,10,200,0.0012235,2048,5095424,64,1
naive,16,dispersa,D10,c,11,200,0.0012255,2048,5095424,64,1
naive,16,dispersa,D10,c,12,200,0.0012255,2048,5095424,64,1
naive,16,dispersa,D10,c,13,200,0.001224,2048,5095424,64,1
naive,16,dispersa,D10,c,14,200,0.0012265,2048,5095424,64,1
naive,16,dispersa,D10,c,15,200,0.001232,2048,5095424,64,1
strassen,16,dispersa,D10,c,1,200,0.0012345,2048,5095424,64,1
strassen,16,dispersa,D10,c,2,200,0.001231,2048,5095424,64,1
strassen,16,dispersa,D10,c,3,200,0.001232,2048,5095424,64,1
strassen,16,dispersa,D10,c,4,200,0.0012325,2048,5095424,64,1
strassen,16,dispersa,D10,c,5,200,0.0012305,2048,5095424,64,1
strassen,16,dispersa,D10,c,6,200,0.001231,2048,5095424,64,1
strassen,16,dispersa,D10,c,7,200,0.0012545,2048,5095424,64,1
strassen,16,dispersa,D10,c,8,200,0.0012315,2048,5095424,64,1
strassen,16,dispersa,D10,c,9,200,0.001232,2048,5095424,64,1
strassen,16,dispersa,D10,c,10,200,0.001232,2048,5095424,64,1
strassen,16,dispersa,D10,c,11,200,0.001231,2048,5095424,64,1
strassen,16,dispersa,D10,c,12,200,0.001232,2048,5095424,64,1
strassen,16,dispersa,D10,c,13,200,0.0012305,2048,5095424,64,1
strassen,16,dispersa,D10,c,14,200,0.001245,2048,5095424,64,1
strassen,16,dispersa,D10,c,15,200,0.00123,2048,5095424,64,1
naive,64,densa,D0,a,1,20,0.10413,32768,5234688,64,1
naive,64,densa,D0,a,2,20,0.104715,32768,5234688,64,1
naive,64,densa,D0,a,3,20,0.103585,32768,5234688,64,1
naive,64,densa,D0,a,4,20,0.104485,32768,5234688,64,1
naive,64,densa,D0,a,5,20,0.103595,32768,5234688,64,1
naive,64,densa,D0,a,6,20,0.10449,32768,5234688,64,1
naive,64,densa,D0,a,7,20,0.104205,32768,5234688,64,1
naive,64,densa,D0,a,8,20,0.104225,32768,5234688,64,1
naive,64,densa,D0,a,9,20,0.10377,32768,5234688,64,1
naive,64,densa,D0,a,10,20,0.10396,32768,5234688,64,1
naive,64,densa,D0,a,11,20,0.10356,32768,5234688,64,1
naive,64,densa,D0,a,12,20,0.103155,32768,5234688,64,1
naive,64,densa,D0,a,13,20,0.10333,32768,5234688,64,1
naive,64,densa,D0,a,14,20,0.10367,32768,5234688,64,1
naive,64,densa,D0,a,15,20,0.10231,32768,5234688,64,1
strassen,64,densa,D0,a,1,20,0.102645,32768,5267456,64,1
strassen,64,densa,D0,a,2,20,0.10134,32768,5267456,64,1
strassen,64,densa,D0,a,3,20,0.09791,32768,5267456,64,1
strassen,64,densa,D0,a,4,20,0.097955,32768,5267456,64,1
strassen,64,densa,D0,a,5,20,0.098465,32768,5267456,64,1
strassen,64,densa,D0,a,6,20,0.098495,32768,5267456,64,1
strassen,64,densa,D0,a,7,20,0.098155,32768,5267456,64,1
strassen,64,densa,D0,a,8,20,0.09793,32768,5267456,64,1
strassen,64,densa,D0,a,9,20,0.09813,32768,5267456,64,1
strassen,64,densa,D0,a,10,20,0.09855,32768,5267456,64,1
strassen,64,densa,D0,a,11,20,0.09843,32768,5267456,64,1
strassen,64,densa,D0,a,12,20,0.09825,32768,5267456,64,1
strassen,64,densa,D0,a,13,20,0.097965,32768,5267456,64,1
strassen,64,densa,D0,a,14,20,0.098725,32768,5267456,64,1
strassen,64,densa,D0,a,15,20,0.098195,32768,5267456,64,1
naive,64,densa,D0,b,1,20,0.09782,32768,5267456,64,1
naive,64,densa,D0,b,2,20,0.0976,32768,5267456,64,1
naive,64,densa,D0,b,3,20,0.09786,32768,5267456,64,1
naive,64,densa,D0,b,4,20,0.09797,32768,5267456,64,1
naive,64,densa,D0,b,5,20,0.09789,32768,5267456,64,1
naive,64,densa,D0,b,6,20,0.097995,32768,5267456,64,1
naive,64,densa,D0,b,7,20,0.09772,32768,5267456,64,1
naive,64,densa,D0,b,8,20,0.09721,32768,5267456,64,1
naive,64,densa,D0,b,9,20,0.097355,32768,5267456,64,1
naive,64,densa,D0,b,10,20,0.097925,32768,5267456,64,1
naive,64,densa,D0,b,11,20,0.09733,32768,5267456,64,1
naive,64,densa,D0,b,12,20,0.09778,32768,5267456,64,1
naive,64,densa,D0,b,13,20,0.09816,32768,5267456,64,1
naive,64,densa,D0,b,14,20,0.09822,32768,5267456,64,1
naive,64,densa,D0,b,15,20,0.097645,32768,5267456,64,1
strassen,64,densa,D0,b,1,20,0.0982,32768,5267456,64,1
strassen,64,densa,D0,b,2,20,0.09753,32768,5267456,64,1
strassen,64,densa,D0,b,3,20,0.09794,32768,5267456,64,1
strassen,64,densa,D0,b,4,20,0.098065,32768,5267456,64,1
strassen,64,densa,D0,b,5,20,0.09881,32768,5267456,64,1
strassen,64,densa,D0,b,6,20,0.099135,32768,5267456,64,1
strassen,64,densa,D0,b,7,20,0.0984,32768,5267456,64,1
strassen,64,densa,D0,b,8,20,0.097505,32768,5267456,64,1
strassen,64,densa,D0,b,9,20,0.098685,32768,5267456,64,1
strassen,64,densa,D0,b,10,20,0.097915,32768,5267456,64,1
strassen,64,densa,D0,b,11,20,0.098285,32768,5267456,64,1
strassen,64,densa,D0,b,12,20,0.09848,32768,5267456,64,1
strassen,64,densa,D0,b,13,20,0.09798,32768,5267456,64,1
strassen,64,densa,D0,b,14,20,0.09822,32768,5267456,64,1
strassen,64,densa,D0,b,15,20,0.099215,32768,5267456,64,1
naive,64,densa,D0,c,1,20,0.09771,32768,5267456,64,1
naive,64,densa,D0,c,2,20,0.09849,32768,5267456,64,1
naive,64,densa,D0,c,3,20,0.09835,32768,5267456,64,1
naive,64,densa,D0,c,4,20,0.097615,32768,5267456,64,1
naive,64,densa,D0,c,5,20,0.098365,32768,5267456,64,1
naive,64,densa,D0,c,6,20,0.10097,32768,5267456,64,1
naive,64,densa,D0,c,7,20,0.09783,32768,5267456,64,1
naive,64,densa,D0,c,8,20,0.09767,32768,5267456,64,1
naive,64,densa,D0,c,9,20,0.098535,32768,5267456,64,1
naive,64,densa,D0,c,10,20,0.097665,32768,5267456,64,1
naive,64,densa,D0,c,11,20,0.096975,32768,5267456,64,1
naive,64,densa,D0,c,12,20,0.0968,32768,5267456,64,1
naive,64,densa,D0,c,13,20,0.0979,32768,5267456,64,1
naive,64,densa,D0,c,14,20,0.09904,32768,5267456,64,1
naive,64,densa,D0,c,15,20,0.097755,32768,5267456,64,1
strassen,64,densa,D0,c,1,20,0.097575,32768,5267456,64,1
strassen,64,densa,D0,c,2,20,0.099275,32768,5267456,64,1
strassen,64,densa,D0,c,3,20,0.098725,32768,5267456,64,1
strassen,64,densa,D0,c,4,20,0.097665,32768,5267456,64,1
strassen,64,densa,D0,c,5,20,0.097235,32768,5267456,64,1
strassen,64,densa,D0,c,6,20,0.09759,32768,5267456,64,1
strassen,64,densa,D0,c,7,20,0.097485,32768,5267456,64,1
strassen,64,densa,D0,c,8,20,0.097775,32768,5267456,64,1
strassen,64,densa,D0,c,9,20,0.09769,32768,5267456,64,1
strassen,64,densa,D0,c,10,20,0.097985,32768,5267456,64,1
strassen,64,densa,D0,c,11,20,0.097965,32768,5267456,64,1
strassen,64,densa,D0,c,12,20,0.099805,32768,5267456,64,1
strassen,64,densa,D0,c,13,20,0.09794,32768,5267456,64,1
strassen,64,densa,D0,c,14,20,0.098395,32768,5267456,64,1
strassen,64,densa,D0,c,15,20,0.097455,32768,5267456,64,1
naive,64,densa,D10,a,1,20,0.09788,32768,5267456,64,1
naive,64,densa,D10,a,2,20,0.09749,32768,5267456,64,1
naive,64,densa,D10,a,3,20,0.097665,32768,5267456,64,1
naive,64,densa,D10,a,4,20,0.098115,32768,5267456,64,1
naive,64,densa,D10,a,5,20,0.09821,32768,5267456,64,1
naive,64,densa,D10,a,6,20,0.09848,32768,5267456,64,1
naive,64,densa,D10,a,7,20,0.09796,32768,5267456,64,1
naive,64,densa,D10,a,8,20,0.09777,32768,5267456,64,1
naive,64,densa,D10,a,9,20,0.098,32768,5267456,64,1
naive,64,densa,D10,a,10,20,0.09842,32768,5267456,64,1
naive,64,densa,D10,a,11,20,0.098195,32768,5267456,64,1
naive,64,densa,D10,a,12,20,0.097365,32768,5267456,64,1
naive,64,densa,D10,a,13,20,0.09781,32768,5267456,64,1
naive,64,densa,D10,a,14,20,0.09867,32768,5267456,64,1
naive,64,densa,D10,a,15,20,0.098245,32768,5267456,64,1
strassen,64,densa,D10,a,1,20,0.09819,32768,5267456,64,1
strassen,64,densa,D10,a,2,20,0.098305,32768,5267456,64,1
strassen,64,densa,D10,a,3,20,0.098285,32768,5267456,64,1
strassen,64,densa,D10,a,4,20,0.09867,32768,5267456,64,1
strassen,64,densa,D10,a,5,20,0.09848,32768,5267456,64,1
strassen,64,densa,D10,a,6,20,0.097995,32768,5267456,64,1
strassen,64,densa,D10,a,7,20,0.100455,32768,5267456,64,1
strassen,64,densa,D10,a,8,20,0.097225,32768,5267456,64,1
strassen,64,densa,D10,a,9,20,0.096605,32768,5267456,64,1
strassen,64,densa,D10,a,10,20,0.09684,32768,5267456,64,1
strassen,64,densa,D10,a,11,20,0.09677,32768,5267456,64,1
strassen,64,densa,D10,a,12,20,0.09684,32768,5267456,64,1
strassen,64,densa,D10,a,13,20,0.095705,32768,5267456,64,1
strassen,64,densa,D10,a,14,20,0.096215,32768,5267456,64,1
strassen,64,densa,D10,a,15,20,0.097,32768,5267456,64,1
naive,64,densa,D10,b,1,20,0.095935,32768,5267456,64,1
naive,64,densa,D10,b,2,20,0.09632,32768,5267456,64,1
naive,64,densa,D10,b,3,20,0.09569,32768,5267456,64,1
naive,64,densa,D10,b,4,20,0.09605,32768,5267456,64,1
naive,64,densa,D10,b,5,20,0.09663,32768,5267456,64,1
naive,64,densa,D10,b,6,20,0.096315,32768,5267456,64,1
naive,64,densa,D10,b,7,20,0.0964,32768,5267456,64,1
naive,64,densa,D10,b,8,20,0.096725,32768,5267456,64,1
naive,64,densa,D10,b,9,20,0.096965,32768,5267456,64,1
naive,64,densa,D10,b,10,20,0.09647,32768,5267456,64,1
naive,64,densa,D10,b,11,20,0.096315,32768,5267456,64,1
naive,64,densa,D10,b,12,20,0.096485,32768,5267456,64,1
naive,64,densa,D10,b,13,20,0.09675,32768,5267456,64,1
naive,64,densa,D10,b,14,20,0.09673,32768,5267456,64,1
naive,64,densa,D10,b,15,20,0.096465,32768,5267456,64,1
strassen,64,densa,D10,b,1,20,0.09594,32768,5267456,64,1
strassen,64,densa,D10,b,2,20,0.09563,32768,5267456,64,1
strassen,64,densa,D10,b,3,20,0.09702,32768,5267456,64,1
strassen,64,densa,D10,b,4,20,0.096685,32768,5267456,64,1
strassen,64,densa,D10,b,5,20,0.096495,32768,5267456,64,1
strassen,64,densa,D10,b,6,20,0.09615,32768,5267456,64,1
strassen,64,densa,D10,b,7,20,0.097275,32768,5267456,64,1
strassen,64,densa,D10,b,8,20,0.096795,32768,5267456,64,1
strassen,64,densa,D10,b,9,20,0.097125,32768,5267456,64,1
strassen,64,densa,D10,b,10,20,0.09534,32768,5267456,64,1
strassen,64,densa,D10,b,11,20,0.10091,32768,5267456,64,1
strassen,64,densa,D10,b,12,20,0.09729,32768,5267456,64,1
strassen,64,densa,D10,b,13,20,0.095945,32768,5267456,64,1
strassen,64,densa,D10,b,14,20,0.09755,32768,5267456,64,1
strassen,64,densa,D10,b,15,20,0.095925,32768,5267456,64,1
naive,64,densa,D10,c,1,20,0.09687,32768,5267456,64,1
naive,64,densa,D10,c,2,20,0.096525,32768,5267456,64,1
naive,64,densa,D10,c,3,20,0.09546,32768,5267456,64,1
naive,64,densa,D10,c,4,20,0.095605,32768,5267456,64,1
naive,64,densa,D10,c,5,20,0.097935,32768,5267456,64,1
naive,64,densa,D10,c,6,20,0.096725,32768,5267456,64,1
naive,64,densa,D10,c,7,20,0.09685,32768,5267456,64,1
naive,64,densa,D10,c,8,20,0.096665,32768,5267456,64,1
naive,64,densa,D10,c,9,20,0.09655,32768,5267456,64,1
naive,64,densa,D10,c,10,20,0.09591,32768,5267456,64,1
naive,64,densa,D10,c,11,20,0.09691,32768,5267456,64,1
naive,64,densa,D10,c,12,20,0.096745,32768,5267456,64,1
naive,64,densa,D10,c,13,20,0.096335,32768,5267456,64,1
naive,64,densa,D10,c,14,20,0.095405,32768,5267456,64,1
naive,64,densa,D10,c,15,20,0.09713,32768,5267456,64,1
strassen,64,densa,D10,c,1,20,0.096755,32768,5267456,64,1
strassen,64,densa,D10,c,2,20,0.096695,32768,5267456,64,1
strassen,64,densa,D10,c,3,20,0.09696,32768,5267456,64,1
strassen,64,densa,D10,c,4,20,0.097165,32768,5267456,64,1
strassen,64,densa,D10,c,5,20,0.0971,32768,5267456,64,1
strassen,64,densa,D10,c,6,20,0.09678,32768,5267456,64,1
strassen,64,densa,D10,c,7,20,0.096725,32768,5267456,64,1
strassen,64,densa,D10,c,8,20,0.0963,32768,5267456,64,1
strassen,64,densa,D10,c,9,20,0.113725,32768,5267456,64,1
strassen,64,densa,D10,c,10,20,0.096225,32768,5267456,64,1
strassen,64,densa,D10,c,11,20,0.095395,32768,5267456,64,1
strassen,64,densa,D10,c,12,20,0.093825,32768,5267456,64,1
strassen,64,densa,D10,c,13,20,0.09497,32768,5267456,64,1
strassen,64,densa,D10,c,14,20,0.09497,32768,5267456,64,1
strassen,64,densa,D10,c,15,20,0.09547,32768,5267456,64,1
naive,64,diagonal,D0,a,1,20,0.096995,32768,5267456,64,1
naive,64,diagonal,D0,a,2,20,0.09594,32768,5267456,64,1
naive,64,diagonal,D0,a,3,20,0.095535,32768,5267456,64,1
naive,64,diagonal,D0,a,4,20,0.09608,32768,5267456,64,1
naive,64,diagonal,D0,a,5,20,0.096945,32768,5267456,64,1
naive,64,diagonal,D0,a,6,20,0.09694,32768,5267456,64,1
naive,64,diagonal,D0,a,7,20,0.096315,32768,5267456,64,1
naive,64,diagonal,D0,a,8,20,0.095375,32768,5267456,64,1
naive,64,diagonal,D0,a,9,20,0.096325,32768,5267456,64,1
naive,64,diagonal,D0,a,10,20,0.1002,32768,5267456,64,1
naive,64,diagonal,D0,a,11,20,0.09699,32768,5267456,64,1
naive,64,diagonal,D0,a,12,20,0.095855,32768,5267456,64,1
naive,64,diagonal,D0,a,13,20,0.096785,32768,5267456,64,1
naive,64,diagonal,D0,a,14,20,0.09717,32768,5267456,64,1
naive,64,diagonal,D0,a,15,20,0.09694,32768,5267456,64,1
strassen,64,diagonal,D0,a,1,20,0.0967,32768,5267456,64,1
strassen,64,diagonal,D0,a,2,20,0.096825,32768,5267456,64,1
strassen,64,diagonal,D0,a,3,20,0.10362,32768,5267456,64,1
strassen,64,diagonal,D0,a,4,20,0.101525,32768,5267456,64,1
strassen,64,diagonal,D0,a,5,20,0.09983,32768,5267456,64,1
strassen,64,diagonal,D0,a,6,20,0.096815,32768,5267456,64,1
strassen,64,diagonal,D0,a,7,20,0.129515,32768,5267456,64,1
strassen,64,diagonal,D0,a,8,20,0.119775,32768,5267456,64,1
strassen,64,diagonal,D0,a,9,20,0.106235,32768,5267456,64,1
strassen,64,diagonal,D0,a,10,20,0.096325,32768,5267456,64,1
strassen,64,diagonal,D0,a,11,20,0.096905,32768,5267456,64,1
strassen,64,diagonal,D0,a,12,20,0.09679,32768,5267456,64,1
strassen,64,diagonal,D0,a,13,20,0.09772,32768,5267456,64,1
strassen,64,diagonal,D0,a,14,20,0.096275,32768,5267456,64,1
strassen,64,diagonal,D0,a,15,20,0.09466,32768,5267456,64,1
naive,64,diagonal,D0,b,1,20,0.09589,32768,5267456,64,1
naive,64,diagonal,D0,b,2,20,0.09514,32768,5267456,64,1
naive,64,diagonal,D0,b,3,20,0.096975,32768,5267456,64,1
naive,64,diagonal,D0,b,4,20,0.095645,32768,5267456,64,1
naive,64,diagonal,D0,b,5,20,0.095325,32768,5267456,64,1
naive,64,diagonal,D0,b,6,20,0.093955,32768,5267456,64,1
naive,64,diagonal,D0,b,7,20,0.095905,32768,5267456,64,1
naive,64,diagonal,D0,b,8,20,0.09514,32768,5267456,64,1
naive,64,diagonal,D0,b,9,20,0.095605,32768,5267456,64,1
naive,64,diagonal,D0,b,10,20,0.09418,32768,5267456,64,1
naive,64,diagonal,D0,b,11,20,0.095965,32768,5267456,64,1
naive,64,diagonal,D0,b,12,20,0.095985,32768,5267456,64,1
naive,64,diagonal,D0,b,13,20,0.095975,32768,5267456,64,1
naive,64,diagonal,D0,b,14,20,0.095985,32768,5267456,64,1
naive,64,diagonal,D0,b,15,20,0.09607,32768,5267456,64,1
strassen,64,diagonal,D0,b,1,20,0.09598,32768,5267456,64,1
strassen,64,diagonal,D0,b,2,20,0.096325,32768,5267456,64,1
strassen,64,diagonal,D0,b,3,20,0.096335,32768,5267456,64,1
strassen,64,diagonal,D0,b,4,20,0.138085,32768,5267456,64,1
strassen,64,diagonal,D0,b,5,20,0.145025,32768,5267456,64,1
strassen,64,diagonal,D0,b,6,20,0.12721,32768,5267456,64,1
strassen,64,diagonal,D0,b,7,20,0.14537,32768,5267456,64,1
strassen,64,diagonal,D0,b,8,20,0.116945,32768,5267456,64,1
strassen,64,diagonal,D0,b,9,20,0.095405,32768,5267456,64,1
strassen,64,diagonal,D0,b,10,20,0.09682,32768,5267456,64,1
strassen,64,diagonal,D0,b,11,20,0.09686,32768,5267456,64,1
strassen,64,diagonal,D0,b,12,20,0.09615,32768,5267456,64,1
strassen,64,diagonal,D0,b,13,20,0.096295,32768,5267456,64,1
strassen,64,diagonal,D0,b,14,20,0.10017,32768,5267456,64,1
strassen,64,diagonal,D0,b,15,20,0.096435,32768,5267456,64,1
naive,64,diagonal,D0,c,1,20,0.09655,32768,5267456,64,1
naive,64,diagonal,D0,c,2,20,0.096355,32768,5267456,64,1
naive,64,diagonal,D0,c,3,20,0.095825,32768,5267456,64,1
naive,64,diagonal,D0,c,4,20,0.0949,32768,5267456,64,1
naive,64,diagonal,D0,c,5,20,0.095475,32768,5267456,64,1
naive,64,diagonal,D0,c,6,20,0.09399,32768,5267456,64,1
naive,64,diagonal,D0,c,7,20,0.096165,32768,5267456,64,1
naive,64,diagonal,D0,c,8,20,0.09609,32768,5267456,64,1
naive,64,diagonal,D0,c,9,20,0.09614,32768,5267456,64,1
naive,64,diagonal,D0,c,10,20,0.09556,32768,5267456,64,1
naive,64,diagonal,D0,c,11,20,0.09679,32768,5267456,64,1
naive,64,diagonal,D0,c,12,20,0.095755,32768,5267456,64,1
naive,64,diagonal,D0,c,13,20,0.095485,32768,5267456,64,1
naive,64,diagonal,D0,c,14,20,0.09479,32768,5267456,64,1
naive,64,diagonal,D0,c,15,20,0.096395,32768,5267456,64,1
strassen,64,diagonal,D0,c,1,20,0.09545,32768,5267456,64,1
strassen,64,diagonal,D0,c,2,20,0.09545,32768,5267456,64,1
strassen,64,diagonal,D0,c,3,20,0.09868,32768,5267456,64,1
strassen,64,diagonal,D0,c,4,20,0.096365,32768,5267456,64,1
strassen,64,diagonal,D0,c,5,20,0.09434,32768,5267456,64,1
strassen,64,diagonal,D0,c,6,20,0.094865,32768,5267456,64,1
strassen,64,diagonal,D0,c,7,20,0.09627,32768,5267456,64,1
strassen,64,diagonal,D0,c,8,20,0.096285,32768,5267456,64,1
strassen,64,diagonal,D0,c,9,20,0.09712,32768,5267456,64,1
strassen,64,diagonal,D0,c,10,20,0.09609,32768,5267456,64,1
strassen,64,diagonal,D0,c,11,20,0.096275,32768,5267456,64,1
strassen,64,diagonal,D0,c,12,20,0.096555,32768,5267456,64,1
strassen,64,diagonal,D0,c,13,20,0.09613,32768,5267456,64,1
strassen,64,diagonal,D0,c,14,20,0.09619,32768,5267456,64,1
strassen,64,diagonal,D0,c,15,20,0.096505,32768,5267456,64,1
naive,64,diagonal,D10,a,1,20,0.095565,32768,5267456,64,1
naive,64,diagonal,D10,a,2,20,0.095955,32768,5267456,64,1
naive,64,diagonal,D10,a,3,20,0.09562,32768,5267456,64,1
naive,64,diagonal,D10,a,4,20,0.096015,32768,5267456,64,1
naive,64,diagonal,D10,a,5,20,0.096165,32768,5267456,64,1
naive,64,diagonal,D10,a,6,20,0.097215,32768,5267456,64,1
naive,64,diagonal,D10,a,7,20,0.09523,32768,5267456,64,1
naive,64,diagonal,D10,a,8,20,0.096675,32768,5267456,64,1
naive,64,diagonal,D10,a,9,20,0.094685,32768,5267456,64,1
naive,64,diagonal,D10,a,10,20,0.09556,32768,5267456,64,1
naive,64,diagonal,D10,a,11,20,0.09409,32768,5267456,64,1
naive,64,diagonal,D10,a,12,20,0.095865,32768,5267456,64,1
naive,64,diagonal,D10,a,13,20,0.09821,32768,5267456,64,1
naive,64,diagonal,D10,a,14,20,0.095935,32768,5267456,64,1
naive,64,diagonal,D10,a,15,20,0.09611,32768,5267456,64,1
strassen,64,diagonal,D10,a,1,20,0.09466,32768,5267456,64,1
strassen,64,diagonal,D10,a,2,20,0.095935,32768,5267456,64,1
strassen,64,diagonal,D10,a,3,20,0.09559,32768,5267456,64,1
strassen,64,diagonal,D10,a,4,20,0.094895,32768,5267456,64,1
strassen,64,diagonal,D10,a,5,20,0.09622,32768,5267456,64,1
strassen,64,diagonal,D10,a,6,20,0.09741,32768,5267456,64,1
strassen,64,diagonal,D10,a,7,20,0.097125,32768,5267456,64,1
strassen,64,diagonal,D10,a,8,20,0.09441,32768,5267456,64,1
strassen,64,diagonal,D10,a,9,20,0.09537,32768,5267456,64,1
strassen,64,diagonal,D10,a,10,20,0.09632,32768,5267456,64,1
strassen,64,diagonal,D10,a,11,20,0.09617,32768,5267456,64,1
strassen,64,diagonal,D10,a,12,20,0.095445,32768,5267456,64,1
strassen,64,diagonal,D10,a,13,20,0.09623,32768,5267456,64,1
strassen,64,diagonal,D10,a,14,20,0.096665,32768,5267456,64,1
strassen,64,diagonal,D10,a,15,20,0.096415,32768,5267456,64,1
naive,64,diagonal,D10,b,1,20,0.094735,32768,5267456,64,1
naive,64,diagonal,D10,b,2,20,0.091675,32768,5267456,64,1
naive,64,diagonal,D10,b,3,20,0.095955,32768,5267456,64,1
naive,64,diagonal,D10,b,4,20,0.095895,32768,5267456,64,1
naive,64,diagonal,D10,b,5,20,0.095565,32768,5267456,64,1
naive,64,diagonal,D10,b,6,20,0.095475,32768,5267456,64,1
naive,64,diagonal,D10,b,7,20,0.095545,32768,5267456,64,1
naive,64,diagonal,D10,b,8,20,0.095435,32768,5267456,64,1
naive,64,diagonal,D10,b,9,20,0.09529,32768,5267456,64,1
naive,64,diagonal,D10,b,10,20,0.094275,32768,5267456,64,1
naive,64,diagonal,D10,b,11,20,0.095365,32768,5267456,64,1
naive,64,diagonal,D10,b,12,20,0.0954,32768,5267456,64,1
naive,64,diagonal,D10,b,13,20,0.095475,32768,5267456,64,1
naive,64,diagonal,D10,b,14,20,0.095465,32768,5267456,64,1
naive,64,diagonal,D10,b,15,20,0.096055,32768,5267456,64,1
strassen,64,diagonal,D10,b,1,20,0.095955,32768,5267456,64,1
strassen,64,diagonal,D10,b,2,20,0.09829,32768,5267456,64,1
strassen,64,diagonal,D10,b,3,20,0.095825,32768,5267456,64,1
strassen,64,diagonal,D10,b,4,20,0.0958,32768,5267456,64,1
strassen,64,diagonal,D10,b,5,20,0.09521,32768,5267456,64,1
strassen,64,diagonal,D10,b,6,20,0.09451,32768,5267456,64,1
strassen,64,diagonal,D10,b,7,20,0.095145,32768,5267456,64,1
strassen,64,diagonal,D10,b,8,20,0.09602,32768,5267456,64,1
strassen,64,diagonal,D10,b,9,20,0.095305,32768,5267456,64,1
strassen,64,diagonal,D10,b,10,20,0.09601,32768,5267456,64,1
strassen,64,diagonal,D10,b,11,20,0.095975,32768,5267456,64,1
strassen,64,diagonal,D10,b,12,20,0.09896,32768,5267456,64,1
strassen,64,diagonal,D10,b,13,20,0.096635,32768,5267456,64,1
strassen,64,diagonal,D10,b,14,20,0.096075,32768,5267456,64,1
strassen,64,diagonal,D10,b,15,20,0.098345,32768,5267456,64,1
naive,64,diagonal,D10,c,1,20,0.095745,32768,5267456,64,1
naive,64,diagonal,D10,c,2,20,0.096435,32768,5267456,64,1
naive,64,diagonal,D10,c,3,20,0.094785,32768,5267456,64,1
naive,64,diagonal,D10,c,4,20,0.095495,32768,5267456,64,1
naive,64,diagonal,D10,c,5,20,0.095385,32768,5267456,64,1
naive,64,diagonal,D10,c,6,20,0.0963,32768,5267456,64,1
naive,64,diagonal,D10,c,7,20,0.09542,32768,5267456,64,1
naive,64,diagonal,D10,c,8,20,0.094355,32768,5267456,64,1
naive,64,diagonal,D10,c,9,20,0.09816,32768,5267456,64,1
naive,64,diagonal,D10,c,10,20,0.095165,32768,5267456,64,1
naive,64,diagonal,D10,c,11,20,0.095435,32768,5267456,64,1
naive,64,diagonal,D10,c,12,20,0.095485,32768,5267456,64,1
naive,64,diagonal,D10,c,13,20,0.09597,32768,5267456,64,1
naive,64,diagonal,D10,c,14,20,0.095415,32768,5267456,64,1
naive,64,diagonal,D10,c,15,20,0.09618,32768,5267456,64,1
strassen,64,diagonal,D10,c,1,20,0.094775,32768,5267456,64,1
strassen,64,diagonal,D10,c,2,20,0.096425,32768,5267456,64,1
strassen,64,diagonal,D10,c,3,20,0.095495,32768,5267456,64,1
strassen,64,diagonal,D10,c,4,20,0.095895,32768,5267456,64,1
strassen,64,diagonal,D10,c,5,20,0.095895,32768,5267456,64,1
strassen,64,diagonal,D10,c,6,20,0.09629,32768,5267456,64,1
strassen,64,diagonal,D10,c,7,20,0.095895,32768,5267456,64,1
strassen,64,diagonal,D10,c,8,20,0.095895,32768,5267456,64,1
strassen,64,diagonal,D10,c,9,20,0.09575,32768,5267456,64,1
strassen,64,diagonal,D10,c,10,20,0.09527,32768,5267456,64,1
strassen,64,diagonal,D10,c,11,20,0.096565,32768,5267456,64,1
strassen,64,diagonal,D10,c,12,20,0.096395,32768,5267456,64,1
strassen,64,diagonal,D10,c,13,20,0.095785,32768,5267456,64,1
strassen,64,diagonal,D10,c,14,20,0.09641,32768,5267456,64,1
strassen,64,diagonal,D10,c,15,20,0.09637,32768,5267456,64,1
naive,64,dispersa,D0,a,1,20,0.095655,32768,5267456,64,1
naive,64,dispersa,D0,a,2,20,0.095835,32768,5267456,64,1
naive,64,dispersa,D0,a,3,20,0.094245,32768,5267456,64,1
naive,64,dispersa,D0,a,4,20,0.09416,32768,5267456,64,1
naive,64,dispersa,D0,a,5,20,0.096,32768,5267456,64,1
naive,64,dispersa,D0,a,6,20,0.09598,32768,5267456,64,1
naive,64,dispersa,D0,a,7,20,0.096055,32768,5267456,64,1
naive,64,dispersa,D0,a,8,20,0.095915,32768,5267456,64,1
naive,64,dispersa,D0,a,9,20,0.09621,32768,5267456,64,1
naive,64,dispersa,D0,a,10,20,0.09734,32768,5267456,64,1
naive,64,dispersa,D0,a,11,20,0.09606,32768,5267456,64,1
naive,64,dispersa,D0,a,12,20,0.095975,32768,5267456,64,1
naive,64,dispersa,D0,a,13,20,0.09674,32768,5267456,64,1
naive,64,dispersa,D0,a,14,20,0.0962,32768,5267456,64,1
naive,64,dispersa,D0,a,15,20,0.096255,32768,5267456,64,1
strassen,64,dispersa,D0,a,1,20,0.09642,32768,5267456,64,1
strassen,64,dispersa,D0,a,2,20,0.096765,32768,5267456,64,1
strassen,64,dispersa,D0,a,3,20,0.09665,32768,5267456,64,1
strassen,64,dispersa,D0,a,4,20,0.097215,32768,5267456,64,1
strassen,64,dispersa,D0,a,5,20,0.09644,32768,5267456,64,1
strassen,64,dispersa,D0,a,6,20,0.09621,32768,5267456,64,1
strassen,64,dispersa,D0,a,7,20,0.097085,32768,5267456,64,1
strassen,64,dispersa,D0,a,8,20,0.098105,32768,5267456,64,1
strassen,64,dispersa,D0,a,9,20,0.09665,32768,5267456,64,1
strassen,64,dispersa,D0,a,10,20,0.09686,32768,5267456,64,1
strassen,64,dispersa,D0,a,11,20,0.096155,32768,5267456,64,1
strassen,64,dispersa,D0,a,12,20,0.096355,32768,5267456,64,1
strassen,64,dispersa,D0,a,13,20,0.097455,32768,5267456,64,1
strassen,64,dispersa,D0,a,14,20,0.096345,32768,5267456,64,1
strassen,64,dispersa,D0,a,15,20,0.09634,32768,5267456,64,1
naive,64,dispersa,D0,b,1,20,0.094705,32768,5267456,64,1
naive,64,dispersa,D0,b,2,20,0.095395,32768,5267456,64,1
naive,64,dispersa,D0,b,3,20,0.09582,32768,5267456,64,1
naive,64,dispersa,D0,b,4,20,0.09321,32768,5267456,64,1
naive,64,dispersa,D0,b,5,20,0.09445,32768,5267456,64,1
naive,64,dispersa,D0,b,6,20,0.092625,32768,5267456,64,1
naive,64,dispersa,D0,b,7,20,0.09342,32768,5267456,64,1
naive,64,dispersa,D0,b,8,20,0.09412,32768,5267456,64,1
naive,64,dispersa,D0,b,9,20,0.09297,32768,5267456,64,1
naive,64,dispersa,D0,b,10,20,0.09481,32768,5267456,64,1
naive,64,dispersa,D0,b,11,20,0.092405,32768,5267456,64,1
naive,64,dispersa,D0,b,12,20,0.094855,32768,5267456,64,1
naive,64,dispersa,D0,b,13,20,0.094225,32768,5267456,64,1
naive,64,dispersa,D0,b,14,20,0.09361,32768,5267456,64,1
naive,64,dispersa,D0,b,15,20,0.095235,32768,5267456,64,1
strassen,64,dispersa,D0,b,1,20,0.095115,32768,5267456,64,1
strassen,64,dispersa,D0,b,2,20,0.093395,32768,5267456,64,1
strassen,64,dispersa,D0,b,3,20,0.09541,32768,5267456,64,1
strassen,64,dispersa,D0,b,4,20,0.09602,32768,5267456,64,1
strassen,64,dispersa,D0,b,5,20,0.0923,32768,5267456,64,1
strassen,64,dispersa,D0,b,6,20,0.10124,32768,5267456,64,1
strassen,64,dispersa,D0,b,7,20,0.09533,32768,5267456,64,1
strassen,64,dispersa,D0,b,8,20,0.093705,32768,5267456,64,1
strassen,64,dispersa,D0,b,9,20,0.09579,32768,5267456,64,1
strassen,64,dispersa,D0,b,10,20,0.09208,32768,5267456,64,1
strassen,64,dispersa,D0,b,11,20,0.095225,32768,5267456,64,1
strassen,64,dispersa,D0,b,12,20,0.09603,32768,5267456,64,1
strassen,64,dispersa,D0,b,13,20,0.09528,32768,5267456,64,1
strassen,64,dispersa,D0,b,14,20,0.09427,32768,5267456,64,1
strassen,64,dispersa,D0,b,15,20,0.09265,32768,5267456,64,1
naive,64,dispersa,D0,c,1,20,0.095915,32768,5267456,64,1
naive,64,dispersa,D0,c,2,20,0.09457,32768,5267456,64,1
naive,64,dispersa,D0,c,3,20,0.09556,32768,5267456,64,1
naive,64,dispersa,D0,c,4,20,0.095015,32768,5267456,64,1
naive,64,dispersa,D0,c,5,20,0.092215,32768,5267456,64,1
naive,64,dispersa,D0,c,6,20,0.09548,32768,5267456,64,1
naive,64,dispersa,D0,c,7,20,0.09502,32768,5267456,64,1
naive,64,dispersa,D0,c,8,20,0.09548,32768,5267456,64,1
naive,64,dispersa,D0,c,9,20,0.095495,32768,5267456,64,1
naive,64,dispersa,D0,c,10,20,0.09405,32768,5267456,64,1
naive,64,dispersa,D0,c,11,20,0.09325,32768,5267456,64,1
naive,64,dispersa,D0,c,12,20,0.09564,32768,5267456,64,1
naive,64,dispersa,D0,c,13,20,0.09509,32768,5267456,64,1
naive,64,dispersa,D0,c,14,20,0.095475,32768,5267456,64,1
naive,64,dispersa,D0,c,15,20,0.091435,32768,5267456,64,1
strassen,64,dispersa,D0,c,1,20,0.093685,32768,5267456,64,1
strassen,64,dispersa,D0,c,2,20,0.093325,32768,5267456,64,1
strassen,64,dispersa,D0,c,3,20,0.091765,32768,5267456,64,1
strassen,64,dispersa,D0,c,4,20,0.095165,32768,5267456,64,1
strassen,64,dispersa,D0,c,5,20,0.0955,32768,5267456,64,1
strassen,64,dispersa,D0,c,6,20,0.096075,32768,5267456,64,1
strassen,64,dispersa,D0,c,7,20,0.09326,32768,5267456,64,1
strassen,64,dispersa,D0,c,8,20,0.095855,32768,5267456,64,1
strassen,64,dispersa,D0,c,9,20,0.095415,32768,5267456,64,1
strassen,64,dispersa,D0,c,10,20,0.09579,32768,5267456,64,1
strassen,64,dispersa,D0,c,11,20,0.096205,32768,5267456,64,1
strassen,64,dispersa,D0,c,12,20,0.09531,32768,5267456,64,1
strassen,64,dispersa,D0,c,13,20,0.09584,32768,5267456,64,1
strassen,64,dispersa,D0,c,14,20,0.091905,32768,5267456,64,1
strassen,64,dispersa,D0,c,15,20,0.095265,32768,5267456,64,1
naive,64,dispersa,D10,a,1,20,0.095555,32768,5267456,64,1
naive,64,dispersa,D10,a,2,20,0.09565,32768,5267456,64,1
naive,64,dispersa,D10,a,3,20,0.091735,32768,5267456,64,1
naive,64,dispersa,D10,a,4,20,0.095425,32768,5267456,64,1
naive,64,dispersa,D10,a,5,20,0.092115,32768,5267456,64,1
naive,64,dispersa,D10,a,6,20,0.09232,32768,5267456,64,1
naive,64,dispersa,D10,a,7,20,0.0929,32768,5267456,64,1
naive,64,dispersa,D10,a,8,20,0.09495,32768,5267456,64,1
naive,64,dispersa,D10,a,9,20,0.094955,32768,5267456,64,1
naive,64,dispersa,D10,a,10,20,0.09369,32768,5267456,64,1
naive,64,dispersa,D10,a,11,20,0.094855,32768,5267456,64,1
naive,64,dispersa,D10,a,12,20,0.094945,32768,5267456,64,1
naive,64,dispersa,D10,a,13,20,0.095195,32768,5267456,64,1
naive,64,dispersa,D10,a,14,20,0.0952,32768,5267456,64,1
naive,64,dispersa,D10,a,15,20,0.095235,32768,5267456,64,1
strassen,64,dispersa,D10,a,1,20,0.09228,32768,5267456,64,1
strassen,64,dispersa,D10,a,2,20,0.095255,32768,5267456,64,1
strassen,64,dispersa,D10,a,3,20,0.095635,32768,5267456,64,1
strassen,64,dispersa,D10,a,4,20,0.09526,32768,5267456,64,1
strassen,64,dispersa,D10,a,5,20,0.092985,32768,5267456,64,1
strassen,64,dispersa,D10,a,6,20,0.093755,32768,5267456,64,1
strassen,64,dispersa,D10,a,7,20,0.09545,32768,5267456,64,1
strassen,64,dispersa,D10,a,8,20,0.09553,32768,5267456,64,1
strassen,64,dispersa,D10,a,9,20,0.095695,32768,5267456,64,1
strassen,64,dispersa,D10,a,10,20,0.09493,32768,5267456,64,1
strassen,64,dispersa,D10,a,11,20,0.09577,32768,5267456,64,1
strassen,64,dispersa,D10,a,12,20,0.095735,32768,5267456,64,1
strassen,64,dispersa,D10,a,13,20,0.09522,32768,5267456,64,1
strassen,64,dispersa,D10,a,14,20,0.0951,32768,5267456,64,1
strassen,64,dispersa,D10,a,15,20,0.095795,32768,5267456,64,1
naive,64,dispersa,D10,b,1,20,0.0939,32768,5267456,64,1
naive,64,dispersa,D10,b,2,20,0.092095,32768,5267456,64,1
naive,64,dispersa,D10,b,3,20,0.09545,32768,5267456,64,1
naive,64,dispersa,D10,b,4,20,0.09501,32768,5267456,64,1
naive,64,dispersa,D10,b,5,20,0.09537,32768,5267456,64,1
naive,64,dispersa,D10,b,6,20,0.095755,32768,5267456,64,1
naive,64,dispersa,D10,b,7,20,0.092895,32768,5267456,64,1
naive,64,dispersa,D10,b,8,20,0.09565,32768,5267456,64,1
naive,64,dispersa,D10,b,9,20,0.09133,32768,5267456,64,1
naive,64,dispersa,D10,b,10,20,0.094945,32768,5267456,64,1
naive,64,dispersa,D10,b,11,20,0.09322,32768,5267456,64,1
naive,64,dispersa,D10,b,12,20,0.09356,32768,5267456,64,1
naive,64,dispersa,D10,b,13,20,0.095045,32768,5267456,64,1
naive,64,dispersa,D10,b,14,20,0.095695,32768,5267456,64,1
naive,64,dispersa,D10,b,15,20,0.090755,32768,5267456,64,1
strassen,64,dispersa,D10,b,1,20,0.095605,32768,5267456,64,1
strassen,64,dispersa,D10,b,2,20,0.095435,32768,5267456,64,1
strassen,64,dispersa,D10,b,3,20,0.09532,32768,5267456,64,1
strassen,64,dispersa,D10,b,4,20,0.095045,32768,5267456,64,1
strassen,64,dispersa,D10,b,5,20,0.095415,32768,5267456,64,1
strassen,64,dispersa,D10,b,6,20,0.09533,32768,5267456,64,1
strassen,64,dispersa,D10,b,7,20,0.094955,32768,5267456,64,1
strassen,64,dispersa,D10,b,8,20,0.093685,32768,5267456,64,1
strassen,64,dispersa,D10,b,9,20,0.0928,32768,5267456,64,1
strassen,64,dispersa,D10,b,10,20,0.09515,32768,5267456,64,1
strassen,64,dispersa,D10,b,11,20,0.09527,32768,5267456,64,1
strassen,64,dispersa,D10,b,12,20,0.095365,32768,5267456,64,1
strassen,64,dispersa,D10,b,13,20,0.09501,32768,5267456,64,1
strassen,64,dispersa,D10,b,14,20,0.09529,32768,5267456,64,1
strassen,64,dispersa,D10,b,15,20,0.094615,32768,5267456,64,1
naive,64,dispersa,D10,c,1,20,0.0925,32768,5267456,64,1
naive,64,dispersa,D10,c,2,20,0.090755,32768,5267456,64,1
naive,64,dispersa,D10,c,3,20,0.09501,32768,5267456,64,1
naive,64,dispersa,D10,c,4,20,0.094725,32768,5267456,64,1
naive,64,dispersa,D10,c,5,20,0.09508,32768,5267456,64,1
naive,64,dispersa,D10,c,6,20,0.094955,32768,5267456,64,1
naive,64,dispersa,D10,c,7,20,0.094725,32768,5267456,64,1
naive,64,dispersa,D10,c,8,20,0.095085,32768,5267456,64,1
naive,64,dispersa,D10,c,9,20,0.09547,32768,5267456,64,1
naive,64,dispersa,D10,c,10,20,0.09497,32768,5267456,64,1
naive,64,dispersa,D10,c,11,20,0.095075,32768,5267456,64,1
naive,64,dispersa,D10,c,12,20,0.095015,32768,5267456,64,1
naive,64,dispersa,D10,c,13,20,0.094745,32768,5267456,64,1
naive,64,dispersa,D10,c,14,20,0.09505,32768,5267456,64,1
naive,64,dispersa,D10,c,15,20,0.094335,32768,5267456,64,1
strassen,64,dispersa,D10,c,1,20,0.09546,32768,5267456,64,1
strassen,64,dispersa,D10,c,2,20,0.09468,32768,5267456,64,1
strassen,64,dispersa,D10,c,3,20,0.094715,32768,5267456,64,1
strassen,64,dispersa,D10,c,4,20,0.09326,32768,5267456,64,1
strassen,64,dispersa,D10,c,5,20,0.095395,32768,5267456,64,1
strassen,64,dispersa,D10,c,6,20,0.09462,32768,5267456,64,1
strassen,64,dispersa,D10,c,7,20,0.095525,32768,5267456,64,1
strassen,64,dispersa,D10,c,8,20,0.09534,32768,5267456,64,1
strassen,64,dispersa,D10,c,9,20,0.094655,32768,5267456,64,1
strassen,64,dispersa,D10,c,10,20,0.094565,32768,5267456,64,1
strassen,64,dispersa,D10,c,11,20,0.094085,32768,5267456,64,1
strassen,64,dispersa,D10,c,12,20,0.09442,32768,5267456,64,1
strassen,64,dispersa,D10,c,13,20,0.09547,32768,5267456,64,1
strassen,64,dispersa,D10,c,14,20,0.0953,32768,5267456,64,1
strassen,64,dispersa,D10,c,15,20,0.09461,32768,5267456,64,1
naive,256,densa,D0,a,1,3,16.7308,524288,7340032,64,1
naive,256,densa,D0,a,2,3,16.7244,524288,7340032,64,1
naive,256,densa,D0,a,3,3,16.7875,524288,7340032,64,1
naive,256,densa,D0,a,4,3,16.8134,524288,7340032,64,1
naive,256,densa,D0,a,5,3,16.7616,524288,7340032,64,1
naive,256,densa,D0,a,6,3,16.7213,524288,7340032,64,1
naive,256,densa,D0,a,7,3,16.7755,524288,7340032,64,1
strassen,256,densa,D0,a,1,3,6.176,1998848,8921088,64,1
strassen,256,densa,D0,a,2,3,6.35167,1998848,8921088,64,1
strassen,256,densa,D0,a,3,3,6.2202,1998848,8921088,64,1
strassen,256,densa,D0,a,4,3,6.3636,1998848,8921088,64,1
strassen,256,densa,D0,a,5,3,6.2737,1998848,8921088,64,1
strassen,256,densa,D0,a,6,3,6.37303,1998848,8921088,64,1
strassen,256,densa,D0,a,7,3,6.42887,1998848,8921088,64,1
naive,256,densa,D0,b,1,3,16.6702,524288,9216000,64,1
naive,256,densa,D0,b,2,3,16.718,524288,9216000,64,1
naive,256,densa,D0,b,3,3,16.7161,524288,9216000,64,1
naive,256,densa,D0,b,4,3,16.7066,524288,9216000,64,1
naive,256,densa,D0,b,5,3,16.6929,524288,9216000,64,1
naive,256,densa,D0,b,6,3,16.7187,524288,9216000,64,1
naive,256,densa,D0,b,7,3,16.7154,524288,9216000,64,1
strassen,256,densa,D0,b,1,3,6.32807,1998848,9216000,64,1
strassen,256,densa,D0,b,2,3,6.36167,1998848,9216000,64,1
strassen,256,densa,D0,b,3,3,6.26783,1998848,9216000,64,1
strassen,256,densa,D0,b,4,3,6.1724,1998848,9216000,64,1
strassen,256,densa,D0,b,5,3,6.23757,1998848,9216000,64,1
strassen,256,densa,D0,b,6,3,6.286,1998848,9216000,64,1
strassen,256,densa,D0,b,7,3,6.35127,1998848,9216000,64,1
naive,256,densa,D0,c,1,3,16.6862,524288,9216000,64,1
naive,256,densa,D0,c,2,3,16.6966,524288,9216000,64,1
naive,256,densa,D0,c,3,3,16.6936,524288,9216000,64,1
naive,256,densa,D0,c,4,3,16.7107,524288,9216000,64,1
naive,256,densa,D0,c,5,3,16.7139,524288,9216000,64,1
naive,256,densa,D0,c,6,3,16.7073,524288,9216000,64,1
naive,256,densa,D0,c,7,3,16.7016,524288,9216000,64,1
strassen,256,densa,D0,c,1,3,6.47943,1998848,9216000,64,1
strassen,256,densa,D0,c,2,3,6.236,1998848,9216000,64,1
strassen,256,densa,D0,c,3,3,6.2762,1998848,9216000,64,1
strassen,256,densa,D0,c,4,3,6.49743,1998848,9216000,64,1
strassen,256,densa,D0,c,5,3,6.75123,1998848,9216000,64,1
strassen,256,densa,D0,c,6,3,6.48033,1998848,9216000,64,1
strassen,256,densa,D0,c,7,3,6.61733,1998848,9216000,64,1
naive,256,densa,D10,a,1,3,16.6753,524288,9216000,64,1
naive,256,densa,D10,a,2,3,16.6908,524288,9216000,64,1
naive,256,densa,D10,a,3,3,16.6862,524288,9216000,64,1
naive,256,densa,D10,a,4,3,16.7026,524288,9216000,64,1
naive,256,densa,D10,a,5,3,17.4167,524288,9216000,64,1
naive,256,densa,D10,a,6,3,17.5229,524288,9216000,64,1
naive,256,densa,D10,a,7,3,17.4889,524288,9216000,64,1
strassen,256,densa,D10,a,1,3,6.4587,1998848,9216000,64,1
strassen,256,densa,D10,a,2,3,6.61917,1998848,9216000,64,1
strassen,256,densa,D10,a,3,3,6.3755,1998848,9216000,64,1
strassen,256,densa,D10,a,4,3,6.51383,1998848,9216000,64,1
strassen,256,densa,D10,a,5,3,6.37567,1998848,9216000,64,1
strassen,256,densa,D10,a,6,3,6.4391,1998848,9216000,64,1
strassen,256,densa,D10,a,7,3,6.2551,1998848,9216000,64,1
naive,256,densa,D10,b,1,3,16.7742,524288,9216000,64,1
naive,256,densa,D10,b,2,3,16.7723,524288,9216000,64,1
naive,256,densa,D10,b,3,3,17.0714,524288,9216000,64,1
naive,256,densa,D10,b,4,3,16.9994,524288,9216000,64,1
naive,256,densa,D10,b,5,3,17.5304,524288,9216000,64,1
naive,256,densa,D10,b,6,3,17.3395,524288,9216000,64,1
naive,256,densa,D10,b,7,3,16.1961,524288,9216000,64,1
strassen,256,densa,D10,b,1,3,7.64787,1998848,9216000,64,1
strassen,256,densa,D10,b,2,3,7.69457,1998848,9216000,64,1
strassen,256,densa,D10,b,3,3,6.6373,1998848,9216000,64,1
strassen,256,densa,D10,b,4,3,6.81677,1998848,9216000,64,1
strassen,256,densa,D10,b,5,3,6.92643,1998848,9216000,64,1
strassen,256,densa,D10,b,6,3,6.85863,1998848,9216000,64,1
strassen,256,densa,D10,b,7,3,6.56237,1998848,9216000,64,1
naive,256,densa,D10,c,1,3,17.231,524288,9216000,64,1
naive,256,densa,D10,c,2,3,17.5537,524288,9216000,64,1
naive,256,densa,D10,c,3,3,17.1292,524288,9216000,64,1
naive,256,densa,D10,c,4,3,16.9919,524288,9216000,64,1
naive,256,densa,D10,c,5,3,17.057,524288,9216000,64,1
naive,256,densa,D10,c,6,3,17.1581,524288,9216000,64,1
naive,256,densa,D10,c,7,3,17.023,524288,9216000,64,1
strassen,256,densa,D10,c,1,3,6.50147,1998848,9216000,64,1
strassen,256,densa,D10,c,2,3,6.66343,1998848,9216000,64,1
strassen,256,densa,D10,c,3,3,7.15153,1998848,9216000,64,1
strassen,256,densa,D10,c,4,3,6.7166,1998848,9216000,64,1
strassen,256,densa,D10,c,5,3,6.7437,1998848,9216000,64,1
strassen,256,densa,D10,c,6,3,6.70437,1998848,9216000,64,1
strassen,256,densa,D10,c,7,3,6.43103,1998848,9216000,64,1
naive,256,diagonal,D0,a,1,3,17.2724,524288,9216000,64,1
naive,256,diagonal,D0,a,2,3,17.1659,524288,9216000,64,1
naive,256,diagonal,D0,a,3,3,16.9605,524288,9216000,64,1
naive,256,diagonal,D0,a,4,3,17.0106,524288,9216000,64,1
naive,256,diagonal,D0,a,5,3,16.8496,524288,9216000,64,1
naive,256,diagonal,D0,a,6,3,16.433,524288,9216000,64,1
naive,256,diagonal,D0,a,7,3,16.5063,524288,9216000,64,1
strassen,256,diagonal,D0,a,1,3,6.31147,1998848,9216000,64,1
strassen,256,diagonal,D0,a,2,3,6.40683,1998848,9216000,64,1
strassen,256,diagonal,D0,a,3,3,6.33243,1998848,9216000,64,1
strassen,256,diagonal,D0,a,4,3,6.41343,1998848,9216000,64,1
strassen,256,diagonal,D0,a,5,3,6.3459,1998848,9216000,64,1
strassen,256,diagonal,D0,a,6,3,6.2759,1998848,9216000,64,1
strassen,256,diagonal,D0,a,7,3,6.39943,1998848,9216000,64,1
naive,256,diagonal,D0,b,1,3,16.7472,524288,9216000,64,1
naive,256,diagonal,D0,b,2,3,16.7345,524288,9216000,64,1
naive,256,diagonal,D0,b,3,3,16.7748,524288,9216000,64,1
naive,256,diagonal,D0,b,4,3,16.7596,524288,9216000,64,1
naive,256,diagonal,D0,b,5,3,17.262,524288,9216000,64,1
naive,256,diagonal,D0,b,6,3,17.4969,524288,9216000,64,1
naive,256,diagonal,D0,b,7,3,16.5256,524288,9216000,64,1
strassen,256,diagonal,D0,b,1,3,6.29253,1998848,9216000,64,1
strassen,256,diagonal,D0,b,2,3,6.3666,1998848,9216000,64,1
strassen,256,diagonal,D0,b,3,3,6.29763,1998848,9216000,64,1
strassen,256,diagonal,D0,b,4,3,6.38723,1998848,9216000,64,1
strassen,256,diagonal,D0,b,5,3,6.78087,1998848,9216000,64,1
strassen,256,diagonal,D0,b,6,3,6.55573,1998848,9216000,64,1
strassen,256,diagonal,D0,b,7,3,6.18913,1998848,9216000,64,1
naive,256,diagonal,D0,c,1,3,16.4359,524288,9216000,64,1
naive,256,diagonal,D0,c,2,3,16.4324,524288,9216000,64,1
naive,256,diagonal,D0,c,3,3,16.5997,524288,9216000,64,1
naive,256,diagonal,D0,c,4,3,16.6669,524288,9216000,64,1
naive,256,diagonal,D0,c,5,3,16.5722,524288,9216000,64,1
naive,256,diagonal,D0,c,6,3,16.2671,524288,9216000,64,1
naive,256,diagonal,D0,c,7,3,16.2547,524288,9216000,64,1
strassen,256,diagonal,D0,c,1,3,6.20057,1998848,9216000,64,1
strassen,256,diagonal,D0,c,2,3,6.71803,1998848,9216000,64,1
strassen,256,diagonal,D0,c,3,3,6.15757,1998848,9216000,64,1
strassen,256,diagonal,D0,c,4,3,6.2283,1998848,9216000,64,1
strassen,256,diagonal,D0,c,5,3,6.30773,1998848,9216000,64,1
strassen,256,diagonal,D0,c,6,3,6.2189,1998848,9216000,64,1
strassen,256,diagonal,D0,c,7,3,6.55053,1998848,9216000,64,1
naive,256,diagonal,D10,a,1,3,16.5002,524288,9216000,64,1
naive,256,diagonal,D10,a,2,3,16.4836,524288,9216000,64,1
naive,256,diagonal,D10,a,3,3,16.4683,524288,9216000,64,1
naive,256,diagonal,D10,a,4,3,16.5868,524288,9216000,64,1
naive,256,diagonal,D10,a,5,3,16.4691,524288,9216000,64,1
naive,256,diagonal,D10,a,6,3,16.4065,524288,9216000,64,1
naive,256,diagonal,D10,a,7,3,16.2237,524288,9216000,64,1
strassen,256,diagonal,D10,a,1,3,6.4982,1998848,9216000,64,1
strassen,256,diagonal,D10,a,2,3,6.32797,1998848,9216000,64,1
strassen,256,diagonal,D10,a,3,3,6.83213,1998848,9216000,64,1
strassen,256,diagonal,D10,a,4,3,6.31003,1998848,9216000,64,1
strassen,256,diagonal,D10,a,5,3,6.39753,1998848,9216000,64,1
strassen,256,diagonal,D10,a,6,3,6.44757,1998848,9216000,64,1
strassen,256,diagonal,D10,a,7,3,6.4397,1998848,9216000,64,1
naive,256,diagonal,D10,b,1,3,16.6078,524288,9216000,64,1
naive,256,diagonal,D10,b,2,3,16.4899,524288,9216000,64,1
naive,256,diagonal,D10,b,3,3,16.3827,524288,9216000,64,1
naive,256,diagonal,D10,b,4,3,16.4721,524288,9216000,64,1
naive,256,diagonal,D10,b,5,3,16.4839,524288,9216000,64,1
naive,256,diagonal,D10,b,6,3,16.5199,524288,9216000,64,1
naive,256,diagonal,D10,b,7,3,16.4608,524288,9216000,64,1
strassen,256,diagonal,D10,b,1,3,6.27927,1998848,9216000,64,1
strassen,256,diagonal,D10,b,2,3,6.26807,1998848,9216000,64,1
strassen,256,diagonal,D10,b,3,3,6.39053,1998848,9216000,64,1
strassen,256,diagonal,D10,b,4,3,6.24167,1998848,9216000,64,1
strassen,256,diagonal,D10,b,5,3,6.51293,1998848,9216000,64,1
strassen,256,diagonal,D10,b,6,3,6.3305,1998848,9216000,64,1
strassen,256,diagonal,D10,b,7,3,6.2328,1998848,9216000,64,1
naive,256,diagonal,D10,c,1,3,16.5415,524288,9216000,64,1
naive,256,diagonal,D10,c,2,3,16.4832,524288,9216000,64,1
naive,256,diagonal,D10,c,3,3,16.5049,524288,9216000,64,1
naive,256,diagonal,D10,c,4,3,16.4399,524288,9216000,64,1
naive,256,diagonal,D10,c,5,3,16.4971,524288,9216000,64,1
naive,256,diagonal,D10,c,6,3,16.4782,524288,9216000,64,1
naive,256,diagonal,D10,c,7,3,16.6226,524288,9216000,64,1
strassen,256,diagonal,D10,c,1,3,6.13743,1998848,9216000,64,1
strassen,256,diagonal,D10,c,2,3,6.28997,1998848,9216000,64,1
strassen,256,diagonal,D10,c,3,3,6.2381,1998848,9216000,64,1
strassen,256,diagonal,D10,c,4,3,6.1562,1998848,9216000,64,1
strassen,256,diagonal,D10,c,5,3,6.16963,1998848,9216000,64,1
strassen,256,diagonal,D10,c,6,3,6.31523,1998848,9216000,64,1
strassen,256,diagonal,D10,c,7,3,6.3946,1998848,9216000,64,1
naive,256,dispersa,D0,a,1,3,16.7196,524288,9216000,64,1
naive,256,dispersa,D0,a,2,3,16.7099,524288,9216000,64,1
naive,256,dispersa,D0,a,3,3,16.5893,524288,9216000,64,1
naive,256,dispersa,D0,a,4,3,16.7531,524288,9216000,64,1
naive,256,dispersa,D0,a,5,3,16.7336,524288,9216000,64,1
naive,256,dispersa,D0,a,6,3,16.7719,524288,9216000,64,1
naive,256,dispersa,D0,a,7,3,16.7604,524288,9216000,64,1
strassen,256,dispersa,D0,a,1,3,6.94137,1998848,9216000,64,1
strassen,256,dispersa,D0,a,2,3,6.18063,1998848,9216000,64,1
strassen,256,dispersa,D0,a,3,3,6.4127,1998848,9216000,64,1
strassen,256,dispersa,D0,a,4,3,6.27363,1998848,9216000,64,1
strassen,256,dispersa,D0,a,5,3,6.24307,1998848,9216000,64,1
strassen,256,dispersa,D0,a,6,3,6.2517,1998848,9216000,64,1
strassen,256,dispersa,D0,a,7,3,6.34577,1998848,9216000,64,1
naive,256,dispersa,D0,b,1,3,16.4019,524288,9216000,64,1
naive,256,dispersa,D0,b,2,3,16.4865,524288,9216000,64,1
naive,256,dispersa,D0,b,3,3,16.4613,524288,9216000,64,1
naive,256,dispersa,D0,b,4,3,16.5124,524288,9216000,64,1
naive,256,dispersa,D0,b,5,3,16.4795,524288,9216000,64,1
naive,256,dispersa,D0,b,6,3,16.4953,524288,9216000,64,1
naive,256,dispersa,D0,b,7,3,16.4825,524288,9216000,64,1
strassen,256,dispersa,D0,b,1,3,6.21947,1998848,9216000,64,1
strassen,256,dispersa,D0,b,2,3,6.29887,1998848,9216000,64,1
strassen,256,dispersa,D0,b,3,3,6.37513,1998848,9216000,64,1
strassen,256,dispersa,D0,b,4,3,6.3129,1998848,9216000,64,1
strassen,256,dispersa,D0,b,5,3,6.294,1998848,9216000,64,1
strassen,256,dispersa,D0,b,6,3,6.35367,1998848,9216000,64,1
strassen,256,dispersa,D0,b,7,3,6.22433,1998848,9216000,64,1
naive,256,dispersa,D0,c,1,3,16.6129,524288,9216000,64,1
naive,256,dispersa,D0,c,2,3,16.618,524288,9216000,64,1
naive,256,dispersa,D0,c,3,3,16.5743,524288,9216000,64,1
naive,256,dispersa,D0,c,4,3,16.5971,524288,9216000,64,1
naive,256,dispersa,D0,c,5,3,16.5904,524288,9216000,64,1
naive,256,dispersa,D0,c,6,3,16.5096,524288,9216000,64,1
naive,256,dispersa,D0,c,7,3,16.5301,524288,9216000,64,1
strassen,256,dispersa,D0,c,1,3,6.2825,1998848,9216000,64,1
strassen,256,dispersa,D0,c,2,3,6.3656,1998848,9216000,64,1
strassen,256,dispersa,D0,c,3,3,6.27017,1998848,9216000,64,1
strassen,256,dispersa,D0,c,4,3,6.2975,1998848,9216000,64,1
strassen,256,dispersa,D0,c,5,3,6.24197,1998848,9216000,64,1
strassen,256,dispersa,D0,c,6,3,6.23483,1998848,9216000,64,1
strassen,256,dispersa,D0,c,7,3,6.4059,1998848,9216000,64,1
naive,256,dispersa,D10,a,1,3,16.5586,524288,9216000,64,1
naive,256,dispersa,D10,a,2,3,16.533,524288,9216000,64,1
naive,256,dispersa,D10,a,3,3,16.4912,524288,9216000,64,1
naive,256,dispersa,D10,a,4,3,16.7513,524288,9216000,64,1
naive,256,dispersa,D10,a,5,3,16.6317,524288,9216000,64,1
naive,256,dispersa,D10,a,6,3,16.6289,524288,9216000,64,1
naive,256,dispersa,D10,a,7,3,16.5753,524288,9216000,64,1
strassen,256,dispersa,D10,a,1,3,6.3725,1998848,9216000,64,1
strassen,256,dispersa,D10,a,2,3,6.17833,1998848,9216000,64,1
strassen,256,dispersa,D10,a,3,3,6.30587,1998848,9216000,64,1
strassen,256,dispersa,D10,a,4,3,6.17827,1998848,9216000,64,1
strassen,256,dispersa,D10,a,5,3,6.30743,1998848,9216000,64,1
strassen,256,dispersa,D10,a,6,3,6.22693,1998848,9216000,64,1
strassen,256,dispersa,D10,a,7,3,6.2843,1998848,9216000,64,1
naive,256,dispersa,D10,b,1,3,16.8089,524288,9216000,64,1
naive,256,dispersa,D10,b,2,3,16.8339,524288,9216000,64,1
naive,256,dispersa,D10,b,3,3,16.7651,524288,9216000,64,1
naive,256,dispersa,D10,b,4,3,16.8506,524288,9216000,64,1
naive,256,dispersa,D10,b,5,3,16.7621,524288,9216000,64,1
naive,256,dispersa,D10,b,6,3,16.7435,524288,9216000,64,1
naive,256,dispersa,D10,b,7,3,16.7566,524288,9216000,64,1
strassen,256,dispersa,D10,b,1,3,6.11823,1998848,9216000,64,1
strassen,256,dispersa,D10,b,2,3,6.3977,1998848,9216000,64,1
strassen,256,dispersa,D10,b,3,3,6.314,1998848,9216000,64,1
strassen,256,dispersa,D10,b,4,3,6.4021,1998848,9216000,64,1
strassen,256,dispersa,D10,b,5,3,6.34687,1998848,9216000,64,1
strassen,256,dispersa,D10,b,6,3,6.5045,1998848,9216000,64,1
strassen,256,dispersa,D10,b,7,3,6.5251,1998848,9216000,64,1
naive,256,dispersa,D10,c,1,3,17.2154,524288,9216000,64,1
naive,256,dispersa,D10,c,2,3,17.2717,524288,9216000,64,1
naive,256,dispersa,D10,c,3,3,17.2289,524288,9216000,64,1
naive,256,dispersa,D10,c,4,3,16.8915,524288,9216000,64,1
naive,256,dispersa,D10,c,5,3,16.7764,524288,9216000,64,1
naive,256,dispersa,D10,c,6,3,16.8854,524288,9216000,64,1
naive,256,dispersa,D10,c,7,3,16.7368,524288,9216000,64,1
strassen,256,dispersa,D10,c,1,3,6.3759,1998848,9216000,64,1
strassen,256,dispersa,D10,c,2,3,6.33373,1998848,9216000,64,1
strassen,256,dispersa,D10,c,3,3,6.4418,1998848,9216000,64,1
strassen,256,dispersa,D10,c,4,3,6.43653,1998848,9216000,64,1
strassen,256,dispersa,D10,c,5,3,6.4679,1998848,9216000,64,1
strassen,256,dispersa,D10,c,6,3,6.46003,1998848,9216000,64,1
strassen,256,dispersa,D10,c,7,3,6.49773,1998848,9216000,64,1
naive,16,densa,D0,a,1,200,0.001314,2048,4960256,128,1
naive,16,densa,D0,a,2,200,0.0012715,2048,4960256,128,1
naive,16,densa,D0,a,3,200,0.0012725,2048,4960256,128,1
naive,16,densa,D0,a,4,200,0.0012935,2048,4960256,128,1
naive,16,densa,D0,a,5,200,0.001274,2048,4960256,128,1
naive,16,densa,D0,a,6,200,0.0012775,2048,4960256,128,1
naive,16,densa,D0,a,7,200,0.0012715,2048,4960256,128,1
naive,16,densa,D0,a,8,200,0.0012755,2048,4960256,128,1
naive,16,densa,D0,a,9,200,0.0012755,2048,4960256,128,1
naive,16,densa,D0,a,10,200,0.0012785,2048,4960256,128,1
naive,16,densa,D0,a,11,200,0.0012925,2048,4960256,128,1
naive,16,densa,D0,a,12,200,0.001228,2048,4960256,128,1
naive,16,densa,D0,a,13,200,0.001226,2048,4960256,128,1
naive,16,densa,D0,a,14,200,0.0012275,2048,4960256,128,1
naive,16,densa,D0,a,15,200,0.0012275,2048,4960256,128,1
strassen,16,densa,D0,a,1,200,0.0012335,2048,5091328,128,1
strassen,16,densa,D0,a,2,200,0.001232,2048,5091328,128,1
strassen,16,densa,D0,a,3,200,0.0012335,2048,5091328,128,1
strassen,16,densa,D0,a,4,200,0.001232,2048,5091328,128,1
strassen,16,densa,D0,a,5,200,0.0012445,2048,5091328,128,1
strassen,16,densa,D0,a,6,200,0.0012345,2048,5091328,128,1
strassen,16,densa,D0,a,7,200,0.0012325,2048,5091328,128,1
strassen,16,densa,D0,a,8,200,0.0013445,2048,5091328,128,1
strassen,16,densa,D0,a,9,200,0.0012315,2048,5091328,128,1
strassen,16,densa,D0,a,10,200,0.0012325,2048,5091328,128,1
strassen,16,densa,D0,a,11,200,0.00124,2048,5091328,128,1
strassen,16,densa,D0,a,12,200,0.001228,2048,5091328,128,1
strassen,16,densa,D0,a,13,200,0.0012305,2048,5091328,128,1
strassen,16,densa,D0,a,14,200,0.001229,2048,5091328,128,1
strassen,16,densa,D0,a,15,200,0.0012355,2048,5091328,128,1
naive,16,densa,D0,b,1,200,0.0012275,2048,5095424,128,1
naive,16,densa,D0,b,2,200,0.0012255,2048,5095424,128,1
naive,16,densa,D0,b,3,200,0.0012465,2048,5095424,128,1
naive,16,densa,D0,b,4,200,0.0012265,2048,5095424,128,1
naive,16,densa,D0,b,5,200,0.001224,2048,5095424,128,1
naive,16,densa,D0,b,6,200,0.001224,2048,5095424,128,1
naive,16,densa,D0,b,7,200,0.0012245,2048,5095424,128,1
naive,16,densa,D0,b,8,200,0.001223,2048,5095424,128,1
naive,16,densa,D0,b,9,200,0.001223,2048,5095424,128,1
naive,16,densa,D0,b,10,200,0.001224,2048,5095424,128,1
naive,16,densa,D0,b,11,200,0.0012385,2048,5095424,128,1
naive,16,densa,D0,b,12,200,0.0012265,2048,5095424,128,1
naive,16,densa,D0,b,13,200,0.0012705,2048,5095424,128,1
naive,16,densa,D0,b,14,200,0.001244,2048,5095424,128,1
naive,16,densa,D0,b,15,200,0.0012285,2048,5095424,128,1
strassen,16,densa,D0,b,1,200,0.001232,2048,5095424,128,1
strassen,16,densa,D0,b,2,200,0.0012325,2048,5095424,128,1
strassen,16,densa,D0,b,3,200,0.0012425,2048,5095424,128,1
strassen,16,densa,D0,b,4,200,0.001234,2048,5095424,128,1
strassen,16,densa,D0,b,5,200,0.0012325,2048,5095424,128,1
strassen,16,densa,D0,b,6,200,0.0012315,2048,5095424,128,1
strassen,16,densa,D0,b,7,200,0.001232,2048,5095424,128,1
strassen,16,densa,D0,b,8,200,0.0012315,2048,5095424,128,1
strassen,16,densa,D0,b,9,200,0.0012325,2048,5095424,128,1
strassen,16,densa,D0,b,10,200,0.001239,2048,5095424,128,1
strassen,16,densa,D0,b,11,200,0.0012325,2048,5095424,128,1
strassen,16,densa,D0,b,12,200,0.0012325,2048,5095424,128,1
strassen,16,densa,D0,b,13,200,0.0012325,2048,5095424,128,1
strassen,16,densa,D0,b,14,200,0.0012335,2048,5095424,128,1
strassen,16,densa,D0,b,15,200,0.0012315,2048,5095424,128,1
naive,16,densa,D0,c,1,200,0.001225,2048,5095424,128,1
naive,16,densa,D0,c,2,200,0.0012425,2048,5095424,128,1
naive,16,densa,D0,c,3,200,0.001225,2048,5095424,128,1
naive,16,densa,D0,c,4,200,0.0012255,2048,5095424,128,1
naive,16,densa,D0,c,5,200,0.001226,2048,5095424,128,1
naive,16,densa,D0,c,6,200,0.0012245,2048,5095424,128,1
naive,16,densa,D0,c,7,200,0.001225,2048,5095424,128,1
naive,16,densa,D0,c,8,200,0.0012255,2048,5095424,128,1
naive,16,densa,D0,c,9,200,0.001226,2048,5095424,128,1
naive,16,densa,D0,c,10,200,0.0012355,2048,5095424,128,1
naive,16,densa,D0,c,11,200,0.001223,2048,5095424,128,1
naive,16,densa,D0,c,12,200,0.001223,2048,5095424,128,1
naive,16,densa,D0,c,13,200,0.001224,2048,5095424,128,1
naive,16,densa,D0,c,14,200,0.001222,2048,5095424,128,1
naive,16,densa,D0,c,15,200,0.0012235,2048,5095424,128,1
strassen,16,densa,D0,c,1,200,0.0012305,2048,5095424,128,1
strassen,16,densa,D0,c,2,200,0.0012375,2048,5095424,128,1
strassen,16,densa,D0,c,3,200,0.0012285,2048,5095424,128,1
strassen,16,densa,D0,c,4,200,0.001238,2048,5095424,128,1
strassen,16,densa,D0,c,5,200,0.001233,2048,5095424,128,1
strassen,16,densa,D0,c,6,200,0.0012315,2048,5095424,128,1
strassen,16,densa,D0,c,7,200,0.001255,2048,5095424,128,1
strassen,16,densa,D0,c,8,200,0.001229,2048,5095424,128,1
strassen,16,densa,D0,c,9,200,0.001237,2048,5095424,128,1
strassen,16,densa,D0,c,10,200,0.00123,2048,5095424,128,1
strassen,16,densa,D0,c,11,200,0.00123,2048,5095424,128,1
strassen,16,densa,D0,c,12,200,0.001229,2048,5095424,128,1
strassen,16,densa,D0,c,13,200,0.001229,2048,5095424,128,1
strassen,16,densa,D0,c,14,200,0.00123,2048,5095424,128,1
strassen,16,densa,D0,c,15,200,0.0012295,2048,5095424,128,1
naive,16,densa,D10,a,1,200,0.001245,2048,5095424,128,1
naive,16,densa,D10,a,2,200,0.0012245,2048,5095424,128,1
naive,16,densa,D10,a,3,200,0.001224,2048,5095424,128,1
naive,16,densa,D10,a,4,200,0.0012255,2048,5095424,128,1
naive,16,densa,D10,a,5,200,0.0012245,2048,5095424,128,1
naive,16,densa,D10,a,6,200,0.001225,2048,5095424,128,1
naive,16,densa,D10,a,7,200,0.0012265,2048,5095424,128,1
naive,16,densa,D10,a,8,200,0.001226,2048,5095424,128,1
naive,16,densa,D10,a,9,200,0.0012385,2048,5095424,128,1
naive,16,densa,D10,a,10,200,0.001226,2048,5095424,128,1
naive,16,densa,D10,a,11,200,0.0012235,2048,5095424,128,1
naive,16,densa,D10,a,12,200,0.0012235,2048,5095424,128,1
naive,16,densa,D10,a,13,200,0.001224,2048,5095424,128,1
naive,16,densa,D10,a,14,200,0.001226,2048,5095424,128,1
naive,16,densa,D10,a,15,200,0.0012265,2048,5095424,128,1
strassen,16,densa,D10,a,1,200,0.001246,2048,5095424,128,1
strassen,16,densa,D10,a,2,200,0.0012325,2048,5095424,128,1
strassen,16,densa,D10,a,3,200,0.0012305,2048,5095424,128,1
strassen,16,densa,D10,a,4,200,0.001231,2048,5095424,128,1
strassen,16,densa,D10,a,5,200,0.001232,2048,5095424,128,1
strassen,16,densa,D10,a,6,200,0.0012315,2048,5095424,128,1
strassen,16,densa,D10,a,7,200,0.0012305,2048,5095424,128,1
strassen,16,densa,D10,a,8,200,0.001231,2048,5095424,128,1
strassen,16,densa,D10,a,9,200,0.001242,2048,5095424,128,1
strassen,16,densa,D10,a,10,200,0.001231,2048,5095424,128,1
strassen,16,densa,D10,a,11,200,0.001234,2048,5095424,128,1
strassen,16,densa,D10,a,12,200,0.0012325,2048,5095424,128,1
strassen,16,densa,D10,a,13,200,0.0012325,2048,5095424,128,1
strassen,16,densa,D10,a,14,200,0.0012315,2048,5095424,128,1
strassen,16,densa,D10,a,15,200,0.0012325,2048,5095424,128,1
naive,16,densa,D10,b,1,200,0.001226,2048,5095424,128,1
naive,16,densa,D10,b,2,200,0.001246,2048,5095424,128,1
naive,16,densa,D10,b,3,200,0.0012245,2048,5095424,128,1
naive,16,densa,D10,b,4,200,0.00142,2048,5095424,128,1
naive,16,densa,D10,b,5,200,0.0012245,2048,5095424,128,1
naive,16,densa,D10,b,6,200,0.001226,2048,5095424,128,1
naive,16,densa,D10,b,7,200,0.0012255,2048,5095424,128,1
naive,16,densa,D10,b,8,200,0.001226,2048,5095424,128,1
naive,16,densa,D10,b,9,200,0.001227,2048,5095424,128,1
naive,16,densa,D10,b,10,200,0.0012435,2048,5095424,128,1
naive,16,densa,D10,b,11,200,0.0012265,2048,5095424,128,1
naive,16,densa,D10,b,12,200,0.001227,2048,5095424,128,1
naive,16,densa,D10,b,13,200,0.0012265,2048,5095424,128,1
naive,16,densa,D10,b,14,200,0.0012265,2048,5095424,128,1
naive,16,densa,D10,b,15,200,0.0012265,2048,5095424,128,1
strassen,16,densa,D10,b,1,200,0.0012315,2048,5095424,128,1
strassen,16,densa,D10,b,2,200,0.001234,2048,5095424,128,1
strassen,16,densa,D10,b,3,200,0.0012435,2048,5095424,128,1
strassen,16,densa,D10,b,4,200,0.001231,2048,5095424,128,1
strassen,16,densa,D10,b,5,200,0.0013065,2048,5095424,128,1
strassen,16,densa,D10,b,6,200,0.0012345,2048,5095424,128,1
strassen,16,densa,D10,b,7,200,0.0012315,2048,5095424,128,1
strassen,16,densa,D10,b,8,200,0.001232,2048,5095424,128,1
strassen,16,densa,D10,b,9,200,0.0012315,2048,5095424,128,1
strassen,16,densa,D10,b,10,200,0.0012305,2048,5095424,128,1
strassen,16,densa,D10,b,11,200,0.0012445,2048,5095424,128,1
strassen,16,densa,D10,b,12,200,0.001233,2048,5095424,128,1
strassen,16,densa,D10,b,13,200,0.001232,2048,5095424,128,1
strassen,16,densa,D10,b,14,200,0.0012345,2048,5095424,128,1
strassen,16,densa,D10,b,15,200,0.001231,2048,5095424,128,1
naive,16,densa,D10,c,1,200,0.0012265,2048,5095424,128,1
naive,16,densa,D10,c,2,200,0.001243,2048,5095424,128,1
naive,16,densa,D10,c,3,200,0.001225,2048,5095424,128,1
naive,16,densa,D10,c,4,200,0.0012245,2048,5095424,128,1
naive,16,densa,D10,c,5,200,0.0012245,2048,5095424,128,1
naive,16,densa,D10,c,6,200,0.001227,2048,5095424,128,1
naive,16,densa,D10,c,7,200,0.0012265,2048,5095424,128,1
naive,16,densa,D10,c,8,200,0.001225,2048,5095424,128,1
naive,16,densa,D10,c,9,200,0.0012245,2048,5095424,128,1
naive,16,densa,D10,c,10,200,0.0012385,2048,5095424,128,1
naive,16,densa,D10,c,11,200,0.0012245,2048,5095424,128,1
naive,16,densa,D10,c,12,200,0.0012255,2048,5095424,128,1
naive,16,densa,D10,c,13,200,0.0012235,2048,5095424,128,1
naive,16,densa,D10,c,14,200,0.001227,2048,5095424,128,1
naive,16,densa,D10,c,15,200,0.001225,2048,5095424,128,1
strassen,16,densa,D10,c,1,200,0.0012325,2048,5095424,128,1
strassen,16,densa,D10,c,2,200,0.0012445,2048,5095424,128,1
strassen,16,densa,D10,c,3,200,0.0012325,2048,5095424,128,1
strassen,16,densa,D10,c,4,200,0.0012305,2048,5095424,128,1
strassen,16,densa,D10,c,5,200,0.0012325,2048,5095424,128,1
strassen,16,densa,D10,c,6,200,0.0012315,2048,5095424,128,1
strassen,16,densa,D10,c,7,200,0.001231,2048,5095424,128,1
strassen,16,densa,D10,c,8,200,0.001233,2048,5095424,128,1
strassen,16,densa,D10,c,9,200,0.0012315,2048,5095424,128,1
strassen,16,densa,D10,c,10,200,0.001233,2048,5095424,128,1
strassen,16,densa,D10,c,11,200,0.0012425,2048,5095424,128,1
strassen,16,densa,D10,c,12,200,0.0012305,2048,5095424,128,1
strassen,16,densa,D10,c,13,200,0.00123,2048,5095424,128,1
strassen,16,densa,D10,c,14,200,0.00123,2048,5095424,128,1
strassen,16,densa,D10,c,15,200,0.0012305,2048,5095424,128,1
naive,16,diagonal,D0,a,1,200,0.001227,2048,5095424,128,1
naive,16,diagonal,D0,a,2,200,0.001245,2048,5095424,128,1
naive,16,diagonal,D0,a,3,200,0.001226,2048,5095424,128,1
naive,16,diagonal,D0,a,4,200,0.001226,2048,5095424,128,1
naive,16,diagonal,D0,a,5,200,0.0012255,2048,5095424,128,1
naive,16,diagonal,D0,a,6,200,0.001226,2048,5095424,128,1
naive,16,diagonal,D0,a,7,200,0.0012265,2048,5095424,128,1
naive,16,diagonal,D0,a,8,200,0.001225,2048,5095424,128,1
naive,16,diagonal,D0,a,9,200,0.001227,2048,5095424,128,1
naive,16,diagonal,D0,a,10,200,0.001236,2048,5095424,128,1
naive,16,diagonal,D0,a,11,200,0.0012265,2048,5095424,128,1
naive,16,diagonal,D0,a,12,200,0.0012275,2048,5095424,128,1
naive,16,diagonal,D0,a,13,200,0.0012265,2048,5095424,128,1
naive,16,diagonal,D0,a,14,200,0.0012265,2048,5095424,128,1
naive,16,diagonal,D0,a,15,200,0.001227,2048,5095424,128,1
strassen,16,diagonal,D0,a,1,200,0.0012315,2048,5095424,128,1
strassen,16,diagonal,D0,a,2,200,0.0012315,2048,5095424,128,1
strassen,16,diagonal,D0,a,3,200,0.001245,2048,5095424,128,1
strassen,16,diagonal,D0,a,4,200,0.001233,2048,5095424,128,1
strassen,16,diagonal,D0,a,5,200,0.001234,2048,5095424,128,1
strassen,16,diagonal,D0,a,6,200,0.0012965,2048,5095424,128,1
strassen,16,diagonal,D0,a,7,200,0.001233,2048,5095424,128,1
strassen,16,diagonal,D0,a,8,200,0.0012325,2048,5095424,128,1
strassen,16,diagonal,D0,a,9,200,0.0012325,2048,5095424,128,1
strassen,16,diagonal,D0,a,10,200,0.001244,2048,5095424,128,1
strassen,16,diagonal,D0,a,11,200,0.0012325,2048,5095424,128,1
strassen,16,diagonal,D0,a,12,200,0.0012325,2048,5095424,128,1
strassen,16,diagonal,D0,a,13,200,0.0012325,2048,5095424,128,1
strassen,16,diagonal,D0,a,14,200,0.001233,2048,5095424,128,1
strassen,16,diagonal,D0,a,15,200,0.001233,2048,5095424,128,1
naive,16,diagonal,D0,b,1,200,0.0012265,2048,5095424,128,1
naive,16,diagonal,D0,b,2,200,0.001226,2048,5095424,128,1
naive,16,diagonal,D0,b,3,200,0.0012445,2048,5095424,128,1
naive,16,diagonal,D0,b,4,200,0.001227,2048,5095424,128,1
naive,16,diagonal,D0,b,5,200,0.0012265,2048,5095424,128,1
naive,16,diagonal,D0,b,6,200,0.0012265,2048,5095424,128,1
naive,16,diagonal,D0,b,7,200,0.001227,2048,5095424,128,1
naive,16,diagonal,D0,b,8,200,0.0012275,2048,5095424,128,1
naive,16,diagonal,D0,b,9,200,0.001226,2048,5095424,128,1
naive,16,diagonal,D0,b,10,200,0.00124,2048,5095424,128,1
naive,16,diagonal,D0,b,11,200,0.001226,2048,5095424,128,1
naive,16,diagonal,D0,b,12,200,0.0012255,2048,5095424,128,1
naive,16,diagonal,D0,b,13,200,0.001225,2048,5095424,128,1
naive,16,diagonal,D0,b,14,200,0.0012265,2048,5095424,128,1
naive,16,diagonal,D0,b,15,200,0.001227,2048,5095424,128,1
strassen,16,diagonal,D0,b,1,200,0.001232,2048,5095424,128,1
strassen,16,diagonal,D0,b,2,200,0.001233,2048,5095424,128,1
strassen,16,diagonal,D0,b,3,200,0.0012445,2048,5095424,128,1
strassen,16,diagonal,D0,b,4,200,0.0012325,2048,5095424,128,1
strassen,16,diagonal,D0,b,5,200,0.0012315,2048,5095424,128,1
strassen,16,diagonal,D0,b,6,200,0.0012335,2048,5095424,128,1
strassen,16,diagonal,D0,b,7,200,0.001231,2048,5095424,128,1
strassen,16,diagonal,D0,b,8,200,0.0012315,2048,5095424,128,1
strassen,16,diagonal,D0,b,9,200,0.001233,2048,5095424,128,1
strassen,16,diagonal,D0,b,10,200,0.0012435,2048,5095424,128,1
strassen,16,diagonal,D0,b,11,200,0.0012315,2048,5095424,128,1
strassen,16,diagonal,D0,b,12,200,0.001232,2048,5095424,128,1
strassen,16,diagonal,D0,b,13,200,0.0012315,2048,5095424,128,1
strassen,16,diagonal,D0,b,14,200,0.001231,2048,5095424,128,1
strassen,16,diagonal,D0,b,15,200,0.001231,2048,5095424,128,1
naive,16,diagonal,D0,c,1,200,0.001225,2048,5095424,128,1
naive,16,diagonal,D0,c,2,200,0.0012255,2048,5095424,128,1
naive,16,diagonal,D0,c,3,200,0.001241,2048,5095424,128,1
naive,16,diagonal,D0,c,4,200,0.0012255,2048,5095424,128,1
naive,16,diagonal,D0,c,5,200,0.001225,2048,5095424,128,1
naive,16,diagonal,D0,c,6,200,0.0012255,2048,5095424,128,1
naive,16,diagonal,D0,c,7,200,0.001226,2048,5095424,128,1
naive,16,diagonal,D0,c,8,200,0.0012255,2048,5095424,128,1
naive,16,diagonal,D0,c,9,200,0.001224,2048,5095424,128,1
naive,16,diagonal,D0,c,10,200,0.0012245,2048,5095424,128,1
naive,16,diagonal,D0,c,11,200,0.0012415,2048,5095424,128,1
naive,16,diagonal,D0,c,12,200,0.0012245,2048,5095424,128,1
naive,16,diagonal,D0,c,13,200,0.001224,2048,5095424,128,1
naive,16,diagonal,D0,c,14,200,0.0012265,2048,5095424,128,1
naive,16,diagonal,D0,c,15,200,0.001225,2048,5095424,128,1
strassen,16,diagonal,D0,c,1,200,0.0012305,2048,5095424,128,1
strassen,16,diagonal,D0,c,2,200,0.0012305,2048,5095424,128,1
strassen,16,diagonal,D0,c,3,200,0.001245,2048,5095424,128,1
strassen,16,diagonal,D0,c,4,200,0.0012305,2048,5095424,128,1
strassen,16,diagonal,D0,c,5,200,0.0012305,2048,5095424,128,1
strassen,16,diagonal,D0,c,6,200,0.0012315,2048,5095424,128,1
strassen,16,diagonal,D0,c,7,200,0.001233,2048,5095424,128,1
strassen,16,diagonal,D0,c,8,200,0.001293,2048,5095424,128,1
strassen,16,diagonal,D0,c,9,200,0.0012335,2048,5095424,128,1
strassen,16,diagonal,D0,c,10,200,0.0012335,2048,5095424,128,1
strassen,16,diagonal,D0,c,11,200,0.0012405,2048,5095424,128,1
strassen,16,diagonal,D0,c,12,200,0.0012315,2048,5095424,128,1
strassen,16,diagonal,D0,c,13,200,0.001232,2048,5095424,128,1
strassen,16,diagonal,D0,c,14,200,0.0012305,2048,5095424,128,1
strassen,16,diagonal,D0,c,15,200,0.001232,2048,5095424,128,1
naive,16,diagonal,D10,a,1,200,0.0012255,2048,5095424,128,1
naive,16,diagonal,D10,a,2,200,0.001227,2048,5095424,128,1
naive,16,diagonal,D10,a,3,200,0.001227,2048,5095424,128,1
naive,16,diagonal,D10,a,4,200,0.001241,2048,5095424,128,1
naive,16,diagonal,D10,a,5,200,0.001223,2048,5095424,128,1
naive,16,diagonal,D10,a,6,200,0.0012235,2048,5095424,128,1
naive,16,diagonal,D10,a,7,200,0.0012255,2048,5095424,128,1
naive,16,diagonal,D10,a,8,200,0.0012255,2048,5095424,128,1
naive,16,diagonal,D10,a,9,200,0.0012225,2048,5095424,128,1
naive,16,diagonal,D10,a,10,200,0.0012235,2048,5095424,128,1
naive,16,diagonal,D10,a,11,200,0.0012255,2048,5095424,128,1
naive,16,diagonal,D10,a,12,200,0.0012355,2048,5095424,128,1
naive,16,diagonal,D10,a,13,200,0.001227,2048,5095424,128,1
naive,16,diagonal,D10,a,14,200,0.001226,2048,5095424,128,1
naive,16,diagonal,D10,a,15,200,0.001228,2048,5095424,128,1
strassen,16,diagonal,D10,a,1,200,0.001232,2048,5095424,128,1
strassen,16,diagonal,D10,a,2,200,0.0012315,2048,5095424,128,1
strassen,16,diagonal,D10,a,3,200,0.001231,2048,5095424,128,1
strassen,16,diagonal,D10,a,4,200,0.001232,2048,5095424,128,1
strassen,16,diagonal,D10,a,5,200,0.001244,2048,5095424,128,1
strassen,16,diagonal,D10,a,6,200,0.0012325,2048,5095424,128,1
strassen,16,diagonal,D10,a,7,200,0.0012335,2048,5095424,128,1
strassen,16,diagonal,D10,a,8,200,0.001233,2048,5095424,128,1
strassen,16,diagonal,D10,a,9,200,0.001231,2048,5095424,128,1
strassen,16,diagonal,D10,a,10,200,0.0012315,2048,5095424,128,1
strassen,16,diagonal,D10,a,11,200,0.0012315,2048,5095424,128,1
strassen,16,diagonal,D10,a,12,200,0.001231,2048,5095424,128,1
strassen,16,diagonal,D10,a,13,200,0.0012295,2048,5095424,128,1
strassen,16,diagonal,D10,a,14,200,0.001244,2048,5095424,128,1
strassen,16,diagonal,D10,a,15,200,0.0012315,2048,5095424,128,1
naive,16,diagonal,D10,b,1,200,0.0012265,2048,5095424,128,1
naive,16,diagonal,D10,b,2,200,0.001227,2048,5095424,128,1
naive,16,diagonal,D10,b,3,200,0.0012255,2048,5095424,128,1
naive,16,diagonal,D10,b,4,200,0.0012255,2048,5095424,128,1
naive,16,diagonal,D10,b,5,200,0.001248,2048,5095424,128,1
naive,16,diagonal,D10,b,6,200,0.0012255,2048,5095424,128,1
naive,16,diagonal,D10,b,7,200,0.0012285,2048,5095424,128,1
naive,16,diagonal,D10,b,8,200,0.0012255,2048,5095424,128,1
naive,16,diagonal,D10,b,9,200,0.0012255,2048,5095424,128,1
naive,16,diagonal,D10,b,10,200,0.001226,2048,5095424,128,1
naive,16,diagonal,D10,b,11,200,0.0012265,2048,5095424,128,1
naive,16,diagonal,D10,b,12,200,0.0012265,2048,5095424,128,1
naive,16,diagonal,D10,b,13,200,0.0012385,2048,5095424,128,1
naive,16,diagonal,D10,b,14,200,0.001227,2048,5095424,128,1
naive,16,diagonal,D10,b,15,200,0.0012265,2048,5095424,128,1
strassen,16,diagonal,D10,b,1,200,0.001231,2048,5095424,128,1
strassen,16,diagonal,D10,b,2,200,0.0012345,2048,5095424,128,1
strassen,16,diagonal,D10,b,3,200,0.0012315,2048,5095424,128,1
strassen,16,diagonal,D10,b,4,200,0.0012325,2048,5095424,128,1
strassen,16,diagonal,D10,b,5,200,0.001231,2048,5095424,128,1
strassen,16,diagonal,D10,b,6,200,0.001261,2048,5095424,128,1
strassen,16,diagonal,D10,b,7,200,0.001233,2048,5095424,128,1
strassen,16,diagonal,D10,b,8,200,0.0012325,2048,5095424,128,1
strassen,16,diagonal,D10,b,9,200,0.001233,2048,5095424,128,1
strassen,16,diagonal,D10,b,10,200,0.001233,2048,5095424,128,1
strassen,16,diagonal,D10,b,11,200,0.0012325,2048,5095424,128,1
strassen,16,diagonal,D10,b,12,200,0.001233,2048,5095424,128,1
strassen,16,diagonal,D10,b,13,200,0.001233,2048,5095424,128,1
strassen,16,diagonal,D10,b,14,200,0.001246,2048,5095424,128,1
strassen,16,diagonal,D10,b,15,200,0.0012345,2048,5095424,128,1
naive,16,diagonal,D10,c,1,200,0.0012235,2048,5095424,128,1
naive,16,diagonal,D10,c,2,200,0.0012235,2048,5095424,128,1
naive,16,diagonal,D10,c,3,200,0.0012245,2048,5095424,128,1
naive,16,diagonal,D10,c,4,200,0.001226,2048,5095424,128,1
naive,16,diagonal,D10,c,5,200,0.0012245,2048,5095424,128,1
naive,16,diagonal,D10,c,6,200,0.001243,2048,5095424,128,1
naive,16,diagonal,D10,c,7,200,0.001226,2048,5095424,128,1
naive,16,diagonal,D10,c,8,200,0.0012255,2048,5095424,128,1
naive,16,diagonal,D10,c,9,200,0.0012275,2048,5095424,128,1
naive,16,diagonal,D10,c,10,200,0.0012275,2048,5095424,128,1
naive,16,diagonal,D10,c,11,200,0.001224,2048,5095424,128,1
naive,16,diagonal,D10,c,12,200,0.0012255,2048,5095424,128,1
naive,16,diagonal,D10,c,13,200,0.0012265,2048,5095424,128,1
naive,16,diagonal,D10,c,14,200,0.001239,2048,5095424,128,1
naive,16,diagonal,D10,c,15,200,0.001226,2048,5095424,128,1
strassen,16,diagonal,D10,c,1,200,0.001232,2048,5095424,128,1
strassen,16,diagonal,D10,c,2,200,0.001232,2048,5095424,128,1
strassen,16,diagonal,D10,c,3,200,0.0012345,2048,5095424,128,1
strassen,16,diagonal,D10,c,4,200,0.001233,2048,5095424,128,1
strassen,16,diagonal,D10,c,5,200,0.0012325,2048,5095424,128,1
strassen,16,diagonal,D10,c,6,200,0.0012425,2048,5095424,128,1
strassen,16,diagonal,D10,c,7,200,0.0012345,2048,5095424,128,1
strassen,16,diagonal,D10,c,8,200,0.0012325,2048,5095424,128,1
strassen,16,diagonal,D10,c,9,200,0.0012325,2048,5095424,128,1
strassen,16,diagonal,D10,c,10,200,0.0012325,2048,5095424,128,1
strassen,16,diagonal,D10,c,11,200,0.001231,2048,5095424,128,1
strassen,16,diagonal,D10,c,12,200,0.001234,2048,5095424,128,1
strassen,16,diagonal,D10,c,13,200,0.0012475,2048,5095424,128,1
strassen,16,diagonal,D10,c,14,200,0.001233,2048,5095424,128,1
strassen,16,diagonal,D10,c,15,200,0.0012335,2048,5095424,128,1
naive,16,dispersa,D0,a,1,200,0.001225,2048,5095424,128,1
naive,16,dispersa,D0,a,2,200,0.0012255,2048,5095424,128,1
naive,16,dispersa,D0,a,3,200,0.0012245,2048,5095424,128,1
naive,16,dispersa,D0,a,4,200,0.0012275,2048,5095424,128,1
naive,16,dispersa,D0,a,5,200,0.001227,2048,5095424,128,1
naive,16,dispersa,D0,a,6,200,0.001241,2048,5095424,128,1
naive,16,dispersa,D0,a,7,200,0.001225,2048,5095424,128,1
naive,16,dispersa,D0,a,8,200,0.0012255,2048,5095424,128,1
naive,16,dispersa,D0,a,9,200,0.001228,2048,5095424,128,1
naive,16,dispersa,D0,a,10,200,0.0012265,2048,5095424,128,1
naive,16,dispersa,D0,a,11,200,0.001228,2048,5095424,128,1
naive,16,dispersa,D0,a,12,200,0.001228,2048,5095424,128,1
naive,16,dispersa,D0,a,13,200,0.0012245,2048,5095424,128,1
naive,16,dispersa,D0,a,14,200,0.001238,2048,5095424,128,1
naive,16,dispersa,D0,a,15,200,0.001226,2048,5095424,128,1
strassen,16,dispersa,D0,a,1,200,0.0012315,2048,5095424,128,1
strassen,16,dispersa,D0,a,2,200,0.0012305,2048,5095424,128,1
strassen,16,dispersa,D0,a,3,200,0.0012335,2048,5095424,128,1
strassen,16,dispersa,D0,a,4,200,0.0012325,2048,5095424,128,1
strassen,16,dispersa,D0,a,5,200,0.0012305,2048,5095424,128,1
strassen,16,dispersa,D0,a,6,200,0.0012305,2048,5095424,128,1
strassen,16,dispersa,D0,a,7,200,0.0012475,2048,5095424,128,1
strassen,16,dispersa,D0,a,8,200,0.001283,2048,5095424,128,1
strassen,16,dispersa,D0,a,9,200,0.001232,2048,5095424,128,1
strassen,16,dispersa,D0,a,10,200,0.0012335,2048,5095424,128,1
strassen,16,dispersa,D0,a,11,200,0.001234,2048,5095424,128,1
strassen,16,dispersa,D0,a,12,200,0.001235,2048,5095424,128,1
strassen,16,dispersa,D0,a,13,200,0.0012335,2048,5095424,128,1
strassen,16,dispersa,D0,a,14,200,0.001246,2048,5095424,128,1
strassen,16,dispersa,D0,a,15,200,0.001234,2048,5095424,128,1
naive,16,dispersa,D0,b,1,200,0.001226,2048,5095424,128,1
naive,16,dispersa,D0,b,2,200,0.0012265,2048,5095424,128,1
naive,16,dispersa,D0,b,3,200,0.001226,2048,5095424,128,1
naive,16,dispersa,D0,b,4,200,0.001226,2048,5095424,128,1
naive,16,dispersa,D0,b,5,200,0.001227,2048,5095424,128,1
naive,16,dispersa,D0,b,6,200,0.001227,2048,5095424,128,1
naive,16,dispersa,D0,b,7,200,0.0012415,2048,5095424,128,1
naive,16,dispersa,D0,b,8,200,0.0012275,2048,5095424,128,1
naive,16,dispersa,D0,b,9,200,0.0012235,2048,5095424,128,1
naive,16,dispersa,D0,b,10,200,0.0012305,2048,5095424,128,1
naive,16,dispersa,D0,b,11,200,0.0012255,2048,5095424,128,1
naive,16,dispersa,D0,b,12,200,0.0012275,2048,5095424,128,1
naive,16,dispersa,D0,b,13,200,0.001226,2048,5095424,128,1
naive,16,dispersa,D0,b,14,200,0.001226,2048,5095424,128,1
naive,16,dispersa,D0,b,15,200,0.0012355,2048,5095424,128,1
strassen,16,dispersa,D0,b,1,200,0.001234,2048,5095424,128,1
strassen,16,dispersa,D0,b,2,200,0.0012335,2048,5095424,128,1
strassen,16,dispersa,D0,b,3,200,0.001234,2048,5095424,128,1
strassen,16,dispersa,D0,b,4,200,0.001233,2048,5095424,128,1
strassen,16,dispersa,D0,b,5,200,0.0012335,2048,5095424,128,1
strassen,16,dispersa,D0,b,6,200,0.001233,2048,5095424,128,1
strassen,16,dispersa,D0,b,7,200,0.001232,2048,5095424,128,1
strassen,16,dispersa,D0,b,8,200,0.0012445,2048,5095424,128,1
strassen,16,dispersa,D0,b,9,200,0.0012685,2048,5095424,128,1
strassen,16,dispersa,D0,b,10,200,0.0012335,2048,5095424,128,1
strassen,16,dispersa,D0,b,11,200,0.001233,2048,5095424,128,1
strassen,16,dispersa,D0,b,12,200,0.001234,2048,5095424,128,1
strassen,16,dispersa,D0,b,13,200,0.0012325,2048,5095424,128,1
strassen,16,dispersa,D0,b,14,200,0.001233,2048,5095424,128,1
strassen,16,dispersa,D0,b,15,200,0.0012455,2048,5095424,128,1
naive,16,dispersa,D0,c,1,200,0.001226,2048,5095424,128,1
naive,16,dispersa,D0,c,2,200,0.0012245,2048,5095424,128,1
naive,16,dispersa,D0,c,3,200,0.001224,2048,5095424,128,1
naive,16,dispersa,D0,c,4,200,0.0012255,2048,5095424,128,1
naive,16,dispersa,D0,c,5,200,0.0012265,2048,5095424,128,1
naive,16,dispersa,D0,c,6,200,0.0012255,2048,5095424,128,1
naive,16,dispersa,D0,c,7,200,0.0012255,2048,5095424,128,1
naive,16,dispersa,D0,c,8,200,0.001241,2048,5095424,128,1
naive,16,dispersa,D0,c,9,200,0.001225,2048,5095424,128,1
naive,16,dispersa,D0,c,10,200,0.001226,2048,5095424,128,1
naive,16,dispersa,D0,c,11,200,0.001227,2048,5095424,128,1
naive,16,dispersa,D0,c,12,200,0.0012235,2048,5095424,128,1
naive,16,dispersa,D0,c,13,200,0.001226,2048,5095424,128,1
naive,16,dispersa,D0,c,14,200,0.001225,2048,5095424,128,1
naive,16,dispersa,D0,c,15,200,0.0012255,2048,5095424,128,1
strassen,16,dispersa,D0,c,1,200,0.001242,2048,5095424,128,1
strassen,16,dispersa,D0,c,2,200,0.0012385,2048,5095424,128,1
strassen,16,dispersa,D0,c,3,200,0.001233,2048,5095424,128,1
strassen,16,dispersa,D0,c,4,200,0.001234,2048,5095424,128,1
strassen,16,dispersa,D0,c,5,200,0.001233,2048,5095424,128,1
strassen,16,dispersa,D0,c,6,200,0.0012305,2048,5095424,128,1
strassen,16,dispersa,D0,c,7,200,0.0012495,2048,5095424,128,1
strassen,16,dispersa,D0,c,8,200,0.001234,2048,5095424,128,1
strassen,16,dispersa,D0,c,9,200,0.001244,2048,5095424,128,1
strassen,16,dispersa,D0,c,10,200,0.0012345,2048,5095424,128,1
strassen,16,dispersa,D0,c,11,200,0.0012315,2048,5095424,128,1
strassen,16,dispersa,D0,c,12,200,0.001239,2048,5095424,128,1
strassen,16,dispersa,D0,c,13,200,0.0012335,2048,5095424,128,1
strassen,16,dispersa,D0,c,14,200,0.001233,2048,5095424,128,1
strassen,16,dispersa,D0,c,15,200,0.001232,2048,5095424,128,1
naive,16,dispersa,D10,a,1,200,0.0012265,2048,5095424,128,1
naive,16,dispersa,D10,a,2,200,0.0012425,2048,5095424,128,1
naive,16,dispersa,D10,a,3,200,0.001226,2048,5095424,128,1
naive,16,dispersa,D10,a,4,200,0.0012265,2048,5095424,128,1
naive,16,dispersa,D10,a,5,200,0.0012265,2048,5095424,128,1
naive,16,dispersa,D10,a,6,200,0.0012245,2048,5095424,128,1
naive,16,dispersa,D10,a,7,200,0.001227,2048,5095424,128,1
naive,16,dispersa,D10,a,8,200,0.001226,2048,5095424,128,1
naive,16,dispersa,D10,a,9,200,0.0012255,2048,5095424,128,1
naive,16,dispersa,D10,a,10,200,0.0012375,2048,5095424,128,1
naive,16,dispersa,D10,a,11,200,0.0012225,2048,5095424,128,1
naive,16,dispersa,D10,a,12,200,0.00131,2048,5095424,128,1
naive,16,dispersa,D10,a,13,200,0.0012585,2048,5095424,128,1
naive,16,dispersa,D10,a,14,200,0.001226,2048,5095424,128,1
naive,16,dispersa,D10,a,15,200,0.001223,2048,5095424,128,1
strassen,16,dispersa,D10,a,1,200,0.0012325,2048,5095424,128,1
strassen,16,dispersa,D10,a,2,200,0.001255,2048,5095424,128,1
strassen,16,dispersa,D10,a,3,200,0.001235,2048,5095424,128,1
strassen,16,dispersa,D10,a,4,200,0.0012305,2048,5095424,128,1
strassen,16,dispersa,D10,a,5,200,0.0012315,2048,5095424,128,1
strassen,16,dispersa,D10,a,6,200,0.0012305,2048,5095424,128,1
strassen,16,dispersa,D10,a,7,200,0.0012315,2048,5095424,128,1
strassen,16,dispersa,D10,a,8,200,0.001233,2048,5095424,128,1
strassen,16,dispersa,D10,a,9,200,0.001233,2048,5095424,128,1
strassen,16,dispersa,D10,a,10,200,0.001243,2048,5095424,128,1
strassen,16,dispersa,D10,a,11,200,0.001246,2048,5095424,128,1
strassen,16,dispersa,D10,a,12,200,0.001231,2048,5095424,128,1
strassen,16,dispersa,D10,a,13,200,0.001236,2048,5095424,128,1
strassen,16,dispersa,D10,a,14,200,0.0012305,2048,5095424,128,1
strassen,16,dispersa,D10,a,15,200,0.001236,2048,5095424,128,1
naive,16,dispersa,D10,b,1,200,0.001227,2048,5095424,128,1
naive,16,dispersa,D10,b,2,200,0.001247,2048,5095424,128,1
naive,16,dispersa,D10,b,3,200,0.0012265,2048,5095424,128,1
naive,16,dispersa,D10,b,4,200,0.0012255,2048,5095424,128,1
naive,16,dispersa,D10,b,5,200,0.0012305,2048,5095424,128,1
naive,16,dispersa,D10,b,6,200,0.001281,2048,5095424,128,1
naive,16,dispersa,D10,b,7,200,0.0012225,2048,5095424,128,1
naive,16,dispersa,D10,b,8,200,0.0012245,2048,5095424,128,1
naive,16,dispersa,D10,b,9,200,0.0012255,2048,5095424,128,1
naive,16,dispersa,D10,b,10,200,0.0012515,2048,5095424,128,1
naive,16,dispersa,D10,b,11,200,0.001225,2048,5095424,128,1
naive,16,dispersa,D10,b,12,200,0.001228,2048,5095424,128,1
naive,16,dispersa,D10,b,13,200,0.0012275,2048,5095424,128,1
naive,16,dispersa,D10,b,14,200,0.0012255,2048,5095424,128,1
naive,16,dispersa,D10,b,15,200,0.001227,2048,5095424,128,1
strassen,16,dispersa,D10,b,1,200,0.0012315,2048,5095424,128,1
strassen,16,dispersa,D10,b,2,200,0.0012325,2048,5095424,128,1
strassen,16,dispersa,D10,b,3,200,0.0012455,2048,5095424,128,1
strassen,16,dispersa,D10,b,4,200,0.001234,2048,5095424,128,1
strassen,16,dispersa,D10,b,5,200,0.001298,2048,5095424,128,1
strassen,16,dispersa,D10,b,6,200,0.0012335,2048,5095424,128,1
strassen,16,dispersa,D10,b,7,200,0.001233,2048,5095424,128,1
strassen,16,dispersa,D10,b,8,200,0.0012325,2048,5095424,128,1
strassen,16,dispersa,D10,b,9,200,0.0012325,2048,5095424,128,1
strassen,16,dispersa,D10,b,10,200,0.001232,2048,5095424,128,1
strassen,16,dispersa,D10,b,11,200,0.0012445,2048,5095424,128,1
strassen,16,dispersa,D10,b,12,200,0.001232,2048,5095424,128,1
strassen,16,dispersa,D10,b,13,200,0.0012325,2048,5095424,128,1
strassen,16,dispersa,D10,b,14,200,0.0012335,2048,5095424,128,1
strassen,16,dispersa,D10,b,15,200,0.0012315,2048,5095424,128,1
naive,16,dispersa,D10,c,1,200,0.001224,2048,5095424,128,1
naive,16,dispersa,D10,c,2,200,0.0012235,2048,5095424,128,1
naive,16,dispersa,D10,c,3,200,0.001245,2048,5095424,128,1
naive,16,dispersa,D10,c,4,200,0.001227,2048,5095424,128,1
naive,16,dispersa,D10,c,5,200,0.001227,2048,5095424,128,1
naive,16,dispersa,D10,c,6,200,0.0012265,2048,5095424,128,1
naive,16,dispersa,D10,c,7,200,0.001227,2048,5095424,128,1
naive,16,dispersa,D10,c,8,200,0.0012275,2048,5095424,128,1
naive,16,dispersa,D10,c,9,200,0.00123,2048,5095424,128,1
naive,16,dispersa,D10,c,10,200,0.001242,2048,5095424,128,1
naive,16,dispersa,D10,c,11,200,0.0012245,2048,5095424,128,1
naive,16,dispersa,D10,c,12,200,0.0012245,2048,5095424,128,1
naive,16,dispersa,D10,c,13,200,0.0012265,2048,5095424,128,1
naive,16,dispersa,D10,c,14,200,0.001241,2048,5095424,128,1
naive,16,dispersa,D10,c,15,200,0.0012855,2048,5095424,128,1
strassen,16,dispersa,D10,c,1,200,0.001232,2048,5095424,128,1
strassen,16,dispersa,D10,c,2,200,0.001232,2048,5095424,128,1
strassen,16,dispersa,D10,c,3,200,0.001249,2048,5095424,128,1
strassen,16,dispersa,D10,c,4,200,0.001233,2048,5095424,128,1
strassen,16,dispersa,D10,c,5,200,0.00123,2048,5095424,128,1
strassen,16,dispersa,D10,c,6,200,0.0012305,2048,5095424,128,1
strassen,16,dispersa,D10,c,7,200,0.0012325,2048,5095424,128,1
strassen,16,dispersa,D10,c,8,200,0.0012325,2048,5095424,128,1
strassen,16,dispersa,D10,c,9,200,0.0012315,2048,5095424,128,1
strassen,16,dispersa,D10,c,10,200,0.0012305,2048,5095424,128,1
strassen,16,dispersa,D10,c,11,200,0.001243,2048,5095424,128,1
strassen,16,dispersa,D10,c,12,200,0.0012325,2048,5095424,128,1
strassen,16,dispersa,D10,c,13,200,0.001232,2048,5095424,128,1
strassen,16,dispersa,D10,c,14,200,0.001232,2048,5095424,128,1
strassen,16,dispersa,D10,c,15,200,0.0012335,2048,5095424,128,1
naive,64,densa,D0,a,1,20,0.10288,32768,5234688,128,1
naive,64,densa,D0,a,2,20,0.102275,32768,5234688,128,1
naive,64,densa,D0,a,3,20,0.104295,32768,5234688,128,1
naive,64,densa,D0,a,4,20,0.102885,32768,5234688,128,1
naive,64,densa,D0,a,5,20,0.10203,32768,5234688,128,1
naive,64,densa,D0,a,6,20,0.103075,32768,5234688,128,1
naive,64,densa,D0,a,7,20,0.10234,32768,5234688,128,1
naive,64,densa,D0,a,8,20,0.102375,32768,5234688,128,1
naive,64,densa,D0,a,9,20,0.10302,32768,5234688,128,1
naive,64,densa,D0,a,10,20,0.102765,32768,5234688,128,1
naive,64,densa,D0,a,11,20,0.103075,32768,5234688,128,1
naive,64,densa,D0,a,12,20,0.102535,32768,5234688,128,1
naive,64,densa,D0,a,13,20,0.10464,32768,5234688,128,1
naive,64,densa,D0,a,14,20,0.103395,32768,5234688,128,1
naive,64,densa,D0,a,15,20,0.10442,32768,5234688,128,1
strassen,64,densa,D0,a,1,20,0.103685,32768,5267456,128,1
strassen,64,densa,D0,a,2,20,0.10137,32768,5267456,128,1
strassen,64,densa,D0,a,3,20,0.09931,32768,5267456,128,1
strassen,64,densa,D0,a,4,20,0.099825,32768,5267456,128,1
strassen,64,densa,D0,a,5,20,0.097975,32768,5267456,128,1
strassen,64,densa,D0,a,6,20,0.098475,32768,5267456,128,1
strassen,64,densa,D0,a,7,20,0.09843,32768,5267456,128,1
strassen,64,densa,D0,a,8,20,0.098795,32768,5267456,128,1
strassen,64,densa,D0,a,9,20,0.09906,32768,5267456,128,1
strassen,64,densa,D0,a,10,20,0.09829,32768,5267456,128,1
strassen,64,densa,D0,a,11,20,0.09869,32768,5267456,128,1
strassen,64,densa,D0,a,12,20,0.09834,32768,5267456,128,1
strassen,64,densa,D0,a,13,20,0.0983,32768,5267456,128,1
strassen,64,densa,D0,a,14,20,0.098555,32768,5267456,128,1
strassen,64,densa,D0,a,15,20,0.098695,32768,5267456,128,1
naive,64,densa,D0,b,1,20,0.09756,32768,5267456,128,1
naive,64,densa,D0,b,2,20,0.098005,32768,5267456,128,1
naive,64,densa,D0,b,3,20,0.0976,32768,5267456,128,1
naive,64,densa,D0,b,4,20,0.09615,32768,5267456,128,1
naive,64,densa,D0,b,5,20,0.09679,32768,5267456,128,1
naive,64,densa,D0,b,6,20,0.096925,32768,5267456,128,1
naive,64,densa,D0,b,7,20,0.09723,32768,5267456,128,1
naive,64,densa,D0,b,8,20,0.09772,32768,5267456,128,1
naive,64,densa,D0,b,9,20,0.09672,32768,5267456,128,1
naive,64,densa,D0,b,10,20,0.096425,32768,5267456,128,1
naive,64,densa,D0,b,11,20,0.097655,32768,5267456,128,1
naive,64,densa,D0,b,12,20,0.097725,32768,5267456,128,1
naive,64,densa,D0,b,13,20,0.09712,32768,5267456,128,1
naive,64,densa,D0,b,14,20,0.09773,32768,5267456,128,1
naive,64,densa,D0,b,15,20,0.097335,32768,5267456,128,1
strassen,64,densa,D0,b,1,20,0.097465,32768,5267456,128,1
strassen,64,densa,D0,b,2,20,0.098085,32768,5267456,128,1
strassen,64,densa,D0,b,3,20,0.09857,32768,5267456,128,1
strassen,64,densa,D0,b,4,20,0.098015,32768,5267456,128,1
strassen,64,densa,D0,b,5,20,0.097845,32768,5267456,128,1
strassen,64,densa,D0,b,6,20,0.098015,32768,5267456,128,1
strassen,64,densa,D0,b,7,20,0.09792,32768,5267456,128,1
strassen,64,densa,D0,b,8,20,0.098025,32768,5267456,128,1
strassen,64,densa,D0,b,9,20,0.097425,32768,5267456,128,1
strassen,64,densa,D0,b,10,20,0.097685,32768,5267456,128,1
strassen,64,densa,D0,b,11,20,0.097665,32768,5267456,128,1
strassen,64,densa,D0,b,12,20,0.09809,32768,5267456,128,1
strassen,64,densa,D0,b,13,20,0.09759,32768,5267456,128,1
strassen,64,densa,D0,b,14,20,0.098105,32768,5267456,128,1
strassen,64,densa,D0,b,15,20,0.10018,32768,5267456,128,1
naive,64,densa,D0,c,1,20,0.097815,32768,5267456,128,1
naive,64,densa,D0,c,2,20,0.09801,32768,5267456,128,1
naive,64,densa,D0,c,3,20,0.09702,32768,5267456,128,1
naive,64,densa,D0,c,4,20,0.09783,32768,5267456,128,1
naive,64,densa,D0,c,5,20,0.098025,32768,5267456,128,1
naive,64,densa,D0,c,6,20,0.098865,32768,5267456,128,1
naive,64,densa,D0,c,7,20,0.097015,32768,5267456,128,1
naive,64,densa,D0,c,8,20,0.0986,32768,5267456,128,1
naive,64,densa,D0,c,9,20,0.09589,32768,5267456,128,1
naive,64,densa,D0,c,10,20,0.09783,32768,5267456,128,1
naive,64,densa,D0,c,11,20,0.09654,32768,5267456,128,1
naive,64,densa,D0,c,12,20,0.09597,32768,5267456,128,1
naive,64,densa,D0,c,13,20,0.09629,32768,5267456,128,1
naive,64,densa,D0,c,14,20,0.09666,32768,5267456,128,1
naive,64,densa,D0,c,15,20,0.096925,32768,5267456,128,1
strassen,64,densa,D0,c,1,20,0.0966,32768,5267456,128,1
strassen,64,densa,D0,c,2,20,0.09717,32768,5267456,128,1
strassen,64,densa,D0,c,3,20,0.097565,32768,5267456,128,1
strassen,64,densa,D0,c,4,20,0.09681,32768,5267456,128,1
strassen,64,densa,D0,c,5,20,0.096565,32768,5267456,128,1
strassen,64,densa,D0,c,6,20,0.097245,32768,5267456,128,1
strassen,64,densa,D0,c,7,20,0.097105,32768,5267456,128,1
strassen,64,densa,D0,c,8,20,0.09598,32768,5267456,128,1
strassen,64,densa,D0,c,9,20,0.097095,32768,5267456,128,1
strassen,64,densa,D0,c,10,20,0.09645,32768,5267456,128,1
strassen,64,densa,D0,c,11,20,0.09777,32768,5267456,128,1
strassen,64,densa,D0,c,12,20,0.09655,32768,5267456,128,1
strassen,64,densa,D0,c,13,20,0.098925,32768,5267456,128,1
strassen,64,densa,D0,c,14,20,0.096455,32768,5267456,128,1
strassen,64,densa,D0,c,15,20,0.09684,32768,5267456,128,1
naive,64,densa,D10,a,1,20,0.09748,32768,5267456,128,1
naive,64,densa,D10,a,2,20,0.09824,32768,5267456,128,1
naive,64,densa,D10,a,3,20,0.09862,32768,5267456,128,1
naive,64,densa,D10,a,4,20,0.09658,32768,5267456,128,1
naive,64,densa,D10,a,5,20,0.09718,32768,5267456,128,1
naive,64,densa,D10,a,6,20,0.097765,32768,5267456,128,1
naive,64,densa,D10,a,7,20,0.097445,32768,5267456,128,1
naive,64,densa,D10,a,8,20,0.09789,32768,5267456,128,1
naive,64,densa,D10,a,9,20,0.096915,32768,5267456,128,1
naive,64,densa,D10,a,10,20,0.09692,32768,5267456,128,1
naive,64,densa,D10,a,11,20,0.095615,32768,5267456,128,1
naive,64,densa,D10,a,12,20,0.09716,32768,5267456,128,1
naive,64,densa,D10,a,13,20,0.09785,32768,5267456,128,1
naive,64,densa,D10,a,14,20,0.0979,32768,5267456,128,1
naive,64,densa,D10,a,15,20,0.09821,32768,5267456,128,1
strassen,64,densa,D10,a,1,20,0.0983,32768,5267456,128,1
strassen,64,densa,D10,a,2,20,0.098015,32768,5267456,128,1
strassen,64,densa,D10,a,3,20,0.098135,32768,5267456,128,1
strassen,64,densa,D10,a,4,20,0.09863,32768,5267456,128,1
strassen,64,densa,D10,a,5,20,0.098135,32768,5267456,128,1
strassen,64,densa,D10,a,6,20,0.098215,32768,5267456,128,1
strassen,64,densa,D10,a,7,20,0.09745,32768,5267456,128,1
strassen,64,densa,D10,a,8,20,0.096735,32768,5267456,128,1
strassen,64,densa,D10,a,9,20,0.097385,32768,5267456,128,1
strassen,64,densa,D10,a,10,20,0.097105,32768,5267456,128,1
strassen,64,densa,D10,a,11,20,0.09652,32768,5267456,128,1
strassen,64,densa,D10,a,12,20,0.09622,32768,5267456,128,1
strassen,64,densa,D10,a,13,20,0.09654,32768,5267456,128,1
strassen,64,densa,D10,a,14,20,0.09664,32768,5267456,128,1
strassen,64,densa,D10,a,15,20,0.097455,32768,5267456,128,1
naive,64,densa,D10,b,1,20,0.09612,32768,5267456,128,1
naive,64,densa,D10,b,2,20,0.09679,32768,5267456,128,1
naive,64,densa,D10,b,3,20,0.09756,32768,5267456,128,1
naive,64,densa,D10,b,4,20,0.09708,32768,5267456,128,1
naive,64,densa,D10,b,5,20,0.097495,32768,5267456,128,1
naive,64,densa,D10,b,6,20,0.096695,32768,5267456,128,1
naive,64,densa,D10,b,7,20,0.096505,32768,5267456,128,1
naive,64,densa,D10,b,8,20,0.098395,32768,5267456,128,1
naive,64,densa,D10,b,9,20,0.096015,32768,5267456,128,1
naive,64,densa,D10,b,10,20,0.096345,32768,5267456,128,1
naive,64,densa,D10,b,11,20,0.096265,32768,5267456,128,1
naive,64,densa,D10,b,12,20,0.09586,32768,5267456,128,1
naive,64,densa,D10,b,13,20,0.096875,32768,5267456,128,1
naive,64,densa,D10,b,14,20,0.096865,32768,5267456,128,1
naive,64,densa,D10,b,15,20,0.09712,32768,5267456,128,1
strassen,64,densa,D10,b,1,20,0.096955,32768,5267456,128,1
strassen,64,densa,D10,b,2,20,0.09728,32768,5267456,128,1
strassen,64,densa,D10,b,3,20,0.09784,32768,5267456,128,1
strassen,64,densa,D10,b,4,20,0.097745,32768,5267456,128,1
strassen,64,densa,D10,b,5,20,0.097195,32768,5267456,128,1
strassen,64,densa,D10,b,6,20,0.096605,32768,5267456,128,1
strassen,64,densa,D10,b,7,20,0.097745,32768,5267456,128,1
strassen,64,densa,D10,b,8,20,0.09735,32768,5267456,128,1
strassen,64,densa,D10,b,9,20,0.097805,32768,5267456,128,1
strassen,64,densa,D10,b,10,20,0.096985,32768,5267456,128,1
strassen,64,densa,D10,b,11,20,0.096875,32768,5267456,128,1
strassen,64,densa,D10,b,12,20,0.097365,32768,5267456,128,1
strassen,64,densa,D10,b,13,20,0.097415,32768,5267456,128,1
strassen,64,densa,D10,b,14,20,0.0975,32768,5267456,128,1
strassen,64,densa,D10,b,15,20,0.09709,32768,5267456,128,1
naive,64,densa,D10,c,1,20,0.096575,32768,5267456,128,1
naive,64,densa,D10,c,2,20,0.096485,32768,5267456,128,1
naive,64,densa,D10,c,3,20,0.09518,32768,5267456,128,1
naive,64,densa,D10,c,4,20,0.09654,32768,5267456,128,1
naive,64,densa,D10,c,5,20,0.095915,32768,5267456,128,1
naive,64,densa,D10,c,6,20,0.09695,32768,5267456,128,1
naive,64,densa,D10,c,7,20,0.096195,32768,5267456,128,1
naive,64,densa,D10,c,8,20,0.0968,32768,5267456,128,1
naive,64,densa,D10,c,9,20,0.096745,32768,5267456,128,1
naive,64,densa,D10,c,10,20,0.09667,32768,5267456,128,1
naive,64,densa,D10,c,11,20,0.096105,32768,5267456,128,1
naive,64,densa,D10,c,12,20,0.09678,32768,5267456,128,1
naive,64,densa,D10,c,13,20,0.09627,32768,5267456,128,1
naive,64,densa,D10,c,14,20,0.09568,32768,5267456,128,1
naive,64,densa,D10,c,15,20,0.096915,32768,5267456,128,1
strassen,64,densa,D10,c,1,20,0.095595,32768,5267456,128,1
strassen,64,densa,D10,c,2,20,0.096555,32768,5267456,128,1
strassen,64,densa,D10,c,3,20,0.097345,32768,5267456,128,1
strassen,64,densa,D10,c,4,20,0.097025,32768,5267456,128,1
strassen,64,densa,D10,c,5,20,0.09624,32768,5267456,128,1
strassen,64,densa,D10,c,6,20,0.09705,32768,5267456,128,1
strassen,64,densa,D10,c,7,20,0.09585,32768,5267456,128,1
strassen,64,densa,D10,c,8,20,0.096535,32768,5267456,128,1
strassen,64,densa,D10,c,9,20,0.09677,32768,5267456,128,1
strassen,64,densa,D10,c,10,20,0.09715,32768,5267456,128,1
strassen,64,densa,D10,c,11,20,0.097045,32768,5267456,128,1
strassen,64,densa,D10,c,12,20,0.09668,32768,5267456,128,1
strassen,64,densa,D10,c,13,20,0.095145,32768,5267456,128,1
strassen,64,densa,D10,c,14,20,0.097135,32768,5267456,128,1
strassen,64,densa,D10,c,15,20,0.09698,32768,5267456,128,1
naive,64,diagonal,D0,a,1,20,0.096615,32768,5267456,128,1
naive,64,diagonal,D0,a,2,20,0.095335,32768,5267456,128,1
naive,64,diagonal,D0,a,3,20,0.095495,32768,5267456,128,1
naive,64,diagonal,D0,a,4,20,0.096755,32768,5267456,128,1
naive,64,diagonal,D0,a,5,20,0.096495,32768,5267456,128,1
naive,64,diagonal,D0,a,6,20,0.096695,32768,5267456,128,1
naive,64,diagonal,D0,a,7,20,0.096345,32768,5267456,128,1
naive,64,diagonal,D0,a,8,20,0.096415,32768,5267456,128,1
naive,64,diagonal,D0,a,9,20,0.09689,32768,5267456,128,1
naive,64,diagonal,D0,a,10,20,0.09685,32768,5267456,128,1
naive,64,diagonal,D0,a,11,20,0.09678,32768,5267456,128,1
naive,64,diagonal,D0,a,12,20,0.09642,32768,5267456,128,1
naive,64,diagonal,D0,a,13,20,0.09562,32768,5267456,128,1
naive,64,diagonal,D0,a,14,20,0.096005,32768,5267456,128,1
naive,64,diagonal,D0,a,15,20,0.096215,32768,5267456,128,1
strassen,64,diagonal,D0,a,1,20,0.09636,32768,5267456,128,1
strassen,64,diagonal,D0,a,2,20,0.096765,32768,5267456,128,1
strassen,64,diagonal,D0,a,3,20,0.09713,32768,5267456,128,1
strassen,64,diagonal,D0,a,4,20,0.096815,32768,5267456,128,1
strassen,64,diagonal,D0,a,5,20,0.09724,32768,5267456,128,1
strassen,64,diagonal,D0,a,6,20,0.09726,32768,5267456,128,1
strassen,64,diagonal,D0,a,7,20,0.096985,32768,5267456,128,1
strassen,64,diagonal,D0,a,8,20,0.09725,32768,5267456,128,1
strassen,64,diagonal,D0,a,9,20,0.097235,32768,5267456,128,1
strassen,64,diagonal,D0,a,10,20,0.09721,32768,5267456,128,1
strassen,64,diagonal,D0,a,11,20,0.09681,32768,5267456,128,1
strassen,64,diagonal,D0,a,12,20,0.097045,32768,5267456,128,1
strassen,64,diagonal,D0,a,13,20,0.097405,32768,5267456,128,1
strassen,64,diagonal,D0,a,14,20,0.09622,32768,5267456,128,1
strassen,64,diagonal,D0,a,15,20,0.09498,32768,5267456,128,1
naive,64,diagonal,D0,b,1,20,0.09519,32768,5267456,128,1
naive,64,diagonal,D0,b,2,20,0.095015,32768,5267456,128,1
naive,64,diagonal,D0,b,3,20,0.094705,32768,5267456,128,1
naive,64,diagonal,D0,b,4,20,0.09552,32768,5267456,128,1
naive,64,diagonal,D0,b,5,20,0.09423,32768,5267456,128,1
naive,64,diagonal,D0,b,6,20,0.09631,32768,5267456,128,1
naive,64,diagonal,D0,b,7,20,0.096105,32768,5267456,128,1
naive,64,diagonal,D0,b,8,20,0.094265,32768,5267456,128,1
naive,64,diagonal,D0,b,9,20,0.09395,32768,5267456,128,1
naive,64,diagonal,D0,b,10,20,0.095405,32768,5267456,128,1
naive,64,diagonal,D0,b,11,20,0.094855,32768,5267456,128,1
naive,64,diagonal,D0,b,12,20,0.095945,32768,5267456,128,1
naive,64,diagonal,D0,b,13,20,0.09494,32768,5267456,128,1
naive,64,diagonal,D0,b,14,20,0.09523,32768,5267456,128,1
naive,64,diagonal,D0,b,15,20,0.096095,32768,5267456,128,1
strassen,64,diagonal,D0,b,1,20,0.095855,32768,5267456,128,1
strassen,64,diagonal,D0,b,2,20,0.096635,32768,5267456,128,1
strassen,64,diagonal,D0,b,3,20,0.096665,32768,5267456,128,1
strassen,64,diagonal,D0,b,4,20,0.096345,32768,5267456,128,1
strassen,64,diagonal,D0,b,5,20,0.09632,32768,5267456,128,1
strassen,64,diagonal,D0,b,6,20,0.096935,32768,5267456,128,1
strassen,64,diagonal,D0,b,7,20,0.09647,32768,5267456,128,1
strassen,64,diagonal,D0,b,8,20,0.095155,32768,5267456,128,1
strassen,64,diagonal,D0,b,9,20,0.094855,32768,5267456,128,1
strassen,64,diagonal,D0,b,10,20,0.096735,32768,5267456,128,1
strassen,64,diagonal,D0,b,11,20,0.096115,32768,5267456,128,1
strassen,64,diagonal,D0,b,12,20,0.094375,32768,5267456,128,1
strassen,64,diagonal,D0,b,13,20,0.095265,32768,5267456,128,1
strassen,64,diagonal,D0,b,14,20,0.096105,32768,5267456,128,1
strassen,64,diagonal,D0,b,15,20,0.095195,32768,5267456,128,1
naive,64,diagonal,D0,c,1,20,0.09579,32768,5267456,128,1
naive,64,diagonal,D0,c,2,20,0.095115,32768,5267456,128,1
naive,64,diagonal,D0,c,3,20,0.0959,32768,5267456,128,1
naive,64,diagonal,D0,c,4,20,0.096465,32768,5267456,128,1
naive,64,diagonal,D0,c,5,20,0.09627,32768,5267456,128,1
naive,64,diagonal,D0,c,6,20,0.09594,32768,5267456,128,1
naive,64,diagonal,D0,c,7,20,0.095415,32768,5267456,128,1
naive,64,diagonal,D0,c,8,20,0.09622,32768,5267456,128,1
naive,64,diagonal,D0,c,9,20,0.09642,32768,5267456,128,1
naive,64,diagonal,D0,c,10,20,0.095055,32768,5267456,128,1
naive,64,diagonal,D0,c,11,20,0.096135,32768,5267456,128,1
naive,64,diagonal,D0,c,12,20,0.095085,32768,5267456,128,1
naive,64,diagonal,D0,c,13,20,0.09613,32768,5267456,128,1
naive,64,diagonal,D0,c,14,20,0.095995,32768,5267456,128,1
naive,64,diagonal,D0,c,15,20,0.096025,32768,5267456,128,1
strassen,64,diagonal,D0,c,1,20,0.096045,32768,5267456,128,1
strassen,64,diagonal,D0,c,2,20,0.095145,32768,5267456,128,1
strassen,64,diagonal,D0,c,3,20,0.09443,32768,5267456,128,1
strassen,64,diagonal,D0,c,4,20,0.09648,32768,5267456,128,1
strassen,64,diagonal,D0,c,5,20,0.096865,32768,5267456,128,1
strassen,64,diagonal,D0,c,6,20,0.096415,32768,5267456,128,1
strassen,64,diagonal,D0,c,7,20,0.095495,32768,5267456,128,1
strassen,64,diagonal,D0,c,8,20,0.094615,32768,5267456,128,1
strassen,64,diagonal,D0,c,9,20,0.096275,32768,5267456,128,1
strassen,64,diagonal,D0,c,10,20,0.096585,32768,5267456,128,1
strassen,64,diagonal,D0,c,11,20,0.096455,32768,5267456,128,1
strassen,64,diagonal,D0,c,12,20,0.09621,32768,5267456,128,1
strassen,64,diagonal,D0,c,13,20,0.096,32768,5267456,128,1
strassen,64,diagonal,D0,c,14,20,0.09588,32768,5267456,128,1
strassen,64,diagonal,D0,c,15,20,0.09607,32768,5267456,128,1
naive,64,diagonal,D10,a,1,20,0.09577,32768,5267456,128,1
naive,64,diagonal,D10,a,2,20,0.095835,32768,5267456,128,1
naive,64,diagonal,D10,a,3,20,0.09507,32768,5267456,128,1
naive,64,diagonal,D10,a,4,20,0.095775,32768,5267456,128,1
naive,64,diagonal,D10,a,5,20,0.095365,32768,5267456,128,1
naive,64,diagonal,D10,a,6,20,0.09568,32768,5267456,128,1
naive,64,diagonal,D10,a,7,20,0.095515,32768,5267456,128,1
naive,64,diagonal,D10,a,8,20,0.094755,32768,5267456,128,1
naive,64,diagonal,D10,a,9,20,0.095825,32768,5267456,128,1
naive,64,diagonal,D10,a,10,20,0.09523,32768,5267456,128,1
naive,64,diagonal,D10,a,11,20,0.096,32768,5267456,128,1
naive,64,diagonal,D10,a,12,20,0.095925,32768,5267456,128,1
naive,64,diagonal,D10,a,13,20,0.09515,32768,5267456,128,1
naive,64,diagonal,D10,a,14,20,0.095135,32768,5267456,128,1
naive,64,diagonal,D10,a,15,20,0.095945,32768,5267456,128,1
strassen,64,diagonal,D10,a,1,20,0.09566,32768,5267456,128,1
strassen,64,diagonal,D10,a,2,20,0.096205,32768,5267456,128,1
strassen,64,diagonal,D10,a,3,20,0.096005,32768,5267456,128,1
strassen,64,diagonal,D10,a,4,20,0.09623,32768,5267456,128,1
strassen,64,diagonal,D10,a,5,20,0.096195,32768,5267456,128,1
strassen,64,diagonal,D10,a,6,20,0.096115,32768,5267456,128,1
strassen,64,diagonal,D10,a,7,20,0.095695,32768,5267456,128,1
strassen,64,diagonal,D10,a,8,20,0.096085,32768,5267456,128,1
strassen,64,diagonal,D10,a,9,20,0.096145,32768,5267456,128,1
strassen,64,diagonal,D10,a,10,20,0.096235,32768,5267456,128,1
strassen,64,diagonal,D10,a,11,20,0.09624,32768,5267456,128,1
strassen,64,diagonal,D10,a,12,20,0.09605,32768,5267456,128,1
strassen,64,diagonal,D10,a,13,20,0.09626,32768,5267456,128,1
strassen,64,diagonal,D10,a,14,20,0.09612,32768,5267456,128,1
strassen,64,diagonal,D10,a,15,20,0.09601,32768,5267456,128,1
naive,64,diagonal,D10,b,1,20,0.096845,32768,5267456,128,1
naive,64,diagonal,D10,b,2,20,0.09589,32768,5267456,128,1
naive,64,diagonal,D10,b,3,20,0.09589,32768,5267456,128,1
naive,64,diagonal,D10,b,4,20,0.096085,32768,5267456,128,1
naive,64,diagonal,D10,b,5,20,0.095535,32768,5267456,128,1
naive,64,diagonal,D10,b,6,20,0.094125,32768,5267456,128,1
naive,64,diagonal,D10,b,7,20,0.095645,32768,5267456,128,1
naive,64,diagonal,D10,b,8,20,0.091775,32768,5267456,128,1
naive,64,diagonal,D10,b,9,20,0.09503,32768,5267456,128,1
naive,64,diagonal,D10,b,10,20,0.095785,32768,5267456,128,1
naive,64,diagonal,D10,b,11,20,0.095465,32768,5267456,128,1
naive,64,diagonal,D10,b,12,20,0.094995,32768,5267456,128,1
naive,64,diagonal,D10,b,13,20,0.09569,32768,5267456,128,1
naive,64,diagonal,D10,b,14,20,0.09542,32768,5267456,128,1
naive,64,diagonal,D10,b,15,20,0.095445,32768,5267456,128,1
strassen,64,diagonal,D10,b,1,20,0.09571,32768,5267456,128,1
strassen,64,diagonal,D10,b,2,20,0.096125,32768,5267456,128,1
strassen,64,diagonal,D10,b,3,20,0.09593,32768,5267456,128,1
strassen,64,diagonal,D10,b,4,20,0.095825,32768,5267456,128,1
strassen,64,diagonal,D10,b,5,20,0.09619,32768,5267456,128,1
strassen,64,diagonal,D10,b,6,20,0.094045,32768,5267456,128,1
strassen,64,diagonal,D10,b,7,20,0.09573,32768,5267456,128,1
strassen,64,diagonal,D10,b,8,20,0.0958,32768,5267456,128,1
strassen,64,diagonal,D10,b,9,20,0.096385,32768,5267456,128,1
strassen,64,diagonal,D10,b,10,20,0.095715,32768,5267456,128,1
strassen,64,diagonal,D10,b,11,20,0.09573,32768,5267456,128,1
strassen,64,diagonal,D10,b,12,20,0.095715,32768,5267456,128,1
strassen,64,diagonal,D10,b,13,20,0.09318,32768,5267456,128,1
strassen,64,diagonal,D10,b,14,20,0.095845,32768,5267456,128,1
strassen,64,diagonal,D10,b,15,20,0.095565,32768,5267456,128,1
naive,64,diagonal,D10,c,1,20,0.09533,32768,5267456,128,1
naive,64,diagonal,D10,c,2,20,0.094665,32768,5267456,128,1
naive,64,diagonal,D10,c,3,20,0.09467,32768,5267456,128,1
naive,64,diagonal,D10,c,4,20,0.09452,32768,5267456,128,1
naive,64,diagonal,D10,c,5,20,0.09359,32768,5267456,128,1
naive,64,diagonal,D10,c,6,20,0.09493,32768,5267456,128,1
naive,64,diagonal,D10,c,7,20,0.09546,32768,5267456,128,1
naive,64,diagonal,D10,c,8,20,0.094695,32768,5267456,128,1
naive,64,diagonal,D10,c,9,20,0.091585,32768,5267456,128,1
naive,64,diagonal,D10,c,10,20,0.095645,32768,5267456,128,1
naive,64,diagonal,D10,c,11,20,0.09468,32768,5267456,128,1
naive,64,diagonal,D10,c,12,20,0.092625,32768,5267456,128,1
naive,64,diagonal,D10,c,13,20,0.09289,32768,5267456,128,1
naive,64,diagonal,D10,c,14,20,0.09544,32768,5267456,128,1
naive,64,diagonal,D10,c,15,20,0.09551,32768,5267456,128,1
strassen,64,diagonal,D10,c,1,20,0.09306,32768,5267456,128,1
strassen,64,diagonal,D10,c,2,20,0.0954,32768,5267456,128,1
strassen,64,diagonal,D10,c,3,20,0.094305,32768,5267456,128,1
strassen,64,diagonal,D10,c,4,20,0.09575,32768,5267456,128,1
strassen,64,diagonal,D10,c,5,20,0.09303,32768,5267456,128,1
strassen,64,diagonal,D10,c,6,20,0.09424,32768,5267456,128,1
strassen,64,diagonal,D10,c,7,20,0.095795,32768,5267456,128,1
strassen,64,diagonal,D10,c,8,20,0.095525,32768,5267456,128,1
strassen,64,diagonal,D10,c,9,20,0.095635,32768,5267456,128,1
strassen,64,diagonal,D10,c,10,20,0.09578,32768,5267456,128,1
strassen,64,diagonal,D10,c,11,20,0.09592,32768,5267456,128,1
strassen,64,diagonal,D10,c,12,20,0.09575,32768,5267456,128,1
strassen,64,diagonal,D10,c,13,20,0.09522,32768,5267456,128,1
strassen,64,diagonal,D10,c,14,20,0.095735,32768,5267456,128,1
strassen,64,diagonal,D10,c,15,20,0.09583,32768,5267456,128,1
naive,64,dispersa,D0,a,1,20,0.091905,32768,5267456,128,1
naive,64,dispersa,D0,a,2,20,0.095515,32768,5267456,128,1
naive,64,dispersa,D0,a,3,20,0.092225,32768,5267456,128,1
naive,64,dispersa,D0,a,4,20,0.09543,32768,5267456,128,1
naive,64,dispersa,D0,a,5,20,0.09553,32768,5267456,128,1
naive,64,dispersa,D0,a,6,20,0.09161,32768,5267456,128,1
naive,64,dispersa,D0,a,7,20,0.09549,32768,5267456,128,1
naive,64,dispersa,D0,a,8,20,0.093345,32768,5267456,128,1
naive,64,dispersa,D0,a,9,20,0.09462,32768,5267456,128,1
naive,64,dispersa,D0,a,10,20,0.095345,32768,5267456,128,1
naive,64,dispersa,D0,a,11,20,0.09165,32768,5267456,128,1
naive,64,dispersa,D0,a,12,20,0.09317,32768,5267456,128,1
naive,64,dispersa,D0,a,13,20,0.09423,32768,5267456,128,1
naive,64,dispersa,D0,a,14,20,0.09551,32768,5267456,128,1
naive,64,dispersa,D0,a,15,20,0.095335,32768,5267456,128,1
strassen,64,dispersa,D0,a,1,20,0.09542,32768,5267456,128,1
strassen,64,dispersa,D0,a,2,20,0.094525,32768,5267456,128,1
strassen,64,dispersa,D0,a,3,20,0.095785,32768,5267456,128,1
strassen,64,dispersa,D0,a,4,20,0.095395,32768,5267456,128,1
strassen,64,dispersa,D0,a,5,20,0.095765,32768,5267456,128,1
strassen,64,dispersa,D0,a,6,20,0.0958,32768,5267456,128,1
strassen,64,dispersa,D0,a,7,20,0.095705,32768,5267456,128,1
strassen,64,dispersa,D0,a,8,20,0.095785,32768,5267456,128,1
strassen,64,dispersa,D0,a,9,20,0.095805,32768,5267456,128,1
strassen,64,dispersa,D0,a,10,20,0.09508,32768,5267456,128,1
strassen,64,dispersa,D0,a,11,20,0.095555,32768,5267456,128,1
strassen,64,dispersa,D0,a,12,20,0.09612,32768,5267456,128,1
strassen,64,dispersa,D0,a,13,20,0.095905,32768,5267456,128,1
strassen,64,dispersa,D0,a,14,20,0.095835,32768,5267456,128,1
strassen,64,dispersa,D0,a,15,20,0.094915,32768,5267456,128,1
naive,64,dispersa,D0,b,1,20,0.094825,32768,5267456,128,1
naive,64,dispersa,D0,b,2,20,0.0955,32768,5267456,128,1
naive,64,dispersa,D0,b,3,20,0.09548,32768,5267456,128,1
naive,64,dispersa,D0,b,4,20,0.095555,32768,5267456,128,1
naive,64,dispersa,D0,b,5,20,0.09607,32768,5267456,128,1
naive,64,dispersa,D0,b,6,20,0.09542,32768,5267456,128,1
naive,64,dispersa,D0,b,7,20,0.096455,32768,5267456,128,1
naive,64,dispersa,D0,b,8,20,0.09547,32768,5267456,128,1
naive,64,dispersa,D0,b,9,20,0.093465,32768,5267456,128,1
naive,64,dispersa,D0,b,10,20,0.09554,32768,5267456,128,1
naive,64,dispersa,D0,b,11,20,0.09562,32768,5267456,128,1
naive,64,dispersa,D0,b,12,20,0.094945,32768,5267456,128,1
naive,64,dispersa,D0,b,13,20,0.095365,32768,5267456,128,1
naive,64,dispersa,D0,b,14,20,0.094885,32768,5267456,128,1
naive,64,dispersa,D0,b,15,20,0.0912,32768,5267456,128,1
strassen,64,dispersa,D0,b,1,20,0.096505,32768,5267456,128,1
strassen,64,dispersa,D0,b,2,20,0.09592,32768,5267456,128,1
strassen,64,dispersa,D0,b,3,20,0.096315,32768,5267456,128,1
strassen,64,dispersa,D0,b,4,20,0.097055,32768,5267456,128,1
strassen,64,dispersa,D0,b,5,20,0.09587,32768,5267456,128,1
strassen,64,dispersa,D0,b,6,20,0.095735,32768,5267456,128,1
strassen,64,dispersa,D0,b,7,20,0.09747,32768,5267456,128,1
strassen,64,dispersa,D0,b,8,20,0.096325,32768,5267456,128,1
strassen,64,dispersa,D0,b,9,20,0.097335,32768,5267456,128,1
strassen,64,dispersa,D0,b,10,20,0.09548,32768,5267456,128,1
strassen,64,dispersa,D0,b,11,20,0.09575,32768,5267456,128,1
strassen,64,dispersa,D0,b,12,20,0.09772,32768,5267456,128,1
strassen,64,dispersa,D0,b,13,20,0.096475,32768,5267456,128,1
strassen,64,dispersa,D0,b,14,20,0.096395,32768,5267456,128,1
strassen,64,dispersa,D0,b,15,20,0.09671,32768,5267456,128,1
naive,64,dispersa,D0,c,1,20,0.094895,32768,5267456,128,1
naive,64,dispersa,D0,c,2,20,0.093045,32768,5267456,128,1
naive,64,dispersa,D0,c,3,20,0.09358,32768,5267456,128,1
naive,64,dispersa,D0,c,4,20,0.095055,32768,5267456,128,1
naive,64,dispersa,D0,c,5,20,0.095025,32768,5267456,128,1
naive,64,dispersa,D0,c,6,20,0.093355,32768,5267456,128,1
naive,64,dispersa,D0,c,7,20,0.09509,32768,5267456,128,1
naive,64,dispersa,D0,c,8,20,0.09272,32768,5267456,128,1
naive,64,dispersa,D0,c,9,20,0.095455,32768,5267456,128,1
naive,64,dispersa,D0,c,10,20,0.094985,32768,5267456,128,1
naive,64,dispersa,D0,c,11,20,0.09479,32768,5267456,128,1
naive,64,dispersa,D0,c,12,20,0.09179,32768,5267456,128,1
naive,64,dispersa,D0,c,13,20,0.09143,32768,5267456,128,1
naive,64,dispersa,D0,c,14,20,0.09378,32768,5267456,128,1
naive,64,dispersa,D0,c,15,20,0.095165,32768,5267456,128,1
strassen,64,dispersa,D0,c,1,20,0.094995,32768,5267456,128,1
strassen,64,dispersa,D0,c,2,20,0.095495,32768,5267456,128,1
strassen,64,dispersa,D0,c,3,20,0.09506,32768,5267456,128,1
strassen,64,dispersa,D0,c,4,20,0.095195,32768,5267456,128,1
strassen,64,dispersa,D0,c,5,20,0.09575,32768,5267456,128,1
strassen,64,dispersa,D0,c,6,20,0.09526,32768,5267456,128,1
strassen,64,dispersa,D0,c,7,20,0.095295,32768,5267456,128,1
strassen,64,dispersa,D0,c,8,20,0.09547,32768,5267456,128,1
strassen,64,dispersa,D0,c,9,20,0.095265,32768,5267456,128,1
strassen,64,dispersa,D0,c,10,20,0.095395,32768,5267456,128,1
strassen,64,dispersa,D0,c,11,20,0.095605,32768,5267456,128,1
strassen,64,dispersa,D0,c,12,20,0.09523,32768,5267456,128,1
strassen,64,dispersa,D0,c,13,20,0.09557,32768,5267456,128,1
strassen,64,dispersa,D0,c,14,20,0.09548,32768,5267456,128,1
strassen,64,dispersa,D0,c,15,20,0.09511,32768,5267456,128,1
naive,64,dispersa,D10,a,1,20,0.09519,32768,5267456,128,1
naive,64,dispersa,D10,a,2,20,0.09532,32768,5267456,128,1
naive,64,dispersa,D10,a,3,20,0.09493,32768,5267456,128,1
naive,64,dispersa,D10,a,4,20,0.09541,32768,5267456,128,1
naive,64,dispersa,D10,a,5,20,0.09616,32768,5267456,128,1
naive,64,dispersa,D10,a,6,20,0.095005,32768,5267456,128,1
naive,64,dispersa,D10,a,7,20,0.095305,32768,5267456,128,1
naive,64,dispersa,D10,a,8,20,0.094925,32768,5267456,128,1
naive,64,dispersa,D10,a,9,20,0.09501,32768,5267456,128,1
naive,64,dispersa,D10,a,10,20,0.09529,32768,5267456,128,1
naive,64,dispersa,D10,a,11,20,0.09062,32768,5267456,128,1
naive,64,dispersa,D10,a,12,20,0.09541,32768,5267456,128,1
naive,64,dispersa,D10,a,13,20,0.095455,32768,5267456,128,1
naive,64,dispersa,D10,a,14,20,0.095,32768,5267456,128,1
naive,64,dispersa,D10,a,15,20,0.09535,32768,5267456,128,1
strassen,64,dispersa,D10,a,1,20,0.0958,32768,5267456,128,1
strassen,64,dispersa,D10,a,2,20,0.0953,32768,5267456,128,1
strassen,64,dispersa,D10,a,3,20,0.095785,32768,5267456,128,1
strassen,64,dispersa,D10,a,4,20,0.09538,32768,5267456,128,1
strassen,64,dispersa,D10,a,5,20,0.095255,32768,5267456,128,1
strassen,64,dispersa,D10,a,6,20,0.093655,32768,5267456,128,1
strassen,64,dispersa,D10,a,7,20,0.095485,32768,5267456,128,1
strassen,64,dispersa,D10,a,8,20,0.0959,32768,5267456,128,1
strassen,64,dispersa,D10,a,9,20,0.093185,32768,5267456,128,1
strassen,64,dispersa,D10,a,10,20,0.095395,32768,5267456,128,1
strassen,64,dispersa,D10,a,11,20,0.095715,32768,5267456,128,1
strassen,64,dispersa,D10,a,12,20,0.095625,32768,5267456,128,1
strassen,64,dispersa,D10,a,13,20,0.09525,32768,5267456,128,1
strassen,64,dispersa,D10,a,14,20,0.095015,32768,5267456,128,1
strassen,64,dispersa,D10,a,15,20,0.095585,32768,5267456,128,1
naive,64,dispersa,D10,b,1,20,0.094755,32768,5267456,128,1
naive,64,dispersa,D10,b,2,20,0.094965,32768,5267456,128,1
naive,64,dispersa,D10,b,3,20,0.095425,32768,5267456,128,1
naive,64,dispersa,D10,b,4,20,0.09074,32768,5267456,128,1
naive,64,dispersa,D10,b,5,20,0.09549,32768,5267456,128,1
naive,64,dispersa,D10,b,6,20,0.095335,32768,5267456,128,1
naive,64,dispersa,D10,b,7,20,0.09499,32768,5267456,128,1
naive,64,dispersa,D10,b,8,20,0.095265,32768,5267456,128,1
naive,64,dispersa,D10,b,9,20,0.095505,32768,5267456,128,1
naive,64,dispersa,D10,b,10,20,0.095,32768,5267456,128,1
naive,64,dispersa,D10,b,11,20,0.095435,32768,5267456,128,1
naive,64,dispersa,D10,b,12,20,0.091795,32768,5267456,128,1
naive,64,dispersa,D10,b,13,20,0.095055,32768,5267456,128,1
naive,64,dispersa,D10,b,14,20,0.095465,32768,5267456,128,1
naive,64,dispersa,D10,b,15,20,0.09504,32768,5267456,128,1
strassen,64,dispersa,D10,b,1,20,0.093975,32768,5267456,128,1
strassen,64,dispersa,D10,b,2,20,0.09536,32768,5267456,128,1
strassen,64,dispersa,D10,b,3,20,0.09525,32768,5267456,128,1
strassen,64,dispersa,D10,b,4,20,0.095055,32768,5267456,128,1
strassen,64,dispersa,D10,b,5,20,0.09524,32768,5267456,128,1
strassen,64,dispersa,D10,b,6,20,0.09531,32768,5267456,128,1
strassen,64,dispersa,D10,b,7,20,0.09507,32768,5267456,128,1
strassen,64,dispersa,D10,b,8,20,0.095365,32768,5267456,128,1
strassen,64,dispersa,D10,b,9,20,0.095455,32768,5267456,128,1
strassen,64,dispersa,D10,b,10,20,0.095055,32768,5267456,128,1
strassen,64,dispersa,D10,b,11,20,0.09522,32768,5267456,128,1
strassen,64,dispersa,D10,b,12,20,0.09522,32768,5267456,128,1
strassen,64,dispersa,D10,b,13,20,0.095085,32768,5267456,128,1
strassen,64,dispersa,D10,b,14,20,0.09522,32768,5267456,128,1
strassen,64,dispersa,D10,b,15,20,0.09459,32768,5267456,128,1
naive,64,dispersa,D10,c,1,20,0.09524,32768,5267456,128,1
naive,64,dispersa,D10,c,2,20,0.09519,32768,5267456,128,1
naive,64,dispersa,D10,c,3,20,0.09492,32768,5267456,128,1
naive,64,dispersa,D10,c,4,20,0.094755,32768,5267456,128,1
naive,64,dispersa,D10,c,5,20,0.0951,32768,5267456,128,1
naive,64,dispersa,D10,c,6,20,0.09509,32768,5267456,128,1
naive,64,dispersa,D10,c,7,20,0.09475,32768,5267456,128,1
naive,64,dispersa,D10,c,8,20,0.09505,32768,5267456,128,1
naive,64,dispersa,D10,c,9,20,0.09487,32768,5267456,128,1
naive,64,dispersa,D10,c,10,20,0.09538,32768,5267456,128,1
naive,64,dispersa,D10,c,11,20,0.095095,32768,5267456,128,1
naive,64,dispersa,D10,c,12,20,0.09493,32768,5267456,128,1
naive,64,dispersa,D10,c,13,20,0.094745,32768,5267456,128,1
naive,64,dispersa,D10,c,14,20,0.095055,32768,5267456,128,1
naive,64,dispersa,D10,c,15,20,0.094365,32768,5267456,128,1
strassen,64,dispersa,D10,c,1,20,0.095285,32768,5267456,128,1
strassen,64,dispersa,D10,c,2,20,0.094695,32768,5267456,128,1
strassen,64,dispersa,D10,c,3,20,0.09455,32768,5267456,128,1
strassen,64,dispersa,D10,c,4,20,0.09575,32768,5267456,128,1
strassen,64,dispersa,D10,c,5,20,0.09526,32768,5267456,128,1
strassen,64,dispersa,D10,c,6,20,0.094555,32768,5267456,128,1
strassen,64,dispersa,D10,c,7,20,0.09565,32768,5267456,128,1
strassen,64,dispersa,D10,c,8,20,0.095245,32768,5267456,128,1
strassen,64,dispersa,D10,c,9,20,0.09455,32768,5267456,128,1
strassen,64,dispersa,D10,c,10,20,0.09496,32768,5267456,128,1
strassen,64,dispersa,D10,c,11,20,0.093415,32768,5267456,128,1
strassen,64,dispersa,D10,c,12,20,0.095025,32768,5267456,128,1
strassen,64,dispersa,D10,c,13,20,0.09543,32768,5267456,128,1
strassen,64,dispersa,D10,c,14,20,0.09546,32768,5267456,128,1
strassen,64,dispersa,D10,c,15,20,0.094695,32768,5267456,128,1
naive,256,densa,D0,a,1,3,16.6908,524288,7340032,128,1
naive,256,densa,D0,a,2,3,16.6732,524288,7340032,128,1
naive,256,densa,D0,a,3,3,16.6936,524288,7340032,128,1
naive,256,densa,D0,a,4,3,16.6987,524288,7340032,128,1
naive,256,densa,D0,a,5,3,16.6956,524288,7340032,128,1
naive,256,densa,D0,a,6,3,16.7132,524288,7340032,128,1
naive,256,densa,D0,a,7,3,16.6786,524288,7340032,128,1
strassen,256,densa,D0,a,1,3,10.4001,1703936,8921088,128,1
strassen,256,densa,D0,a,2,3,10.7671,1703936,8921088,128,1
strassen,256,densa,D0,a,3,3,10.0025,1703936,8921088,128,1
strassen,256,densa,D0,a,4,3,10.7534,1703936,8921088,128,1
strassen,256,densa,D0,a,5,3,11.1032,1703936,8921088,128,1
strassen,256,densa,D0,a,6,3,9.87097,1703936,8921088,128,1
strassen,256,densa,D0,a,7,3,10.4866,1703936,8921088,128,1
naive,256,densa,D0,b,1,3,16.764,524288,8921088,128,1
naive,256,densa,D0,b,2,3,16.7638,524288,8921088,128,1
naive,256,densa,D0,b,3,3,16.7802,524288,8921088,128,1
naive,256,densa,D0,b,4,3,16.7461,524288,8921088,128,1
naive,256,densa,D0,b,5,3,16.7578,524288,8921088,128,1
naive,256,densa,D0,b,6,3,16.7447,524288,8921088,128,1
naive,256,densa,D0,b,7,3,16.7645,524288,8921088,128,1
strassen,256,densa,D0,b,1,3,10.5765,1703936,8921088,128,1
strassen,256,densa,D0,b,2,3,10.0772,1703936,8921088,128,1
strassen,256,densa,D0,b,3,3,10.2317,1703936,8921088,128,1
strassen,256,densa,D0,b,4,3,10.4782,1703936,8921088,128,1
strassen,256,densa,D0,b,5,3,10.8379,1703936,8921088,128,1
strassen,256,densa,D0,b,6,3,10.176,1703936,8921088,128,1
strassen,256,densa,D0,b,7,3,10.6381,1703936,8921088,128,1
naive,256,densa,D0,c,1,3,16.7829,524288,8921088,128,1
naive,256,densa,D0,c,2,3,16.7516,524288,8921088,128,1
naive,256,densa,D0,c,3,3,16.7781,524288,8921088,128,1
naive,256,densa,D0,c,4,3,16.7467,524288,8921088,128,1
naive,256,densa,D0,c,5,3,16.6668,524288,8921088,128,1
naive,256,densa,D0,c,6,3,16.7233,524288,8921088,128,1
naive,256,densa,D0,c,7,3,16.6756,524288,8921088,128,1
strassen,256,densa,D0,c,1,3,10.1335,1703936,8921088,128,1
strassen,256,densa,D0,c,2,3,10.1226,1703936,8921088,128,1
strassen,256,densa,D0,c,3,3,10.6621,1703936,8921088,128,1
strassen,256,densa,D0,c,4,3,10.1,1703936,8921088,128,1
strassen,256,densa,D0,c,5,3,9.94513,1703936,8921088,128,1
strassen,256,densa,D0,c,6,3,10.4921,1703936,8921088,128,1
strassen,256,densa,D0,c,7,3,10.8765,1703936,8921088,128,1
naive,256,densa,D10,a,1,3,17.1438,524288,8921088,128,1
naive,256,densa,D10,a,2,3,17.1063,524288,8921088,128,1
naive,256,densa,D10,a,3,3,17.1897,524288,8921088,128,1
naive,256,densa,D10,a,4,3,17.169,524288,8921088,128,1
naive,256,densa,D10,a,5,3,17.2135,524288,8921088,128,1
naive,256,densa,D10,a,6,3,17.231,524288,8921088,128,1
naive,256,densa,D10,a,7,3,17.1439,524288,8921088,128,1
strassen,256,densa,D10,a,1,3,10.2929,1703936,8921088,128,1
strassen,256,densa,D10,a,2,3,11.1045,1703936,8921088,128,1
strassen,256,densa,D10,a,3,3,10.9462,1703936,8921088,128,1
strassen,256,densa,D10,a,4,3,11.5556,1703936,8921088,128,1
strassen,256,densa,D10,a,5,3,11.1055,1703936,8921088,128,1
strassen,256,densa,D10,a,6,3,10.9714,1703936,8921088,128,1
strassen,256,densa,D10,a,7,3,11.2451,1703936,8921088,128,1
naive,256,densa,D10,b,1,3,16.835,524288,8921088,128,1
naive,256,densa,D10,b,2,3,16.8646,524288,8921088,128,1
naive,256,densa,D10,b,3,3,16.8453,524288,8921088,128,1
naive,256,densa,D10,b,4,3,16.8053,524288,8921088,128,1
naive,256,densa,D10,b,5,3,16.7644,524288,8921088,128,1
naive,256,densa,D10,b,6,3,16.8219,524288,8921088,128,1
naive,256,densa,D10,b,7,3,16.5381,524288,8921088,128,1
strassen,256,densa,D10,b,1,3,10.3322,1703936,8921088,128,1
strassen,256,densa,D10,b,2,3,10.3743,1703936,8921088,128,1
strassen,256,densa,D10,b,3,3,9.9567,1703936,8921088,128,1
strassen,256,densa,D10,b,4,3,10.3087,1703936,8921088,128,1
strassen,256,densa,D10,b,5,3,10.3163,1703936,8921088,128,1
strassen,256,densa,D10,b,6,3,10.3933,1703936,8921088,128,1
strassen,256,densa,D10,b,7,3,10.637,1703936,8921088,128,1
naive,256,densa,D10,c,1,3,16.6644,524288,8921088,128,1
naive,256,densa,D10,c,2,3,16.7267,524288,8921088,128,1
naive,256,densa,D10,c,3,3,16.658,524288,8921088,128,1
naive,256,densa,D10,c,4,3,16.7121,524288,8921088,128,1
naive,256,densa,D10,c,5,3,16.7351,524288,8921088,128,1
naive,256,densa,D10,c,6,3,17.1527,524288,8921088,128,1
naive,256,densa,D10,c,7,3,17.2146,524288,8921088,128,1
strassen,256,densa,D10,c,1,3,11.4824,1703936,8921088,128,1
strassen,256,densa,D10,c,2,3,11.0003,1703936,8921088,128,1
strassen,256,densa,D10,c,3,3,10.6817,1703936,8921088,128,1
strassen,256,densa,D10,c,4,3,11.2053,1703936,8921088,128,1
strassen,256,densa,D10,c,5,3,10.3966,1703936,8921088,128,1
strassen,256,densa,D10,c,6,3,11.2352,1703936,8921088,128,1
strassen,256,densa,D10,c,7,3,10.9425,1703936,8921088,128,1
naive,256,diagonal,D0,a,1,3,16.7898,524288,8921088,128,1
naive,256,diagonal,D0,a,2,3,16.7873,524288,8921088,128,1
naive,256,diagonal,D0,a,3,3,16.5753,524288,8921088,128,1
naive,256,diagonal,D0,a,4,3,16.4886,524288,8921088,128,1
naive,256,diagonal,D0,a,5,3,16.067,524288,8921088,128,1
naive,256,diagonal,D0,a,6,3,16.0937,524288,8921088,128,1
naive,256,diagonal,D0,a,7,3,16.0115,524288,8921088,128,1
strassen,256,diagonal,D0,a,1,3,10.7597,1703936,8921088,128,1
strassen,256,diagonal,D0,a,2,3,10.2068,1703936,8921088,128,1
strassen,256,diagonal,D0,a,3,3,10.9839,1703936,8921088,128,1
strassen,256,diagonal,D0,a,4,3,10.7354,1703936,8921088,128,1
strassen,256,diagonal,D0,a,5,3,10.3407,1703936,8921088,128,1
strassen,256,diagonal,D0,a,6,3,10.6237,1703936,8921088,128,1
strassen,256,diagonal,D0,a,7,3,11.0143,1703936,8921088,128,1
naive,256,diagonal,D0,b,1,3,16.4669,524288,8921088,128,1
naive,256,diagonal,D0,b,2,3,16.4423,524288,8921088,128,1
naive,256,diagonal,D0,b,3,3,16.4222,524288,8921088,128,1
naive,256,diagonal,D0,b,4,3,16.3989,524288,8921088,128,1
naive,256,diagonal,D0,b,5,3,16.4627,524288,8921088,128,1
naive,256,diagonal,D0,b,6,3,16.3017,524288,8921088,128,1
naive,256,diagonal,D0,b,7,3,16.4517,524288,8921088,128,1
strassen,256,diagonal,D0,b,1,3,10.3443,1703936,8921088,128,1
strassen,256,diagonal,D0,b,2,3,10.7689,1703936,8921088,128,1
strassen,256,diagonal,D0,b,3,3,11.036,1703936,8921088,128,1
strassen,256,diagonal,D0,b,4,3,10.9305,1703936,8921088,128,1
strassen,256,diagonal,D0,b,5,3,11.1601,1703936,8921088,128,1
strassen,256,diagonal,D0,b,6,3,10.9791,1703936,8921088,128,1
strassen,256,diagonal,D0,b,7,3,10.7201,1703936,8921088,128,1
naive,256,diagonal,D0,c,1,3,16.2429,524288,8921088,128,1
naive,256,diagonal,D0,c,2,3,16.2812,524288,8921088,128,1
naive,256,diagonal,D0,c,3,3,16.2604,524288,8921088,128,1
naive,256,diagonal,D0,c,4,3,16.3222,524288,8921088,128,1
naive,256,diagonal,D0,c,5,3,16.3057,524288,8921088,128,1
naive,256,diagonal,D0,c,6,3,16.2779,524288,8921088,128,1
naive,256,diagonal,D0,c,7,3,16.3341,524288,8921088,128,1
strassen,256,diagonal,D0,c,1,3,10.6169,1703936,8921088,128,1
strassen,256,diagonal,D0,c,2,3,10.76,1703936,8921088,128,1
strassen,256,diagonal,D0,c,3,3,11.0413,1703936,8921088,128,1
strassen,256,diagonal,D0,c,4,3,10.4565,1703936,8921088,128,1
strassen,256,diagonal,D0,c,5,3,10.9162,1703936,8921088,128,1
strassen,256,diagonal,D0,c,6,3,10.5592,1703936,8921088,128,1
strassen,256,diagonal,D0,c,7,3,10.7162,1703936,8921088,128,1
naive,256,diagonal,D10,a,1,3,16.4246,524288,8921088,128,1
naive,256,diagonal,D10,a,2,3,16.451,524288,8921088,128,1
naive,256,diagonal,D10,a,3,3,16.4764,524288,8921088,128,1
naive,256,diagonal,D10,a,4,3,16.3496,524288,8921088,128,1
naive,256,diagonal,D10,a,5,3,16.4523,524288,8921088,128,1
naive,256,diagonal,D10,a,6,3,16.4092,524288,8921088,128,1
naive,256,diagonal,D10,a,7,3,16.4345,524288,8921088,128,1
strassen,256,diagonal,D10,a,1,3,10.6564,1703936,8921088,128,1
strassen,256,diagonal,D10,a,2,3,10.6573,1703936,8921088,128,1
strassen,256,diagonal,D10,a,3,3,10.5065,1703936,8921088,128,1
strassen,256,diagonal,D10,a,4,3,10.5841,1703936,8921088,128,1
strassen,256,diagonal,D10,a,5,3,10.8864,1703936,8921088,128,1
strassen,256,diagonal,D10,a,6,3,10.7192,1703936,8921088,128,1
strassen,256,diagonal,D10,a,7,3,10.5567,1703936,8921088,128,1
naive,256,diagonal,D10,b,1,3,16.4363,524288,8921088,128,1
naive,256,diagonal,D10,b,2,3,16.3569,524288,8921088,128,1
naive,256,diagonal,D10,b,3,3,16.4048,524288,8921088,128,1
naive,256,diagonal,D10,b,4,3,16.3607,524288,8921088,128,1
naive,256,diagonal,D10,b,5,3,15.8155,524288,8921088,128,1
naive,256,diagonal,D10,b,6,3,15.9612,524288,8921088,128,1
naive,256,diagonal,D10,b,7,3,16.4482,524288,8921088,128,1
strassen,256,diagonal,D10,b,1,3,10.4333,1703936,8921088,128,1
strassen,256,diagonal,D10,b,2,3,10.4489,1703936,8921088,128,1
strassen,256,diagonal,D10,b,3,3,10.9855,1703936,8921088,128,1
strassen,256,diagonal,D10,b,4,3,11.1538,1703936,8921088,128,1
strassen,256,diagonal,D10,b,5,3,11.5649,1703936,8921088,128,1
strassen,256,diagonal,D10,b,6,3,11.1354,1703936,8921088,128,1
strassen,256,diagonal,D10,b,7,3,10.7107,1703936,8921088,128,1
naive,256,diagonal,D10,c,1,3,16.4046,524288,8921088,128,1
naive,256,diagonal,D10,c,2,3,16.4422,524288,8921088,128,1
naive,256,diagonal,D10,c,3,3,16.4647,524288,8921088,128,1
naive,256,diagonal,D10,c,4,3,16.3868,524288,8921088,128,1
naive,256,diagonal,D10,c,5,3,16.2201,524288,8921088,128,1
naive,256,diagonal,D10,c,6,3,15.9019,524288,8921088,128,1
naive,256,diagonal,D10,c,7,3,16.2807,524288,8921088,128,1
strassen,256,diagonal,D10,c,1,3,11.8396,1703936,8921088,128,1
strassen,256,diagonal,D10,c,2,3,10.893,1703936,8921088,128,1
strassen,256,diagonal,D10,c,3,3,10.396,1703936,8921088,128,1
strassen,256,diagonal,D10,c,4,3,11.5853,1703936,8921088,128,1
strassen,256,diagonal,D10,c,5,3,11.334,1703936,8921088,128,1
strassen,256,diagonal,D10,c,6,3,11.232,1703936,8921088,128,1
strassen,256,diagonal,D10,c,7,3,11.3636,1703936,8921088,128,1
naive,256,dispersa,D0,a,1,3,16.0444,524288,8921088,128,1
naive,256,dispersa,D0,a,2,3,16.0736,524288,8921088,128,1
naive,256,dispersa,D0,a,3,3,16.2561,524288,8921088,128,1
naive,256,dispersa,D0,a,4,3,15.9829,524288,8921088,128,1
naive,256,dispersa,D0,a,5,3,16.0739,524288,8921088,128,1
naive,256,dispersa,D0,a,6,3,16.5291,524288,8921088,128,1
naive,256,dispersa,D0,a,7,3,16.427,524288,8921088,128,1
strassen,256,dispersa,D0,a,1,3,10.9903,1703936,8921088,128,1
strassen,256,dispersa,D0,a,2,3,11.0247,1703936,8921088,128,1
strassen,256,dispersa,D0,a,3,3,11.409,1703936,8921088,128,1
strassen,256,dispersa,D0,a,4,3,11.3146,1703936,8921088,128,1
strassen,256,dispersa,D0,a,5,3,11.5337,1703936,8921088,128,1
strassen,256,dispersa,D0,a,6,3,12.1506,1703936,8921088,128,1
strassen,256,dispersa,D0,a,7,3,10.6675,1703936,8921088,128,1
naive,256,dispersa,D0,b,1,3,17.007,524288,8921088,128,1
naive,256,dispersa,D0,b,2,3,17.0001,524288,8921088,128,1
naive,256,dispersa,D0,b,3,3,16.8868,524288,8921088,128,1
naive,256,dispersa,D0,b,4,3,17.075,524288,8921088,128,1
naive,256,dispersa,D0,b,5,3,16.8741,524288,8921088,128,1
naive,256,dispersa,D0,b,6,3,17.1471,524288,8921088,128,1
naive,256,dispersa,D0,b,7,3,16.8447,524288,8921088,128,1
strassen,256,dispersa,D0,b,1,3,11.4543,1703936,8921088,128,1
strassen,256,dispersa,D0,b,2,3,11.5158,1703936,8921088,128,1
strassen,256,dispersa,D0,b,3,3,11.78,1703936,8921088,128,1
strassen,256,dispersa,D0,b,4,3,10.378,1703936,8921088,128,1
strassen,256,dispersa,D0,b,5,3,10.7827,1703936,8921088,128,1
strassen,256,dispersa,D0,b,6,3,11.4829,1703936,8921088,128,1
strassen,256,dispersa,D0,b,7,3,11.9365,1703936,8921088,128,1
naive,256,dispersa,D0,c,1,3,16.9986,524288,8921088,128,1
naive,256,dispersa,D0,c,2,3,16.9267,524288,8921088,128,1
naive,256,dispersa,D0,c,3,3,16.8723,524288,8921088,128,1
naive,256,dispersa,D0,c,4,3,16.7474,524288,8921088,128,1
naive,256,dispersa,D0,c,5,3,16.8851,524288,8921088,128,1
naive,256,dispersa,D0,c,6,3,16.7308,524288,8921088,128,1
naive,256,dispersa,D0,c,7,3,17.4205,524288,8921088,128,1
strassen,256,dispersa,D0,c,1,3,11.1169,1703936,8921088,128,1
strassen,256,dispersa,D0,c,2,3,11.6274,1703936,8921088,128,1
strassen,256,dispersa,D0,c,3,3,11.7869,1703936,8921088,128,1
strassen,256,dispersa,D0,c,4,3,11.3419,1703936,8921088,128,1
strassen,256,dispersa,D0,c,5,3,11.1288,1703936,8921088,128,1
strassen,256,dispersa,D0,c,6,3,11.489,1703936,8921088,128,1
strassen,256,dispersa,D0,c,7,3,11.7088,1703936,8921088,128,1
naive,256,dispersa,D10,a,1,3,16.9925,524288,8921088,128,1
naive,256,dispersa,D10,a,2,3,16.9645,524288,8921088,128,1
naive,256,dispersa,D10,a,3,3,16.8411,524288,8921088,128,1
naive,256,dispersa,D10,a,4,3,16.4087,524288,8921088,128,1
naive,256,dispersa,D10,a,5,3,17.1665,524288,8921088,128,1
naive,256,dispersa,D10,a,6,3,17.2486,524288,8921088,128,1
naive,256,dispersa,D10,a,7,3,17.0867,524288,8921088,128,1
strassen,256,dispersa,D10,a,1,3,10.7918,1703936,8921088,128,1
strassen,256,dispersa,D10,a,2,3,11.8805,1703936,8921088,128,1
strassen,256,dispersa,D10,a,3,3,11.7284,1703936,8921088,128,1
strassen,256,dispersa,D10,a,4,3,11.7685,1703936,8921088,128,1
strassen,256,dispersa,D10,a,5,3,10.7699,1703936,8921088,128,1
strassen,256,dispersa,D10,a,6,3,10.2775,1703936,8921088,128,1
strassen,256,dispersa,D10,a,7,3,10.7939,1703936,8921088,128,1
naive,256,dispersa,D10,b,1,3,16.522,524288,8921088,128,1
naive,256,dispersa,D10,b,2,3,16.5152,524288,8921088,128,1
naive,256,dispersa,D10,b,3,3,16.4624,524288,8921088,128,1
naive,256,dispersa,D10,b,4,3,16.4035,524288,8921088,128,1
naive,256,dispersa,D10,b,5,3,16.4198,524288,8921088,128,1
naive,256,dispersa,D10,b,6,3,16.522,524288,8921088,128,1
naive,256,dispersa,D10,b,7,3,16.418,524288,8921088,128,1
strassen,256,dispersa,D10,b,1,3,10.766,1703936,8921088,128,1
strassen,256,dispersa,D10,b,2,3,10.894,1703936,8921088,128,1
strassen,256,dispersa,D10,b,3,3,10.947,1703936,8921088,128,1
strassen,256,dispersa,D10,b,4,3,10.2228,1703936,8921088,128,1
strassen,256,dispersa,D10,b,5,3,10.5385,1703936,8921088,128,1
strassen,256,dispersa,D10,b,6,3,11.6076,1703936,8921088,128,1
strassen,256,dispersa,D10,b,7,3,10.6939,1703936,8921088,128,1
naive,256,dispersa,D10,c,1,3,16.502,524288,8921088,128,1
naive,256,dispersa,D10,c,2,3,16.4945,524288,8921088,128,1
naive,256,dispersa,D10,c,3,3,16.9141,524288,8921088,128,1
naive,256,dispersa,D10,c,4,3,16.5661,524288,8921088,128,1
naive,256,dispersa,D10,c,5,3,16.5625,524288,8921088,128,1
naive,256,dispersa,D10,c,6,3,16.6031,524288,8921088,128,1
naive,256,dispersa,D10,c,7,3,16.7142,524288,8921088,128,1
strassen,256,dispersa,D10,c,1,3,11.0508,1703936,8921088,128,1
strassen,256,dispersa,D10,c,2,3,11.5303,1703936,8921088,128,1
strassen,256,dispersa,D10,c,3,3,10.7945,1703936,8921088,128,1
strassen,256,dispersa,D10,c,4,3,10.4273,1703936,8921088,128,1
strassen,256,dispersa,D10,c,5,3,10.9166,1703936,8921088,128,1
strassen,256,dispersa,D10,c,6,3,10.3905,1703936,8921088,128,1
strassen,256,dispersa,D10,c,7,3,10.5779,1703936,8921088,128,1
naive,16,densa,D0,a,1,200,0.0013015,2048,4960256,256,1
naive,16,densa,D0,a,2,200,0.001273,2048,4960256,256,1
naive,16,densa,D0,a,3,200,0.001282,2048,4960256,256,1
naive,16,densa,D0,a,4,200,0.0013325,2048,4960256,256,1
naive,16,densa,D0,a,5,200,0.001277,2048,4960256,256,1
naive,16,densa,D0,a,6,200,0.001283,2048,4960256,256,1
naive,16,densa,D0,a,7,200,0.0012755,2048,4960256,256,1
naive,16,densa,D0,a,8,200,0.001283,2048,4960256,256,1
naive,16,densa,D0,a,9,200,0.001288,2048,4960256,256,1
naive,16,densa,D0,a,10,200,0.0012815,2048,4960256,256,1
naive,16,densa,D0,a,11,200,0.001292,2048,4960256,256,1
naive,16,densa,D0,a,12,200,0.001231,2048,4960256,256,1
naive,16,densa,D0,a,13,200,0.0012325,2048,4960256,256,1
naive,16,densa,D0,a,14,200,0.001232,2048,4960256,256,1
naive,16,densa,D0,a,15,200,0.0012325,2048,4960256,256,1
strassen,16,densa,D0,a,1,200,0.0012325,2048,5091328,256,1
strassen,16,densa,D0,a,2,200,0.0012445,2048,5091328,256,1
strassen,16,densa,D0,a,3,200,0.0012325,2048,5091328,256,1
strassen,16,densa,D0,a,4,200,0.0012325,2048,5091328,256,1
strassen,16,densa,D0,a,5,200,0.001233,2048,5091328,256,1
strassen,16,densa,D0,a,6,200,0.001232,2048,5091328,256,1
strassen,16,densa,D0,a,7,200,0.001232,2048,5091328,256,1
strassen,16,densa,D0,a,8,200,0.0013095,2048,5091328,256,1
strassen,16,densa,D0,a,9,200,0.001247,2048,5091328,256,1
strassen,16,densa,D0,a,10,200,0.001235,2048,5091328,256,1
strassen,16,densa,D0,a,11,200,0.001235,2048,5091328,256,1
strassen,16,densa,D0,a,12,200,0.001233,2048,5091328,256,1
strassen,16,densa,D0,a,13,200,0.001231,2048,5091328,256,1
strassen,16,densa,D0,a,14,200,0.0012325,2048,5091328,256,1
strassen,16,densa,D0,a,15,200,0.0012325,2048,5091328,256,1
naive,16,densa,D0,b,1,200,0.0012525,2048,5095424,256,1
naive,16,densa,D0,b,2,200,0.0012315,2048,5095424,256,1
naive,16,densa,D0,b,3,200,0.001231,2048,5095424,256,1
naive,16,densa,D0,b,4,200,0.0012325,2048,5095424,256,1
naive,16,densa,D0,b,5,200,0.001231,2048,5095424,256,1
naive,16,densa,D0,b,6,200,0.0012325,2048,5095424,256,1
naive,16,densa,D0,b,7,200,0.00123,2048,5095424,256,1
naive,16,densa,D0,b,8,200,0.001244,2048,5095424,256,1
naive,16,densa,D0,b,9,200,0.001231,2048,5095424,256,1
naive,16,densa,D0,b,10,200,0.001231,2048,5095424,256,1
naive,16,densa,D0,b,11,200,0.0012285,2048,5095424,256,1
naive,16,densa,D0,b,12,200,0.00123,2048,5095424,256,1
naive,16,densa,D0,b,13,200,0.0012305,2048,5095424,256,1
naive,16,densa,D0,b,14,200,0.001231,2048,5095424,256,1
naive,16,densa,D0,b,15,200,0.0012315,2048,5095424,256,1
strassen,16,densa,D0,b,1,200,0.0012455,2048,5095424,256,1
strassen,16,densa,D0,b,2,200,0.0012335,2048,5095424,256,1
strassen,16,densa,D0,b,3,200,0.0012315,2048,5095424,256,1
strassen,16,densa,D0,b,4,200,0.0012315,2048,5095424,256,1
strassen,16,densa,D0,b,5,200,0.001233,2048,5095424,256,1
strassen,16,densa,D0,b,6,200,0.001232,2048,5095424,256,1
strassen,16,densa,D0,b,7,200,0.001232,2048,5095424,256,1
strassen,16,densa,D0,b,8,200,0.001239,2048,5095424,256,1
strassen,16,densa,D0,b,9,200,0.0012325,2048,5095424,256,1
strassen,16,densa,D0,b,10,200,0.00123,2048,5095424,256,1
strassen,16,densa,D0,b,11,200,0.0012295,2048,5095424,256,1
strassen,16,densa,D0,b,12,200,0.0012295,2048,5095424,256,1
strassen,16,densa,D0,b,13,200,0.0012305,2048,5095424,256,1
strassen,16,densa,D0,b,14,200,0.00123,2048,5095424,256,1
strassen,16,densa,D0,b,15,200,0.0012305,2048,5095424,256,1
naive,16,densa,D0,c,1,200,0.0012305,2048,5095424,256,1
naive,16,densa,D0,c,2,200,0.001231,2048,5095424,256,1
naive,16,densa,D0,c,3,200,0.00123,2048,5095424,256,1
naive,16,densa,D0,c,4,200,0.0012315,2048,5095424,256,1
naive,16,densa,D0,c,5,200,0.001231,2048,5095424,256,1
naive,16,densa,D0,c,6,200,0.00123,2048,5095424,256,1
naive,16,densa,D0,c,7,200,0.0012495,2048,5095424,256,1
naive,16,densa,D0,c,8,200,0.0012305,2048,5095424,256,1
naive,16,densa,D0,c,9,200,0.001231,2048,5095424,256,1
naive,16,densa,D0,c,10,200,0.0012295,2048,5095424,256,1
naive,16,densa,D0,c,11,200,0.00123,2048,5095424,256,1
naive,16,densa,D0,c,12,200,0.0012315,2048,5095424,256,1
naive,16,densa,D0,c,13,200,0.001231,2048,5095424,256,1
naive,16,densa,D0,c,14,200,0.0012325,2048,5095424,256,1
naive,16,densa,D0,c,15,200,0.0012425,2048,5095424,256,1
strassen,16,densa,D0,c,1,200,0.0012315,2048,5095424,256,1
strassen,16,densa,D0,c,2,200,0.001235,2048,5095424,256,1
strassen,16,densa,D0,c,3,200,0.001233,2048,5095424,256,1
strassen,16,densa,D0,c,4,200,0.001231,2048,5095424,256,1
strassen,16,densa,D0,c,5,200,0.001233,2048,5095424,256,1
strassen,16,densa,D0,c,6,200,0.0012325,2048,5095424,256,1
strassen,16,densa,D0,c,7,200,0.0012445,2048,5095424,256,1
strassen,16,densa,D0,c,8,200,0.0012845,2048,5095424,256,1
strassen,16,densa,D0,c,9,200,0.001232,2048,5095424,256,1
strassen,16,densa,D0,c,10,200,0.0012325,2048,5095424,256,1
strassen,16,densa,D0,c,11,200,0.0012315,2048,5095424,256,1
strassen,16,densa,D0,c,12,200,0.0012305,2048,5095424,256,1
strassen,16,densa,D0,c,13,200,0.001232,2048,5095424,256,1
strassen,16,densa,D0,c,14,200,0.0012325,2048,5095424,256,1
strassen,16,densa,D0,c,15,200,0.0012455,2048,5095424,256,1
naive,16,densa,D10,a,1,200,0.00123,2048,5095424,256,1
naive,16,densa,D10,a,2,200,0.00123,2048,5095424,256,1
naive,16,densa,D10,a,3,200,0.0012285,2048,5095424,256,1
naive,16,densa,D10,a,4,200,0.00123,2048,5095424,256,1
naive,16,densa,D10,a,5,200,0.0012295,2048,5095424,256,1
naive,16,densa,D10,a,6,200,0.001228,2048,5095424,256,1
naive,16,densa,D10,a,7,200,0.001249,2048,5095424,256,1
naive,16,densa,D10,a,8,200,0.00123,2048,5095424,256,1
naive,16,densa,D10,a,9,200,0.0012305,2048,5095424,256,1
naive,16,densa,D10,a,10,200,0.001229,2048,5095424,256,1
naive,16,densa,D10,a,11,200,0.001231,2048,5095424,256,1
naive,16,densa,D10,a,12,200,0.00123,2048,5095424,256,1
naive,16,densa,D10,a,13,200,0.00123,2048,5095424,256,1
naive,16,densa,D10,a,14,200,0.0012315,2048,5095424,256,1
naive,16,densa,D10,a,15,200,0.0012395,2048,5095424,256,1
strassen,16,densa,D10,a,1,200,0.001231,2048,5095424,256,1
strassen,16,densa,D10,a,2,200,0.0012335,2048,5095424,256,1
strassen,16,densa,D10,a,3,200,0.0012305,2048,5095424,256,1
strassen,16,densa,D10,a,4,200,0.001231,2048,5095424,256,1
strassen,16,densa,D10,a,5,200,0.0012315,2048,5095424,256,1
strassen,16,densa,D10,a,6,200,0.00123,2048,5095424,256,1
strassen,16,densa,D10,a,7,200,0.0012325,2048,5095424,256,1
strassen,16,densa,D10,a,8,200,0.0012445,2048,5095424,256,1
strassen,16,densa,D10,a,9,200,0.0012335,2048,5095424,256,1
strassen,16,densa,D10,a,10,200,0.0012325,2048,5095424,256,1
strassen,16,densa,D10,a,11,200,0.0012325,2048,5095424,256,1
strassen,16,densa,D10,a,12,200,0.001232,2048,5095424,256,1
strassen,16,densa,D10,a,13,200,0.001231,2048,5095424,256,1
strassen,16,densa,D10,a,14,200,0.0012325,2048,5095424,256,1
strassen,16,densa,D10,a,15,200,0.0012505,2048,5095424,256,1
naive,16,densa,D10,b,1,200,0.001233,2048,5095424,256,1
naive,16,densa,D10,b,2,200,0.001233,2048,5095424,256,1
naive,16,densa,D10,b,3,200,0.0012325,2048,5095424,256,1
naive,16,densa,D10,b,4,200,0.0012305,2048,5095424,256,1
naive,16,densa,D10,b,5,200,0.001232,2048,5095424,256,1
naive,16,densa,D10,b,6,200,0.001232,2048,5095424,256,1
naive,16,densa,D10,b,7,200,0.001231,2048,5095424,256,1
naive,16,densa,D10,b,8,200,0.001246,2048,5095424,256,1
naive,16,densa,D10,b,9,200,0.0012305,2048,5095424,256,1
naive,16,densa,D10,b,10,200,0.0012315,2048,5095424,256,1
naive,16,densa,D10,b,11,200,0.001229,2048,5095424,256,1
naive,16,densa,D10,b,12,200,0.001231,2048,5095424,256,1
naive,16,densa,D10,b,13,200,0.0012315,2048,5095424,256,1
naive,16,densa,D10,b,14,200,0.0012315,2048,5095424,256,1
naive,16,densa,D10,b,15,200,0.001231,2048,5095424,256,1
strassen,16,densa,D10,b,1,200,0.0012415,2048,5095424,256,1
strassen,16,densa,D10,b,2,200,0.0012305,2048,5095424,256,1
strassen,16,densa,D10,b,3,200,0.0012315,2048,5095424,256,1
strassen,16,densa,D10,b,4,200,0.0012315,2048,5095424,256,1
strassen,16,densa,D10,b,5,200,0.001233,2048,5095424,256,1
strassen,16,densa,D10,b,6,200,0.001278,2048,5095424,256,1
strassen,16,densa,D10,b,7,200,0.00123,2048,5095424,256,1
strassen,16,densa,D10,b,8,200,0.0012305,2048,5095424,256,1
strassen,16,densa,D10,b,9,200,0.0012465,2048,5095424,256,1
strassen,16,densa,D10,b,10,200,0.001231,2048,5095424,256,1
strassen,16,densa,D10,b,11,200,0.0012325,2048,5095424,256,1
strassen,16,densa,D10,b,12,200,0.0012325,2048,5095424,256,1
strassen,16,densa,D10,b,13,200,0.001233,2048,5095424,256,1
strassen,16,densa,D10,b,14,200,0.001233,2048,5095424,256,1
strassen,16,densa,D10,b,15,200,0.001233,2048,5095424,256,1
naive,16,densa,D10,c,1,200,0.0012635,2048,5095424,256,1
naive,16,densa,D10,c,2,200,0.001231,2048,5095424,256,1
naive,16,densa,D10,c,3,200,0.0012315,2048,5095424,256,1
naive,16,densa,D10,c,4,200,0.001231,2048,5095424,256,1
naive,16,densa,D10,c,5,200,0.001232,2048,5095424,256,1
naive,16,densa,D10,c,6,200,0.00123,2048,5095424,256,1
naive,16,densa,D10,c,7,200,0.001232,2048,5095424,256,1
naive,16,densa,D10,c,8,200,0.001231,2048,5095424,256,1
naive,16,densa,D10,c,9,200,0.0012425,2048,5095424,256,1
naive,16,densa,D10,c,10,200,0.0012315,2048,5095424,256,1
naive,16,densa,D10,c,11,200,0.00123,2048,5095424,256,1
naive,16,densa,D10,c,12,200,0.0012315,2048,5095424,256,1
naive,16,densa,D10,c,13,200,0.001229,2048,5095424,256,1
naive,16,densa,D10,c,14,200,0.0012295,2048,5095424,256,1
naive,16,densa,D10,c,15,200,0.0012275,2048,5095424,256,1
strassen,16,densa,D10,c,1,200,0.0012385,2048,5095424,256,1
strassen,16,densa,D10,c,2,200,0.001231,2048,5095424,256,1
strassen,16,densa,D10,c,3,200,0.001233,2048,5095424,256,1
strassen,16,densa,D10,c,4,200,0.0012325,2048,5095424,256,1
strassen,16,densa,D10,c,5,200,0.001232,2048,5095424,256,1
strassen,16,densa,D10,c,6,200,0.0012335,2048,5095424,256,1
strassen,16,densa,D10,c,7,200,0.0012325,2048,5095424,256,1
strassen,16,densa,D10,c,8,200,0.0012405,2048,5095424,256,1
strassen,16,densa,D10,c,9,200,0.001232,2048,5095424,256,1
strassen,16,densa,D10,c,10,200,0.0012335,2048,5095424,256,1
strassen,16,densa,D10,c,11,200,0.001233,2048,5095424,256,1
strassen,16,densa,D10,c,12,200,0.0012335,2048,5095424,256,1
strassen,16,densa,D10,c,13,200,0.0012335,2048,5095424,256,1
strassen,16,densa,D10,c,14,200,0.0012345,2048,5095424,256,1
strassen,16,densa,D10,c,15,200,0.0012405,2048,5095424,256,1
naive,16,diagonal,D0,a,1,200,0.0012305,2048,5095424,256,1
naive,16,diagonal,D0,a,2,200,0.0012305,2048,5095424,256,1
naive,16,diagonal,D0,a,3,200,0.0012305,2048,5095424,256,1
naive,16,diagonal,D0,a,4,200,0.0012285,2048,5095424,256,1
naive,16,diagonal,D0,a,5,200,0.0012305,2048,5095424,256,1
naive,16,diagonal,D0,a,6,200,0.0012295,2048,5095424,256,1
naive,16,diagonal,D0,a,7,200,0.001249,2048,5095424,256,1
naive,16,diagonal,D0,a,8,200,0.0012295,2048,5095424,256,1
naive,16,diagonal,D0,a,9,200,0.001229,2048,5095424,256,1
naive,16,diagonal,D0,a,10,200,0.0012285,2048,5095424,256,1
naive,16,diagonal,D0,a,11,200,0.001229,2048,5095424,256,1
naive,16,diagonal,D0,a,12,200,0.0012285,2048,5095424,256,1
naive,16,diagonal,D0,a,13,200,0.0012315,2048,5095424,256,1
naive,16,diagonal,D0,a,14,200,0.0012305,2048,5095424,256,1
naive,16,diagonal,D0,a,15,200,0.0012415,2048,5095424,256,1
strassen,16,diagonal,D0,a,1,200,0.0012295,2048,5095424,256,1
strassen,16,diagonal,D0,a,2,200,0.0012325,2048,5095424,256,1
strassen,16,diagonal,D0,a,3,200,0.0012325,2048,5095424,256,1
strassen,16,diagonal,D0,a,4,200,0.00123,2048,5095424,256,1
strassen,16,diagonal,D0,a,5,200,0.0012345,2048,5095424,256,1
strassen,16,diagonal,D0,a,6,200,0.001281,2048,5095424,256,1
strassen,16,diagonal,D0,a,7,200,0.0012335,2048,5095424,256,1
strassen,16,diagonal,D0,a,8,200,0.0012425,2048,5095424,256,1
strassen,16,diagonal,D0,a,9,200,0.001232,2048,5095424,256,1
strassen,16,diagonal,D0,a,10,200,0.001233,2048,5095424,256,1
strassen,16,diagonal,D0,a,11,200,0.001231,2048,5095424,256,1
strassen,16,diagonal,D0,a,12,200,0.0012315,2048,5095424,256,1
strassen,16,diagonal,D0,a,13,200,0.001233,2048,5095424,256,1
strassen,16,diagonal,D0,a,14,200,0.0012315,2048,5095424,256,1
strassen,16,diagonal,D0,a,15,200,0.0012335,2048,5095424,256,1
naive,16,diagonal,D0,b,1,200,0.0012485,2048,5095424,256,1
naive,16,diagonal,D0,b,2,200,0.0012285,2048,5095424,256,1
naive,16,diagonal,D0,b,3,200,0.00123,2048,5095424,256,1
naive,16,diagonal,D0,b,4,200,0.0012295,2048,5095424,256,1
naive,16,diagonal,D0,b,5,200,0.001231,2048,5095424,256,1
naive,16,diagonal,D0,b,6,200,0.001229,2048,5095424,256,1
naive,16,diagonal,D0,b,7,200,0.001232,2048,5095424,256,1
naive,16,diagonal,D0,b,8,200,0.0012305,2048,5095424,256,1
naive,16,diagonal,D0,b,9,200,0.0012445,2048,5095424,256,1
naive,16,diagonal,D0,b,10,200,0.0012285,2048,5095424,256,1
naive,16,diagonal,D0,b,11,200,0.001232,2048,5095424,256,1
naive,16,diagonal,D0,b,12,200,0.001229,2048,5095424,256,1
naive,16,diagonal,D0,b,13,200,0.00123,2048,5095424,256,1
naive,16,diagonal,D0,b,14,200,0.00123,2048,5095424,256,1
naive,16,diagonal,D0,b,15,200,0.001231,2048,5095424,256,1
strassen,16,diagonal,D0,b,1,200,0.0012395,2048,5095424,256,1
strassen,16,diagonal,D0,b,2,200,0.001232,2048,5095424,256,1
strassen,16,diagonal,D0,b,3,200,0.0012335,2048,5095424,256,1
strassen,16,diagonal,D0,b,4,200,0.0012335,2048,5095424,256,1
strassen,16,diagonal,D0,b,5,200,0.0012325,2048,5095424,256,1
strassen,16,diagonal,D0,b,6,200,0.001232,2048,5095424,256,1
strassen,16,diagonal,D0,b,7,200,0.001233,2048,5095424,256,1
strassen,16,diagonal,D0,b,8,200,0.0012455,2048,5095424,256,1
strassen,16,diagonal,D0,b,9,200,0.001233,2048,5095424,256,1
strassen,16,diagonal,D0,b,10,200,0.001233,2048,5095424,256,1
strassen,16,diagonal,D0,b,11,200,0.001234,2048,5095424,256,1
strassen,16,diagonal,D0,b,12,200,0.0012355,2048,5095424,256,1
strassen,16,diagonal,D0,b,13,200,0.0012345,2048,5095424,256,1
strassen,16,diagonal,D0,b,14,200,0.001234,2048,5095424,256,1
strassen,16,diagonal,D0,b,15,200,0.0012325,2048,5095424,256,1
naive,16,diagonal,D0,c,1,200,0.001247,2048,5095424,256,1
naive,16,diagonal,D0,c,2,200,0.0012305,2048,5095424,256,1
naive,16,diagonal,D0,c,3,200,0.001231,2048,5095424,256,1
naive,16,diagonal,D0,c,4,200,0.001229,2048,5095424,256,1
naive,16,diagonal,D0,c,5,200,0.001268,2048,5095424,256,1
naive,16,diagonal,D0,c,6,200,0.0012305,2048,5095424,256,1
naive,16,diagonal,D0,c,7,200,0.0012295,2048,5095424,256,1
naive,16,diagonal,D0,c,8,200,0.001248,2048,5095424,256,1
naive,16,diagonal,D0,c,9,200,0.001229,2048,5095424,256,1
naive,16,diagonal,D0,c,10,200,0.0012305,2048,5095424,256,1
naive,16,diagonal,D0,c,11,200,0.0012305,2048,5095424,256,1
naive,16,diagonal,D0,c,12,200,0.0012315,2048,5095424,256,1
naive,16,diagonal,D0,c,13,200,0.0012315,2048,5095424,256,1
naive,16,diagonal,D0,c,14,200,0.001231,2048,5095424,256,1
naive,16,diagonal,D0,c,15,200,0.0012315,2048,5095424,256,1
strassen,16,diagonal,D0,c,1,200,0.001245,2048,5095424,256,1
strassen,16,diagonal,D0,c,2,200,0.001234,2048,5095424,256,1
strassen,16,diagonal,D0,c,3,200,0.001233,2048,5095424,256,1
strassen,16,diagonal,D0,c,4,200,0.001235,2048,5095424,256,1
strassen,16,diagonal,D0,c,5,200,0.0012325,2048,5095424,256,1
strassen,16,diagonal,D0,c,6,200,0.001233,2048,5095424,256,1
strassen,16,diagonal,D0,c,7,200,0.001232,2048,5095424,256,1
strassen,16,diagonal,D0,c,8,200,0.0012475,2048,5095424,256,1
strassen,16,diagonal,D0,c,9,200,0.001243,2048,5095424,256,1
strassen,16,diagonal,D0,c,10,200,0.0012325,2048,5095424,256,1
strassen,16,diagonal,D0,c,11,200,0.0012335,2048,5095424,256,1
strassen,16,diagonal,D0,c,12,200,0.001231,2048,5095424,256,1
strassen,16,diagonal,D0,c,13,200,0.001233,2048,5095424,256,1
strassen,16,diagonal,D0,c,14,200,0.001232,2048,5095424,256,1
strassen,16,diagonal,D0,c,15,200,0.0012335,2048,5095424,256,1
naive,16,diagonal,D10,a,1,200,0.0012285,2048,5095424,256,1
naive,16,diagonal,D10,a,2,200,0.00123,2048,5095424,256,1
naive,16,diagonal,D10,a,3,200,0.0012295,2048,5095424,256,1
naive,16,diagonal,D10,a,4,200,0.001232,2048,5095424,256,1
naive,16,diagonal,D10,a,5,200,0.00123,2048,5095424,256,1
naive,16,diagonal,D10,a,6,200,0.0012295,2048,5095424,256,1
naive,16,diagonal,D10,a,7,200,0.001247,2048,5095424,256,1
naive,16,diagonal,D10,a,8,200,0.00123,2048,5095424,256,1
naive,16,diagonal,D10,a,9,200,0.0012315,2048,5095424,256,1
naive,16,diagonal,D10,a,10,200,0.0012315,2048,5095424,256,1
naive,16,diagonal,D10,a,11,200,0.0012285,2048,5095424,256,1
naive,16,diagonal,D10,a,12,200,0.001231,2048,5095424,256,1
naive,16,diagonal,D10,a,13,200,0.001229,2048,5095424,256,1
naive,16,diagonal,D10,a,14,200,0.0012305,2048,5095424,256,1
naive,16,diagonal,D10,a,15,200,0.001242,2048,5095424,256,1
strassen,16,diagonal,D10,a,1,200,0.001229,2048,5095424,256,1
strassen,16,diagonal,D10,a,2,200,0.0012315,2048,5095424,256,1
strassen,16,diagonal,D10,a,3,200,0.0012315,2048,5095424,256,1
strassen,16,diagonal,D10,a,4,200,0.001231,2048,5095424,256,1
strassen,16,diagonal,D10,a,5,200,0.001229,2048,5095424,256,1
strassen,16,diagonal,D10,a,6,200,0.0012305,2048,5095424,256,1
strassen,16,diagonal,D10,a,7,200,0.0012305,2048,5095424,256,1
strassen,16,diagonal,D10,a,8,200,0.001241,2048,5095424,256,1
strassen,16,diagonal,D10,a,9,200,0.0012305,2048,5095424,256,1
strassen,16,diagonal,D10,a,10,200,0.0012315,2048,5095424,256,1
strassen,16,diagonal,D10,a,11,200,0.00123,2048,5095424,256,1
strassen,16,diagonal,D10,a,12,200,0.0012315,2048,5095424,256,1
strassen,16,diagonal,D10,a,13,200,0.0013505,2048,5095424,256,1
strassen,16,diagonal,D10,a,14,200,0.001235,2048,5095424,256,1
strassen,16,diagonal,D10,a,15,200,0.0014535,2048,5095424,256,1
naive,16,diagonal,D10,b,1,200,0.0013135,2048,5095424,256,1
naive,16,diagonal,D10,b,2,200,0.0013425,2048,5095424,256,1
naive,16,diagonal,D10,b,3,200,0.001231,2048,5095424,256,1
naive,16,diagonal,D10,b,4,200,0.0012305,2048,5095424,256,1
naive,16,diagonal,D10,b,5,200,0.0012315,2048,5095424,256,1
naive,16,diagonal,D10,b,6,200,0.0012465,2048,5095424,256,1
naive,16,diagonal,D10,b,7,200,0.0014425,2048,5095424,256,1
naive,16,diagonal,D10,b,8,200,0.001257,2048,5095424,256,1
naive,16,diagonal,D10,b,9,200,0.0012315,2048,5095424,256,1
naive,16,diagonal,D10,b,10,200,0.0012305,2048,5095424,256,1
naive,16,diagonal,D10,b,11,200,0.00123,2048,5095424,256,1
naive,16,diagonal,D10,b,12,200,0.0012305,2048,5095424,256,1
naive,16,diagonal,D10,b,13,200,0.001231,2048,5095424,256,1
naive,16,diagonal,D10,b,14,200,0.001232,2048,5095424,256,1
naive,16,diagonal,D10,b,15,200,0.001302,2048,5095424,256,1
strassen,16,diagonal,D10,b,1,200,0.001249,2048,5095424,256,1
strassen,16,diagonal,D10,b,2,200,0.001324,2048,5095424,256,1
strassen,16,diagonal,D10,b,3,200,0.0012885,2048,5095424,256,1
strassen,16,diagonal,D10,b,4,200,0.001232,2048,5095424,256,1
strassen,16,diagonal,D10,b,5,200,0.001232,2048,5095424,256,1
strassen,16,diagonal,D10,b,6,200,0.001231,2048,5095424,256,1
strassen,16,diagonal,D10,b,7,200,0.001231,2048,5095424,256,1
strassen,16,diagonal,D10,b,8,200,0.001231,2048,5095424,256,1
strassen,16,diagonal,D10,b,9,200,0.001246,2048,5095424,256,1
strassen,16,diagonal,D10,b,10,200,0.0012315,2048,5095424,256,1
strassen,16,diagonal,D10,b,11,200,0.001238,2048,5095424,256,1
strassen,16,diagonal,D10,b,12,200,0.0012315,2048,5095424,256,1
strassen,16,diagonal,D10,b,13,200,0.001231,2048,5095424,256,1
strassen,16,diagonal,D10,b,14,200,0.0012325,2048,5095424,256,1
strassen,16,diagonal,D10,b,15,200,0.001232,2048,5095424,256,1
naive,16,diagonal,D10,c,1,200,0.001295,2048,5095424,256,1
naive,16,diagonal,D10,c,2,200,0.0012325,2048,5095424,256,1
naive,16,diagonal,D10,c,3,200,0.001233,2048,5095424,256,1
naive,16,diagonal,D10,c,4,200,0.001233,2048,5095424,256,1
naive,16,diagonal,D10,c,5,200,0.0012325,2048,5095424,256,1
naive,16,diagonal,D10,c,6,200,0.001233,2048,5095424,256,1
naive,16,diagonal,D10,c,7,200,0.0012325,2048,5095424,256,1
naive,16,diagonal,D10,c,8,200,0.0012335,2048,5095424,256,1
naive,16,diagonal,D10,c,9,200,0.0012445,2048,5095424,256,1
naive,16,diagonal,D10,c,10,200,0.001233,2048,5095424,256,1
naive,16,diagonal,D10,c,11,200,0.00123,2048,5095424,256,1
naive,16,diagonal,D10,c,12,200,0.001231,2048,5095424,256,1
naive,16,diagonal,D10,c,13,200,0.00123,2048,5095424,256,1
naive,16,diagonal,D10,c,14,200,0.0012305,2048,5095424,256,1
naive,16,diagonal,D10,c,15,200,0.0012305,2048,5095424,256,1
strassen,16,diagonal,D10,c,1,200,0.001233,2048,5095424,256,1
strassen,16,diagonal,D10,c,2,200,0.001244,2048,5095424,256,1
strassen,16,diagonal,D10,c,3,200,0.0012325,2048,5095424,256,1
strassen,16,diagonal,D10,c,4,200,0.0012345,2048,5095424,256,1
strassen,16,diagonal,D10,c,5,200,0.001233,2048,5095424,256,1
strassen,16,diagonal,D10,c,6,200,0.0012295,2048,5095424,256,1
strassen,16,diagonal,D10,c,7,200,0.0012325,2048,5095424,256,1
strassen,16,diagonal,D10,c,8,200,0.0012295,2048,5095424,256,1
strassen,16,diagonal,D10,c,9,200,0.0012545,2048,5095424,256,1
strassen,16,diagonal,D10,c,10,200,0.001244,2048,5095424,256,1
strassen,16,diagonal,D10,c,11,200,0.001233,2048,5095424,256,1
strassen,16,diagonal,D10,c,12,200,0.001234,2048,5095424,256,1
strassen,16,diagonal,D10,c,13,200,0.0012325,2048,5095424,256,1
strassen,16,diagonal,D10,c,14,200,0.0012355,2048,5095424,256,1
strassen,16,diagonal,D10,c,15,200,0.0012345,2048,5095424,256,1
naive,16,dispersa,D0,a,1,200,0.0012325,2048,5095424,256,1
naive,16,dispersa,D0,a,2,200,0.001248,2048,5095424,256,1
naive,16,dispersa,D0,a,3,200,0.0012305,2048,5095424,256,1
naive,16,dispersa,D0,a,4,200,0.00123,2048,5095424,256,1
naive,16,dispersa,D0,a,5,200,0.00123,2048,5095424,256,1
naive,16,dispersa,D0,a,6,200,0.001231,2048,5095424,256,1
naive,16,dispersa,D0,a,7,200,0.0012315,2048,5095424,256,1
naive,16,dispersa,D0,a,8,200,0.0012315,2048,5095424,256,1
naive,16,dispersa,D0,a,9,200,0.001231,2048,5095424,256,1
naive,16,dispersa,D0,a,10,200,0.001243,2048,5095424,256,1
naive,16,dispersa,D0,a,11,200,0.0012325,2048,5095424,256,1
naive,16,dispersa,D0,a,12,200,0.001231,2048,5095424,256,1
naive,16,dispersa,D0,a,13,200,0.001232,2048,5095424,256,1
naive,16,dispersa,D0,a,14,200,0.001231,2048,5095424,256,1
naive,16,dispersa,D0,a,15,200,0.0012315,2048,5095424,256,1
strassen,16,dispersa,D0,a,1,200,0.0012375,2048,5095424,256,1
strassen,16,dispersa,D0,a,2,200,0.0012335,2048,5095424,256,1
strassen,16,dispersa,D0,a,3,200,0.0012795,2048,5095424,256,1
strassen,16,dispersa,D0,a,4,200,0.0012325,2048,5095424,256,1
strassen,16,dispersa,D0,a,5,200,0.001258,2048,5095424,256,1
strassen,16,dispersa,D0,a,6,200,0.0012345,2048,5095424,256,1
strassen,16,dispersa,D0,a,7,200,0.001233,2048,5095424,256,1
strassen,16,dispersa,D0,a,8,200,0.001232,2048,5095424,256,1
strassen,16,dispersa,D0,a,9,200,0.0012315,2048,5095424,256,1
strassen,16,dispersa,D0,a,10,200,0.001271,2048,5095424,256,1
strassen,16,dispersa,D0,a,11,200,0.0012435,2048,5095424,256,1
strassen,16,dispersa,D0,a,12,200,0.001231,2048,5095424,256,1
strassen,16,dispersa,D0,a,13,200,0.0012335,2048,5095424,256,1
strassen,16,dispersa,D0,a,14,200,0.001233,2048,5095424,256,1
strassen,16,dispersa,D0,a,15,200,0.001233,2048,5095424,256,1
naive,16,dispersa,D0,b,1,200,0.0012305,2048,5095424,256,1
naive,16,dispersa,D0,b,2,200,0.0012295,2048,5095424,256,1
naive,16,dispersa,D0,b,3,200,0.0012455,2048,5095424,256,1
naive,16,dispersa,D0,b,4,200,0.0012305,2048,5095424,256,1
naive,16,dispersa,D0,b,5,200,0.00123,2048,5095424,256,1
naive,16,dispersa,D0,b,6,200,0.0012295,2048,5095424,256,1
naive,16,dispersa,D0,b,7,200,0.001231,2048,5095424,256,1
naive,16,dispersa,D0,b,8,200,0.0012315,2048,5095424,256,1
naive,16,dispersa,D0,b,9,200,0.0012285,2048,5095424,256,1
naive,16,dispersa,D0,b,10,200,0.001229,2048,5095424,256,1
naive,16,dispersa,D0,b,11,200,0.001243,2048,5095424,256,1
naive,16,dispersa,D0,b,12,200,0.001234,2048,5095424,256,1
naive,16,dispersa,D0,b,13,200,0.001233,2048,5095424,256,1
naive,16,dispersa,D0,b,14,200,0.0012315,2048,5095424,256,1
naive,16,dispersa,D0,b,15,200,0.001232,2048,5095424,256,1
strassen,16,dispersa,D0,b,1,200,0.001234,2048,5095424,256,1
strassen,16,dispersa,D0,b,2,200,0.0012345,2048,5095424,256,1
strassen,16,dispersa,D0,b,3,200,0.0012485,2048,5095424,256,1
strassen,16,dispersa,D0,b,4,200,0.001233,2048,5095424,256,1
strassen,16,dispersa,D0,b,5,200,0.0012335,2048,5095424,256,1
strassen,16,dispersa,D0,b,6,200,0.0012305,2048,5095424,256,1
strassen,16,dispersa,D0,b,7,200,0.001231,2048,5095424,256,1
strassen,16,dispersa,D0,b,8,200,0.0012315,2048,5095424,256,1
strassen,16,dispersa,D0,b,9,200,0.0012305,2048,5095424,256,1
strassen,16,dispersa,D0,b,10,200,0.0012315,2048,5095424,256,1
strassen,16,dispersa,D0,b,11,200,0.0012445,2048,5095424,256,1
strassen,16,dispersa,D0,b,12,200,0.0012325,2048,5095424,256,1
strassen,16,dispersa,D0,b,13,200,0.001231,2048,5095424,256,1
strassen,16,dispersa,D0,b,14,200,0.001232,2048,5095424,256,1
strassen,16,dispersa,D0,b,15,200,0.001232,2048,5095424,256,1
naive,16,dispersa,D0,c,1,200,0.0012315,2048,5095424,256,1
naive,16,dispersa,D0,c,2,200,0.001231,2048,5095424,256,1
naive,16,dispersa,D0,c,3,200,0.001243,2048,5095424,256,1
naive,16,dispersa,D0,c,4,200,0.0012305,2048,5095424,256,1
naive,16,dispersa,D0,c,5,200,0.0012335,2048,5095424,256,1
naive,16,dispersa,D0,c,6,200,0.0012505,2048,5095424,256,1
naive,16,dispersa,D0,c,7,200,0.001237,2048,5095424,256,1
naive,16,dispersa,D0,c,8,200,0.0012325,2048,5095424,256,1
naive,16,dispersa,D0,c,9,200,0.001232,2048,5095424,256,1
naive,16,dispersa,D0,c,10,200,0.0012465,2048,5095424,256,1
naive,16,dispersa,D0,c,11,200,0.001231,2048,5095424,256,1
naive,16,dispersa,D0,c,12,200,0.0012295,2048,5095424,256,1
naive,16,dispersa,D0,c,13,200,0.001231,2048,5095424,256,1
naive,16,dispersa,D0,c,14,200,0.0012305,2048,5095424,256,1
naive,16,dispersa,D0,c,15,200,0.001233,2048,5095424,256,1
strassen,16,dispersa,D0,c,1,200,0.001231,2048,5095424,256,1
strassen,16,dispersa,D0,c,2,200,0.0012325,2048,5095424,256,1
strassen,16,dispersa,D0,c,3,200,0.001243,2048,5095424,256,1
strassen,16,dispersa,D0,c,4,200,0.00132,2048,5095424,256,1
strassen,16,dispersa,D0,c,5,200,0.0012305,2048,5095424,256,1
strassen,16,dispersa,D0,c,6,200,0.0012315,2048,5095424,256,1
strassen,16,dispersa,D0,c,7,200,0.0012325,2048,5095424,256,1
strassen,16,dispersa,D0,c,8,200,0.001233,2048,5095424,256,1
strassen,16,dispersa,D0,c,9,200,0.0012335,2048,5095424,256,1
strassen,16,dispersa,D0,c,10,200,0.0012325,2048,5095424,256,1
strassen,16,dispersa,D0,c,11,200,0.0012445,2048,5095424,256,1
strassen,16,dispersa,D0,c,12,200,0.001233,2048,5095424,256,1
strassen,16,dispersa,D0,c,13,200,0.0012345,2048,5095424,256,1
strassen,16,dispersa,D0,c,14,200,0.001231,2048,5095424,256,1
strassen,16,dispersa,D0,c,15,200,0.0012315,2048,5095424,256,1
naive,16,dispersa,D10,a,1,200,0.0012725,2048,5095424,256,1
naive,16,dispersa,D10,a,2,200,0.0012305,2048,5095424,256,1
naive,16,dispersa,D10,a,3,200,0.0012485,2048,5095424,256,1
naive,16,dispersa,D10,a,4,200,0.0012305,2048,5095424,256,1
naive,16,dispersa,D10,a,5,200,0.001232,2048,5095424,256,1
naive,16,dispersa,D10,a,6,200,0.0012315,2048,5095424,256,1
naive,16,dispersa,D10,a,7,200,0.00123,2048,5095424,256,1
naive,16,dispersa,D10,a,8,200,0.001231,2048,5095424,256,1
naive,16,dispersa,D10,a,9,200,0.001231,2048,5095424,256,1
naive,16,dispersa,D10,a,10,200,0.001231,2048,5095424,256,1
naive,16,dispersa,D10,a,11,200,0.001241,2048,5095424,256,1
naive,16,dispersa,D10,a,12,200,0.0012295,2048,5095424,256,1
naive,16,dispersa,D10,a,13,200,0.0012305,2048,5095424,256,1
naive,16,dispersa,D10,a,14,200,0.001232,2048,5095424,256,1
naive,16,dispersa,D10,a,15,200,0.001231,2048,5095424,256,1
strassen,16,dispersa,D10,a,1,200,0.0012325,2048,5095424,256,1
strassen,16,dispersa,D10,a,2,200,0.0012325,2048,5095424,256,1
strassen,16,dispersa,D10,a,3,200,0.001233,2048,5095424,256,1
strassen,16,dispersa,D10,a,4,200,0.001241,2048,5095424,256,1
strassen,16,dispersa,D10,a,5,200,0.001232,2048,5095424,256,1
strassen,16,dispersa,D10,a,6,200,0.0012315,2048,5095424,256,1
strassen,16,dispersa,D10,a,7,200,0.0012295,2048,5095424,256,1
strassen,16,dispersa,D10,a,8,200,0.0012325,2048,5095424,256,1
strassen,16,dispersa,D10,a,9,200,0.001231,2048,5095424,256,1
strassen,16,dispersa,D10,a,10,200,0.0012505,2048,5095424,256,1
strassen,16,dispersa,D10,a,11,200,0.001234,2048,5095424,256,1
strassen,16,dispersa,D10,a,12,200,0.001246,2048,5095424,256,1
strassen,16,dispersa,D10,a,13,200,0.0012325,2048,5095424,256,1
strassen,16,dispersa,D10,a,14,200,0.001233,2048,5095424,256,1
strassen,16,dispersa,D10,a,15,200,0.0012345,2048,5095424,256,1
naive,16,dispersa,D10,b,1,200,0.0012325,2048,5095424,256,1
naive,16,dispersa,D10,b,2,200,0.001234,2048,5095424,256,1
naive,16,dispersa,D10,b,3,200,0.0012315,2048,5095424,256,1
naive,16,dispersa,D10,b,4,200,0.0012495,2048,5095424,256,1
naive,16,dispersa,D10,b,5,200,0.0012305,2048,5095424,256,1
naive,16,dispersa,D10,b,6,200,0.0012305,2048,5095424,256,1
naive,16,dispersa,D10,b,7,200,0.0012305,2048,5095424,256,1
naive,16,dispersa,D10,b,8,200,0.00123,2048,5095424,256,1
naive,16,dispersa,D10,b,9,200,0.0012315,2048,5095424,256,1
naive,16,dispersa,D10,b,10,200,0.001233,2048,5095424,256,1
naive,16,dispersa,D10,b,11,200,0.0012315,2048,5095424,256,1
naive,16,dispersa,D10,b,12,200,0.0012405,2048,5095424,256,1
naive,16,dispersa,D10,b,13,200,0.0012305,2048,5095424,256,1
naive,16,dispersa,D10,b,14,200,0.00123,2048,5095424,256,1
naive,16,dispersa,D10,b,15,200,0.001229,2048,5095424,256,1
strassen,16,dispersa,D10,b,1,200,0.001233,2048,5095424,256,1
strassen,16,dispersa,D10,b,2,200,0.0014335,2048,5095424,256,1
strassen,16,dispersa,D10,b,3,200,0.001533,2048,5095424,256,1
strassen,16,dispersa,D10,b,4,200,0.001654,2048,5095424,256,1
strassen,16,dispersa,D10,b,5,200,0.0013595,2048,5095424,256,1
strassen,16,dispersa,D10,b,6,200,0.001233,2048,5095424,256,1
strassen,16,dispersa,D10,b,7,200,0.0012305,2048,5095424,256,1
strassen,16,dispersa,D10,b,8,200,0.001231,2048,5095424,256,1
strassen,16,dispersa,D10,b,9,200,0.001232,2048,5095424,256,1
strassen,16,dispersa,D10,b,10,200,0.0012315,2048,5095424,256,1
strassen,16,dispersa,D10,b,11,200,0.001231,2048,5095424,256,1
strassen,16,dispersa,D10,b,12,200,0.0012485,2048,5095424,256,1
strassen,16,dispersa,D10,b,13,200,0.0012315,2048,5095424,256,1
strassen,16,dispersa,D10,b,14,200,0.001233,2048,5095424,256,1
strassen,16,dispersa,D10,b,15,200,0.0012305,2048,5095424,256,1
naive,16,dispersa,D10,c,1,200,0.0012305,2048,5095424,256,1
naive,16,dispersa,D10,c,2,200,0.001231,2048,5095424,256,1
naive,16,dispersa,D10,c,3,200,0.0012305,2048,5095424,256,1
naive,16,dispersa,D10,c,4,200,0.0012305,2048,5095424,256,1
naive,16,dispersa,D10,c,5,200,0.001248,2048,5095424,256,1
naive,16,dispersa,D10,c,6,200,0.001231,2048,5095424,256,1
naive,16,dispersa,D10,c,7,200,0.001232,2048,5095424,256,1
naive,16,dispersa,D10,c,8,200,0.0012305,2048,5095424,256,1
naive,16,dispersa,D10,c,9,200,0.0012315,2048,5095424,256,1
naive,16,dispersa,D10,c,10,200,0.001229,2048,5095424,256,1
naive,16,dispersa,D10,c,11,200,0.00123,2048,5095424,256,1
naive,16,dispersa,D10,c,12,200,0.0012695,2048,5095424,256,1
naive,16,dispersa,D10,c,13,200,0.001251,2048,5095424,256,1
naive,16,dispersa,D10,c,14,200,0.0012325,2048,5095424,256,1
naive,16,dispersa,D10,c,15,200,0.001232,2048,5095424,256,1
strassen,16,dispersa,D10,c,1,200,0.001233,2048,5095424,256,1
strassen,16,dispersa,D10,c,2,200,0.0012335,2048,5095424,256,1
strassen,16,dispersa,D10,c,3,200,0.001233,2048,5095424,256,1
strassen,16,dispersa,D10,c,4,200,0.001234,2048,5095424,256,1
strassen,16,dispersa,D10,c,5,200,0.001249,2048,5095424,256,1
strassen,16,dispersa,D10,c,6,200,0.0012335,2048,5095424,256,1
strassen,16,dispersa,D10,c,7,200,0.001234,2048,5095424,256,1
strassen,16,dispersa,D10,c,8,200,0.0012335,2048,5095424,256,1
strassen,16,dispersa,D10,c,9,200,0.0012345,2048,5095424,256,1
strassen,16,dispersa,D10,c,10,200,0.001233,2048,5095424,256,1
strassen,16,dispersa,D10,c,11,200,0.0012315,2048,5095424,256,1
strassen,16,dispersa,D10,c,12,200,0.001231,2048,5095424,256,1
strassen,16,dispersa,D10,c,13,200,0.001244,2048,5095424,256,1
strassen,16,dispersa,D10,c,14,200,0.0012335,2048,5095424,256,1
strassen,16,dispersa,D10,c,15,200,0.001232,2048,5095424,256,1
naive,64,densa,D0,a,1,20,0.10396,32768,5234688,256,1
naive,64,densa,D0,a,2,20,0.104445,32768,5234688,256,1
naive,64,densa,D0,a,3,20,0.10367,32768,5234688,256,1
naive,64,densa,D0,a,4,20,0.10475,32768,5234688,256,1
naive,64,densa,D0,a,5,20,0.10572,32768,5234688,256,1
naive,64,densa,D0,a,6,20,0.102435,32768,5234688,256,1
naive,64,densa,D0,a,7,20,0.104495,32768,5234688,256,1
naive,64,densa,D0,a,8,20,0.1045,32768,5234688,256,1
naive,64,densa,D0,a,9,20,0.103375,32768,5234688,256,1
naive,64,densa,D0,a,10,20,0.10362,32768,5234688,256,1
naive,64,densa,D0,a,11,20,0.10494,32768,5234688,256,1
naive,64,densa,D0,a,12,20,0.10247,32768,5234688,256,1
naive,64,densa,D0,a,13,20,0.10281,32768,5234688,256,1
naive,64,densa,D0,a,14,20,0.10274,32768,5234688,256,1
naive,64,densa,D0,a,15,20,0.10243,32768,5234688,256,1
strassen,64,densa,D0,a,1,20,0.10235,32768,5267456,256,1
strassen,64,densa,D0,a,2,20,0.10064,32768,5267456,256,1
strassen,64,densa,D0,a,3,20,0.0976,32768,5267456,256,1
strassen,64,densa,D0,a,4,20,0.09962,32768,5267456,256,1
strassen,64,densa,D0,a,5,20,0.09772,32768,5267456,256,1
strassen,64,densa,D0,a,6,20,0.098225,32768,5267456,256,1
strassen,64,densa,D0,a,7,20,0.09863,32768,5267456,256,1
strassen,64,densa,D0,a,8,20,0.09786,32768,5267456,256,1
strassen,64,densa,D0,a,9,20,0.098445,32768,5267456,256,1
strassen,64,densa,D0,a,10,20,0.097015,32768,5267456,256,1
strassen,64,densa,D0,a,11,20,0.097975,32768,5267456,256,1
strassen,64,densa,D0,a,12,20,0.097865,32768,5267456,256,1
strassen,64,densa,D0,a,13,20,0.098305,32768,5267456,256,1
strassen,64,densa,D0,a,14,20,0.09818,32768,5267456,256,1
strassen,64,densa,D0,a,15,20,0.098185,32768,5267456,256,1
naive,64,densa,D0,b,1,20,0.098055,32768,5267456,256,1
naive,64,densa,D0,b,2,20,0.0986,32768,5267456,256,1
naive,64,densa,D0,b,3,20,0.09836,32768,5267456,256,1
naive,64,densa,D0,b,4,20,0.098415,32768,5267456,256,1
naive,64,densa,D0,b,5,20,0.097465,32768,5267456,256,1
naive,64,densa,D0,b,6,20,0.09771,32768,5267456,256,1
naive,64,densa,D0,b,7,20,0.09735,32768,5267456,256,1
naive,64,densa,D0,b,8,20,0.097595,32768,5267456,256,1
naive,64,densa,D0,b,9,20,0.09758,32768,5267456,256,1
naive,64,densa,D0,b,10,20,0.098595,32768,5267456,256,1
naive,64,densa,D0,b,11,20,0.098255,32768,5267456,256,1
naive,64,densa,D0,b,12,20,0.09788,32768,5267456,256,1
naive,64,densa,D0,b,13,20,0.097455,32768,5267456,256,1
naive,64,densa,D0,b,14,20,0.097865,32768,5267456,256,1
naive,64,densa,D0,b,15,20,0.098265,32768,5267456,256,1
strassen,64,densa,D0,b,1,20,0.097595,32768,5267456,256,1
strassen,64,densa,D0,b,2,20,0.10027,32768,5267456,256,1
strassen,64,densa,D0,b,3,20,0.097925,32768,5267456,256,1
strassen,64,densa,D0,b,4,20,0.100835,32768,5267456,256,1
strassen,64,densa,D0,b,5,20,0.09911,32768,5267456,256,1
strassen,64,densa,D0,b,6,20,0.097735,32768,5267456,256,1
strassen,64,densa,D0,b,7,20,0.097705,32768,5267456,256,1
strassen,64,densa,D0,b,8,20,0.09777,32768,5267456,256,1
strassen,64,densa,D0,b,9,20,0.097425,32768,5267456,256,1
strassen,64,densa,D0,b,10,20,0.098165,32768,5267456,256,1
strassen,64,densa,D0,b,11,20,0.102405,32768,5267456,256,1
strassen,64,densa,D0,b,12,20,0.09796,32768,5267456,256,1
strassen,64,densa,D0,b,13,20,0.097845,32768,5267456,256,1
strassen,64,densa,D0,b,14,20,0.098085,32768,5267456,256,1
strassen,64,densa,D0,b,15,20,0.09829,32768,5267456,256,1
naive,64,densa,D0,c,1,20,0.097665,32768,5267456,256,1
naive,64,densa,D0,c,2,20,0.09862,32768,5267456,256,1
naive,64,densa,D0,c,3,20,0.097735,32768,5267456,256,1
naive,64,densa,D0,c,4,20,0.098765,32768,5267456,256,1
naive,64,densa,D0,c,5,20,0.097725,32768,5267456,256,1
naive,64,densa,D0,c,6,20,0.09774,32768,5267456,256,1
naive,64,densa,D0,c,7,20,0.097815,32768,5267456,256,1
naive,64,densa,D0,c,8,20,0.097675,32768,5267456,256,1
naive,64,densa,D0,c,9,20,0.09846,32768,5267456,256,1
naive,64,densa,D0,c,10,20,0.098005,32768,5267456,256,1
naive,64,densa,D0,c,11,20,0.099185,32768,5267456,256,1
naive,64,densa,D0,c,12,20,0.097865,32768,5267456,256,1
naive,64,densa,D0,c,13,20,0.097435,32768,5267456,256,1
naive,64,densa,D0,c,14,20,0.09795,32768,5267456,256,1
naive,64,densa,D0,c,15,20,0.097735,32768,5267456,256,1
strassen,64,densa,D0,c,1,20,0.09765,32768,5267456,256,1
strassen,64,densa,D0,c,2,20,0.098225,32768,5267456,256,1
strassen,64,densa,D0,c,3,20,0.097445,32768,5267456,256,1
strassen,64,densa,D0,c,4,20,0.098025,32768,5267456,256,1
strassen,64,densa,D0,c,5,20,0.097885,32768,5267456,256,1
strassen,64,densa,D0,c,6,20,0.0977,32768,5267456,256,1
strassen,64,densa,D0,c,7,20,0.097995,32768,5267456,256,1
strassen,64,densa,D0,c,8,20,0.09772,32768,5267456,256,1
strassen,64,densa,D0,c,9,20,0.097865,32768,5267456,256,1
strassen,64,densa,D0,c,10,20,0.09785,32768,5267456,256,1
strassen,64,densa,D0,c,11,20,0.099725,32768,5267456,256,1
strassen,64,densa,D0,c,12,20,0.098215,32768,5267456,256,1
strassen,64,densa,D0,c,13,20,0.097395,32768,5267456,256,1
strassen,64,densa,D0,c,14,20,0.098095,32768,5267456,256,1
strassen,64,densa,D0,c,15,20,0.09764,32768,5267456,256,1
naive,64,densa,D10,a,1,20,0.09761,32768,5267456,256,1
naive,64,densa,D10,a,2,20,0.09838,32768,5267456,256,1
naive,64,densa,D10,a,3,20,0.09743,32768,5267456,256,1
naive,64,densa,D10,a,4,20,0.097515,32768,5267456,256,1
naive,64,densa,D10,a,5,20,0.097305,32768,5267456,256,1
naive,64,densa,D10,a,6,20,0.098125,32768,5267456,256,1
naive,64,densa,D10,a,7,20,0.09714,32768,5267456,256,1
naive,64,densa,D10,a,8,20,0.097305,32768,5267456,256,1
naive,64,densa,D10,a,9,20,0.09784,32768,5267456,256,1
naive,64,densa,D10,a,10,20,0.098235,32768,5267456,256,1
naive,64,densa,D10,a,11,20,0.10161,32768,5267456,256,1
naive,64,densa,D10,a,12,20,0.097725,32768,5267456,256,1
naive,64,densa,D10,a,13,20,0.09706,32768,5267456,256,1
naive,64,densa,D10,a,14,20,0.097995,32768,5267456,256,1
naive,64,densa,D10,a,15,20,0.099205,32768,5267456,256,1
strassen,64,densa,D10,a,1,20,0.09786,32768,5267456,256,1
strassen,64,densa,D10,a,2,20,0.09871,32768,5267456,256,1
strassen,64,densa,D10,a,3,20,0.09898,32768,5267456,256,1
strassen,64,densa,D10,a,4,20,0.100125,32768,5267456,256,1
strassen,64,densa,D10,a,5,20,0.097985,32768,5267456,256,1
strassen,64,densa,D10,a,6,20,0.098385,32768,5267456,256,1
strassen,64,densa,D10,a,7,20,0.101105,32768,5267456,256,1
strassen,64,densa,D10,a,8,20,0.09732,32768,5267456,256,1
strassen,64,densa,D10,a,9,20,0.09836,32768,5267456,256,1
strassen,64,densa,D10,a,10,20,0.09803,32768,5267456,256,1
strassen,64,densa,D10,a,11,20,0.098735,32768,5267456,256,1
strassen,64,densa,D10,a,12,20,0.10029,32768,5267456,256,1
strassen,64,densa,D10,a,13,20,0.09649,32768,5267456,256,1
strassen,64,densa,D10,a,14,20,0.09655,32768,5267456,256,1
strassen,64,densa,D10,a,15,20,0.09705,32768,5267456,256,1
naive,64,densa,D10,b,1,20,0.098715,32768,5267456,256,1
naive,64,densa,D10,b,2,20,0.096725,32768,5267456,256,1
naive,64,densa,D10,b,3,20,0.09678,32768,5267456,256,1
naive,64,densa,D10,b,4,20,0.09688,32768,5267456,256,1
naive,64,densa,D10,b,5,20,0.096115,32768,5267456,256,1
naive,64,densa,D10,b,6,20,0.096385,32768,5267456,256,1
naive,64,densa,D10,b,7,20,0.09634,32768,5267456,256,1
naive,64,densa,D10,b,8,20,0.09691,32768,5267456,256,1
naive,64,densa,D10,b,9,20,0.096345,32768,5267456,256,1
naive,64,densa,D10,b,10,20,0.096755,32768,5267456,256,1
naive,64,densa,D10,b,11,20,0.095615,32768,5267456,256,1
naive,64,densa,D10,b,12,20,0.0962,32768,5267456,256,1
naive,64,densa,D10,b,13,20,0.096765,32768,5267456,256,1
naive,64,densa,D10,b,14,20,0.096835,32768,5267456,256,1
naive,64,densa,D10,b,15,20,0.096485,32768,5267456,256,1
strassen,64,densa,D10,b,1,20,0.095945,32768,5267456,256,1
strassen,64,densa,D10,b,2,20,0.09634,32768,5267456,256,1
strassen,64,densa,D10,b,3,20,0.0974,32768,5267456,256,1
strassen,64,densa,D10,b,4,20,0.09736,32768,5267456,256,1
strassen,64,densa,D10,b,5,20,0.09675,32768,5267456,256,1
strassen,64,densa,D10,b,6,20,0.09691,32768,5267456,256,1
strassen,64,densa,D10,b,7,20,0.097375,32768,5267456,256,1
strassen,64,densa,D10,b,8,20,0.0969,32768,5267456,256,1
strassen,64,densa,D10,b,9,20,0.09718,32768,5267456,256,1
strassen,64,densa,D10,b,10,20,0.096935,32768,5267456,256,1
strassen,64,densa,D10,b,11,20,0.096785,32768,5267456,256,1
strassen,64,densa,D10,b,12,20,0.096475,32768,5267456,256,1
strassen,64,densa,D10,b,13,20,0.09703,32768,5267456,256,1
strassen,64,densa,D10,b,14,20,0.097185,32768,5267456,256,1
strassen,64,densa,D10,b,15,20,0.09666,32768,5267456,256,1
naive,64,densa,D10,c,1,20,0.096815,32768,5267456,256,1
naive,64,densa,D10,c,2,20,0.09632,32768,5267456,256,1
naive,64,densa,D10,c,3,20,0.095905,32768,5267456,256,1
naive,64,densa,D10,c,4,20,0.09636,32768,5267456,256,1
naive,64,densa,D10,c,5,20,0.096695,32768,5267456,256,1
naive,64,densa,D10,c,6,20,0.096425,32768,5267456,256,1
naive,64,densa,D10,c,7,20,0.096225,32768,5267456,256,1
naive,64,densa,D10,c,8,20,0.095355,32768,5267456,256,1
naive,64,densa,D10,c,9,20,0.095955,32768,5267456,256,1
naive,64,densa,D10,c,10,20,0.0968,32768,5267456,256,1
naive,64,densa,D10,c,11,20,0.096815,32768,5267456,256,1
naive,64,densa,D10,c,12,20,0.096555,32768,5267456,256,1
naive,64,densa,D10,c,13,20,0.09627,32768,5267456,256,1
naive,64,densa,D10,c,14,20,0.096395,32768,5267456,256,1
naive,64,densa,D10,c,15,20,0.096655,32768,5267456,256,1
strassen,64,densa,D10,c,1,20,0.096035,32768,5267456,256,1
strassen,64,densa,D10,c,2,20,0.09586,32768,5267456,256,1
strassen,64,densa,D10,c,3,20,0.09639,32768,5267456,256,1
strassen,64,densa,D10,c,4,20,0.09678,32768,5267456,256,1
strassen,64,densa,D10,c,5,20,0.097015,32768,5267456,256,1
strassen,64,densa,D10,c,6,20,0.09647,32768,5267456,256,1
strassen,64,densa,D10,c,7,20,0.096255,32768,5267456,256,1
strassen,64,densa,D10,c,8,20,0.09614,32768,5267456,256,1
strassen,64,densa,D10,c,9,20,0.097005,32768,5267456,256,1
strassen,64,densa,D10,c,10,20,0.09628,32768,5267456,256,1
strassen,64,densa,D10,c,11,20,0.09874,32768,5267456,256,1
strassen,64,densa,D10,c,12,20,0.096065,32768,5267456,256,1
strassen,64,densa,D10,c,13,20,0.096375,32768,5267456,256,1
strassen,64,densa,D10,c,14,20,0.096735,32768,5267456,256,1
strassen,64,densa,D10,c,15,20,0.09677,32768,5267456,256,1
naive,64,diagonal,D0,a,1,20,0.096265,32768,5267456,256,1
naive,64,diagonal,D0,a,2,20,0.095905,32768,5267456,256,1
naive,64,diagonal,D0,a,3,20,0.09708,32768,5267456,256,1
naive,64,diagonal,D0,a,4,20,0.09699,32768,5267456,256,1
naive,64,diagonal,D0,a,5,20,0.09693,32768,5267456,256,1
naive,64,diagonal,D0,a,6,20,0.097095,32768,5267456,256,1
naive,64,diagonal,D0,a,7,20,0.096415,32768,5267456,256,1
naive,64,diagonal,D0,a,8,20,0.096725,32768,5267456,256,1
naive,64,diagonal,D0,a,9,20,0.09967,32768,5267456,256,1
naive,64,diagonal,D0,a,10,20,0.09708,32768,5267456,256,1
naive,64,diagonal,D0,a,11,20,0.097505,32768,5267456,256,1
naive,64,diagonal,D0,a,12,20,0.096625,32768,5267456,256,1
naive,64,diagonal,D0,a,13,20,0.09649,32768,5267456,256,1
naive,64,diagonal,D0,a,14,20,0.097725,32768,5267456,256,1
naive,64,diagonal,D0,a,15,20,0.096795,32768,5267456,256,1
strassen,64,diagonal,D0,a,1,20,0.097255,32768,5267456,256,1
strassen,64,diagonal,D0,a,2,20,0.09701,32768,5267456,256,1
strassen,64,diagonal,D0,a,3,20,0.096335,32768,5267456,256,1
strassen,64,diagonal,D0,a,4,20,0.09875,32768,5267456,256,1
strassen,64,diagonal,D0,a,5,20,0.09878,32768,5267456,256,1
strassen,64,diagonal,D0,a,6,20,0.096815,32768,5267456,256,1
strassen,64,diagonal,D0,a,7,20,0.09809,32768,5267456,256,1
strassen,64,diagonal,D0,a,8,20,0.098575,32768,5267456,256,1
strassen,64,diagonal,D0,a,9,20,0.09825,32768,5267456,256,1
strassen,64,diagonal,D0,a,10,20,0.098125,32768,5267456,256,1
strassen,64,diagonal,D0,a,11,20,0.096685,32768,5267456,256,1
strassen,64,diagonal,D0,a,12,20,0.09998,32768,5267456,256,1
strassen,64,diagonal,D0,a,13,20,0.097245,32768,5267456,256,1
strassen,64,diagonal,D0,a,14,20,0.09577,32768,5267456,256,1
strassen,64,diagonal,D0,a,15,20,0.096685,32768,5267456,256,1
naive,64,diagonal,D0,b,1,20,0.094715,32768,5267456,256,1
naive,64,diagonal,D0,b,2,20,0.09558,32768,5267456,256,1
naive,64,diagonal,D0,b,3,20,0.095935,32768,5267456,256,1
naive,64,diagonal,D0,b,4,20,0.096385,32768,5267456,256,1
naive,64,diagonal,D0,b,5,20,0.0958,32768,5267456,256,1
naive,64,diagonal,D0,b,6,20,0.09632,32768,5267456,256,1
naive,64,diagonal,D0,b,7,20,0.095965,32768,5267456,256,1
naive,64,diagonal,D0,b,8,20,0.09598,32768,5267456,256,1
naive,64,diagonal,D0,b,9,20,0.09588,32768,5267456,256,1
naive,64,diagonal,D0,b,10,20,0.09582,32768,5267456,256,1
naive,64,diagonal,D0,b,11,20,0.09585,32768,5267456,256,1
naive,64,diagonal,D0,b,12,20,0.096045,32768,5267456,256,1
naive,64,diagonal,D0,b,13,20,0.09597,32768,5267456,256,1
naive,64,diagonal,D0,b,14,20,0.09593,32768,5267456,256,1
naive,64,diagonal,D0,b,15,20,0.0959,32768,5267456,256,1
strassen,64,diagonal,D0,b,1,20,0.095775,32768,5267456,256,1
strassen,64,diagonal,D0,b,2,20,0.096105,32768,5267456,256,1
strassen,64,diagonal,D0,b,3,20,0.096325,32768,5267456,256,1
strassen,64,diagonal,D0,b,4,20,0.096315,32768,5267456,256,1
strassen,64,diagonal,D0,b,5,20,0.096735,32768,5267456,256,1
strassen,64,diagonal,D0,b,6,20,0.09639,32768,5267456,256,1
strassen,64,diagonal,D0,b,7,20,0.09626,32768,5267456,256,1
strassen,64,diagonal,D0,b,8,20,0.09622,32768,5267456,256,1
strassen,64,diagonal,D0,b,9,20,0.09634,32768,5267456,256,1
strassen,64,diagonal,D0,b,10,20,0.096335,32768,5267456,256,1
strassen,64,diagonal,D0,b,11,20,0.09613,32768,5267456,256,1
strassen,64,diagonal,D0,b,12,20,0.09655,32768,5267456,256,1
strassen,64,diagonal,D0,b,13,20,0.096275,32768,5267456,256,1
strassen,64,diagonal,D0,b,14,20,0.096285,32768,5267456,256,1
strassen,64,diagonal,D0,b,15,20,0.09649,32768,5267456,256,1
naive,64,diagonal,D0,c,1,20,0.09579,32768,5267456,256,1
naive,64,diagonal,D0,c,2,20,0.096055,32768,5267456,256,1
naive,64,diagonal,D0,c,3,20,0.09598,32768,5267456,256,1
naive,64,diagonal,D0,c,4,20,0.096505,32768,5267456,256,1
naive,64,diagonal,D0,c,5,20,0.09628,32768,5267456,256,1
naive,64,diagonal,D0,c,6,20,0.095995,32768,5267456,256,1
naive,64,diagonal,D0,c,7,20,0.09586,32768,5267456,256,1
naive,64,diagonal,D0,c,8,20,0.095975,32768,5267456,256,1
naive,64,diagonal,D0,c,9,20,0.09599,32768,5267456,256,1
naive,64,diagonal,D0,c,10,20,0.09587,32768,5267456,256,1
naive,64,diagonal,D0,c,11,20,0.09592,32768,5267456,256,1
naive,64,diagonal,D0,c,12,20,0.095895,32768,5267456,256,1
naive,64,diagonal,D0,c,13,20,0.09618,32768,5267456,256,1
naive,64,diagonal,D0,c,14,20,0.096255,32768,5267456,256,1
naive,64,diagonal,D0,c,15,20,0.09589,32768,5267456,256,1
strassen,64,diagonal,D0,c,1,20,0.09606,32768,5267456,256,1
strassen,64,diagonal,D0,c,2,20,0.09624,32768,5267456,256,1
strassen,64,diagonal,D0,c,3,20,0.096185,32768,5267456,256,1
strassen,64,diagonal,D0,c,4,20,0.09606,32768,5267456,256,1
strassen,64,diagonal,D0,c,5,20,0.09624,32768,5267456,256,1
strassen,64,diagonal,D0,c,6,20,0.096475,32768,5267456,256,1
strassen,64,diagonal,D0,c,7,20,0.09619,32768,5267456,256,1
strassen,64,diagonal,D0,c,8,20,0.096205,32768,5267456,256,1
strassen,64,diagonal,D0,c,9,20,0.09625,32768,5267456,256,1
strassen,64,diagonal,D0,c,10,20,0.09609,32768,5267456,256,1
strassen,64,diagonal,D0,c,11,20,0.09638,32768,5267456,256,1
strassen,64,diagonal,D0,c,12,20,0.096325,32768,5267456,256,1
strassen,64,diagonal,D0,c,13,20,0.096405,32768,5267456,256,1
strassen,64,diagonal,D0,c,14,20,0.096315,32768,5267456,256,1
strassen,64,diagonal,D0,c,15,20,0.09616,32768,5267456,256,1
naive,64,diagonal,D10,a,1,20,0.09593,32768,5267456,256,1
naive,64,diagonal,D10,a,2,20,0.09557,32768,5267456,256,1
naive,64,diagonal,D10,a,3,20,0.09598,32768,5267456,256,1
naive,64,diagonal,D10,a,4,20,0.095845,32768,5267456,256,1
naive,64,diagonal,D10,a,5,20,0.096035,32768,5267456,256,1
naive,64,diagonal,D10,a,6,20,0.09575,32768,5267456,256,1
naive,64,diagonal,D10,a,7,20,0.09584,32768,5267456,256,1
naive,64,diagonal,D10,a,8,20,0.0961,32768,5267456,256,1
naive,64,diagonal,D10,a,9,20,0.095925,32768,5267456,256,1
naive,64,diagonal,D10,a,10,20,0.095855,32768,5267456,256,1
naive,64,diagonal,D10,a,11,20,0.09605,32768,5267456,256,1
naive,64,diagonal,D10,a,12,20,0.09593,32768,5267456,256,1
naive,64,diagonal,D10,a,13,20,0.09597,32768,5267456,256,1
naive,64,diagonal,D10,a,14,20,0.095625,32768,5267456,256,1
naive,64,diagonal,D10,a,15,20,0.096595,32768,5267456,256,1
strassen,64,diagonal,D10,a,1,20,0.095165,32768,5267456,256,1
strassen,64,diagonal,D10,a,2,20,0.09436,32768,5267456,256,1
strassen,64,diagonal,D10,a,3,20,0.096505,32768,5267456,256,1
strassen,64,diagonal,D10,a,4,20,0.09635,32768,5267456,256,1
strassen,64,diagonal,D10,a,5,20,0.09617,32768,5267456,256,1
strassen,64,diagonal,D10,a,6,20,0.09597,32768,5267456,256,1
strassen,64,diagonal,D10,a,7,20,0.095985,32768,5267456,256,1
strassen,64,diagonal,D10,a,8,20,0.096185,32768,5267456,256,1
strassen,64,diagonal,D10,a,9,20,0.096395,32768,5267456,256,1
strassen,64,diagonal,D10,a,10,20,0.09622,32768,5267456,256,1
strassen,64,diagonal,D10,a,11,20,0.096275,32768,5267456,256,1
strassen,64,diagonal,D10,a,12,20,0.09498,32768,5267456,256,1
strassen,64,diagonal,D10,a,13,20,0.096265,32768,5267456,256,1
strassen,64,diagonal,D10,a,14,20,0.096305,32768,5267456,256,1
strassen,64,diagonal,D10,a,15,20,0.09636,32768,5267456,256,1
naive,64,diagonal,D10,b,1,20,0.09594,32768,5267456,256,1
naive,64,diagonal,D10,b,2,20,0.09746,32768,5267456,256,1
naive,64,diagonal,D10,b,3,20,0.09596,32768,5267456,256,1
naive,64,diagonal,D10,b,4,20,0.095715,32768,5267456,256,1
naive,64,diagonal,D10,b,5,20,0.09501,32768,5267456,256,1
naive,64,diagonal,D10,b,6,20,0.095235,32768,5267456,256,1
naive,64,diagonal,D10,b,7,20,0.095955,32768,5267456,256,1
naive,64,diagonal,D10,b,8,20,0.095565,32768,5267456,256,1
naive,64,diagonal,D10,b,9,20,0.09548,32768,5267456,256,1
naive,64,diagonal,D10,b,10,20,0.09901,32768,5267456,256,1
naive,64,diagonal,D10,b,11,20,0.095265,32768,5267456,256,1
naive,64,diagonal,D10,b,12,20,0.095355,32768,5267456,256,1
naive,64,diagonal,D10,b,13,20,0.095465,32768,5267456,256,1
naive,64,diagonal,D10,b,14,20,0.09521,32768,5267456,256,1
naive,64,diagonal,D10,b,15,20,0.09572,32768,5267456,256,1
strassen,64,diagonal,D10,b,1,20,0.09541,32768,5267456,256,1
strassen,64,diagonal,D10,b,2,20,0.09566,32768,5267456,256,1
strassen,64,diagonal,D10,b,3,20,0.095245,32768,5267456,256,1
strassen,64,diagonal,D10,b,4,20,0.0959,32768,5267456,256,1
strassen,64,diagonal,D10,b,5,20,0.09616,32768,5267456,256,1
strassen,64,diagonal,D10,b,6,20,0.09577,32768,5267456,256,1
strassen,64,diagonal,D10,b,7,20,0.09726,32768,5267456,256,1
strassen,64,diagonal,D10,b,8,20,0.09555,32768,5267456,256,1
strassen,64,diagonal,D10,b,9,20,0.095865,32768,5267456,256,1
strassen,64,diagonal,D10,b,10,20,0.095865,32768,5267456,256,1
strassen,64,diagonal,D10,b,11,20,0.09428,32768,5267456,256,1
strassen,64,diagonal,D10,b,12,20,0.095685,32768,5267456,256,1
strassen,64,diagonal,D10,b,13,20,0.095815,32768,5267456,256,1
strassen,64,diagonal,D10,b,14,20,0.09581,32768,5267456,256,1
strassen,64,diagonal,D10,b,15,20,0.09577,32768,5267456,256,1
naive,64,diagonal,D10,c,1,20,0.094895,32768,5267456,256,1
naive,64,diagonal,D10,c,2,20,0.095155,32768,5267456,256,1
naive,64,diagonal,D10,c,3,20,0.095,32768,5267456,256,1
naive,64,diagonal,D10,c,4,20,0.095895,32768,5267456,256,1
naive,64,diagonal,D10,c,5,20,0.095205,32768,5267456,256,1
naive,64,diagonal,D10,c,6,20,0.095005,32768,5267456,256,1
naive,64,diagonal,D10,c,7,20,0.09552,32768,5267456,256,1
naive,64,diagonal,D10,c,8,20,0.0955,32768,5267456,256,1
naive,64,diagonal,D10,c,9,20,0.094915,32768,5267456,256,1
naive,64,diagonal,D10,c,10,20,0.095555,32768,5267456,256,1
naive,64,diagonal,D10,c,11,20,0.09504,32768,5267456,256,1
naive,64,diagonal,D10,c,12,20,0.09523,32768,5267456,256,1
naive,64,diagonal,D10,c,13,20,0.095835,32768,5267456,256,1
naive,64,diagonal,D10,c,14,20,0.09534,32768,5267456,256,1
naive,64,diagonal,D10,c,15,20,0.095465,32768,5267456,256,1
strassen,64,diagonal,D10,c,1,20,0.0955,32768,5267456,256,1
strassen,64,diagonal,D10,c,2,20,0.096085,32768,5267456,256,1
strassen,64,diagonal,D10,c,3,20,0.0957,32768,5267456,256,1
strassen,64,diagonal,D10,c,4,20,0.095725,32768,5267456,256,1
strassen,64,diagonal,D10,c,5,20,0.09584,32768,5267456,256,1
strassen,64,diagonal,D10,c,6,20,0.092285,32768,5267456,256,1
strassen,64,diagonal,D10,c,7,20,0.095825,32768,5267456,256,1
strassen,64,diagonal,D10,c,8,20,0.09564,32768,5267456,256,1
strassen,64,diagonal,D10,c,9,20,0.0949,32768,5267456,256,1
strassen,64,diagonal,D10,c,10,20,0.09587,32768,5267456,256,1
strassen,64,diagonal,D10,c,11,20,0.09577,32768,5267456,256,1
strassen,64,diagonal,D10,c,12,20,0.0958,32768,5267456,256,1
strassen,64,diagonal,D10,c,13,20,0.09579,32768,5267456,256,1
strassen,64,diagonal,D10,c,14,20,0.095825,32768,5267456,256,1
strassen,64,diagonal,D10,c,15,20,0.095745,32768,5267456,256,1
naive,64,dispersa,D0,a,1,20,0.095755,32768,5267456,256,1
naive,64,dispersa,D0,a,2,20,0.09509,32768,5267456,256,1
naive,64,dispersa,D0,a,3,20,0.095405,32768,5267456,256,1
naive,64,dispersa,D0,a,4,20,0.094925,32768,5267456,256,1
naive,64,dispersa,D0,a,5,20,0.09502,32768,5267456,256,1
naive,64,dispersa,D0,a,6,20,0.094985,32768,5267456,256,1
naive,64,dispersa,D0,a,7,20,0.09487,32768,5267456,256,1
naive,64,dispersa,D0,a,8,20,0.094975,32768,5267456,256,1
naive,64,dispersa,D0,a,9,20,0.095105,32768,5267456,256,1
naive,64,dispersa,D0,a,10,20,0.095435,32768,5267456,256,1
naive,64,dispersa,D0,a,11,20,0.095485,32768,5267456,256,1
naive,64,dispersa,D0,a,12,20,0.09548,32768,5267456,256,1
naive,64,dispersa,D0,a,13,20,0.095015,32768,5267456,256,1
naive,64,dispersa,D0,a,14,20,0.0952,32768,5267456,256,1
naive,64,dispersa,D0,a,15,20,0.094775,32768,5267456,256,1
strassen,64,dispersa,D0,a,1,20,0.09539,32768,5267456,256,1
strassen,64,dispersa,D0,a,2,20,0.094855,32768,5267456,256,1
strassen,64,dispersa,D0,a,3,20,0.09569,32768,5267456,256,1
strassen,64,dispersa,D0,a,4,20,0.09578,32768,5267456,256,1
strassen,64,dispersa,D0,a,5,20,0.09442,32768,5267456,256,1
strassen,64,dispersa,D0,a,6,20,0.095885,32768,5267456,256,1
strassen,64,dispersa,D0,a,7,20,0.09575,32768,5267456,256,1
strassen,64,dispersa,D0,a,8,20,0.095695,32768,5267456,256,1
strassen,64,dispersa,D0,a,9,20,0.093995,32768,5267456,256,1
strassen,64,dispersa,D0,a,10,20,0.095895,32768,5267456,256,1
strassen,64,dispersa,D0,a,11,20,0.09499,32768,5267456,256,1
strassen,64,dispersa,D0,a,12,20,0.095775,32768,5267456,256,1
strassen,64,dispersa,D0,a,13,20,0.095715,32768,5267456,256,1
strassen,64,dispersa,D0,a,14,20,0.09588,32768,5267456,256,1
strassen,64,dispersa,D0,a,15,20,0.095485,32768,5267456,256,1
naive,64,dispersa,D0,b,1,20,0.095525,32768,5267456,256,1
naive,64,dispersa,D0,b,2,20,0.09548,32768,5267456,256,1
naive,64,dispersa,D0,b,3,20,0.095605,32768,5267456,256,1
naive,64,dispersa,D0,b,4,20,0.095455,32768,5267456,256,1
naive,64,dispersa,D0,b,5,20,0.09537,32768,5267456,256,1
naive,64,dispersa,D0,b,6,20,0.09545,32768,5267456,256,1
naive,64,dispersa,D0,b,7,20,0.095315,32768,5267456,256,1
naive,64,dispersa,D0,b,8,20,0.095195,32768,5267456,256,1
naive,64,dispersa,D0,b,9,20,0.095235,32768,5267456,256,1
naive,64,dispersa,D0,b,10,20,0.095615,32768,5267456,256,1
naive,64,dispersa,D0,b,11,20,0.095315,32768,5267456,256,1
naive,64,dispersa,D0,b,12,20,0.0949,32768,5267456,256,1
naive,64,dispersa,D0,b,13,20,0.09541,32768,5267456,256,1
naive,64,dispersa,D0,b,14,20,0.09471,32768,5267456,256,1
naive,64,dispersa,D0,b,15,20,0.09492,32768,5267456,256,1
strassen,64,dispersa,D0,b,1,20,0.09437,32768,5267456,256,1
strassen,64,dispersa,D0,b,2,20,0.09514,32768,5267456,256,1
strassen,64,dispersa,D0,b,3,20,0.09477,32768,5267456,256,1
strassen,64,dispersa,D0,b,4,20,0.09585,32768,5267456,256,1
strassen,64,dispersa,D0,b,5,20,0.09518,32768,5267456,256,1
strassen,64,dispersa,D0,b,6,20,0.094605,32768,5267456,256,1
strassen,64,dispersa,D0,b,7,20,0.095685,32768,5267456,256,1
strassen,64,dispersa,D0,b,8,20,0.095275,32768,5267456,256,1
strassen,64,dispersa,D0,b,9,20,0.093555,32768,5267456,256,1
strassen,64,dispersa,D0,b,10,20,0.09506,32768,5267456,256,1
strassen,64,dispersa,D0,b,11,20,0.09204,32768,5267456,256,1
strassen,64,dispersa,D0,b,12,20,0.094725,32768,5267456,256,1
strassen,64,dispersa,D0,b,13,20,0.095355,32768,5267456,256,1
strassen,64,dispersa,D0,b,14,20,0.09572,32768,5267456,256,1
strassen,64,dispersa,D0,b,15,20,0.09571,32768,5267456,256,1
naive,64,dispersa,D0,c,1,20,0.095625,32768,5267456,256,1
naive,64,dispersa,D0,c,2,20,0.09454,32768,5267456,256,1
naive,64,dispersa,D0,c,3,20,0.095265,32768,5267456,256,1
naive,64,dispersa,D0,c,4,20,0.095765,32768,5267456,256,1
naive,64,dispersa,D0,c,5,20,0.09486,32768,5267456,256,1
naive,64,dispersa,D0,c,6,20,0.09558,32768,5267456,256,1
naive,64,dispersa,D0,c,7,20,0.095075,32768,5267456,256,1
naive,64,dispersa,D0,c,8,20,0.09545,32768,5267456,256,1
naive,64,dispersa,D0,c,9,20,0.095425,32768,5267456,256,1
naive,64,dispersa,D0,c,10,20,0.09492,32768,5267456,256,1
naive,64,dispersa,D0,c,11,20,0.09511,32768,5267456,256,1
naive,64,dispersa,D0,c,12,20,0.095465,32768,5267456,256,1
naive,64,dispersa,D0,c,13,20,0.095055,32768,5267456,256,1
naive,64,dispersa,D0,c,14,20,0.095435,32768,5267456,256,1
naive,64,dispersa,D0,c,15,20,0.09496,32768,5267456,256,1
strassen,64,dispersa,D0,c,1,20,0.09494,32768,5267456,256,1
strassen,64,dispersa,D0,c,2,20,0.0958,32768,5267456,256,1
strassen,64,dispersa,D0,c,3,20,0.09524,32768,5267456,256,1
strassen,64,dispersa,D0,c,4,20,0.094105,32768,5267456,256,1
strassen,64,dispersa,D0,c,5,20,0.09601,32768,5267456,256,1
strassen,64,dispersa,D0,c,6,20,0.0941,32768,5267456,256,1
strassen,64,dispersa,D0,c,7,20,0.09589,32768,5267456,256,1
strassen,64,dispersa,D0,c,8,20,0.095875,32768,5267456,256,1
strassen,64,dispersa,D0,c,9,20,0.09551,32768,5267456,256,1
strassen,64,dispersa,D0,c,10,20,0.095785,32768,5267456,256,1
strassen,64,dispersa,D0,c,11,20,0.095825,32768,5267456,256,1
strassen,64,dispersa,D0,c,12,20,0.094385,32768,5267456,256,1
strassen,64,dispersa,D0,c,13,20,0.095635,32768,5267456,256,1
strassen,64,dispersa,D0,c,14,20,0.095285,32768,5267456,256,1
strassen,64,dispersa,D0,c,15,20,0.0939,32768,5267456,256,1
naive,64,dispersa,D10,a,1,20,0.095075,32768,5267456,256,1
naive,64,dispersa,D10,a,2,20,0.096605,32768,5267456,256,1
naive,64,dispersa,D10,a,3,20,0.0961,32768,5267456,256,1
naive,64,dispersa,D10,a,4,20,0.097295,32768,5267456,256,1
naive,64,dispersa,D10,a,5,20,0.097045,32768,5267456,256,1
naive,64,dispersa,D10,a,6,20,0.095325,32768,5267456,256,1
naive,64,dispersa,D10,a,7,20,0.095525,32768,5267456,256,1
naive,64,dispersa,D10,a,8,20,0.09481,32768,5267456,256,1
naive,64,dispersa,D10,a,9,20,0.09511,32768,5267456,256,1
naive,64,dispersa,D10,a,10,20,0.095925,32768,5267456,256,1
naive,64,dispersa,D10,a,11,20,0.09567,32768,5267456,256,1
naive,64,dispersa,D10,a,12,20,0.09696,32768,5267456,256,1
naive,64,dispersa,D10,a,13,20,0.09585,32768,5267456,256,1
naive,64,dispersa,D10,a,14,20,0.095515,32768,5267456,256,1
naive,64,dispersa,D10,a,15,20,0.09533,32768,5267456,256,1
strassen,64,dispersa,D10,a,1,20,0.095615,32768,5267456,256,1
strassen,64,dispersa,D10,a,2,20,0.095295,32768,5267456,256,1
strassen,64,dispersa,D10,a,3,20,0.096515,32768,5267456,256,1
strassen,64,dispersa,D10,a,4,20,0.0936,32768,5267456,256,1
strassen,64,dispersa,D10,a,5,20,0.096775,32768,5267456,256,1
strassen,64,dispersa,D10,a,6,20,0.097085,32768,5267456,256,1
strassen,64,dispersa,D10,a,7,20,0.095575,32768,5267456,256,1
strassen,64,dispersa,D10,a,8,20,0.09546,32768,5267456,256,1
strassen,64,dispersa,D10,a,9,20,0.095705,32768,5267456,256,1
strassen,64,dispersa,D10,a,10,20,0.095155,32768,5267456,256,1
strassen,64,dispersa,D10,a,11,20,0.09665,32768,5267456,256,1
strassen,64,dispersa,D10,a,12,20,0.09266,32768,5267456,256,1
strassen,64,dispersa,D10,a,13,20,0.0932,32768,5267456,256,1
strassen,64,dispersa,D10,a,14,20,0.09574,32768,5267456,256,1
strassen,64,dispersa,D10,a,15,20,0.09545,32768,5267456,256,1
naive,64,dispersa,D10,b,1,20,0.09531,32768,5267456,256,1
naive,64,dispersa,D10,b,2,20,0.09485,32768,5267456,256,1
naive,64,dispersa,D10,b,3,20,0.09545,32768,5267456,256,1
naive,64,dispersa,D10,b,4,20,0.095015,32768,5267456,256,1
naive,64,dispersa,D10,b,5,20,0.09539,32768,5267456,256,1
naive,64,dispersa,D10,b,6,20,0.095305,32768,5267456,256,1
naive,64,dispersa,D10,b,7,20,0.09491,32768,5267456,256,1
naive,64,dispersa,D10,b,8,20,0.09547,32768,5267456,256,1
naive,64,dispersa,D10,b,9,20,0.0955,32768,5267456,256,1
naive,64,dispersa,D10,b,10,20,0.095025,32768,5267456,256,1
naive,64,dispersa,D10,b,11,20,0.095475,32768,5267456,256,1
naive,64,dispersa,D10,b,12,20,0.094945,32768,5267456,256,1
naive,64,dispersa,D10,b,13,20,0.09476,32768,5267456,256,1
naive,64,dispersa,D10,b,14,20,0.095435,32768,5267456,256,1
naive,64,dispersa,D10,b,15,20,0.095015,32768,5267456,256,1
strassen,64,dispersa,D10,b,1,20,0.09542,32768,5267456,256,1
strassen,64,dispersa,D10,b,2,20,0.093795,32768,5267456,256,1
strassen,64,dispersa,D10,b,3,20,0.094325,32768,5267456,256,1
strassen,64,dispersa,D10,b,4,20,0.09208,32768,5267456,256,1
strassen,64,dispersa,D10,b,5,20,0.095325,32768,5267456,256,1
strassen,64,dispersa,D10,b,6,20,0.09557,32768,5267456,256,1
strassen,64,dispersa,D10,b,7,20,0.0951,32768,5267456,256,1
strassen,64,dispersa,D10,b,8,20,0.095415,32768,5267456,256,1
strassen,64,dispersa,D10,b,9,20,0.09539,32768,5267456,256,1
strassen,64,dispersa,D10,b,10,20,0.09537,32768,5267456,256,1
strassen,64,dispersa,D10,b,11,20,0.095295,32768,5267456,256,1
strassen,64,dispersa,D10,b,12,20,0.092005,32768,5267456,256,1
strassen,64,dispersa,D10,b,13,20,0.095095,32768,5267456,256,1
strassen,64,dispersa,D10,b,14,20,0.094505,32768,5267456,256,1
strassen,64,dispersa,D10,b,15,20,0.09457,32768,5267456,256,1
naive,64,dispersa,D10,c,1,20,0.095065,32768,5267456,256,1
naive,64,dispersa,D10,c,2,20,0.09489,32768,5267456,256,1
naive,64,dispersa,D10,c,3,20,0.095225,32768,5267456,256,1
naive,64,dispersa,D10,c,4,20,0.094295,32768,5267456,256,1
naive,64,dispersa,D10,c,5,20,0.09503,32768,5267456,256,1
naive,64,dispersa,D10,c,6,20,0.09501,32768,5267456,256,1
naive,64,dispersa,D10,c,7,20,0.09503,32768,5267456,256,1
naive,64,dispersa,D10,c,8,20,0.095005,32768,5267456,256,1
naive,64,dispersa,D10,c,9,20,0.095035,32768,5267456,256,1
naive,64,dispersa,D10,c,10,20,0.094705,32768,5267456,256,1
naive,64,dispersa,D10,c,11,20,0.094965,32768,5267456,256,1
naive,64,dispersa,D10,c,12,20,0.09512,32768,5267456,256,1
naive,64,dispersa,D10,c,13,20,0.09492,32768,5267456,256,1
naive,64,dispersa,D10,c,14,20,0.094955,32768,5267456,256,1
naive,64,dispersa,D10,c,15,20,0.094265,32768,5267456,256,1
strassen,64,dispersa,D10,c,1,20,0.09538,32768,5267456,256,1
strassen,64,dispersa,D10,c,2,20,0.09545,32768,5267456,256,1
strassen,64,dispersa,D10,c,3,20,0.09465,32768,5267456,256,1
strassen,64,dispersa,D10,c,4,20,0.095605,32768,5267456,256,1
strassen,64,dispersa,D10,c,5,20,0.0953,32768,5267456,256,1
strassen,64,dispersa,D10,c,6,20,0.09455,32768,5267456,256,1
strassen,64,dispersa,D10,c,7,20,0.09578,32768,5267456,256,1
strassen,64,dispersa,D10,c,8,20,0.09437,32768,5267456,256,1
strassen,64,dispersa,D10,c,9,20,0.0946,32768,5267456,256,1
strassen,64,dispersa,D10,c,10,20,0.094565,32768,5267456,256,1
strassen,64,dispersa,D10,c,11,20,0.095275,32768,5267456,256,1
strassen,64,dispersa,D10,c,12,20,0.09461,32768,5267456,256,1
strassen,64,dispersa,D10,c,13,20,0.0954,32768,5267456,256,1
strassen,64,dispersa,D10,c,14,20,0.0953,32768,5267456,256,1
strassen,64,dispersa,D10,c,15,20,0.09491,32768,5267456,256,1
naive,256,densa,D0,a,1,3,16.7016,524288,7340032,256,1
naive,256,densa,D0,a,2,3,16.6886,524288,7340032,256,1
naive,256,densa,D0,a,3,3,16.7337,524288,7340032,256,1
naive,256,densa,D0,a,4,3,16.7255,524288,7340032,256,1
naive,256,densa,D0,a,5,3,16.7163,524288,7340032,256,1
naive,256,densa,D0,a,6,3,16.5697,524288,7340032,256,1
naive,256,densa,D0,a,7,3,16.6806,524288,7340032,256,1
strassen,256,densa,D0,a,1,3,16.497,524288,7872512,256,1
strassen,256,densa,D0,a,2,3,16.4216,524288,7872512,256,1
strassen,256,densa,D0,a,3,3,16.3804,524288,7872512,256,1
strassen,256,densa,D0,a,4,3,16.4207,524288,7872512,256,1
strassen,256,densa,D0,a,5,3,16.4282,524288,7872512,256,1
strassen,256,densa,D0,a,6,3,16.4714,524288,7872512,256,1
strassen,256,densa,D0,a,7,3,16.7846,524288,7872512,256,1
naive,256,densa,D0,b,1,3,16.6141,524288,7872512,256,1
naive,256,densa,D0,b,2,3,16.7151,524288,7872512,256,1
naive,256,densa,D0,b,3,3,16.6028,524288,7872512,256,1
naive,256,densa,D0,b,4,3,16.6705,524288,7872512,256,1
naive,256,densa,D0,b,5,3,16.6664,524288,7872512,256,1
naive,256,densa,D0,b,6,3,16.6848,524288,7872512,256,1
naive,256,densa,D0,b,7,3,16.6752,524288,7872512,256,1
strassen,256,densa,D0,b,1,3,16.4756,524288,7872512,256,1
strassen,256,densa,D0,b,2,3,16.4292,524288,7872512,256,1
strassen,256,densa,D0,b,3,3,16.541,524288,7872512,256,1
strassen,256,densa,D0,b,4,3,16.6329,524288,7872512,256,1
strassen,256,densa,D0,b,5,3,16.5414,524288,7872512,256,1
strassen,256,densa,D0,b,6,3,16.4887,524288,7872512,256,1
strassen,256,densa,D0,b,7,3,16.4329,524288,7872512,256,1
naive,256,densa,D0,c,1,3,16.712,524288,7872512,256,1
naive,256,densa,D0,c,2,3,16.6768,524288,7872512,256,1
naive,256,densa,D0,c,3,3,16.6577,524288,7872512,256,1
naive,256,densa,D0,c,4,3,16.6772,524288,7872512,256,1
naive,256,densa,D0,c,5,3,16.6872,524288,7872512,256,1
naive,256,densa,D0,c,6,3,16.8441,524288,7872512,256,1
naive,256,densa,D0,c,7,3,16.8107,524288,7872512,256,1
strassen,256,densa,D0,c,1,3,16.7051,524288,7872512,256,1
strassen,256,densa,D0,c,2,3,16.3957,524288,7872512,256,1
strassen,256,densa,D0,c,3,3,16.399,524288,7872512,256,1
strassen,256,densa,D0,c,4,3,16.3327,524288,7872512,256,1
strassen,256,densa,D0,c,5,3,16.2963,524288,7872512,256,1
strassen,256,densa,D0,c,6,3,16.331,524288,7872512,256,1
strassen,256,densa,D0,c,7,3,16.3834,524288,7872512,256,1
naive,256,densa,D10,a,1,3,16.7494,524288,7872512,256,1
naive,256,densa,D10,a,2,3,16.7659,524288,7872512,256,1
naive,256,densa,D10,a,3,3,16.7571,524288,7872512,256,1
naive,256,densa,D10,a,4,3,16.8548,524288,7872512,256,1
naive,256,densa,D10,a,5,3,16.7891,524288,7872512,256,1
naive,256,densa,D10,a,6,3,16.878,524288,7872512,256,1
naive,256,densa,D10,a,7,3,16.7797,524288,7872512,256,1
strassen,256,densa,D10,a,1,3,16.7192,524288,7872512,256,1
strassen,256,densa,D10,a,2,3,16.7122,524288,7872512,256,1
strassen,256,densa,D10,a,3,3,16.7215,524288,7872512,256,1
strassen,256,densa,D10,a,4,3,16.731,524288,7872512,256,1
strassen,256,densa,D10,a,5,3,16.744,524288,7872512,256,1
strassen,256,densa,D10,a,6,3,16.7403,524288,7872512,256,1
strassen,256,densa,D10,a,7,3,16.7579,524288,7872512,256,1
naive,256,densa,D10,b,1,3,16.79,524288,7872512,256,1
naive,256,densa,D10,b,2,3,16.8132,524288,7872512,256,1
naive,256,densa,D10,b,3,3,16.8482,524288,7872512,256,1
naive,256,densa,D10,b,4,3,16.8455,524288,7872512,256,1
naive,256,densa,D10,b,5,3,16.822,524288,7872512,256,1
naive,256,densa,D10,b,6,3,16.9083,524288,7872512,256,1
naive,256,densa,D10,b,7,3,16.9816,524288,7872512,256,1
strassen,256,densa,D10,b,1,3,16.9526,524288,7872512,256,1
strassen,256,densa,D10,b,2,3,16.774,524288,7872512,256,1
strassen,256,densa,D10,b,3,3,16.6628,524288,7872512,256,1
strassen,256,densa,D10,b,4,3,16.7048,524288,7872512,256,1
strassen,256,densa,D10,b,5,3,16.434,524288,7872512,256,1
strassen,256,densa,D10,b,6,3,16.5684,524288,7872512,256,1
strassen,256,densa,D10,b,7,3,16.5852,524288,7872512,256,1
naive,256,densa,D10,c,1,3,16.4625,524288,7872512,256,1
naive,256,densa,D10,c,2,3,16.5329,524288,7872512,256,1
naive,256,densa,D10,c,3,3,16.584,524288,7872512,256,1
naive,256,densa,D10,c,4,3,16.4858,524288,7872512,256,1
naive,256,densa,D10,c,5,3,16.6276,524288,7872512,256,1
naive,256,densa,D10,c,6,3,16.5466,524288,7872512,256,1
naive,256,densa,D10,c,7,3,16.5493,524288,7872512,256,1
strassen,256,densa,D10,c,1,3,16.4381,524288,7872512,256,1
strassen,256,densa,D10,c,2,3,16.1425,524288,7872512,256,1
strassen,256,densa,D10,c,3,3,15.8626,524288,7872512,256,1
strassen,256,densa,D10,c,4,3,16.6148,524288,7872512,256,1
strassen,256,densa,D10,c,5,3,16.5032,524288,7872512,256,1
strassen,256,densa,D10,c,6,3,16.5031,524288,7872512,256,1
strassen,256,densa,D10,c,7,3,16.3744,524288,7872512,256,1
naive,256,diagonal,D0,a,1,3,16.2604,524288,7872512,256,1
naive,256,diagonal,D0,a,2,3,16.3964,524288,7872512,256,1
naive,256,diagonal,D0,a,3,3,15.9695,524288,7872512,256,1
naive,256,diagonal,D0,a,4,3,16.3907,524288,7872512,256,1
naive,256,diagonal,D0,a,5,3,16.4955,524288,7872512,256,1
naive,256,diagonal,D0,a,6,3,16.3176,524288,7872512,256,1
naive,256,diagonal,D0,a,7,3,16.5983,524288,7872512,256,1
strassen,256,diagonal,D0,a,1,3,16.1535,524288,7872512,256,1
strassen,256,diagonal,D0,a,2,3,16.3665,524288,7872512,256,1
strassen,256,diagonal,D0,a,3,3,15.8565,524288,7872512,256,1
strassen,256,diagonal,D0,a,4,3,15.9443,524288,7872512,256,1
strassen,256,diagonal,D0,a,5,3,16.1053,524288,7872512,256,1
strassen,256,diagonal,D0,a,6,3,16.0271,524288,7872512,256,1
strassen,256,diagonal,D0,a,7,3,16.1568,524288,7872512,256,1
naive,256,diagonal,D0,b,1,3,16.4913,524288,7872512,256,1
naive,256,diagonal,D0,b,2,3,16.4982,524288,7872512,256,1
naive,256,diagonal,D0,b,3,3,16.6232,524288,7872512,256,1
naive,256,diagonal,D0,b,4,3,16.6273,524288,7872512,256,1
naive,256,diagonal,D0,b,5,3,16.5496,524288,7872512,256,1
naive,256,diagonal,D0,b,6,3,16.4289,524288,7872512,256,1
naive,256,diagonal,D0,b,7,3,16.4201,524288,7872512,256,1
strassen,256,diagonal,D0,b,1,3,16.3324,524288,7872512,256,1
strassen,256,diagonal,D0,b,2,3,16.5262,524288,7872512,256,1
strassen,256,diagonal,D0,b,3,3,16.5794,524288,7872512,256,1
strassen,256,diagonal,D0,b,4,3,16.4555,524288,7872512,256,1
strassen,256,diagonal,D0,b,5,3,16.5046,524288,7872512,256,1
strassen,256,diagonal,D0,b,6,3,15.7415,524288,7872512,256,1
strassen,256,diagonal,D0,b,7,3,16.3452,524288,7872512,256,1
naive,256,diagonal,D0,c,1,3,16.4417,524288,7872512,256,1
naive,256,diagonal,D0,c,2,3,16.3103,524288,7872512,256,1
naive,256,diagonal,D0,c,3,3,16.5066,524288,7872512,256,1
naive,256,diagonal,D0,c,4,3,16.4531,524288,7872512,256,1
naive,256,diagonal,D0,c,5,3,16.2244,524288,7872512,256,1
naive,256,diagonal,D0,c,6,3,16.1757,524288,7872512,256,1
naive,256,diagonal,D0,c,7,3,16.1113,524288,7872512,256,1
strassen,256,diagonal,D0,c,1,3,16.3163,524288,7872512,256,1
strassen,256,diagonal,D0,c,2,3,16.0384,524288,7872512,256,1
strassen,256,diagonal,D0,c,3,3,16.2302,524288,7872512,256,1
strassen,256,diagonal,D0,c,4,3,16.1394,524288,7872512,256,1
strassen,256,diagonal,D0,c,5,3,16.2121,524288,7872512,256,1
strassen,256,diagonal,D0,c,6,3,16.1429,524288,7872512,256,1
strassen,256,diagonal,D0,c,7,3,16.4084,524288,7872512,256,1
naive,256,diagonal,D10,a,1,3,16.6923,524288,7872512,256,1
naive,256,diagonal,D10,a,2,3,15.9803,524288,7872512,256,1
naive,256,diagonal,D10,a,3,3,16.5021,524288,7872512,256,1
naive,256,diagonal,D10,a,4,3,16.4628,524288,7872512,256,1
naive,256,diagonal,D10,a,5,3,16.4069,524288,7872512,256,1
naive,256,diagonal,D10,a,6,3,16.4322,524288,7872512,256,1
naive,256,diagonal,D10,a,7,3,16.3801,524288,7872512,256,1
strassen,256,diagonal,D10,a,1,3,16.3366,524288,7872512,256,1
strassen,256,diagonal,D10,a,2,3,16.2929,524288,7872512,256,1
strassen,256,diagonal,D10,a,3,3,16.3009,524288,7872512,256,1
strassen,256,diagonal,D10,a,4,3,16.3118,524288,7872512,256,1
strassen,256,diagonal,D10,a,5,3,16.3184,524288,7872512,256,1
strassen,256,diagonal,D10,a,6,3,16.0592,524288,7872512,256,1
strassen,256,diagonal,D10,a,7,3,16.238,524288,7872512,256,1
naive,256,diagonal,D10,b,1,3,16.4695,524288,7872512,256,1
naive,256,diagonal,D10,b,2,3,16.2367,524288,7872512,256,1
naive,256,diagonal,D10,b,3,3,16.6235,524288,7872512,256,1
naive,256,diagonal,D10,b,4,3,16.5407,524288,7872512,256,1
naive,256,diagonal,D10,b,5,3,16.5885,524288,7872512,256,1
naive,256,diagonal,D10,b,6,3,16.8022,524288,7872512,256,1
naive,256,diagonal,D10,b,7,3,16.5122,524288,7872512,256,1
strassen,256,diagonal,D10,b,1,3,16.2303,524288,7872512,256,1
strassen,256,diagonal,D10,b,2,3,16.2584,524288,7872512,256,1
strassen,256,diagonal,D10,b,3,3,16.2185,524288,7872512,256,1
strassen,256,diagonal,D10,b,4,3,16.2702,524288,7872512,256,1
strassen,256,diagonal,D10,b,5,3,16.29,524288,7872512,256,1
strassen,256,diagonal,D10,b,6,3,16.2433,524288,7872512,256,1
strassen,256,diagonal,D10,b,7,3,16.3108,524288,7872512,256,1
naive,256,diagonal,D10,c,1,3,16.5794,524288,7872512,256,1
naive,256,diagonal,D10,c,2,3,16.5917,524288,7872512,256,1
naive,256,diagonal,D10,c,3,3,16.6571,524288,7872512,256,1
naive,256,diagonal,D10,c,4,3,16.5519,524288,7872512,256,1
naive,256,diagonal,D10,c,5,3,16.5114,524288,7872512,256,1
naive,256,diagonal,D10,c,6,3,16.4641,524288,7872512,256,1
naive,256,diagonal,D10,c,7,3,16.4161,524288,7872512,256,1
strassen,256,diagonal,D10,c,1,3,16.5154,524288,7872512,256,1
strassen,256,diagonal,D10,c,2,3,16.4996,524288,7872512,256,1
strassen,256,diagonal,D10,c,3,3,16.5236,524288,7872512,256,1
strassen,256,diagonal,D10,c,4,3,16.5081,524288,7872512,256,1
strassen,256,diagonal,D10,c,5,3,16.3888,524288,7872512,256,1
strassen,256,diagonal,D10,c,6,3,16.5156,524288,7872512,256,1
strassen,256,diagonal,D10,c,7,3,16.4462,524288,7872512,256,1
naive,256,dispersa,D0,a,1,3,16.6226,524288,7872512,256,1
naive,256,dispersa,D0,a,2,3,16.6437,524288,7872512,256,1
naive,256,dispersa,D0,a,3,3,16.4516,524288,7872512,256,1
naive,256,dispersa,D0,a,4,3,16.6468,524288,7872512,256,1
naive,256,dispersa,D0,a,5,3,16.5052,524288,7872512,256,1
naive,256,dispersa,D0,a,6,3,16.6479,524288,7872512,256,1
naive,256,dispersa,D0,a,7,3,16.5743,524288,7872512,256,1
strassen,256,dispersa,D0,a,1,3,16.6094,524288,7872512,256,1
strassen,256,dispersa,D0,a,2,3,16.57,524288,7872512,256,1
strassen,256,dispersa,D0,a,3,3,16.4921,524288,7872512,256,1
strassen,256,dispersa,D0,a,4,3,16.426,524288,7872512,256,1
strassen,256,dispersa,D0,a,5,3,16.4751,524288,7872512,256,1
strassen,256,dispersa,D0,a,6,3,16.4879,524288,7872512,256,1
strassen,256,dispersa,D0,a,7,3,16.4826,524288,7872512,256,1
naive,256,dispersa,D0,b,1,3,16.5444,524288,7872512,256,1
naive,256,dispersa,D0,b,2,3,16.6132,524288,7872512,256,1
naive,256,dispersa,D0,b,3,3,16.8743,524288,7872512,256,1
naive,256,dispersa,D0,b,4,3,16.4284,524288,7872512,256,1
naive,256,dispersa,D0,b,5,3,16.2669,524288,7872512,256,1
naive,256,dispersa,D0,b,6,3,16.5328,524288,7872512,256,1
naive,256,dispersa,D0,b,7,3,16.5357,524288,7872512,256,1
strassen,256,dispersa,D0,b,1,3,16.1048,524288,7872512,256,1
strassen,256,dispersa,D0,b,2,3,16.0886,524288,7872512,256,1
strassen,256,dispersa,D0,b,3,3,16.1674,524288,7872512,256,1
strassen,256,dispersa,D0,b,4,3,16.0999,524288,7872512,256,1
strassen,256,dispersa,D0,b,5,3,16.012,524288,7872512,256,1
strassen,256,dispersa,D0,b,6,3,16.0041,524288,7872512,256,1
strassen,256,dispersa,D0,b,7,3,15.9324,524288,7872512,256,1
naive,256,dispersa,D0,c,1,3,16.6733,524288,7872512,256,1
naive,256,dispersa,D0,c,2,3,16.8172,524288,7872512,256,1
naive,256,dispersa,D0,c,3,3,16.6768,524288,7872512,256,1
naive,256,dispersa,D0,c,4,3,16.7994,524288,7872512,256,1
naive,256,dispersa,D0,c,5,3,16.7407,524288,7872512,256,1
naive,256,dispersa,D0,c,6,3,16.7339,524288,7872512,256,1
naive,256,dispersa,D0,c,7,3,16.6934,524288,7872512,256,1
strassen,256,dispersa,D0,c,1,3,16.4097,524288,7872512,256,1
strassen,256,dispersa,D0,c,2,3,16.3824,524288,7872512,256,1
strassen,256,dispersa,D0,c,3,3,16.5164,524288,7872512,256,1
strassen,256,dispersa,D0,c,4,3,16.3962,524288,7872512,256,1
strassen,256,dispersa,D0,c,5,3,16.5216,524288,7872512,256,1
strassen,256,dispersa,D0,c,6,3,16.1143,524288,7872512,256,1
strassen,256,dispersa,D0,c,7,3,15.8973,524288,7872512,256,1
naive,256,dispersa,D10,a,1,3,16.6952,524288,7872512,256,1
naive,256,dispersa,D10,a,2,3,16.5894,524288,7872512,256,1
naive,256,dispersa,D10,a,3,3,16.6725,524288,7872512,256,1
naive,256,dispersa,D10,a,4,3,16.7184,524288,7872512,256,1
naive,256,dispersa,D10,a,5,3,16.6304,524288,7872512,256,1
naive,256,dispersa,D10,a,6,3,16.6852,524288,7872512,256,1
naive,256,dispersa,D10,a,7,3,16.6913,524288,7872512,256,1
strassen,256,dispersa,D10,a,1,3,16.5706,524288,7872512,256,1
strassen,256,dispersa,D10,a,2,3,16.5802,524288,7872512,256,1
strassen,256,dispersa,D10,a,3,3,16.5553,524288,7872512,256,1
strassen,256,dispersa,D10,a,4,3,16.2507,524288,7872512,256,1
strassen,256,dispersa,D10,a,5,3,16.7059,524288,7872512,256,1
strassen,256,dispersa,D10,a,6,3,16.6084,524288,7872512,256,1
strassen,256,dispersa,D10,a,7,3,14.7389,524288,7872512,256,1
naive,256,dispersa,D10,b,1,3,14.2403,524288,7872512,256,1
naive,256,dispersa,D10,b,2,3,16.7969,524288,7872512,256,1
naive,256,dispersa,D10,b,3,3,16.8325,524288,7872512,256,1
naive,256,dispersa,D10,b,4,3,16.7338,524288,7872512,256,1
naive,256,dispersa,D10,b,5,3,16.5818,524288,7872512,256,1
naive,256,dispersa,D10,b,6,3,16.3073,524288,7872512,256,1
naive,256,dispersa,D10,b,7,3,16.5982,524288,7872512,256,1
strassen,256,dispersa,D10,b,1,3,16.4495,524288,7872512,256,1
strassen,256,dispersa,D10,b,2,3,16.4024,524288,7872512,256,1
strassen,256,dispersa,D10,b,3,3,16.5366,524288,7872512,256,1
strassen,256,dispersa,D10,b,4,3,16.506,524288,7872512,256,1
strassen,256,dispersa,D10,b,5,3,16.4779,524288,7872512,256,1
strassen,256,dispersa,D10,b,6,3,16.504,524288,7872512,256,1
strassen,256,dispersa,D10,b,7,3,16.5696,524288,7872512,256,1
naive,256,dispersa,D10,c,1,3,16.4887,524288,7872512,256,1
naive,256,dispersa,D10,c,2,3,16.4666,524288,7872512,256,1
naive,256,dispersa,D10,c,3,3,16.4778,524288,7872512,256,1
naive,256,dispersa,D10,c,4,3,16.4706,524288,7872512,256,1
naive,256,dispersa,D10,c,5,3,16.4212,524288,7872512,256,1
naive,256,dispersa,D10,c,6,3,16.4283,524288,7872512,256,1
naive,256,dispersa,D10,c,7,3,16.1988,524288,7872512,256,1
strassen,256,dispersa,D10,c,1,3,16.1702,524288,7872512,256,1
strassen,256,dispersa,D10,c,2,3,16.2325,524288,7872512,256,1
strassen,256,dispersa,D10,c,3,3,16.1972,524288,7872512,256,1
strassen,256,dispersa,D10,c,4,3,15.9791,524288,7872512,256,1
strassen,256,dispersa,D10,c,5,3,16.1249,524288,7872512,256,1
strassen,256,dispersa,D10,c,6,3,16.0143,524288,7872512,256,1
strassen,256,dispersa,D10,c,7,3,15.9908,524288,7872512,256,1
